"step","time","part","epoch","loss","lr","auroc","auprc","auroc_age_cond","auroc_I0002","auroc_I0006","auroc_S0001"
20,"2026-08-03 20:33:01.479102","train",0,1.1709195375442505,4.000961077716325e-05,"","","","","",""
40,"2026-08-03 20:33:02.662195","train",0,3.2071123123168945,4.00384427237903e-05,"","","","","",""
60,"2026-08-03 20:33:03.811907","train",0,1.175166368484497,4.008649468530861e-05,"","","","","",""
80,"2026-08-03 20:33:05.032915","train",0,2.190941333770752,4.01537647374818e-05,"","","","","",""
100,"2026-08-03 20:33:06.282436","train",0,1.1678541898727417,4.024025018648739e-05,"","","","","",""
120,"2026-08-03 20:33:07.357928","train",0,1.6817214488983154,4.034594756902347e-05,"","","","","",""
140,"2026-08-03 20:33:08.380882","train",0,0.667136013507843,4.047085265244867e-05,"","","","","",""
160,"2026-08-03 20:33:09.514284","train",0,1.1736996173858643,4.061496043495044e-05,"","","","","",""
180,"2026-08-03 20:33:10.564974","train",0,0.667630136013031,4.077826514574693e-05,"","","","","",""
200,"2026-08-03 20:33:11.614675","train",0,0.6730507612228394,4.096076024531585e-05,"","","","","",""
220,"2026-08-03 20:33:12.579051","train",0,1.169561743736267,4.11624384256587e-05,"","","","","",""
240,"2026-08-03 20:33:13.640219","train",0,1.1659985780715942,4.138329161059199e-05,"","","","","",""
260,"2026-08-03 20:33:14.660717","train",0,1.1673259735107422,4.162331095607075e-05,"","","","","",""
280,"2026-08-03 20:33:15.953786","train",0,1.1808276176452637,4.188248685054331e-05,"","","","","",""
300,"2026-08-03 20:33:17.253814","train",0,1.6610016822814941,4.2160808915335285e-05,"","","","","",""
320,"2026-08-03 20:33:18.443573","train",0,0.6776283979415894,4.245826600506649e-05,"","","","","",""
331,"2026-08-03 20:33:45.046011","val",0,"","",0.6452131557394716,0.1471195280117682,0.5652277227722772,0.7044025157232704,0.5499306518723995,0.660914760914761
340,"2026-08-03 20:33:58.920764","train",1,1.1623872518539429,4.277484620809587e-05,"","","","","",""
360,"2026-08-03 20:34:00.087229","train",1,0.6730772852897644,4.311053684699932e-05,"","","","","",""
380,"2026-08-03 20:34:01.345060","train",1,2.2079899311065674,4.3465324479077306e-05,"","","","","",""
400,"2026-08-03 20:34:02.511181","train",1,0.6768451929092407,4.383919489689262e-05,"","","","","",""
420,"2026-08-03 20:34:03.803783","train",1,0.6856499910354614,4.423213312884015e-05,"","","","","",""
440,"2026-08-03 20:34:04.854433","train",1,0.6843798756599426,4.4644123439745663e-05,"","","","","",""
460,"2026-08-03 20:34:05.874475","train",1,1.6481785774230957,4.5075149331496385e-05,"","","","","",""
480,"2026-08-03 20:34:07.020773","train",1,0.6903398036956787,4.55251935437015e-05,"","","","","",""
500,"2026-08-03 20:34:08.099130","train",1,0.6848304271697998,4.599423805438333e-05,"","","","","",""
520,"2026-08-03 20:34:09.040216","train",1,1.1727927923202515,4.648226408069918e-05,"","","","","",""
540,"2026-08-03 20:34:10.107982","train",1,0.6843634843826294,4.698925207969316e-05,"","","","","",""
560,"2026-08-03 20:34:11.229351","train",1,2.1859636306762695,4.7515181749079255e-05,"","","","","",""
580,"2026-08-03 20:34:12.235175","train",1,0.6790955662727356,4.8060032028053655e-05,"","","","","",""
600,"2026-08-03 20:34:13.267844","train",1,0.6812646389007568,4.8623781098138886e-05,"","","","","",""
620,"2026-08-03 20:34:14.574467","train",1,1.668121099472046,4.9206406384057146e-05,"","","","","",""
640,"2026-08-03 20:34:15.710523","train",1,1.1800471544265747,4.98078845546342e-05,"","","","","",""
660,"2026-08-03 20:34:16.828607","train",1,1.1647205352783203,5.042819152373398e-05,"","","","","",""
662,"2026-08-03 20:34:42.947532","val",1,"","",0.6311349627139101,0.1211637562657317,0.544950495049505,0.6918238993710693,0.5656495607951919,0.6347753078522309
680,"2026-08-03 20:34:58.049923","train",2,0.6650216579437256,5.106730245122294e-05,"","","","","",""
700,"2026-08-03 20:34:59.283607","train",2,2.1373603343963623,5.172519174396475e-05,"","","","","",""
720,"2026-08-03 20:35:00.438135","train",2,0.6706737279891968,5.240183305684528e-05,"","","","","",""
740,"2026-08-03 20:35:01.620604","train",2,0.6789937019348145,5.3097199293827856e-05,"","","","","",""
760,"2026-08-03 20:35:03.023022","train",2,0.6842041015625,5.3811262609037235e-05,"","","","","",""
780,"2026-08-03 20:35:04.017322","train",2,1.6822386980056763,5.4543994407876134e-05,"","","","","",""
800,"2026-08-03 20:35:04.950721","train",2,1.632960319519043,5.529536534816916e-05,"","","","","",""
820,"2026-08-03 20:35:06.010798","train",2,0.6706830263137817,5.6065345341338967e-05,"","","","","",""
840,"2026-08-03 20:35:07.196115","train",2,0.679083526134491,5.685390355360969e-05,"","","","","",""
860,"2026-08-03 20:35:08.189855","train",2,1.148127794265747,5.766100840724254e-05,"","","","","",""
880,"2026-08-03 20:35:09.231265","train",2,0.6762450933456421,5.8486627581800935e-05,"","","","","",""
900,"2026-08-03 20:35:10.325284","train",2,1.1263294219970703,5.9330728015443194e-05,"","","","","",""
920,"2026-08-03 20:35:11.402542","train",2,0.6551762819290161,6.019327590624799e-05,"","","","","",""
940,"2026-08-03 20:35:12.506477","train",2,1.121583104133606,6.107423671356709e-05,"","","","","",""
960,"2026-08-03 20:35:13.706316","train",2,1.2052314281463623,6.19735751594087e-05,"","","","","",""
980,"2026-08-03 20:35:15.014426","train",2,1.0851986408233643,6.289125522985031e-05,"","","","","",""
993,"2026-08-03 20:35:42.061874","val",2,"","",0.64950213371266,0.14313340696016202,0.5351287128712872,0.6813417190775681,0.592464170134073,0.6558611866304174
1000,"2026-08-03 20:35:56.450682","train",3,1.7501741647720337,6.382724017648094e-05,"","","","","",""
1020,"2026-08-03 20:35:57.765928","train",3,1.1154565811157227,6.478149251787249e-05,"","","","","",""
1040,"2026-08-03 20:35:59.006890","train",3,1.5011065006256104,6.575397404108042e-05,"","","","","",""
1060,"2026-08-03 20:36:00.169061","train",3,1.697220802307129,6.674464580317513e-05,"","","","","",""
1080,"2026-08-03 20:36:01.459616","train",3,1.2278978824615479,6.775346813279993e-05,"","","","","",""
1100,"2026-08-03 20:36:02.586097","train",3,1.2228431701660156,6.878040063176068e-05,"","","","","",""
1120,"2026-08-03 20:36:03.609841","train",3,2.0344138145446777,6.982540217664304e-05,"","","","","",""
1140,"2026-08-03 20:36:04.667073","train",3,0.673673152923584,7.088843092045976e-05,"","","","","",""
1160,"2026-08-03 20:36:05.706492","train",3,1.069547176361084,7.196944429432579e-05,"","","","","",""
1180,"2026-08-03 20:36:06.851291","train",3,1.542309045791626,7.306839900916373e-05,"","","","","",""
1200,"2026-08-03 20:36:07.880001","train",3,0.5832072496414185,7.418525105743617e-05,"","","","","",""
1220,"2026-08-03 20:36:08.994191","train",3,1.0824463367462158,7.531995571490946e-05,"","","","","",""
1240,"2026-08-03 20:36:10.130475","train",3,2.6163673400878906,7.64724675424433e-05,"","","","","",""
1260,"2026-08-03 20:36:11.308799","train",3,0.5566755533218384,7.764274038781144e-05,"","","","","",""
1280,"2026-08-03 20:36:12.687322","train",3,1.6915252208709717,7.883072738754896e-05,"","","","","",""
1300,"2026-08-03 20:36:14.041564","train",3,1.1809725761413574,8.003638096882963e-05,"","","","","",""
1320,"2026-08-03 20:36:15.289364","train",3,0.537329375743866,8.125965285137049e-05,"","","","","",""
1324,"2026-08-03 20:36:41.335736","val",3,"","",0.6682529419371525,0.17209006269993216,0.5485148514851486,0.6373165618448637,0.586222838650023,0.6896209819286743
1340,"2026-08-03 20:36:55.447650","train",4,0.4835837483406067,8.250049404936522e-05,"","","","","",""
1360,"2026-08-03 20:36:56.663290","train",4,0.8805263042449951,8.375885487344641e-05,"","","","","",""
1380,"2026-08-03 20:36:57.930351","train",4,0.43684446811676025,8.503468493267449e-05,"","","","","",""
1400,"2026-08-03 20:36:59.084010","train",4,1.1590617895126343,8.632793313655585e-05,"","","","","",""
1420,"2026-08-03 20:37:00.306041","train",4,0.6063549518585205,8.763854769708974e-05,"","","","","",""
1440,"2026-08-03 20:37:01.408287","train",4,1.7725692987442017,8.896647613084049e-05,"","","","","",""
1460,"2026-08-03 20:37:02.427585","train",4,0.7354558110237122,9.03116652610403e-05,"","","","","",""
1480,"2026-08-03 20:37:03.496732","train",4,2.6800193786621094,9.167406121971856e-05,"","","","","",""
1500,"2026-08-03 20:37:04.494324","train",4,0.5377709865570068,9.30536094498587e-05,"","","","","",""
1520,"2026-08-03 20:37:05.446883","train",4,0.4826287627220154,9.445025470758309e-05,"","","","","",""
1540,"2026-08-03 20:37:06.591840","train",4,1.3210976123809814,9.586394106436528e-05,"","","","","",""
1560,"2026-08-03 20:37:07.694601","train",4,1.157535195350647,9.729461190926961e-05,"","","","","",""
1580,"2026-08-03 20:37:08.850328","train",4,1.0459022521972656,9.874220995121838e-05,"","","","","",""
1600,"2026-08-03 20:37:10.039805","train",4,1.9808127880096436,0.0001002066772212856,"","","","","",""
1620,"2026-08-03 20:37:11.274633","train",4,2.114335536956787,0.00010168795507501868,"","","","","",""
1640,"2026-08-03 20:37:12.485652","train",4,0.5324468612670898,0.00010318598419478719,"","","","","",""
1655,"2026-08-03 20:37:39.976649","val",4,"","",0.7231346178714599,0.20438076664559493,0.5855841584158415,0.6436058700209644,0.6315302820157189,0.7539421077882617
1660,"2026-08-03 20:37:54.294943","train",5,1.2331911325454712,0.0001047007045921574,"","","","","",""
1680,"2026-08-03 20:37:55.490452","train",5,2.9898295402526855,0.00010623205561029517,"","","","","",""
1700,"2026-08-03 20:37:56.787944","train",5,0.7438563108444214,0.00010777997592639472,"","","","","",""
1720,"2026-08-03 20:37:58.161203","train",5,1.3622865676879883,0.00010934440355413416,"","","","","",""
1740,"2026-08-03 20:37:59.317817","train",5,1.0050156116485596,0.0001109252758461582,"","","","","",""
1760,"2026-08-03 20:38:00.536448","train",5,0.2722400724887848,0.00011252252949658611,"","","","","",""
1780,"2026-08-03 20:38:01.621711","train",5,0.30170172452926636,0.00011413610054354759,"","","","","",""
1800,"2026-08-03 20:38:02.654582","train",5,0.9192145466804504,0.00011576592437174352,"","","","","",""
1820,"2026-08-03 20:38:03.732150","train",5,1.6976572275161743,0.00011741193571503388,"","","","","",""
1840,"2026-08-03 20:38:04.781667","train",5,1.2927340269088745,0.00011907406865905104,"","","","","",""
1860,"2026-08-03 20:38:05.907726","train",5,1.69846510887146,0.00012075225664383922,"","","","","",""
1880,"2026-08-03 20:38:07.022424","train",5,0.9619868397712708,0.0001224464324665205,"","","","","",""
1900,"2026-08-03 20:38:08.248517","train",5,1.7532293796539307,0.00012415652828398518,"","","","","",""
1920,"2026-08-03 20:38:09.217898","train",5,1.9029618501663208,0.00012588247561560887,"","","","","",""
1940,"2026-08-03 20:38:10.380431","train",5,1.0342657566070557,0.0001276242053459951,"","","","","",""
1960,"2026-08-03 20:38:11.756840","train",5,0.8318970799446106,0.00012938164772774235,"","","","","",""
1980,"2026-08-03 20:38:13.032866","train",5,0.459051251411438,0.00013115473238423786,"","","","","",""
1986,"2026-08-03 20:38:38.728556","val",5,"","",0.7408164145006252,0.21554392219336743,0.5713267326732673,0.6352201257861636,0.6440129449838187,0.7711018711018711
2000,"2026-08-03 20:38:52.881652","train",6,0.9096131920814514,0.000132943388312475,"","","","","",""
2020,"2026-08-03 20:38:54.006901","train",6,2.4095048904418945,0.00013474754388589764,"","","","","",""
2040,"2026-08-03 20:38:55.278948","train",6,0.4723823666572571,0.0001365671268572673,"","","","","",""
2060,"2026-08-03 20:38:56.430884","train",6,2.3645901679992676,0.00013840206436155724,"","","","","",""
2080,"2026-08-03 20:38:57.654386","train",6,0.9289659261703491,0.00014025228291886943,"","","","","",""
2100,"2026-08-03 20:38:58.960482","train",6,0.4142906963825226,0.00014211770843737786,"","","","","",""
2120,"2026-08-03 20:39:00.000657","train",6,1.9825276136398315,0.00014399826621629543,"","","","","",""
2140,"2026-08-03 20:39:00.920745","train",6,0.8315262198448181,0.00014589388094886433,"","","","","",""
2160,"2026-08-03 20:39:01.956391","train",6,0.870868980884552,0.00014780447672537356,"","","","","",""
2180,"2026-08-03 20:39:03.073176","train",6,0.8669183254241943,0.00014972997703619644,"","","","","",""
2200,"2026-08-03 20:39:04.058570","train",6,1.4524308443069458,0.00015167030477485663,"","","","","",""
2220,"2026-08-03 20:39:05.090426","train",6,0.3945649266242981,0.00015362538224111442,"","","","","",""
2240,"2026-08-03 20:39:06.111120","train",6,1.2001001834869385,0.0001555951311440787,"","","","","",""
2260,"2026-08-03 20:39:07.166631","train",6,1.580702304840088,0.00015757947260534194,"","","","","",""
2280,"2026-08-03 20:39:08.286466","train",6,2.5912652015686035,0.00015957832716213913,"","","","","",""
2300,"2026-08-03 20:39:09.364002","train",6,1.22125244140625,0.00016159161477052994,"","","","","",""
2317,"2026-08-03 20:39:36.642312","val",6,"","",0.7877925772662615,0.24295799859306919,0.6282772277227723,0.6792452830188679,0.6729079981507167,0.8193667039820887
2320,"2026-08-03 20:39:50.123354","train",7,1.1915173530578613,0.00016361925480860352,"","","","","",""
2340,"2026-08-03 20:39:51.572793","train",7,0.4748070538043976,0.0001656611660797077,"","","","","",""
2360,"2026-08-03 20:39:52.846136","train",7,3.5964579582214355,0.00016771726681569948,"","","","","",""
2380,"2026-08-03 20:39:54.076243","train",7,2.4663615226745605,0.00016978747468022104,"","","","","",""
2400,"2026-08-03 20:39:55.221682","train",7,0.6681363582611084,0.00017187170677199508,"","","","","",""
2420,"2026-08-03 20:39:56.373746","train",7,1.5932297706604004,0.00017396987962814598,"","","","","",""
2440,"2026-08-03 20:39:57.474118","train",7,1.0638312101364136,0.00017608190922754115,"","","","","",""
2460,"2026-08-03 20:39:58.514048","train",7,1.5908634662628174,0.00017820771099415645,"","","","","",""
2480,"2026-08-03 20:39:59.626674","train",7,1.084792137145996,0.0001803471998004624,"","","","","",""
2500,"2026-08-03 20:40:00.678613","train",7,0.6436415314674377,0.00018250028997083341,"","","","","",""
2520,"2026-08-03 20:40:01.676263","train",7,0.4746944010257721,0.0001846668952849782,"","","","","",""
2540,"2026-08-03 20:40:02.757128","train",7,0.17174609005451202,0.00018684692898139328,"","","","","",""
2560,"2026-08-03 20:40:03.705981","train",7,1.4703084230422974,0.00018904030376083682,"","","","","",""
2580,"2026-08-03 20:40:04.776851","train",7,2.2304768562316895,0.0001912469317898244,"","","","","",""
2600,"2026-08-03 20:40:05.856854","train",7,0.4190385937690735,0.0001934667247041464,"","","","","",""
2620,"2026-08-03 20:40:06.884358","train",7,2.975912570953369,0.00019569959361240708,"","","","","",""
2640,"2026-08-03 20:40:07.974304","train",7,2.7514214515686035,0.0001979454490995834,"","","","","",""
2648,"2026-08-03 20:40:35.840100","val",7,"","",0.8085262295788613,0.25899058628985916,0.6696237623762377,0.7337526205450733,0.741793804900601,0.8300335838797378
2660,"2026-08-03 20:40:50.374504","train",8,1.0976550579071045,0.0002002042012306059,"","","","","",""
2680,"2026-08-03 20:40:51.863159","train",8,1.3082524538040161,0.00020247575955396045,"","","","","",""
2700,"2026-08-03 20:40:53.208439","train",8,0.33407968282699585,0.00020476003310531028,"","","","","",""
2720,"2026-08-03 20:40:54.426960","train",8,0.2515571117401123,0.00020705693041113838,"","","","","",""
2740,"2026-08-03 20:40:55.741657","train",8,2.1320676803588867,0.00020936635949241067,"","","","","",""
2760,"2026-08-03 20:40:56.892353","train",8,0.5532717704772949,0.00021168822786825912,"","","","","",""
2780,"2026-08-03 20:40:57.897946","train",8,0.5612987279891968,0.00021402244255968586,"","","","","",""
2800,"2026-08-03 20:40:59.028689","train",8,0.5344628095626831,0.00021636891009328555,"","","","","",""
2820,"2026-08-03 20:41:00.054714","train",8,4.001772880554199,0.00021872753650498903,"","","","","",""
2840,"2026-08-03 20:41:01.129260","train",8,2.3955564498901367,0.00022109822734382625,"","","","","",""
2860,"2026-08-03 20:41:02.315721","train",8,1.1013901233673096,0.00022348088767570786,"","","","","",""
2880,"2026-08-03 20:41:03.540025","train",8,0.638120174407959,0.00022587542208722786,"","","","","",""
2900,"2026-08-03 20:41:04.617861","train",8,0.47587141394615173,0.0002282817346894836,"","","","","",""
2920,"2026-08-03 20:41:05.732051","train",8,1.6814484596252441,0.00023069972912191552,"","","","","",""
2940,"2026-08-03 20:41:06.786439","train",8,0.6874488592147827,0.00023312930855616694,"","","","","",""
2960,"2026-08-03 20:41:07.929213","train",8,0.38557201623916626,0.00023557037569996078,"","","","","",""
2979,"2026-08-03 20:41:35.653859","val",8,"","",0.8038708565024354,0.28582664679411457,0.6642376237623763,0.7148846960167715,0.7515025427646786,0.8238445546137855
2980,"2026-08-03 20:41:48.825591","train",9,1.4694514274597168,0.00023802283280099522,"","","","","",""
3000,"2026-08-03 20:41:50.287890","train",9,1.601722240447998,0.00024048658165085914,"","","","","",""
3020,"2026-08-03 20:41:51.679152","train",9,0.5567423105239868,0.00024296152358896416,"","","","","",""
3040,"2026-08-03 20:41:53.011108","train",9,1.0082212686538696,0.000245447559506496,"","","","","",""
3060,"2026-08-03 20:41:54.307012","train",9,0.7260255217552185,0.0002479445898503829,"","","","","",""
3080,"2026-08-03 20:41:55.243767","train",9,2.086439847946167,0.00025045251462728227,"","","","","",""
3100,"2026-08-03 20:41:56.408120","train",9,0.24381153285503387,0.0002529712334075852,"","","","","",""
3120,"2026-08-03 20:41:57.583237","train",9,0.7554790377616882,0.00025550064532943754,"","","","","",""
3140,"2026-08-03 20:41:58.689931","train",9,2.402987003326416,0.00025804064910277984,"","","","","",""
3160,"2026-08-03 20:41:59.663246","train",9,0.5498349666595459,0.00026059114301340235,"","","","","",""
3180,"2026-08-03 20:42:00.723522","train",9,2.921926498413086,0.00026315202492701955,"","","","","",""
3200,"2026-08-03 20:42:01.715875","train",9,2.572282314300537,0.0002657231922933586,"","","","","",""
3220,"2026-08-03 20:42:02.785369","train",9,0.4091224670410156,0.00026830454215026687,"","","","","",""
3240,"2026-08-03 20:42:03.875548","train",9,4.590018272399902,0.0002708959711278352,"","","","","",""
3260,"2026-08-03 20:42:04.911609","train",9,1.3464540243148804,0.0002734973754525365,"","","","","",""
3280,"2026-08-03 20:42:05.991964","train",9,0.6840894818305969,0.0002761086509513826,"","","","","",""
3300,"2026-08-03 20:42:07.015605","train",9,3.500391960144043,0.0002787296930560941,"","","","","",""
3310,"2026-08-03 20:42:34.081975","val",9,"","",0.797724039829303,0.26388371187513343,0.6384158415841584,0.7127882599580713,0.7424872861766066,0.818695026387334
3320,"2026-08-03 20:42:48.606533","train",10,0.9375985860824585,0.00028136039680728964,"","","","","",""
3340,"2026-08-03 20:42:50.340907","train",10,2.1145694255828857,0.0002840006568586875,"","","","","",""
3360,"2026-08-03 20:42:51.692909","train",10,0.7260085344314575,0.0002866503674813256,"","","","","",""
3380,"2026-08-03 20:42:52.884411","train",10,2.4074082374572754,0.000289309422567794,"","","","","",""
3400,"2026-08-03 20:42:53.859353","train",10,0.4246077835559845,0.00029197771563648455,"","","","","",""
3420,"2026-08-03 20:42:54.895194","train",10,0.5248027443885803,0.00029465513983585536,"","","","","",""
3440,"2026-08-03 20:42:55.893359","train",10,2.597592830657959,0.00029734158794870915,"","","","","",""
3460,"2026-08-03 20:42:56.918151","train",10,0.47952771186828613,0.0003000369523964869,"","","","","",""
3480,"2026-08-03 20:42:57.994729","train",10,0.31108903884887695,0.00030274112524357596,"","","","","",""
3500,"2026-08-03 20:42:59.129495","train",10,1.243449330329895,0.0003054539982016316,"","","","","",""
3520,"2026-08-03 20:43:00.295046","train",10,0.4443727135658264,0.0003081754626339145,"","","","","",""
3540,"2026-08-03 20:43:01.170853","train",10,0.7344458103179932,0.0003109054095596404,"","","","","",""
3560,"2026-08-03 20:43:02.187295","train",10,0.5031520128250122,0.00031364372965834444,"","","","","",""
3580,"2026-08-03 20:43:03.188834","train",10,0.17119735479354858,0.0003163903132742591,"","","","","",""
3600,"2026-08-03 20:43:04.215921","train",10,2.1981611251831055,0.00031914505042070446,"","","","","",""
3620,"2026-08-03 20:43:05.319079","train",10,0.3396349847316742,0.0003219078307844937,"","","","","",""
3640,"2026-08-03 20:43:06.306886","train",10,1.664148211479187,0.00032467854373035003,"","","","","",""
3641,"2026-08-03 20:43:33.436962","val",10,"","",0.7984395879132722,0.25972610568607335,0.6284356435643564,0.6981132075471698,0.7771613499768839,0.8122821045897969
3660,"2026-08-03 20:43:47.966820","train",11,1.1832858324050903,0.0003274570783053372,"","","","","",""
3680,"2026-08-03 20:43:49.532514","train",11,0.8044546842575073,0.0003302433232433027,"","","","","",""
3700,"2026-08-03 20:43:50.699616","train",11,0.25152161717414856,0.0003330371669693329,"","","","","",""
3720,"2026-08-03 20:43:51.873540","train",11,1.84865140914917,0.0003358384976042217,"","","","","",""
3740,"2026-08-03 20:43:53.066044","train",11,3.388953924179077,0.0003386472029689503,"","","","","",""
3760,"2026-08-03 20:43:54.180973","train",11,3.5683727264404297,0.0003414631705891799,"","","","","",""
3780,"2026-08-03 20:43:55.210865","train",11,0.411757230758667,0.0003442862876997547,"","","","","",""
3800,"2026-08-03 20:43:56.188461","train",11,0.9275407195091248,0.000347116441249219,"","","","","",""
3820,"2026-08-03 20:43:57.248645","train",11,0.9101260900497437,0.00034995351790434296,"","","","","",""
3840,"2026-08-03 20:43:58.377689","train",11,1.5824860334396362,0.0003527974040546621,"","","","","",""
3860,"2026-08-03 20:43:59.432891","train",11,0.8306682109832764,0.00035564798581702584,"","","","","",""
3880,"2026-08-03 20:44:00.536529","train",11,2.3808224201202393,0.00035850514904015897,"","","","","",""
3900,"2026-08-03 20:44:01.622500","train",11,0.7944536209106445,0.0003613687793092321,"","","","","",""
3920,"2026-08-03 20:44:02.730141","train",11,0.44752275943756104,0.0003642387619504436,"","","","","",""
3940,"2026-08-03 20:44:03.732350","train",11,1.3113847970962524,0.00036711498203561145,"","","","","",""
3960,"2026-08-03 20:44:04.854326","train",11,0.5061097145080566,0.0003699973243867762,"","","","","",""
3972,"2026-08-03 20:44:31.889062","val",11,"","",0.8016983490667702,0.26977566057710434,0.6388118811881188,0.7274633123689727,0.7605177993527509,0.81691987845834
3980,"2026-08-03 20:44:45.425010","train",12,0.8822469115257263,0.00037288567358081275,"","","","","",""
4000,"2026-08-03 20:44:46.830645","train",12,0.8283616304397583,0.0003757799139540523,"","","","","",""
4020,"2026-08-03 20:44:48.256804","train",12,0.6206772923469543,0.0003786799296069146,"","","","","",""
4040,"2026-08-03 20:44:49.513067","train",12,0.2625695466995239,0.00038158560440854864,"","","","","",""
4060,"2026-08-03 20:44:50.597845","train",12,2.0619964599609375,0.0003844968220014836,"","","","","",""
4080,"2026-08-03 20:44:51.598686","train",12,1.3204765319824219,0.00038741346580628804,"","","","","",""
4100,"2026-08-03 20:44:52.803543","train",12,2.171402931213379,0.0003903354190262381,"","","","","",""
4120,"2026-08-03 20:44:53.954112","train",12,0.847216784954071,0.0003932625646519954,"","","","","",""
4140,"2026-08-03 20:44:54.871862","train",12,1.4951844215393066,0.0003961947854662915,"","","","","",""
4160,"2026-08-03 20:44:55.981808","train",12,0.36602333188056946,0.0003991319640486234,"","","","","",""
4180,"2026-08-03 20:44:57.077848","train",12,0.6564106345176697,0.00040207398277995385,"","","","","",""
4200,"2026-08-03 20:44:58.193533","train",12,0.43931248784065247,0.00040502072384742294,"","","","","",""
4220,"2026-08-03 20:44:59.178788","train",12,1.2679929733276367,0.00040797206924906486,"","","","","",""
4240,"2026-08-03 20:45:00.300026","train",12,0.22138191759586334,0.0004109279007985338,"","","","","",""
4260,"2026-08-03 20:45:01.396759","train",12,0.8180474638938904,0.0004138881001298369,"","","","","",""
4280,"2026-08-03 20:45:02.492499","train",12,1.540753960609436,0.00041685254870207325,"","","","","",""
4300,"2026-08-03 20:45:03.460191","train",12,0.9582902789115906,0.0004198211278041821,"","","","","",""
4303,"2026-08-03 20:45:30.163151","val",12,"","",0.7746540799172378,0.23750377110972223,0.5958811881188119,0.6645702306079664,0.7334720295885344,0.7911882296497682
4320,"2026-08-03 20:45:44.550554","train",13,2.4811806678771973,0.00042279371855969577,"","","","","",""
4340,"2026-08-03 20:45:46.205202","train",13,0.3068866431713104,0.00042577020193150007,"","","","","",""
4360,"2026-08-03 20:45:47.551336","train",13,1.0972461700439453,0.0004287504587266017,"","","","","",""
4380,"2026-08-03 20:45:48.812642","train",13,3.609034538269043,0.000431734369600901,"","","","","",""
4400,"2026-08-03 20:45:49.911879","train",13,2.885768413543701,0.00043472181506397096,"","","","","",""
4420,"2026-08-03 20:45:50.871113","train",13,0.26964086294174194,0.0004377126754838422,"","","","","",""
4440,"2026-08-03 20:45:51.795666","train",13,0.6345046758651733,0.0004407068310917937,"","","","","",""
4460,"2026-08-03 20:45:52.842319","train",13,2.015620470046997,0.0004437041619871491,"","","","","",""
4480,"2026-08-03 20:45:53.849056","train",13,1.4220812320709229,0.0004467045481420781,"","","","","",""
4500,"2026-08-03 20:45:54.959438","train",13,1.3790783882141113,0.0004497078694064024,"","","","","",""
4520,"2026-08-03 20:45:56.013290","train",13,0.9400519132614136,0.0004527140055124078,"","","","","",""
4540,"2026-08-03 20:45:56.980282","train",13,0.17259149253368378,0.0004557228360796599,"","","","","",""
4560,"2026-08-03 20:45:58.281899","train",13,1.2969551086425781,0.0004587342406198251,"","","","","",""
4580,"2026-08-03 20:45:59.587303","train",13,0.22759315371513367,0.00046174809854149495,"","","","","",""
4600,"2026-08-03 20:46:00.815221","train",13,0.8159254789352417,0.0004647642891550159,"","","","","",""
4620,"2026-08-03 20:46:02.220199","train",13,0.6712552905082703,0.0004677826916773218,"","","","","",""
4634,"2026-08-03 20:46:29.640761","val",13,"","",0.8098883572567782,0.2568707326071127,0.664950495049505,0.771488469601677,0.7521960240406842,0.8250119942427634
4640,"2026-08-03 20:46:43.859180","train",14,1.7716879844665527,0.0004708031852367709,"","","","","",""
4660,"2026-08-03 20:46:45.340284","train",14,1.8655450344085693,0.00047382564887798583,"","","","","",""
4680,"2026-08-03 20:46:46.593472","train",14,0.3945901393890381,0.0004768499615666978,"","","","","",""
4700,"2026-08-03 20:46:47.618185","train",14,3.0052947998046875,0.0004798760021945931,"","","","","",""
4720,"2026-08-03 20:46:48.706236","train",14,0.6931610107421875,0.0004829036495841624,"","","","","",""
4740,"2026-08-03 20:46:49.843742","train",14,2.5831289291381836,0.00048593278249355455,"","","","","",""
4760,"2026-08-03 20:46:50.903083","train",14,1.240680456161499,0.0004889632796214299,"","","","","",""
4780,"2026-08-03 20:46:52.082389","train",14,2.99619460105896,0.0004919950196118196,"","","","","",""
4800,"2026-08-03 20:46:53.084140","train",14,0.6594914197921753,0.0004950278810589842,"","","","","",""
4820,"2026-08-03 20:46:54.158121","train",14,3.291560173034668,0.0004980617425122757,"","","","","",""
4840,"2026-08-03 20:46:55.129971","train",14,3.863752841949463,0.0005010964824810007,"","","","","",""
4860,"2026-08-03 20:46:56.101589","train",14,0.18440254032611847,0.0005041319794392861,"","","","","",""
4880,"2026-08-03 20:46:57.028704","train",14,0.9029344320297241,0.0005071681118309449,"","","","","",""
4900,"2026-08-03 20:46:58.132536","train",14,0.8637919425964355,0.0005102047580743444,"","","","","",""
4920,"2026-08-03 20:46:59.167353","train",14,0.1776556670665741,0.0005132417965672748,"","","","","",""
4940,"2026-08-03 20:47:00.073385","train",14,2.835261344909668,0.0005162791056918187,"","","","","",""
4960,"2026-08-03 20:47:01.100912","train",14,2.160447597503662,0.000519316563819221,"","","","","",""
4965,"2026-08-03 20:47:27.783682","val",14,"","",0.8097590413379888,0.2793480292624157,0.6731881188118812,0.7400419287211739,0.763291724456773,0.826115464577003
4980,"2026-08-03 20:47:41.814934","train",15,2.8972983360290527,0.0005223540493147602,"","","","","",""
5000,"2026-08-03 20:47:43.243784","train",15,0.5660812854766846,0.0005253914405426186,"","","","","",""
5020,"2026-08-03 20:47:44.931363","train",15,0.4085153341293335,0.0005284286158707533,"","","","","",""
5040,"2026-08-03 20:47:46.156731","train",15,0.5519399642944336,0.0005314654536757677,"","","","","",""
5060,"2026-08-03 20:47:47.285591","train",15,0.997896134853363,0.0005345018323477805,"","","","","",""
5080,"2026-08-03 20:47:48.555509","train",15,2.027003288269043,0.0005375376302952969,"","","","","",""
5100,"2026-08-03 20:47:49.691205","train",15,0.5888360738754272,0.0005405727259500768,"","","","","",""
5120,"2026-08-03 20:47:50.669503","train",15,0.6856702566146851,0.0005436069977720037,"","","","","",""
5140,"2026-08-03 20:47:51.598444","train",15,0.9508122801780701,0.0005466403242539509,"","","","","",""
5160,"2026-08-03 20:47:52.595860","train",15,0.49514541029930115,0.0005496725839266485,"","","","","",""
5180,"2026-08-03 20:47:53.575968","train",15,1.3481998443603516,0.0005527036553635459,"","","","","",""
5200,"2026-08-03 20:47:54.696695","train",15,3.7655227184295654,0.0005557334171856765,"","","","","",""
5220,"2026-08-03 20:47:55.706713","train",15,0.9176652431488037,0.0005587617480665157,"","","","","",""
5240,"2026-08-03 20:47:56.702863","train",15,2.460752010345459,0.0005617885267368421,"","","","","",""
5260,"2026-08-03 20:47:57.644540","train",15,0.6298983693122864,0.0005648136319895916,"","","","","",""
5280,"2026-08-03 20:47:58.803641","train",15,0.7499187588691711,0.0005678369426847122,"","","","","",""
5296,"2026-08-03 20:48:26.510439","val",15,"","",0.8117936117936118,0.27060767714431727,0.6512475247524753,0.7903563941299789,0.7436430883032824,0.828722213337598
5300,"2026-08-03 20:48:40.389667","train",16,0.4401586651802063,0.0005708583377540148,"","","","","",""
5320,"2026-08-03 20:48:41.833998","train",16,0.6565953493118286,0.0005738776962060214,"","","","","",""
5340,"2026-08-03 20:48:43.445693","train",16,0.7649819850921631,0.0005768948971308101,"","","","","",""
5360,"2026-08-03 20:48:44.554478","train",16,1.4016567468643188,0.000579909819704857,"","","","","",""
5380,"2026-08-03 20:48:45.608881","train",16,0.30414479970932007,0.0005829223431958743,"","","","","",""
5400,"2026-08-03 20:48:46.700732","train",16,0.47261378169059753,0.0005859323469676456,"","","","","",""
5420,"2026-08-03 20:48:47.877418","train",16,0.521309494972229,0.0005889397104848562,"","","","","",""
5440,"2026-08-03 20:48:48.962950","train",16,0.3987049460411072,0.0005919443133179205,"","","","","",""
5460,"2026-08-03 20:48:49.901235","train",16,2.304633140563965,0.0005949460351478033,"","","","","",""
5480,"2026-08-03 20:48:50.920626","train",16,0.780853271484375,0.0005979447557708404,"","","","","",""
5500,"2026-08-03 20:48:51.906197","train",16,0.7329923510551453,0.0006009403551035491,"","","","","",""
5520,"2026-08-03 20:48:52.925807","train",16,4.189662933349609,0.0006039327131874396,"","","","","",""
5540,"2026-08-03 20:48:53.955390","train",16,3.621086359024048,0.0006069217101938168,"","","","","",""
5560,"2026-08-03 20:48:55.087612","train",16,1.9814103841781616,0.0006099072264285803,"","","","","",""
5580,"2026-08-03 20:48:56.288156","train",16,0.6847692131996155,0.0006128891423370162,"","","","","",""
5600,"2026-08-03 20:48:57.394998","train",16,2.064873456954956,0.0006158673385085862,"","","","","",""
5620,"2026-08-03 20:48:58.477434","train",16,1.8503389358520508,0.0006188416956817073,"","","","","",""
5627,"2026-08-03 20:49:25.255866","val",16,"","",0.8035087719298246,0.2613695198021502,0.6520396039603961,0.7148846960167715,0.7619047619047619,0.8217015832400448
5640,"2026-08-03 20:49:39.588304","train",17,1.7011914253234863,0.0006218120947485303,"","","","","",""
5660,"2026-08-03 20:49:41.020296","train",17,0.7331866025924683,0.0006247784167597067,"","","","","",""
5680,"2026-08-03 20:49:42.527038","train",17,0.5558129549026489,0.0006277405429291541,"","","","","",""
5700,"2026-08-03 20:49:43.581796","train",17,1.6017107963562012,0.0006306983546388118,"","","","","",""
5720,"2026-08-03 20:49:44.506699","train",17,0.33000072836875916,0.0006336517334433909,"","","","","",""
5740,"2026-08-03 20:49:45.720866","train",17,0.13383561372756958,0.000636600561075119,"","","","","",""
5760,"2026-08-03 20:49:46.776367","train",17,0.7457688450813293,0.0006395447194484736,"","","","","",""
5780,"2026-08-03 20:49:47.670043","train",17,0.5383350849151611,0.000642484090664913,"","","","","",""
5800,"2026-08-03 20:49:48.815905","train",17,1.3707478046417236,0.0006454185570175963,"","","","","",""
5820,"2026-08-03 20:49:49.912155","train",17,3.951519250869751,0.0006483480009960979,"","","","","",""
5840,"2026-08-03 20:49:51.025286","train",17,1.6997284889221191,0.0006512723052911123,"","","","","",""
5860,"2026-08-03 20:49:52.081619","train",17,0.4893740117549896,0.0006541913527991525,"","","","","",""
5880,"2026-08-03 20:49:53.067209","train",17,3.7231383323669434,0.0006571050266272382,"","","","","",""
5900,"2026-08-03 20:49:54.103654","train",17,2.457245349884033,0.0006600132100975791,"","","","","",""
5920,"2026-08-03 20:49:55.127202","train",17,3.0556063652038574,0.0006629157867522439,"","","","","",""
5940,"2026-08-03 20:49:56.198309","train",17,0.9291002750396729,0.0006658126403578273,"","","","","",""
5958,"2026-08-03 20:50:23.691426","val",17,"","",0.8087762403551877,0.2593804820493355,0.663920792079208,0.721174004192872,0.7642163661581136,0.828114505037582
5960,"2026-08-03 20:50:37.295026","train",18,1.4474890232086182,0.0006687036549101022,"","","","","",""
5980,"2026-08-03 20:50:38.735992","train",18,1.4975526332855225,0.0006715887146386658,"","","","","",""
6000,"2026-08-03 20:50:40.514414","train",18,1.1355352401733398,0.0006744677040115756,"","","","","",""
6020,"2026-08-03 20:50:41.570169","train",18,1.467298984527588,0.0006773405077399766,"","","","","",""
6040,"2026-08-03 20:50:42.588656","train",18,1.3439329862594604,0.0006802070107827165,"","","","","",""
6060,"2026-08-03 20:50:43.693654","train",18,0.5124820470809937,0.0006830670983509539,"","","","","",""
6080,"2026-08-03 20:50:44.704083","train",18,1.5961735248565674,0.0006859206559127541,"","","","","",""
6100,"2026-08-03 20:50:45.788032","train",18,4.1432695388793945,0.0006887675691976763,"","","","","",""
6120,"2026-08-03 20:50:46.815891","train",18,0.48210397362709045,0.0006916077242013485,"","","","","",""
6140,"2026-08-03 20:50:47.816084","train",18,1.5437157154083252,0.0006944410071900343,"","","","","",""
6160,"2026-08-03 20:50:48.811200","train",18,0.8343608379364014,0.0006972673047051858,"","","","","",""
6180,"2026-08-03 20:50:49.830475","train",18,0.8433025479316711,0.0007000865035679878,"","","","","",""
6200,"2026-08-03 20:50:50.868182","train",18,0.09662742912769318,0.0007028984908838902,"","","","","",""
6220,"2026-08-03 20:50:51.985721","train",18,3.0540926456451416,0.0007057031540471287,"","","","","",""
6240,"2026-08-03 20:50:53.031354","train",18,2.3621826171875,0.0007085003807452334,"","","","","",""
6260,"2026-08-03 20:50:54.031058","train",18,0.8264631032943726,0.0007112900589635279,"","","","","",""
6280,"2026-08-03 20:50:55.094677","train",18,3.720280408859253,0.0007140720769896128,"","","","","",""
6289,"2026-08-03 20:51:22.060306","val",18,"","",0.8156299840510367,0.25579763019956725,0.6845940594059406,0.7400419287211739,0.7521960240406842,0.8356788741404126
6300,"2026-08-03 20:51:36.473938","train",19,0.26547878980636597,0.0007168463234178414,"","","","","",""
6320,"2026-08-03 20:51:37.765714","train",19,1.1177300214767456,0.0007196126871537791,"","","","","",""
6340,"2026-08-03 20:51:39.806301","train",19,0.6690440773963928,0.0007223710574186537,"","","","","",""
6360,"2026-08-03 20:51:40.915863","train",19,1.5514250993728638,0.0007251213237537901,"","","","","",""
6380,"2026-08-03 20:51:41.863180","train",19,3.0310986042022705,0.0007278633760250347,"","","","","",""
6400,"2026-08-03 20:51:42.881017","train",19,0.07124224305152893,0.0007305971044271652,"","","","","",""
6420,"2026-08-03 20:51:43.842172","train",19,0.33264756202697754,0.0007333223994882882,"","","","","",""
6440,"2026-08-03 20:51:44.952838","train",19,0.6973837018013,0.0007360391520742219,"","","","","",""
6460,"2026-08-03 20:51:45.999914","train",19,1.2142009735107422,0.0007387472533928673,"","","","","",""
6480,"2026-08-03 20:51:47.127857","train",19,0.7556298971176147,0.0007414465949985654,"","","","","",""
6500,"2026-08-03 20:51:48.191813","train",19,0.6135443449020386,0.0007441370687964378,"","","","","",""
6520,"2026-08-03 20:51:49.225521","train",19,2.1226871013641357,0.000746818567046718,"","","","","",""
6540,"2026-08-03 20:51:50.308216","train",19,0.5578868389129639,0.0007494909823690632,"","","","","",""
6560,"2026-08-03 20:51:51.290204","train",19,1.139683723449707,0.0007521542077468562,"","","","","",""
6580,"2026-08-03 20:51:52.313480","train",19,0.6101412773132324,0.0007548081365314899,"","","","","",""
6600,"2026-08-03 20:51:53.389289","train",19,2.119896411895752,0.0007574526624466395,"","","","","",""
6620,"2026-08-03 20:51:54.336248","train",19,5.7183451652526855,0.0007600876795925153,"","","","","",""
6620,"2026-08-03 20:52:20.791512","val",19,"","",0.7895943790680634,0.26804219954233205,0.6220990099009901,0.6939203354297694,0.7690707350901526,0.7995522149368304
6640,"2026-08-03 20:52:36.264778","train",20,0.45093095302581787,0.0007627130824501072,"","","","","",""
6660,"2026-08-03 20:52:37.518890","train",20,0.9613631367683411,0.0007653287658854071,"","","","","",""
6680,"2026-08-03 20:52:38.503428","train",20,0.252232164144516,0.0007679346251536212,"","","","","",""
6700,"2026-08-03 20:52:39.505140","train",20,0.8370727896690369,0.0007705305559033626,"","","","","",""
6720,"2026-08-03 20:52:40.568904","train",20,1.1030898094177246,0.0007731164541808317,"","","","","",""
6740,"2026-08-03 20:52:41.644547","train",20,2.033553123474121,0.0007756922164339781,"","","","","",""
6760,"2026-08-03 20:52:42.746808","train",20,1.031702995300293,0.0007782577395166472,"","","","","",""
6780,"2026-08-03 20:52:43.836965","train",20,0.4250257909297943,0.0007808129206927114,"","","","","",""
6800,"2026-08-03 20:52:44.905722","train",20,0.45937442779541016,0.0007833576576401837,"","","","","",""
6820,"2026-08-03 20:52:45.881165","train",20,0.11990980803966522,0.0007858918484553148,"","","","","",""
6840,"2026-08-03 20:52:46.814527","train",20,2.120844841003418,0.0007884153916566754,"","","","","",""
6860,"2026-08-03 20:52:47.834089","train",20,2.386131763458252,0.0007909281861892175,"","","","","",""
6880,"2026-08-03 20:52:48.914468","train",20,0.5346716642379761,0.0007934301314283233,"","","","","",""
6900,"2026-08-03 20:52:49.962140","train",20,0.28783243894577026,0.0007959211271838338,"","","","","",""
6920,"2026-08-03 20:52:50.916353","train",20,1.1654597520828247,0.0007984010737040611,"","","","","",""
6940,"2026-08-03 20:52:52.115826","train",20,0.9875694513320923,0.0008008698716797827,"","","","","",""
6951,"2026-08-03 20:53:18.761165","val",20,"","",0.807784818311134,0.30243587436188785,0.6711287128712872,0.710691823899371,0.7766990291262136,0.8267391652007037
6960,"2026-08-03 20:53:33.148786","train",21,0.18042469024658203,0.0008033274222482185,"","","","","",""
6980,"2026-08-03 20:53:34.461430","train",21,0.7765917778015137,0.0008057736269969898,"","","","","",""
7000,"2026-08-03 20:53:35.654667","train",21,0.8186516761779785,0.0008082083879680604,"","","","","",""
7020,"2026-08-03 20:53:36.643326","train",21,0.3257218599319458,0.0008106316076616586,"","","","","",""
7040,"2026-08-03 20:53:37.810744","train",21,0.8519631028175354,0.0008130431890401827,"","","","","",""
7060,"2026-08-03 20:53:38.969992","train",21,1.7866394519805908,0.0008154430355320854,"","","","","",""
7080,"2026-08-03 20:53:39.982562","train",21,0.9891485571861267,0.0008178310510357429,"","","","","",""
7100,"2026-08-03 20:53:41.076354","train",21,0.634185791015625,0.000820207139923301,"","","","","",""
7120,"2026-08-03 20:53:41.955064","train",21,4.235306739807129,0.0008225712070445067,"","","","","",""
7140,"2026-08-03 20:53:42.922488","train",21,0.5296374559402466,0.000824923157730517,"","","","","",""
7160,"2026-08-03 20:53:43.948117","train",21,0.33164316415786743,0.0008272628977976903,"","","","","",""
7180,"2026-08-03 20:53:44.942288","train",21,0.5448352098464966,0.0008295903335513584,"","","","","",""
7200,"2026-08-03 20:53:46.044611","train",21,0.9588505029678345,0.0008319053717895777,"","","","","",""
7220,"2026-08-03 20:53:46.961057","train",21,1.0079402923583984,0.0008342079198068626,"","","","","",""
7240,"2026-08-03 20:53:47.923154","train",21,2.493910312652588,0.0008364978853978967,"","","","","",""
7260,"2026-08-03 20:53:49.082072","train",21,1.2570900917053223,0.0008387751768612259,"","","","","",""
7280,"2026-08-03 20:53:50.077231","train",21,1.8826647996902466,0.0008410397030029301,"","","","","",""
7282,"2026-08-03 20:54:16.141465","val",21,"","",0.8145264882106986,0.26210911311120433,0.6918019801980198,0.7253668763102725,0.7776236708275542,0.8299856069086838
7300,"2026-08-03 20:54:30.703134","train",22,1.7708712816238403,0.0008432913731402755,"","","","","",""
7320,"2026-08-03 20:54:32.148535","train",22,0.3695843517780304,0.0008455300971053456,"","","","","",""
7340,"2026-08-03 20:54:33.360670","train",22,0.3446961045265198,0.0008477557852486526,"","","","","",""
7360,"2026-08-03 20:54:34.567335","train",22,0.6575424671173096,0.0008499683484427263,"","","","","",""
7380,"2026-08-03 20:54:35.706030","train",22,0.8352097272872925,0.000852167698085684,"","","","","",""
7400,"2026-08-03 20:54:36.660113","train",22,2.899822473526001,0.0008543537461047787,"","","","","",""
7420,"2026-08-03 20:54:37.726199","train",22,5.218958854675293,0.0008565264049599257,"","","","","",""
7440,"2026-08-03 20:54:38.748455","train",22,0.5051488876342773,0.0008586855876472072,"","","","","",""
7460,"2026-08-03 20:54:39.798113","train",22,0.7376684546470642,0.0008608312077023587,"","","","","",""
7480,"2026-08-03 20:54:40.860968","train",22,2.420836925506592,0.0008629631792042288,"","","","","",""
7500,"2026-08-03 20:54:41.979717","train",22,0.5464544296264648,0.0008650814167782218,"","","","","",""
7520,"2026-08-03 20:54:42.920970","train",22,0.5762632489204407,0.0008671858355997154,"","","","","",""
7540,"2026-08-03 20:54:43.972245","train",22,1.171164631843567,0.0008692763513974584,"","","","","",""
7560,"2026-08-03 20:54:45.037427","train",22,1.023771047592163,0.0008713528804569443,"","","","","",""
7580,"2026-08-03 20:54:46.204927","train",22,2.0674619674682617,0.0008734153396237648,"","","","","",""
7600,"2026-08-03 20:54:47.244611","train",22,0.19121554493904114,0.0008754636463069386,"","","","","",""
7613,"2026-08-03 20:55:14.282125","val",22,"","",0.788378809431441,0.24245316786371932,0.6169504950495049,0.6939203354297694,0.7695330559408229,0.798176875099952
7620,"2026-08-03 20:55:28.645718","train",23,1.3067522048950195,0.0008774977184822196,"","","","","",""
7640,"2026-08-03 20:55:29.966852","train",23,0.18401263654232025,0.0008795174746953809,"","","","","",""
7660,"2026-08-03 20:55:31.108331","train",23,1.4668476581573486,0.0008815228340654773,"","","","","",""
7680,"2026-08-03 20:55:32.300897","train",23,0.25642910599708557,0.0008835137162880836,"","","","","",""
7700,"2026-08-03 20:55:33.455976","train",23,0.5554643869400024,0.0008854900416385106,"","","","","",""
7720,"2026-08-03 20:55:34.456003","train",23,0.32717379927635193,0.0008874517309749978,"","","","","",""
7740,"2026-08-03 20:55:35.562388","train",23,0.8461548089981079,0.0008893987057418823,"","","","","",""
7760,"2026-08-03 20:55:36.641633","train",23,0.43682861328125,0.0008913308879727447,"","","","","",""
7780,"2026-08-03 20:55:37.705955","train",23,0.534796953201294,0.0008932482002935317,"","","","","",""
7800,"2026-08-03 20:55:38.678620","train",23,3.5029044151306152,0.0008951505659256537,"","","","","",""
7820,"2026-08-03 20:55:39.670810","train",23,2.9536805152893066,0.00089703790868906,"","","","","",""
7840,"2026-08-03 20:55:40.638740","train",23,1.235081434249878,0.0008989101530052893,"","","","","",""
7860,"2026-08-03 20:55:41.769781","train",23,0.5793200731277466,0.0009007672239004957,"","","","","",""
7880,"2026-08-03 20:55:42.794539","train",23,0.5306804180145264,0.0009026090470084525,"","","","","",""
7900,"2026-08-03 20:55:43.885473","train",23,0.35475704073905945,0.0009044355485735282,"","","","","",""
7920,"2026-08-03 20:55:45.012669","train",23,1.0664918422698975,0.0009062466554536415,"","","","","",""
7940,"2026-08-03 20:55:46.044714","train",23,0.13481026887893677,0.0009080422951231897,"","","","","",""
7944,"2026-08-03 20:56:12.941362","val",23,"","",0.7533859218069745,0.22125945394595523,0.521980198019802,0.689727463312369,0.7787794729542302,0.7477370861986247
7960,"2026-08-03 20:56:27.097594","train",24,0.04871782660484314,0.0009098223956759534,"","","","","",""
7980,"2026-08-03 20:56:28.719115","train",24,1.0032548904418945,0.0009115868858279749,"","","","","",""
8000,"2026-08-03 20:56:29.957499","train",24,0.2522857189178467,0.0009133356949204143,"","","","","",""
8020,"2026-08-03 20:56:31.548497","train",24,4.243206977844238,0.0009150687529223777,"","","","","",""
8040,"2026-08-03 20:56:32.588277","train",24,0.22973862290382385,0.0009167859904337225,"","","","","",""
8060,"2026-08-03 20:56:33.728683","train",24,2.611114978790283,0.0009184873386878355,"","","","","",""
8080,"2026-08-03 20:56:34.758333","train",24,0.5129797458648682,0.0009201727295543884,"","","","","",""
8100,"2026-08-03 20:56:35.837923","train",24,0.5087295770645142,0.0009218420955420638,"","","","","",""
8120,"2026-08-03 20:56:36.923256","train",24,1.7772173881530762,0.0009234953698012599,"","","","","",""
8140,"2026-08-03 20:56:37.984762","train",24,0.6878273487091064,0.0009251324861267662,"","","","","",""
8160,"2026-08-03 20:56:38.923330","train",24,0.3198331594467163,0.0009267533789604151,"","","","","",""
8180,"2026-08-03 20:56:40.055789","train",24,0.48113611340522766,0.0009283579833937074,"","","","","",""
8200,"2026-08-03 20:56:41.001570","train",24,0.3807045817375183,0.0009299462351704114,"","","","","",""
8220,"2026-08-03 20:56:42.057996","train",24,0.3746432662010193,0.0009315180706891356,"","","","","",""
8240,"2026-08-03 20:56:43.057610","train",24,0.20906679332256317,0.0009330734270058764,"","","","","",""
8260,"2026-08-03 20:56:44.143813","train",24,1.0540132522583008,0.0009346122418365379,"","","","","",""
8275,"2026-08-03 20:57:11.413979","val",24,"","",0.8288977973188499,0.2847827676539936,0.7238019801980198,0.7064989517819706,0.8021266759130836,0.8472733088117703
8280,"2026-08-03 20:57:24.810494","train",25,1.5348403453826904,0.0009361344535594268,"","","","","",""
8300,"2026-08-03 20:57:26.468588","train",25,0.7943027019500732,0.0009376400012177194,"","","","","",""
8320,"2026-08-03 20:57:27.782928","train",25,0.3694666028022766,0.000939128824521903,"","","","","",""
8340,"2026-08-03 20:57:29.269711","train",25,1.6577394008636475,0.0009406008638521901,"","","","","",""
8360,"2026-08-03 20:57:30.558396","train",25,1.6526176929473877,0.0009420560602609058,"","","","","",""
8380,"2026-08-03 20:57:31.550813","train",25,0.6400825381278992,0.0009434943554748481,"","","","","",""
8400,"2026-08-03 20:57:32.484454","train",25,0.7817465662956238,0.0009449156918976226,"","","","","",""
8420,"2026-08-03 20:57:33.446566","train",25,0.37991654872894287,0.0009463200126119469,"","","","","",""
8440,"2026-08-03 20:57:34.444655","train",25,1.185925006866455,0.000947707261381932,"","","","","",""
8460,"2026-08-03 20:57:35.500018","train",25,0.14972922205924988,0.0009490773826553327,"","","","","",""
8480,"2026-08-03 20:57:36.527289","train",25,1.0259896516799927,0.0009504303215657731,"","","","","",""
8500,"2026-08-03 20:57:37.608173","train",25,1.3256382942199707,0.000951766023934943,"","","","","",""
8520,"2026-08-03 20:57:38.741165","train",25,1.735898733139038,0.0009530844362747686,"","","","","",""
8540,"2026-08-03 20:57:39.793318","train",25,0.04824983328580856,0.0009543855057895528,"","","","","",""
8560,"2026-08-03 20:57:40.825298","train",25,0.5144386291503906,0.000955669180378091,"","","","","",""
8580,"2026-08-03 20:57:41.957462","train",25,3.110774040222168,0.0009569354086357561,"","","","","",""
8600,"2026-08-03 20:57:43.163676","train",25,2.128756284713745,0.0009581841398565582,"","","","","",""
8606,"2026-08-03 20:58:09.419295","val",25,"","",0.823311349627139,0.292824391996625,0.7228514851485148,0.7651991614255765,0.7845584835876098,0.8343515112745883
8620,"2026-08-03 20:58:23.309071","train",26,1.0453898906707764,0.0009594153240351745,"","","","","",""
8640,"2026-08-03 20:58:24.792689","train",26,1.4993013143539429,0.0009606289118689515,"","","","","",""
8660,"2026-08-03 20:58:26.216639","train",26,0.25437280535697937,0.0009618248547598799,"","","","","",""
8680,"2026-08-03 20:58:27.999411","train",26,0.6807417273521423,0.0009630031048165405,"","","","","",""
8700,"2026-08-03 20:58:29.075868","train",26,0.2775055468082428,0.0009641636148560219,"","","","","",""
8720,"2026-08-03 20:58:30.161973","train",26,0.8660987615585327,0.00096530633840581,"","","","","",""
8740,"2026-08-03 20:58:31.097805","train",26,0.6599588394165039,0.0009664312297056489,"","","","","",""
8760,"2026-08-03 20:58:32.210353","train",26,1.1451396942138672,0.0009675382437093735,"","","","","",""
8780,"2026-08-03 20:58:33.202546","train",26,1.5874779224395752,0.0009686273360867137,"","","","","",""
8800,"2026-08-03 20:58:34.288907","train",26,1.739393949508667,0.0009696984632250685,"","","","","",""
8820,"2026-08-03 20:58:35.296393","train",26,0.9914118051528931,0.0009707515822312537,"","","","","",""
8840,"2026-08-03 20:58:36.352376","train",26,0.21192197501659393,0.000971786650933219,"","","","","",""
8860,"2026-08-03 20:58:37.386949","train",26,0.6222238540649414,0.0009728036278817365,"","","","","",""
8880,"2026-08-03 20:58:38.479659","train",26,3.0635151863098145,0.0009738024723520612,"","","","","",""
8900,"2026-08-03 20:58:39.552746","train",26,1.417008399963379,0.0009747831443455613,"","","","","",""
8920,"2026-08-03 20:58:40.651098","train",26,1.1718841791152954,0.0009757456045913201,"","","","","",""
8937,"2026-08-03 20:59:08.180351","val",26,"","",0.8063106168369326,0.2863281796815257,0.6605940594059406,0.7337526205450733,0.7882570503929728,0.8141212218135295
8940,"2026-08-03 20:59:21.838855","train",27,3.220231771469116,0.0009766898145477088,"","","","","",""
8960,"2026-08-03 20:59:23.298317","train",27,0.3019280433654785,0.0009776157364039294,"","","","","",""
8980,"2026-08-03 20:59:24.721017","train",27,1.4026601314544678,0.0009785233330815294,"","","","","",""
9000,"2026-08-03 20:59:26.006642","train",27,0.14143379032611847,0.000979412568235886,"","","","","",""
9020,"2026-08-03 20:59:27.035504","train",27,0.4278438091278076,0.000980283406257662,"","","","","",""
9040,"2026-08-03 20:59:28.110970","train",27,0.33297356963157654,0.0009811358122742322,"","","","","",""
9060,"2026-08-03 20:59:29.180616","train",27,4.281623840332031,0.0009819697521510783,"","","","","",""
9080,"2026-08-03 20:59:30.247400","train",27,0.7463254928588867,0.0009827851924931572,"","","","","",""
9100,"2026-08-03 20:59:31.336992","train",27,0.7495173215866089,0.0009835821006462383,"","","","","",""
9120,"2026-08-03 20:59:32.212253","train",27,0.21869497001171112,0.0009843604446982104,"","","","","",""
9140,"2026-08-03 20:59:33.290228","train",27,0.4752706289291382,0.00098512019348036,"","","","","",""
9160,"2026-08-03 20:59:34.312057","train",27,0.9675112962722778,0.0009858613165686192,"","","","","",""
9180,"2026-08-03 20:59:35.399703","train",27,0.06326253712177277,0.0009865837842847848,"","","","","",""
9200,"2026-08-03 20:59:36.352741","train",27,5.382054328918457,0.0009872875676977054,"","","","","",""
9220,"2026-08-03 20:59:37.416862","train",27,3.4058706760406494,0.0009879726386244417,"","","","","",""
9240,"2026-08-03 20:59:38.420423","train",27,1.3478201627731323,0.0009886389696313932,"","","","","",""
9260,"2026-08-03 20:59:39.592881","train",27,1.2979567050933838,0.0009892865340353984,"","","","","",""
9268,"2026-08-03 21:00:06.409954","val",27,"","",0.8190870296133456,0.27325762440559187,0.6929900990099009,0.7190775681341719,0.7639852057327785,0.8405085558931713
9280,"2026-08-03 21:00:20.646906","train",28,4.945233345031738,0.0009899153059048022,"","","","","",""
9300,"2026-08-03 21:00:22.249925","train",28,2.797724723815918,0.000990525260060495,"","","","","",""
9320,"2026-08-03 21:00:23.643532","train",28,0.22186273336410522,0.0009911163720769207,"","","","","",""
9340,"2026-08-03 21:00:24.650755","train",28,0.5555132627487183,0.0009916886182830546,"","","","","",""
9360,"2026-08-03 21:00:25.682922","train",28,0.4225589632987976,0.0009922419757633523,"","","","","",""
9380,"2026-08-03 21:00:26.697116","train",28,1.4826090335845947,0.0009927764223586657,"","","","","",""
9400,"2026-08-03 21:00:27.714390","train",28,0.6277561187744141,0.000993291936667132,"","","","","",""
9420,"2026-08-03 21:00:28.825846","train",28,0.26044797897338867,0.0009937884980450297,"","","","","",""
9440,"2026-08-03 21:00:29.978225","train",28,0.2626912593841553,0.0009942660866076058,"","","","","",""
9460,"2026-08-03 21:00:31.040313","train",28,0.7991250157356262,0.0009947246832298715,"","","","","",""
9480,"2026-08-03 21:00:32.075112","train",28,0.6085088849067688,0.000995164269547369,"","","","","",""
9500,"2026-08-03 21:00:33.069927","train",28,0.288962721824646,0.0009955848279569056,"","","","","",""
9520,"2026-08-03 21:00:34.164029","train",28,2.71272611618042,0.0009959863416172602,"","","","","",""
9540,"2026-08-03 21:00:35.318754","train",28,1.383507490158081,0.0009963687944498565,"","","","","",""
9560,"2026-08-03 21:00:36.285470","train",28,1.3642863035202026,0.0009967321711394069,"","","","","",""
9580,"2026-08-03 21:00:37.216657","train",28,3.475773811340332,0.0009970764571345266,"","","","","",""
9599,"2026-08-03 21:01:04.933624","val",28,"","",0.8284581231949654,0.30259033599928414,0.7373465346534653,0.7568134171907757,0.7871012482662968,0.8409723332800255
9600,"2026-08-03 21:01:18.867143","train",29,0.9314096570014954,0.0009974016386483156,"","","","","",""
9620,"2026-08-03 21:01:20.296413","train",29,0.4327910542488098,0.0009977077026589113,"","","","","",""
9640,"2026-08-03 21:01:21.409555","train",29,0.23338833451271057,0.0009979946369100096,"","","","","",""
9660,"2026-08-03 21:01:22.412279","train",29,0.29689252376556396,0.0009982624299113554,"","","","","",""
9680,"2026-08-03 21:01:23.571016","train",29,0.2899579107761383,0.0009985110709392038,"","","","","",""
9700,"2026-08-03 21:01:24.546116","train",29,0.365517258644104,0.000998740550036748,"","","","","",""
9720,"2026-08-03 21:01:25.525833","train",29,0.47632259130477905,0.0009989508580145199,"","","","","",""
9740,"2026-08-03 21:01:26.544179","train",29,2.297088384628296,0.0009991419864507562,"","","","","",""
9760,"2026-08-03 21:01:27.590949","train",29,0.6741987466812134,0.000999313927691737,"","","","","",""
9780,"2026-08-03 21:01:28.712575","train",29,0.3931533694267273,0.0009994666748520916,"","","","","",""
9800,"2026-08-03 21:01:29.663768","train",29,0.3489033281803131,0.0009996002218150746,"","","","","",""
9820,"2026-08-03 21:01:30.788501","train",29,0.1363503634929657,0.0009997145632328103,"","","","","",""
9840,"2026-08-03 21:01:31.697023","train",29,0.5136381983757019,0.0009998096945265079,"","","","","",""
9860,"2026-08-03 21:01:32.820566","train",29,0.4181562066078186,0.0009998856118866436,"","","","","",""
9880,"2026-08-03 21:01:33.737694","train",29,0.5538640022277832,0.000999942312273114,"","","","","",""
9900,"2026-08-03 21:01:34.796839","train",29,0.5826727151870728,0.0009999797934153573,"","","","","",""
9920,"2026-08-03 21:01:35.855843","train",29,2.824333667755127,0.000999998053812445,"","","","","",""
9930,"2026-08-03 21:02:02.840320","val",29,"","",0.8049915944652787,0.29144906818282384,0.6738217821782179,0.7232704402515724,0.7586685159500693,0.8257796257796258
9940,"2026-08-03 21:02:16.963631","train",30,0.3210616707801819,0.0009999994438765105,"","","","","",""
9960,"2026-08-03 21:02:18.723297","train",30,0.7230004072189331,0.0009999955831902017,"","","","","",""
9980,"2026-08-03 21:02:19.798092","train",30,2.142712354660034,0.0009999880456884277,"","","","","",""
10000,"2026-08-03 21:02:20.740107","train",30,0.2781326174736023,0.0009999768314266173,"","","","","",""
10020,"2026-08-03 21:02:21.865402","train",30,2.64445161819458,0.0009999619404872366,"","","","","",""
10040,"2026-08-03 21:02:22.994216","train",30,0.39330002665519714,0.00099994337297979,"","","","","",""
10060,"2026-08-03 21:02:24.122690","train",30,0.21084779500961304,0.0009999211290408175,"","","","","",""
10080,"2026-08-03 21:02:25.224263","train",30,2.2634990215301514,0.000999895208833895,"","","","","",""
10100,"2026-08-03 21:02:26.342755","train",30,0.5435088872909546,0.000999865612549633,"","","","","",""
10120,"2026-08-03 21:02:27.420400","train",30,1.3265161514282227,0.000999832340405674,"","","","","",""
10140,"2026-08-03 21:02:28.327907","train",30,0.7717635631561279,0.000999795392646692,"","","","","",""
10160,"2026-08-03 21:02:29.291267","train",30,0.2675568759441376,0.0009997547695443914,"","","","","",""
10180,"2026-08-03 21:02:30.278960","train",30,1.35642409324646,0.0009997104713975026,"","","","","",""
10200,"2026-08-03 21:02:31.324002","train",30,0.40582841634750366,0.0009996624985317824,"","","","","",""
10220,"2026-08-03 21:02:32.415895","train",30,1.0209425687789917,0.0009996108513000098,"","","","","",""
10240,"2026-08-03 21:02:33.463455","train",30,1.6911215782165527,0.0009995555300819849,"","","","","",""
10260,"2026-08-03 21:02:34.675037","train",30,1.781901478767395,0.0009994965352845243,"","","","","",""
10261,"2026-08-03 21:03:00.712608","val",30,"","",0.7859218069744386,0.2722217905962586,0.6215445544554455,0.7127882599580714,0.7639852057327785,0.7950423796577643
10280,"2026-08-03 21:03:15.793152","train",31,0.38870564103126526,0.0009994338673414596,"","","","","",""
10300,"2026-08-03 21:03:16.946809","train",31,0.7306196689605713,0.0009993675267136336,"","","","","",""
10320,"2026-08-03 21:03:17.938555","train",31,2.5374624729156494,0.000999297513888897,"","","","","",""
10340,"2026-08-03 21:03:19.081716","train",31,1.8359644412994385,0.0009992238293821051,"","","","","",""
10360,"2026-08-03 21:03:20.231208","train",31,0.4480205476284027,0.0009991464737351137,"","","","","",""
10380,"2026-08-03 21:03:21.252117","train",31,0.19996970891952515,0.0009990654475167742,"","","","","",""
10400,"2026-08-03 21:03:22.283290","train",31,0.7950422763824463,0.0009989807513229318,"","","","","",""
10420,"2026-08-03 21:03:23.348837","train",31,1.3136051893234253,0.0009988923857764192,"","","","","",""
10440,"2026-08-03 21:03:24.430864","train",31,0.4676935076713562,0.0009988003515270518,"","","","","",""
10460,"2026-08-03 21:03:25.538429","train",31,0.5425829291343689,0.0009987046492516245,"","","","","",""
10480,"2026-08-03 21:03:26.537494","train",31,0.17264659702777863,0.0009986052796539056,"","","","","",""
10500,"2026-08-03 21:03:27.637395","train",31,0.7678380608558655,0.0009985022434646313,"","","","","",""
10520,"2026-08-03 21:03:28.703614","train",31,0.5384796261787415,0.0009983955414415023,"","","","","",""
10540,"2026-08-03 21:03:29.711118","train",31,0.22681231796741486,0.0009982851743691751,"","","","","",""
10560,"2026-08-03 21:03:30.641480","train",31,1.0681885480880737,0.0009981711430592597,"","","","","",""
10580,"2026-08-03 21:03:31.901595","train",31,0.3669590950012207,0.0009980534483503103,"","","","","",""
10592,"2026-08-03 21:03:58.532413","val",31,"","",0.8016380016380016,0.2927520095981066,0.6566336633663367,0.7526205450733753,0.8049006010171058,0.8016312170158324
10600,"2026-08-03 21:04:12.982092","train",32,0.9445164799690247,0.0009979320911078216,"","","","","",""
10620,"2026-08-03 21:04:14.174849","train",32,3.4642159938812256,0.000997807072224222,"","","","","",""
10640,"2026-08-03 21:04:15.251882","train",32,0.4911693334579468,0.000997678392618865,"","","","","",""
10660,"2026-08-03 21:04:16.337863","train",32,0.7746344804763794,0.000997546053238026,"","","","","",""
10680,"2026-08-03 21:04:17.394131","train",32,0.5695778727531433,0.000997410055054892,"","","","","",""
10700,"2026-08-03 21:04:18.446519","train",32,0.7976102828979492,0.0009972703990695565,"","","","","",""
10720,"2026-08-03 21:04:19.630636","train",32,0.23434694111347198,0.000997127086309011,"","","","","",""
10740,"2026-08-03 21:04:20.672890","train",32,1.8442018032073975,0.0009969801178271384,"","","","","",""
10760,"2026-08-03 21:04:21.837623","train",32,0.6199374794960022,0.0009968294947047046,"","","","","",""
10780,"2026-08-03 21:04:22.905637","train",32,0.9368897676467896,0.0009966752180493503,"","","","","",""
10800,"2026-08-03 21:04:23.915106","train",32,0.44471436738967896,0.0009965172889955837,"","","","","",""
10820,"2026-08-03 21:04:24.956898","train",32,0.3188459575176239,0.0009963557087047722,"","","","","",""
10840,"2026-08-03 21:04:25.884866","train",32,2.123713970184326,0.0009961904783651323,"","","","","",""
10860,"2026-08-03 21:04:26.971574","train",32,1.9325581789016724,0.000996021599191723,"","","","","",""
10880,"2026-08-03 21:04:28.085562","train",32,0.16314555704593658,0.000995849072426435,"","","","","",""
10900,"2026-08-03 21:04:29.301768","train",32,3.5747745037078857,0.0009956728993379827,"","","","","",""
10920,"2026-08-03 21:04:30.605124","train",32,1.7348672151565552,0.000995493081221895,"","","","","",""
10923,"2026-08-03 21:04:56.943639","val",32,"","",0.8159231001336265,0.35190385097045035,0.6825346534653466,0.7966457023060796,0.7702265372168284,0.8274748120901967
10940,"2026-08-03 21:05:12.451552","train",33,0.41232389211654663,0.0009953096194005046,"","","","","",""
10960,"2026-08-03 21:05:13.570628","train",33,0.17098011076450348,0.0009951225152229392,"","","","","",""
10980,"2026-08-03 21:05:14.699279","train",33,0.05346304178237915,0.0009949317700651118,"","","","","",""
11000,"2026-08-03 21:05:15.861905","train",33,0.3180694282054901,0.0009947373853297099,"","","","","",""
11020,"2026-08-03 21:05:16.825610","train",33,0.22494961321353912,0.0009945393624461855,"","","","","",""
11040,"2026-08-03 21:05:17.844707","train",33,1.1958401203155518,0.0009943377028707441,"","","","","",""
11060,"2026-08-03 21:05:18.950358","train",33,0.6478459239006042,0.0009941324080863353,"","","","","",""
11080,"2026-08-03 21:05:20.087802","train",33,0.912354588508606,0.0009939234796026402,"","","","","",""
11100,"2026-08-03 21:05:21.057844","train",33,3.0932722091674805,0.0009937109189560617,"","","","","",""
11120,"2026-08-03 21:05:22.039769","train",33,0.6075438261032104,0.0009934947277097125,"","","","","",""
11140,"2026-08-03 21:05:23.026542","train",33,1.3382935523986816,0.0009932749074534032,"","","","","",""
11160,"2026-08-03 21:05:24.012860","train",33,1.1779199838638306,0.000993051459803632,"","","","","",""
11180,"2026-08-03 21:05:25.003289","train",33,3.0777618885040283,0.0009928243864035713,"","","","","",""
11200,"2026-08-03 21:05:26.045065","train",33,0.5853557586669922,0.0009925936889230564,"","","","","",""
11220,"2026-08-03 21:05:27.290302","train",33,0.24914464354515076,0.0009923593690585738,"","","","","",""
11240,"2026-08-03 21:05:28.508936","train",33,0.24815183877944946,0.0009921214285332468,"","","","","",""
11254,"2026-08-03 21:05:55.227200","val",33,"","",0.8189577136945558,0.31035558734529406,0.7047128712871287,0.7400419287211739,0.784789644012945,0.8323204861666401
11260,"2026-08-03 21:06:10.142760","train",34,3.1880786418914795,0.0009918798690968247,"","","","","",""
11280,"2026-08-03 21:06:11.151094","train",34,1.2951933145523071,0.0009916346925256698,"","","","","",""
11300,"2026-08-03 21:06:12.187422","train",34,0.7741119861602783,0.0009913859006227426,"","","","","",""
11320,"2026-08-03 21:06:13.183806","train",34,0.9655427932739258,0.0009911334952175906,"","","","","",""
11340,"2026-08-03 21:06:14.254315","train",34,0.9304203391075134,0.000990877478166334,"","","","","",""
11360,"2026-08-03 21:06:15.245562","train",34,1.1355018615722656,0.0009906178513516518,"","","","","",""
11380,"2026-08-03 21:06:16.285391","train",34,0.6017395853996277,0.0009903546166827681,"","","","","",""
11400,"2026-08-03 21:06:17.452171","train",34,0.3762967586517334,0.0009900877760954387,"","","","","",""
11420,"2026-08-03 21:06:18.498587","train",34,0.1230681762099266,0.0009898173315519357,"","","","","",""
11440,"2026-08-03 21:06:19.623064","train",34,1.2074977159500122,0.000989543285041034,"","","","","",""
11460,"2026-08-03 21:06:20.615120","train",34,0.48639681935310364,0.0009892656385779965,"","","","","",""
11480,"2026-08-03 21:06:21.654285","train",34,1.7184007167816162,0.0009889843942045588,"","","","","",""
11500,"2026-08-03 21:06:22.713146","train",34,1.1248818635940552,0.000988699553988915,"","","","","",""
11520,"2026-08-03 21:06:23.658483","train",34,1.6187561750411987,0.0009884111200257016,"","","","","",""
11540,"2026-08-03 21:06:24.864266","train",34,2.063410520553589,0.0009881190944359829,"","","","","",""
11560,"2026-08-03 21:06:26.104812","train",34,2.9161813259124756,0.0009878234793672348,"","","","","",""
11580,"2026-08-03 21:06:27.738874","train",34,3.067786693572998,0.0009875242769933294,"","","","","",""
11585,"2026-08-03 21:06:53.560009","val",34,"","",0.8314065261433683,0.32405225031340146,0.7356831683168317,0.750524109014675,0.7995839112343965,0.8454181992643531
11600,"2026-08-03 21:07:09.583720","train",35,0.4834895730018616,0.0009872214895145187,"","","","","",""
11620,"2026-08-03 21:07:10.611470","train",35,2.7039973735809326,0.0009869151191574184,"","","","","",""
11640,"2026-08-03 21:07:11.597282","train",35,0.8932074308395386,0.0009866051681749924,"","","","","",""
11660,"2026-08-03 21:07:12.681040","train",35,3.6006717681884766,0.0009862916388465345,"","","","","",""
11680,"2026-08-03 21:07:13.768321","train",35,2.225010395050049,0.000985974533477654,"","","","","",""
11700,"2026-08-03 21:07:14.751787","train",35,0.606161892414093,0.0009856538544002562,"","","","","",""
11720,"2026-08-03 21:07:15.844472","train",35,1.4820798635482788,0.000985329603972527,"","","","","",""
11740,"2026-08-03 21:07:16.846582","train",35,0.9645837545394897,0.000985001784578915,"","","","","",""
11760,"2026-08-03 21:07:17.960177","train",35,0.5785325765609741,0.000984670398630114,"","","","","",""
11780,"2026-08-03 21:07:19.012895","train",35,0.2457704246044159,0.000984335448563045,"","","","","",""
11800,"2026-08-03 21:07:20.107223","train",35,1.8182978630065918,0.0009839969368408393,"","","","","",""
11820,"2026-08-03 21:07:21.214105","train",35,0.3360435366630554,0.0009836548659528188,"","","","","",""
11840,"2026-08-03 21:07:22.334792","train",35,3.2641658782958984,0.0009833092384144788,"","","","","",""
11860,"2026-08-03 21:07:23.449184","train",35,2.2394979000091553,0.0009829600567674694,"","","","","",""
11880,"2026-08-03 21:07:24.674370","train",35,0.04730841517448425,0.0009826073235795765,"","","","","",""
11900,"2026-08-03 21:07:25.912505","train",35,0.8272333145141602,0.0009822510414447029,"","","","","",""
11916,"2026-08-03 21:07:53.182857","val",35,"","",0.8186214923057027,0.3046419424901858,0.6901386138613861,0.7358490566037735,0.7972723069810448,0.830065568527107
11920,"2026-08-03 21:08:07.593239","train",36,0.5832970142364502,0.0009818912129828496,"","","","","",""
11940,"2026-08-03 21:08:08.873906","train",36,5.003282070159912,0.0009815278408400966,"","","","","",""
11960,"2026-08-03 21:08:09.881905","train",36,0.665511965751648,0.0009811609276885824,"","","","","",""
11980,"2026-08-03 21:08:10.966317","train",36,0.1293923258781433,0.0009807904762264856,"","","","","",""
12000,"2026-08-03 21:08:12.097127","train",36,0.30852270126342773,0.0009804164891780048,"","","","","",""
12020,"2026-08-03 21:08:13.184155","train",36,0.5042098760604858,0.0009800389692933376,"","","","","",""
12040,"2026-08-03 21:08:14.146218","train",36,0.3004724383354187,0.000979657919348662,"","","","","",""
12060,"2026-08-03 21:08:15.101807","train",36,0.19388535618782043,0.000979273342146114,"","","","","",""
12080,"2026-08-03 21:08:16.291674","train",36,2.401876449584961,0.0009788852405137694,"","","","","",""
12100,"2026-08-03 21:08:17.348584","train",36,0.25987178087234497,0.0009784936173056205,"","","","","",""
12120,"2026-08-03 21:08:18.277871","train",36,0.724764883518219,0.0009780984754015568,"","","","","",""
12140,"2026-08-03 21:08:19.309079","train",36,0.7260112166404724,0.0009776998177073437,"","","","","",""
12160,"2026-08-03 21:08:20.307409","train",36,2.9898691177368164,0.0009772976471546001,"","","","","",""
12180,"2026-08-03 21:08:21.437052","train",36,0.5397843718528748,0.0009768919667007777,"","","","","",""
12200,"2026-08-03 21:08:22.686050","train",36,0.20171624422073364,0.0009764827793291393,"","","","","",""
12220,"2026-08-03 21:08:23.848515","train",36,2.016294240951538,0.0009760700880487366,"","","","","",""
12240,"2026-08-03 21:08:25.263968","train",36,1.2311241626739502,0.0009756538958943874,"","","","","",""
12247,"2026-08-03 21:08:51.891860","val",36,"","",0.8313892840208631,0.3052542594732341,0.7394059405940594,0.7777777777777778,0.7877947295423022,0.8452742683511915
12260,"2026-08-03 21:09:07.505037","train",37,0.4845535457134247,0.0009752342059266548,"","","","","",""
12280,"2026-08-03 21:09:08.655667","train",37,0.24320809543132782,0.0009748110212318236,"","","","","",""
12300,"2026-08-03 21:09:09.660966","train",37,2.4197871685028076,0.0009743843449218776,"","","","","",""
12320,"2026-08-03 21:09:10.680006","train",37,1.0442525148391724,0.0009739541801344773,"","","","","",""
12340,"2026-08-03 21:09:11.734231","train",37,1.3628523349761963,0.0009735205300329363,"","","","","",""
12360,"2026-08-03 21:09:12.666516","train",37,0.6221640110015869,0.0009730833978061985,"","","","","",""
12380,"2026-08-03 21:09:13.656333","train",37,0.299734890460968,0.000972642786668814,"","","","","",""
12400,"2026-08-03 21:09:14.656441","train",37,1.1267311573028564,0.0009721986998609161,"","","","","",""
12420,"2026-08-03 21:09:15.717652","train",37,2.5651981830596924,0.0009717511406481974,"","","","","",""
12440,"2026-08-03 21:09:16.769851","train",37,0.05201113224029541,0.0009713001123218853,"","","","","",""
12460,"2026-08-03 21:09:17.772162","train",37,1.073753833770752,0.000970845618198718,"","","","","",""
12480,"2026-08-03 21:09:18.857939","train",37,0.2537890076637268,0.0009703876616209208,"","","","","",""
12500,"2026-08-03 21:09:20.066776","train",37,0.38815224170684814,0.0009699262459561803,"","","","","",""
12520,"2026-08-03 21:09:21.345840","train",37,2.356226921081543,0.0009694613745976206,"","","","","",""
12540,"2026-08-03 21:09:22.569203","train",37,0.4258332848548889,0.0009689930509637781,"","","","","",""
12560,"2026-08-03 21:09:23.867865","train",37,1.0568188428878784,0.000968521278498576,"","","","","",""
12578,"2026-08-03 21:09:50.727464","val",37,"","",0.8187680503469976,0.28446766697842185,0.6967128712871287,0.7358490566037735,0.7776236708275542,0.8340476571245802
12580,"2026-08-03 21:10:05.491494","train",38,1.3460845947265625,0.0009680460606712997,"","","","","",""
12600,"2026-08-03 21:10:06.541702","train",38,1.4941885471343994,0.0009675674009765701,"","","","","",""
12620,"2026-08-03 21:10:07.519323","train",38,1.1271411180496216,0.0009670853029343196,"","","","","",""
12640,"2026-08-03 21:10:08.511540","train",38,0.3721733093261719,0.0009665997700897644,"","","","","",""
12660,"2026-08-03 21:10:09.638835","train",38,0.4587555229663849,0.0009661108060133798,"","","","","",""
12680,"2026-08-03 21:10:10.605061","train",38,0.6567803621292114,0.0009656184143008733,"","","","","",""
12700,"2026-08-03 21:10:11.748799","train",38,1.5371387004852295,0.0009651225985731584,"","","","","",""
12720,"2026-08-03 21:10:12.827504","train",38,0.1410127878189087,0.0009646233624763276,"","","","","",""
12740,"2026-08-03 21:10:13.856686","train",38,0.8731881976127625,0.000964120709681626,"","","","","",""
12760,"2026-08-03 21:10:14.883588","train",38,0.930193305015564,0.0009636146438854244,"","","","","",""
12780,"2026-08-03 21:10:15.926906","train",38,0.3322436213493347,0.0009631051688091915,"","","","","",""
12800,"2026-08-03 21:10:17.059976","train",38,0.8790003061294556,0.0009625922881994671,"","","","","",""
12820,"2026-08-03 21:10:18.244186","train",38,1.3367615938186646,0.0009620760058278342,"","","","","",""
12840,"2026-08-03 21:10:19.523384","train",38,2.8408358097076416,0.0009615563254908915,"","","","","",""
12860,"2026-08-03 21:10:20.770768","train",38,0.35941675305366516,0.0009610332510102259,"","","","","",""
12880,"2026-08-03 21:10:22.154633","train",38,0.29783013463020325,0.0009605067862323829,"","","","","",""
12900,"2026-08-03 21:10:23.593165","train",38,1.9607410430908203,0.0009599769350288401,"","","","","",""
12909,"2026-08-03 21:10:49.175074","val",38,"","",0.8155523944997629,0.31193935264678885,0.6971089108910891,0.740041928721174,0.7524271844660194,0.8343355189509036
12920,"2026-08-03 21:11:04.964888","train",39,3.474439859390259,0.0009594437012959778,"","","","","",""
12940,"2026-08-03 21:11:05.909169","train",39,0.5141456127166748,0.0009589070889550502,"","","","","",""
12960,"2026-08-03 21:11:06.901125","train",39,0.7886915802955627,0.000958367101952157,"","","","","",""
12980,"2026-08-03 21:11:08.004098","train",39,0.5437374114990234,0.0009578237442582146,"","","","","",""
13000,"2026-08-03 21:11:09.136540","train",39,1.7368876934051514,0.000957277019868926,"","","","","",""
13020,"2026-08-03 21:11:10.158961","train",39,1.9055331945419312,0.0009567269328047523,"","","","","",""
13040,"2026-08-03 21:11:11.204707","train",39,2.108586549758911,0.0009561734871108825,"","","","","",""
13060,"2026-08-03 21:11:12.270375","train",39,1.9813451766967773,0.0009556166868572042,"","","","","",""
13080,"2026-08-03 21:11:13.282657","train",39,0.35950061678886414,0.0009550565361382738,"","","","","",""
13100,"2026-08-03 21:11:14.502972","train",39,1.6324691772460938,0.0009544930390732855,"","","","","",""
13120,"2026-08-03 21:11:15.718426","train",39,2.8510375022888184,0.0009539261998060421,"","","","","",""
13140,"2026-08-03 21:11:17.088042","train",39,0.939629316329956,0.0009533560225049236,"","","","","",""
13160,"2026-08-03 21:11:18.287459","train",39,0.23351988196372986,0.0009527825113628578,"","","","","",""
13180,"2026-08-03 21:11:19.810606","train",39,0.4260423183441162,0.0009522056705972876,"","","","","",""
13200,"2026-08-03 21:11:21.291562","train",39,0.13523373007774353,0.0009516255044501416,"","","","","",""
13220,"2026-08-03 21:11:22.966846","train",39,0.7466862201690674,0.0009510420171878024,"","","","","",""
13240,"2026-08-03 21:11:24.386416","train",39,0.3454919159412384,0.0009504552131010752,"","","","","",""
13240,"2026-08-03 21:11:47.829958","val",39,"","",0.8276736066209751,0.29289262369120905,0.7336237623762376,0.7589098532494758,0.7771613499768839,0.8457220534143611
13260,"2026-08-03 21:12:03.457095","train",40,1.9967031478881836,0.0009498650965051557,"","","","","",""
13280,"2026-08-03 21:12:04.569182","train",40,2.2924718856811523,0.0009492716717395995,"","","","","",""
13300,"2026-08-03 21:12:05.431572","train",40,0.6117380857467651,0.0009486749431682892,"","","","","",""
13320,"2026-08-03 21:12:06.505473","train",40,2.2915449142456055,0.0009480749151794029,"","","","","",""
13340,"2026-08-03 21:12:07.574485","train",40,0.5854218006134033,0.0009474715921853814,"","","","","",""
13360,"2026-08-03 21:12:08.603757","train",40,0.7385780215263367,0.0009468649786228965,"","","","","",""
13380,"2026-08-03 21:12:09.684741","train",40,0.2004847377538681,0.0009462550789528177,"","","","","",""
13400,"2026-08-03 21:12:10.659377","train",40,0.5875140428543091,0.0009456418976601794,"","","","","",""
13420,"2026-08-03 21:12:11.583088","train",40,0.2559778094291687,0.0009450254392541485,"","","","","",""
13440,"2026-08-03 21:12:12.754424","train",40,2.800893783569336,0.0009444057082679911,"","","","","",""
13460,"2026-08-03 21:12:14.080252","train",40,2.0420868396759033,0.0009437827092590381,"","","","","",""
13480,"2026-08-03 21:12:15.255538","train",40,1.205559253692627,0.0009431564468086533,"","","","","",""
13500,"2026-08-03 21:12:16.564803","train",40,0.7731344103813171,0.0009425269255221989,"","","","","",""
13520,"2026-08-03 21:12:18.060823","train",40,1.3575773239135742,0.0009418941500290012,"","","","","",""
13540,"2026-08-03 21:12:19.730767","train",40,0.8230065107345581,0.0009412581249823178,"","","","","",""
13560,"2026-08-03 21:12:21.203112","train",40,0.43737852573394775,0.0009406188550593017,"","","","","",""
13571,"2026-08-03 21:12:46.040332","val",40,"","",0.8213802319065475,0.33010124571210153,0.7076435643564356,0.7631027253668763,0.789875173370319,0.8333759795298257
13580,"2026-08-03 21:13:01.212637","train",41,0.36289355158805847,0.0009399763449609687,"","","","","",""
13600,"2026-08-03 21:13:02.301533","train",41,0.2661425471305847,0.0009393305994121612,"","","","","",""
13620,"2026-08-03 21:13:03.286560","train",41,0.8998454809188843,0.0009386816231615149,"","","","","",""
13640,"2026-08-03 21:13:04.315857","train",41,0.4362238049507141,0.0009380294209814227,"","","","","",""
13660,"2026-08-03 21:13:05.219804","train",41,0.43365103006362915,0.0009373739976680003,"","","","","",""
13680,"2026-08-03 21:13:06.137768","train",41,1.8152148723602295,0.0009367153580410509,"","","","","",""
13700,"2026-08-03 21:13:07.281720","train",41,0.49160662293434143,0.0009360535069440291,"","","","","",""
13720,"2026-08-03 21:13:08.355225","train",41,0.5807112455368042,0.0009353884492440061,"","","","","",""
13740,"2026-08-03 21:13:09.380020","train",41,0.9750108122825623,0.0009347201898316339,"","","","","",""
13760,"2026-08-03 21:13:10.515971","train",41,1.4435029029846191,0.0009340487336211081,"","","","","",""
13780,"2026-08-03 21:13:11.757809","train",41,0.7000299692153931,0.0009333740855501337,"","","","","",""
13800,"2026-08-03 21:13:13.102102","train",41,1.464918613433838,0.0009326962505798869,"","","","","",""
13820,"2026-08-03 21:13:14.292495","train",41,4.716562747955322,0.0009320152336949803,"","","","","",""
13840,"2026-08-03 21:13:15.927359","train",41,0.6088130474090576,0.0009313310399034245,"","","","","",""
13860,"2026-08-03 21:13:17.450228","train",41,0.20896601676940918,0.0009306436742365932,"","","","","",""
13880,"2026-08-03 21:13:19.064042","train",41,3.0024335384368896,0.0009299531417491844,"","","","","",""
13900,"2026-08-03 21:13:20.429132","train",41,1.1649525165557861,0.0009292594475191842,"","","","","",""
13902,"2026-08-03 21:13:44.837238","val",41,"","",0.8069399543083754,0.2783642890362375,0.6820594059405941,0.7337526205450734,0.7871012482662968,0.8169678554293939
13920,"2026-08-03 21:14:00.619857","train",42,0.5145165920257568,0.0009285625966478298,"","","","","",""
13940,"2026-08-03 21:14:01.634545","train",42,1.0728607177734375,0.000927862594259571,"","","","","",""
13960,"2026-08-03 21:14:02.625100","train",42,1.3570671081542969,0.0009271594455020328,"","","","","",""
13980,"2026-08-03 21:14:03.700017","train",42,0.36904388666152954,0.0009264531555459782,"","","","","",""
14000,"2026-08-03 21:14:04.735058","train",42,0.32452136278152466,0.0009257437295852696,"","","","","",""
14020,"2026-08-03 21:14:05.780036","train",42,0.4197525382041931,0.0009250311728368303,"","","","","",""
14040,"2026-08-03 21:14:06.777428","train",42,0.539697527885437,0.0009243154905406074,"","","","","",""
14060,"2026-08-03 21:14:07.787966","train",42,0.9776232838630676,0.0009235966879595315,"","","","","",""
14080,"2026-08-03 21:14:08.942509","train",42,0.3910447359085083,0.0009228747703794797,"","","","","",""
14100,"2026-08-03 21:14:10.239584","train",42,2.1741268634796143,0.0009221497431092351,"","","","","",""
14120,"2026-08-03 21:14:11.598171","train",42,2.462815523147583,0.0009214216114804494,"","","","","",""
14140,"2026-08-03 21:14:12.953539","train",42,0.3364262282848358,0.0009206903808476026,"","","","","",""
14160,"2026-08-03 21:14:14.595086","train",42,0.2303650975227356,0.0009199560565879638,"","","","","",""
14180,"2026-08-03 21:14:16.166323","train",42,1.4264001846313477,0.0009192186441015519,"","","","","",""
14200,"2026-08-03 21:14:17.742547","train",42,0.29576346278190613,0.0009184781488110958,"","","","","",""
14220,"2026-08-03 21:14:19.391451","train",42,0.3070752024650574,0.0009177345761619945,"","","","","",""
14233,"2026-08-03 21:14:43.678816","val",42,"","",0.8447950342687185,0.33368050617136313,0.7578613861386139,0.8218029350104822,0.7954230235783635,0.8549656165040781
14240,"2026-08-03 21:14:59.235628","train",43,1.4859166145324707,0.0009169879316222769,"","","","","",""
14260,"2026-08-03 21:15:00.412795","train",43,1.6595916748046875,0.0009162382206825618,"","","","","",""
14280,"2026-08-03 21:15:01.489305","train",43,2.1874091625213623,0.0009154854488560177,"","","","","",""
14300,"2026-08-03 21:15:02.563396","train",43,0.40153828263282776,0.0009147296216783218,"","","","","",""
14320,"2026-08-03 21:15:03.518367","train",43,1.355065107345581,0.0009139707447076194,"","","","","",""
14340,"2026-08-03 21:15:04.480156","train",43,0.6911651492118835,0.0009132088235244833,"","","","","",""
14360,"2026-08-03 21:15:05.405233","train",43,0.4572497308254242,0.0009124438637318727,"","","","","",""
14380,"2026-08-03 21:15:06.487697","train",43,0.9879552125930786,0.0009116758709550918,"","","","","",""
14400,"2026-08-03 21:15:07.509416","train",43,0.34018999338150024,0.0009109048508417484,"","","","","",""
14420,"2026-08-03 21:15:08.725230","train",43,1.4856352806091309,0.0009101308090617127,"","","","","",""
14440,"2026-08-03 21:15:10.092816","train",43,2.402538299560547,0.0009093537513070753,"","","","","",""
14460,"2026-08-03 21:15:11.542733","train",43,0.28828632831573486,0.0009085736832921053,"","","","","",""
14480,"2026-08-03 21:15:13.033928","train",43,1.0494728088378906,0.0009077906107532089,"","","","","",""
14500,"2026-08-03 21:15:14.480259","train",43,2.1965017318725586,0.0009070045394488863,"","","","","",""
14520,"2026-08-03 21:15:16.074269","train",43,0.32258811593055725,0.00090621547515969,"","","","","",""
14540,"2026-08-03 21:15:17.669895","train",43,0.6298975348472595,0.0009054234236881818,"","","","","",""
14560,"2026-08-03 21:15:19.353616","train",43,0.983649492263794,0.000904628390858891,"","","","","",""
14564,"2026-08-03 21:15:42.532472","val",43,"","",0.8177507651191861,0.29192679283432615,0.6936237623762376,0.7526205450733753,0.7889505316689782,0.8284823284823285
14580,"2026-08-03 21:15:58.009533","train",44,0.3475147485733032,0.0009038303825182704,"","","","","",""
14600,"2026-08-03 21:15:59.064051","train",44,0.10058171302080154,0.0009030294045346542,"","","","","",""
14620,"2026-08-03 21:16:00.117127","train",44,0.20712369680404663,0.0009022254627982146,"","","","","",""
14640,"2026-08-03 21:16:01.217539","train",44,0.27403321862220764,0.0009014185632209181,"","","","","",""
14660,"2026-08-03 21:16:02.241533","train",44,0.2185496687889099,0.0009006087117364825,"","","","","",""
14680,"2026-08-03 21:16:03.243338","train",44,0.7343991994857788,0.0008997959143003334,"","","","","",""
14700,"2026-08-03 21:16:04.231202","train",44,0.5462915897369385,0.0008989801768895595,"","","","","",""
14720,"2026-08-03 21:16:05.378692","train",44,0.2298332154750824,0.0008981615055028701,"","","","","",""
14740,"2026-08-03 21:16:06.541854","train",44,0.31593453884124756,0.0008973399061605493,"","","","","",""
14760,"2026-08-03 21:16:07.662483","train",44,0.3374112844467163,0.0008965153849044133,"","","","","",""
14780,"2026-08-03 21:16:09.034496","train",44,1.7401604652404785,0.0008956879477977646,"","","","","",""
14800,"2026-08-03 21:16:10.803939","train",44,0.8704438805580139,0.0008948576009253486,"","","","","",""
14820,"2026-08-03 21:16:12.348014","train",44,0.3897945284843445,0.000894024350393308,"","","","","",""
14840,"2026-08-03 21:16:13.763000","train",44,0.15027689933776855,0.0008931882023291385,"","","","","",""
14860,"2026-08-03 21:16:15.342700","train",44,0.19623485207557678,0.0008923491628816432,"","","","","",""
14880,"2026-08-03 21:16:17.147841","train",44,3.2635416984558105,0.0008915072382208876,"","","","","",""
14895,"2026-08-03 21:16:41.518888","val",44,"","",0.8333893702314755,0.3114861255827127,0.7287128712871287,0.7735849056603774,0.7889505316689782,0.8458339996801536
14900,"2026-08-03 21:16:56.338688","train",45,0.7402138710021973,0.0008906624345381544,"","","","","",""
14920,"2026-08-03 21:16:57.373561","train",45,1.906934380531311,0.0008898147580458979,"","","","","",""
14940,"2026-08-03 21:16:58.504592","train",45,0.21910928189754486,0.0008889642149776983,"","","","","",""
14960,"2026-08-03 21:16:59.631584","train",45,0.33306795358657837,0.0008881108115882154,"","","","","",""
14980,"2026-08-03 21:17:00.644928","train",45,0.2895839810371399,0.0008872545541531435,"","","","","",""
15000,"2026-08-03 21:17:01.649420","train",45,1.408831000328064,0.0008863954489691645,"","","","","",""
15020,"2026-08-03 21:17:02.585857","train",45,0.5791096687316895,0.0008855335023539018,"","","","","",""
15040,"2026-08-03 21:17:03.753585","train",45,0.34096452593803406,0.0008846687206458744,"","","","","",""
15060,"2026-08-03 21:17:04.969603","train",45,0.24310652911663055,0.000883801110204449,"","","","","",""
15080,"2026-08-03 21:17:06.267458","train",45,0.47981417179107666,0.0008829306774097949,"","","","","",""
15100,"2026-08-03 21:17:07.496927","train",45,0.6177070736885071,0.0008820574286628353,"","","","","",""
15120,"2026-08-03 21:17:08.693684","train",45,0.3887404203414917,0.000881181370385202,"","","","","",""
15140,"2026-08-03 21:17:10.384081","train",45,1.3570462465286255,0.0008803025090191867,"","","","","",""
15160,"2026-08-03 21:17:11.765428","train",45,1.5527980327606201,0.0008794208510276945,"","","","","",""
15180,"2026-08-03 21:17:13.305477","train",45,1.7398314476013184,0.0008785364028941962,"","","","","",""
15200,"2026-08-03 21:17:14.782940","train",45,1.9054343700408936,0.0008776491711226802,"","","","","",""
15220,"2026-08-03 21:17:16.397557","train",45,2.6985666751861572,0.0008767591622376055,"","","","","",""
15226,"2026-08-03 21:17:40.239680","val",45,"","",0.8255786887365836,0.2957327250462929,0.7100990099009901,0.740041928721174,0.7843273231622746,0.8400127938589477
15240,"2026-08-03 21:17:55.460070","train",46,0.497869610786438,0.0008758663827838528,"","","","","",""
15260,"2026-08-03 21:17:56.555050","train",46,0.3076927661895752,0.000874970839326677,"","","","","",""
15280,"2026-08-03 21:17:57.607195","train",46,0.4073430895805359,0.0008740725384516586,"","","","","",""
15300,"2026-08-03 21:17:58.612980","train",46,2.0172066688537598,0.0008731714867646554,"","","","","",""
15320,"2026-08-03 21:17:59.615563","train",46,0.7332451343536377,0.0008722676908917545,"","","","","",""
15340,"2026-08-03 21:18:00.689708","train",46,0.9042196869850159,0.0008713611574792219,"","","","","",""
15360,"2026-08-03 21:18:01.639000","train",46,0.09168161451816559,0.0008704518931934557,"","","","","",""
15380,"2026-08-03 21:18:02.835007","train",46,2.2410483360290527,0.0008695399047209353,"","","","","",""
15400,"2026-08-03 21:18:04.062724","train",46,0.4267667531967163,0.0008686251987681736,"","","","","",""
15420,"2026-08-03 21:18:05.210173","train",46,0.2818371057510376,0.0008677077820616671,"","","","","",""
15440,"2026-08-03 21:18:06.438067","train",46,0.9640961289405823,0.000866787661347846,"","","","","",""
15460,"2026-08-03 21:18:07.924885","train",46,0.6262795925140381,0.0008658648433930254,"","","","","",""
15480,"2026-08-03 21:18:09.501508","train",46,2.364476203918457,0.000864939334983355,"","","","","",""
15500,"2026-08-03 21:18:11.304634","train",46,0.6262094378471375,0.0008640111429247693,"","","","","",""
15520,"2026-08-03 21:18:12.947164","train",46,3.484700918197632,0.000863080274042938,"","","","","",""
15540,"2026-08-03 21:18:14.480062","train",46,0.29021400213241577,0.0008621467351832148,"","","","","",""
15557,"2026-08-03 21:18:38.878765","val",46,"","",0.8219837061942324,0.3290174890729392,0.7091485148514851,0.729559748427673,0.796347665279704,0.8335518950903567
15560,"2026-08-03 21:18:53.650736","train",47,2.803450107574463,0.0008612105332105884,"","","","","",""
15580,"2026-08-03 21:18:54.610445","train",47,0.5372493863105774,0.0008602716750096306,"","","","","",""
15600,"2026-08-03 21:18:55.651235","train",47,2.153287649154663,0.000859330167484447,"","","","","",""
15620,"2026-08-03 21:18:56.578978","train",47,0.4315255880355835,0.0008583860175586252,"","","","","",""
15640,"2026-08-03 21:18:57.421513","train",47,2.7068138122558594,0.0008574392321751844,"","","","","",""
15660,"2026-08-03 21:18:58.534623","train",47,0.12288817018270493,0.0008564898182965242,"","","","","",""
15680,"2026-08-03 21:18:59.498925","train",47,0.395276814699173,0.0008555377829043735,"","","","","",""
15700,"2026-08-03 21:19:00.471931","train",47,0.32826367020606995,0.0008545831329997391,"","","","","",""
15720,"2026-08-03 21:19:01.326044","train",47,2.191603183746338,0.0008536258756028539,"","","","","",""
15740,"2026-08-03 21:19:02.426028","train",47,2.2427170276641846,0.0008526660177531263,"","","","","",""
15760,"2026-08-03 21:19:03.542748","train",47,2.4737911224365234,0.0008517035665090868,"","","","","",""
15780,"2026-08-03 21:19:04.657714","train",47,0.17952466011047363,0.0008507385289483379,"","","","","",""
15800,"2026-08-03 21:19:05.721211","train",47,3.852593421936035,0.0008497709121675004,"","","","","",""
15820,"2026-08-03 21:19:06.862460","train",47,0.09406891465187073,0.0008488007232821625,"","","","","",""
15840,"2026-08-03 21:19:08.002995","train",47,1.8597770929336548,0.0008478279694268266,"","","","","",""
15860,"2026-08-03 21:19:09.299584","train",47,0.9107807874679565,0.0008468526577548574,"","","","","",""
15880,"2026-08-03 21:19:10.511694","train",47,0.20999208092689514,0.0008458747954384291,"","","","","",""
15888,"2026-08-03 21:19:29.750333","val",47,"","",0.831647915858442,0.2944127758409803,0.7259405940594059,0.6729559748427673,0.7928802588996764,0.8546777546777548
15900,"2026-08-03 21:19:42.395801","train",48,0.3520266115665436,0.0008448943896684724,"","","","","",""
15920,"2026-08-03 21:19:43.399926","train",48,0.4399445950984955,0.0008439114476546222,"","","","","",""
15940,"2026-08-03 21:19:44.250117","train",48,0.5277549028396606,0.0008429259766251639,"","","","","",""
15960,"2026-08-03 21:19:45.223132","train",48,0.08842315524816513,0.000841937983826981,"","","","","",""
15980,"2026-08-03 21:19:46.118822","train",48,2.7455737590789795,0.0008409474765255008,"","","","","",""
16000,"2026-08-03 21:19:47.043025","train",48,0.9752301573753357,0.0008399544620046423,"","","","","",""
16020,"2026-08-03 21:19:47.923502","train",48,1.387003779411316,0.0008389589475667611,"","","","","",""
16040,"2026-08-03 21:19:48.931083","train",48,4.766604423522949,0.0008379609405325971,"","","","","",""
16060,"2026-08-03 21:19:49.989446","train",48,1.2535778284072876,0.00083696044824122,"","","","","",""
16080,"2026-08-03 21:19:51.084610","train",48,4.285519123077393,0.0008359574780499751,"","","","","",""
16100,"2026-08-03 21:19:52.201563","train",48,0.420654296875,0.0008349520373344297,"","","","","",""
16120,"2026-08-03 21:19:53.303651","train",48,0.24057944118976593,0.0008339441334883187,"","","","","",""
16140,"2026-08-03 21:19:54.465447","train",48,4.31204080581665,0.0008329337739234903,"","","","","",""
16160,"2026-08-03 21:19:55.587625","train",48,1.5100383758544922,0.0008319209660698507,"","","","","",""
16180,"2026-08-03 21:19:56.738337","train",48,0.6310290098190308,0.0008309057173753112,"","","","","",""
16200,"2026-08-03 21:19:57.852539","train",48,0.4395526647567749,0.0008298880353057314,"","","","","",""
16219,"2026-08-03 21:20:18.288115","val",48,"","",0.8217250743566532,0.3342660919844608,0.7099405940594059,0.7169811320754718,0.7757743874248728,0.8437709899248361
16220,"2026-08-03 21:20:30.601596","train",49,0.7256971597671509,0.0008288679273448659,"","","","","",""
16240,"2026-08-03 21:20:31.435640","train",49,1.8092538118362427,0.0008278454009943083,"","","","","",""
16260,"2026-08-03 21:20:32.290233","train",49,1.262492299079895,0.0008268204637734367,"","","","","",""
16280,"2026-08-03 21:20:33.170351","train",49,3.842379331588745,0.0008257931232193575,"","","","","",""
16300,"2026-08-03 21:20:34.043720","train",49,0.5824306607246399,0.0008247633868868513,"","","","","",""
16320,"2026-08-03 21:20:34.968160","train",49,0.3338809013366699,0.0008237312623483162,"","","","","",""
16340,"2026-08-03 21:20:35.938105","train",49,0.09118494391441345,0.0008226967571937124,"","","","","",""
16360,"2026-08-03 21:20:36.792024","train",49,1.8289806842803955,0.0008216598790305066,"","","","","",""
16380,"2026-08-03 21:20:37.672551","train",49,1.1447497606277466,0.0008206206354836161,"","","","","",""
16400,"2026-08-03 21:20:38.648614","train",49,0.2865307927131653,0.0008195790341953524,"","","","","",""
16420,"2026-08-03 21:20:39.760903","train",49,1.3232314586639404,0.0008185350828253654,"","","","","",""
16440,"2026-08-03 21:20:40.940541","train",49,1.320562720298767,0.0008174887890505864,"","","","","",""
16460,"2026-08-03 21:20:42.110263","train",49,0.3012363612651825,0.0008164401605651729,"","","","","",""
16480,"2026-08-03 21:20:43.242834","train",49,0.8567692041397095,0.0008153892050804501,"","","","","",""
16500,"2026-08-03 21:20:44.390855","train",49,0.9895803928375244,0.0008143359303248564,"","","","","",""
16520,"2026-08-03 21:20:45.482946","train",49,0.19510197639465332,0.000813280344043885,"","","","","",""
16540,"2026-08-03 21:20:46.663892","train",49,1.7803153991699219,0.0008122224540000272,"","","","","",""
16550,"2026-08-03 21:21:06.204504","val",49,"","",0.821733695417906,0.28359330322693,0.7134257425742574,0.7044025157232705,0.8032824780397596,0.8365584519430672
16560,"2026-08-03 21:21:19.381106","train",50,0.4448276162147522,0.000811162267972716,"","","","","",""
16580,"2026-08-03 21:21:20.382358","train",50,0.5707780718803406,0.0008100997937582681,"","","","","",""
16600,"2026-08-03 21:21:21.385760","train",50,0.6349277496337891,0.000809035039169827,"","","","","",""
16620,"2026-08-03 21:21:22.278230","train",50,0.28318819403648376,0.0008079680120373057,"","","","","",""
16640,"2026-08-03 21:21:23.178582","train",50,0.2534387707710266,0.0008068987202073284,"","","","","",""
16660,"2026-08-03 21:21:24.067006","train",50,0.5156033635139465,0.0008058271715431735,"","","","","",""
16680,"2026-08-03 21:21:24.957031","train",50,2.3449976444244385,0.0008047533739247155,"","","","","",""
16700,"2026-08-03 21:21:25.948204","train",50,0.8521192073822021,0.0008036773352483672,"","","","","",""
16720,"2026-08-03 21:21:27.056156","train",50,0.14639268815517426,0.0008025990634270216,"","","","","",""
16740,"2026-08-03 21:21:28.174065","train",50,1.3864634037017822,0.000801518566389993,"","","","","",""
16760,"2026-08-03 21:21:29.268653","train",50,0.28845202922821045,0.0008004358520829603,"","","","","",""
16780,"2026-08-03 21:21:30.315219","train",50,0.5069352388381958,0.000799350928467907,"","","","","",""
16800,"2026-08-03 21:21:31.423048","train",50,0.6228815317153931,0.0007982638035230631,"","","","","",""
16820,"2026-08-03 21:21:32.452886","train",50,0.10419973731040955,0.0007971744852428471,"","","","","",""
16840,"2026-08-03 21:21:33.552798","train",50,1.7310611009597778,0.0007960829816378061,"","","","","",""
16860,"2026-08-03 21:21:34.670962","train",50,0.1355697065591812,0.0007949893007345582,"","","","","",""
16880,"2026-08-03 21:21:35.742571","train",50,2.4994616508483887,0.0007938934505757319,"","","","","",""
16881,"2026-08-03 21:21:54.487205","val",50,"","",0.819121513858356,0.2966720319300445,0.7052673267326732,0.7169811320754718,0.7868700878409616,0.8358228050535743
16900,"2026-08-03 21:22:07.947056","train",51,1.010941505432129,0.0007927954392199085,"","","","","",""
16920,"2026-08-03 21:22:08.887374","train",51,0.6982353925704956,0.0007916952747415618,"","","","","",""
16940,"2026-08-03 21:22:09.859676","train",51,0.2909657955169678,0.0007905929652309992,"","","","","",""
16960,"2026-08-03 21:22:10.788394","train",51,0.1092158704996109,0.000789488518794302,"","","","","",""
16980,"2026-08-03 21:22:11.854145","train",51,1.1003361940383911,0.000788381943553266,"","","","","",""
17000,"2026-08-03 21:22:12.821972","train",51,0.6209918260574341,0.0007872732476453414,"","","","","",""
17020,"2026-08-03 21:22:13.715301","train",51,2.516162633895874,0.0007861624392235736,"","","","","",""
17040,"2026-08-03 21:22:14.801604","train",51,0.5782213807106018,0.0007850495264565424,"","","","","",""
17060,"2026-08-03 21:22:15.875013","train",51,1.1993213891983032,0.0007839345175283027,"","","","","",""
17080,"2026-08-03 21:22:17.028649","train",51,2.200138807296753,0.0007828174206383235,"","","","","",""
17100,"2026-08-03 21:22:18.102786","train",51,0.41758236289024353,0.000781698244001429,"","","","","",""
17120,"2026-08-03 21:22:19.229859","train",51,0.391480416059494,0.0007805769958477366,"","","","","",""
17140,"2026-08-03 21:22:20.275899","train",51,0.1524638533592224,0.0007794536844225971,"","","","","",""
17160,"2026-08-03 21:22:21.410881","train",51,0.28895094990730286,0.000778328317986534,"","","","","",""
17180,"2026-08-03 21:22:22.460943","train",51,1.339933156967163,0.0007772009048151833,"","","","","",""
17200,"2026-08-03 21:22:23.571133","train",51,0.3009495139122009,0.0007760714531992314,"","","","","",""
17212,"2026-08-03 21:22:43.154263","val",51,"","",0.8172335014440277,0.304770458258121,0.6984554455445544,0.7148846960167714,0.7669902912621359,0.8367183751799138
17220,"2026-08-03 21:22:55.851818","train",52,1.738572597503662,0.0007749399714443556,"","","","","",""
17240,"2026-08-03 21:22:56.807587","train",52,1.4423164129257202,0.000773806467871162,"","","","","",""
17260,"2026-08-03 21:22:57.732574","train",52,0.8181452751159668,0.000772670950815124,"","","","","",""
17280,"2026-08-03 21:22:58.709338","train",52,0.9483731389045715,0.0007715334286265223,"","","","","",""
17300,"2026-08-03 21:22:59.596162","train",52,0.21366344392299652,0.0007703939096703829,"","","","","",""
17320,"2026-08-03 21:23:00.656634","train",52,0.0719684436917305,0.0007692524023264148,"","","","","",""
17340,"2026-08-03 21:23:01.530701","train",52,1.0954828262329102,0.0007681089149889496,"","","","","",""
17360,"2026-08-03 21:23:02.549127","train",52,1.7075228691101074,0.0007669634560668791,"","","","","",""
17380,"2026-08-03 21:23:03.633760","train",52,0.23394379019737244,0.0007658160339835935,"","","","","",""
17400,"2026-08-03 21:23:04.737820","train",52,3.2274961471557617,0.0007646666571769198,"","","","","",""
17420,"2026-08-03 21:23:05.792811","train",52,0.3606818914413452,0.0007635153340990588,"","","","","",""
17440,"2026-08-03 21:23:06.897741","train",52,0.2948305904865265,0.0007623620732165247,"","","","","",""
17460,"2026-08-03 21:23:07.975344","train",52,0.20270423591136932,0.000761206883010081,"","","","","",""
17480,"2026-08-03 21:23:09.152866","train",52,0.9082216620445251,0.0007600497719746793,"","","","","",""
17500,"2026-08-03 21:23:10.355284","train",52,0.3196077346801758,0.0007588907486193961,"","","","","",""
17520,"2026-08-03 21:23:11.408432","train",52,0.351814329624176,0.000757729821467371,"","","","","",""
17540,"2026-08-03 21:23:12.474435","train",52,3.6722412109375,0.000756566999055743,"","","","","",""
17543,"2026-08-03 21:23:31.053319","val",52,"","",0.8317082632872106,0.3067919806969048,0.7207920792079208,0.7148846960167714,0.7935737401756818,0.8513833359987206
17560,"2026-08-03 21:23:44.084996","train",53,0.4075213074684143,0.0007554022899355891,"","","","","",""
17580,"2026-08-03 21:23:45.057417","train",53,0.3943985104560852,0.0007542357026718601,"","","","","",""
17600,"2026-08-03 21:23:45.913875","train",53,0.2454206943511963,0.0007530672458433182,"","","","","",""
17620,"2026-08-03 21:23:46.998820","train",53,1.4866570234298706,0.0007518969280424741,"","","","","",""
17640,"2026-08-03 21:23:47.963589","train",53,0.20012541115283966,0.0007507247578755232,"","","","","",""
17660,"2026-08-03 21:23:48.875968","train",53,0.4890757203102112,0.0007495507439622829,"","","","","",""
17680,"2026-08-03 21:23:49.864039","train",53,0.7664422392845154,0.0007483748949361294,"","","","","",""
17700,"2026-08-03 21:23:50.920457","train",53,0.6595710515975952,0.0007471972194439332,"","","","","",""
17720,"2026-08-03 21:23:52.011309","train",53,0.2642229199409485,0.0007460177261459963,"","","","","",""
17740,"2026-08-03 21:23:53.103419","train",53,0.16990578174591064,0.0007448364237159886,"","","","","",""
17760,"2026-08-03 21:23:54.253913","train",53,0.42461469769477844,0.0007436533208408836,"","","","","",""
17780,"2026-08-03 21:23:55.231253","train",53,0.8018664121627808,0.0007424684262208947,"","","","","",""
17800,"2026-08-03 21:23:56.261773","train",53,8.56368637084961,0.0007412817485694115,"","","","","",""
17820,"2026-08-03 21:23:57.370835","train",53,0.35946744680404663,0.0007400932966129356,"","","","","",""
17840,"2026-08-03 21:23:58.404104","train",53,0.6750925779342651,0.0007389030790910161,"","","","","",""
17860,"2026-08-03 21:23:59.483079","train",53,0.4342150092124939,0.0007377111047561859,"","","","","",""
17874,"2026-08-03 21:24:19.275264","val",53,"","",0.8307513254881674,0.27502784294884053,0.7264158415841584,0.6960167714884696,0.7857142857142857,0.8527266911882296
17880,"2026-08-03 21:24:31.916207","train",54,0.9611783027648926,0.0007365173823738969,"","","","","",""
17900,"2026-08-03 21:24:32.947212","train",54,0.19096995890140533,0.000735321920722455,"","","","","",""
17920,"2026-08-03 21:24:33.823519","train",54,1.9866886138916016,0.0007341247285929574,"","","","","",""
17940,"2026-08-03 21:24:34.712027","train",54,3.41640567779541,0.0007329258147892259,"","","","","",""
17960,"2026-08-03 21:24:35.611920","train",54,0.6246623992919922,0.0007317251881277433,"","","","","",""
17980,"2026-08-03 21:24:36.585618","train",54,1.3866181373596191,0.0007305228574375883,"","","","","",""
18000,"2026-08-03 21:24:37.422465","train",54,0.13929304480552673,0.0007293188315603708,"","","","","",""
18020,"2026-08-03 21:24:38.316200","train",54,2.2115538120269775,0.0007281131193501657,"","","","","",""
18040,"2026-08-03 21:24:39.418563","train",54,0.36681628227233887,0.0007269057296734499,"","","","","",""
18060,"2026-08-03 21:24:40.594139","train",54,0.21456924080848694,0.0007256966714090354,"","","","","",""
18080,"2026-08-03 21:24:41.700113","train",54,0.29229894280433655,0.0007244859534480044,"","","","","",""
18100,"2026-08-03 21:24:42.859800","train",54,0.509074330329895,0.0007232735846936441,"","","","","",""
18120,"2026-08-03 21:24:44.058559","train",54,0.16523204743862152,0.0007220595740613816,"","","","","",""
18140,"2026-08-03 21:24:45.185780","train",54,0.5214861631393433,0.0007208439304787174,"","","","","",""
18160,"2026-08-03 21:24:46.263608","train",54,1.6271905899047852,0.0007196266628851604,"","","","","",""
18180,"2026-08-03 21:24:47.407314","train",54,2.1069564819335938,0.0007184077802321625,"","","","","",""
18200,"2026-08-03 21:24:48.486297","train",54,0.7511100769042969,0.0007171872914830514,"","","","","",""
18205,"2026-08-03 21:25:07.466354","val",54,"","",0.8278977542135436,0.30810632757351375,0.7123960396039604,0.7295597484276729,0.7850208044382802,0.8472573164880857
18220,"2026-08-03 21:25:20.905235","train",55,0.5887608528137207,0.0007159652056129665,"","","","","",""
18240,"2026-08-03 21:25:21.982887","train",55,0.6421858072280884,0.0007147415316087914,"","","","","",""
18260,"2026-08-03 21:25:22.813063","train",55,0.5784687995910645,0.0007135162784690886,"","","","","",""
18280,"2026-08-03 21:25:23.935908","train",55,0.30956965684890747,0.0007122894552040331,"","","","","",""
18300,"2026-08-03 21:25:24.740724","train",55,1.3929988145828247,0.0007110610708353462,"","","","","",""
18320,"2026-08-03 21:25:25.757450","train",55,0.3417227268218994,0.0007098311343962291,"","","","","",""
18340,"2026-08-03 21:25:26.757433","train",55,0.4677685797214508,0.0007085996549312967,"","","","","",""
18360,"2026-08-03 21:25:27.848997","train",55,0.9858940839767456,0.0007073666414965105,"","","","","",""
18380,"2026-08-03 21:25:28.992199","train",55,1.0583868026733398,0.0007061321031591127,"","","","","",""
18400,"2026-08-03 21:25:30.058476","train",55,0.3543524742126465,0.000704896048997559,"","","","","",""
18420,"2026-08-03 21:25:31.153120","train",55,0.1715240776538849,0.0007036584881014524,"","","","","",""
18440,"2026-08-03 21:25:32.294880","train",55,0.3989599943161011,0.0007024194295714754,"","","","","",""
18460,"2026-08-03 21:25:33.381376","train",55,1.5249218940734863,0.0007011788825193243,"","","","","",""
18480,"2026-08-03 21:25:34.456804","train",55,0.3597656786441803,0.0006999368560676415,"","","","","",""
18500,"2026-08-03 21:25:35.479754","train",55,1.2515134811401367,0.0006986933593499481,"","","","","",""
18520,"2026-08-03 21:25:36.674970","train",55,0.7502973079681396,0.0006974484015105775,"","","","","",""
18536,"2026-08-03 21:25:56.662233","val",55,"","",0.8336221388852968,0.3478545590342205,0.7194455445544554,0.7421383647798742,0.7679149329634767,0.8602750679673756
18540,"2026-08-03 21:26:09.269248","train",56,1.593316674232483,0.0006962019917046078,"","","","","",""
18560,"2026-08-03 21:26:10.241575","train",56,0.35623642802238464,0.000694954139097794,"","","","","",""
18580,"2026-08-03 21:26:11.128226","train",56,0.5935301184654236,0.0006937048528665014,"","","","","",""
18600,"2026-08-03 21:26:12.053287","train",56,2.7223305702209473,0.000692454142197638,"","","","","",""
18620,"2026-08-03 21:26:12.986737","train",56,0.12197298556566238,0.0006912020162885866,"","","","","",""
18640,"2026-08-03 21:26:13.892012","train",56,0.4513181149959564,0.000689948484347137,"","","","","",""
18660,"2026-08-03 21:26:14.882524","train",56,1.0210254192352295,0.0006886935555914187,"","","","","",""
18680,"2026-08-03 21:26:15.984300","train",56,0.26695314049720764,0.0006874372392498331,"","","","","",""
18700,"2026-08-03 21:26:17.048914","train",56,1.3875081539154053,0.0006861795445609854,"","","","","",""
18720,"2026-08-03 21:26:18.112746","train",56,0.9089364409446716,0.0006849204807736169,"","","","","",""
18740,"2026-08-03 21:26:19.197647","train",56,2.3542277812957764,0.0006836600571465371,"","","","","",""
18760,"2026-08-03 21:26:20.262546","train",56,1.3670549392700195,0.0006823982829485546,"","","","","",""
18780,"2026-08-03 21:26:21.339570","train",56,0.1317402422428131,0.000681135167458411,"","","","","",""
18800,"2026-08-03 21:26:22.463955","train",56,1.408910870552063,0.00067987071996471,"","","","","",""
18820,"2026-08-03 21:26:23.670493","train",56,0.3232908546924591,0.0006786049497658512,"","","","","",""
18840,"2026-08-03 21:26:24.768132","train",56,0.6024333834648132,0.0006773378661699611,"","","","","",""
18860,"2026-08-03 21:26:25.879848","train",56,1.5552196502685547,0.0006760694784948246,"","","","","",""
18867,"2026-08-03 21:26:44.656049","val",56,"","",0.838648217595586,0.3284450546236215,0.731009900990099,0.7190775681341719,0.7991215903837263,0.8596833519910443
18880,"2026-08-03 21:26:57.996106","train",57,0.4121260643005371,0.0006747997960678155,"","","","","",""
18900,"2026-08-03 21:26:58.930169","train",57,1.0129897594451904,0.0006735288282258306,"","","","","",""
18920,"2026-08-03 21:26:59.942833","train",57,1.0591763257980347,0.0006722565843152177,"","","","","",""
18940,"2026-08-03 21:27:00.815009","train",57,1.0088974237442017,0.000670983073691709,"","","","","",""
18960,"2026-08-03 21:27:01.812911","train",57,1.5458616018295288,0.0006697083057203521,"","","","","",""
18980,"2026-08-03 21:27:02.706982","train",57,0.3164294958114624,0.0006684322897754402,"","","","","",""
19000,"2026-08-03 21:27:03.758584","train",57,1.6681594848632812,0.0006671550352404442,"","","","","",""
19020,"2026-08-03 21:27:04.859273","train",57,0.6656295657157898,0.0006658765515079432,"","","","","",""
19040,"2026-08-03 21:27:05.999314","train",57,0.7831650972366333,0.0006645968479795551,"","","","","",""
19060,"2026-08-03 21:27:07.052866","train",57,0.44990748167037964,0.0006633159340658682,"","","","","",""
19080,"2026-08-03 21:27:08.210739","train",57,1.6117116212844849,0.0006620338191863716,"","","","","",""
19100,"2026-08-03 21:27:09.239211","train",57,0.9819166660308838,0.0006607505127693862,"","","","","",""
19120,"2026-08-03 21:27:10.386484","train",57,0.8709035515785217,0.0006594660242519943,"","","","","",""
19140,"2026-08-03 21:27:11.562050","train",57,2.496133804321289,0.0006581803630799722,"","","","","",""
19160,"2026-08-03 21:27:12.622709","train",57,2.703261375427246,0.0006568935387077187,"","","","","",""
19180,"2026-08-03 21:27:13.677245","train",57,0.2576797604560852,0.0006556055605981868,"","","","","",""
19198,"2026-08-03 21:27:33.463268","val",57,"","",0.8206560627613259,0.32852671083888096,0.6967920792079207,0.6939203354297694,0.806287563569117,0.8362386054693748
19200,"2026-08-03 21:27:45.870663","train",58,0.18505914509296417,0.0006543164382228136,"","","","","",""
19220,"2026-08-03 21:27:46.801121","train",58,0.6103628277778625,0.0006530261810614511,"","","","","",""
19240,"2026-08-03 21:27:47.782869","train",58,0.16419044137001038,0.0006517347986022959,"","","","","",""
19260,"2026-08-03 21:27:48.783993","train",58,2.6200289726257324,0.00065044230034182,"","","","","",""
19280,"2026-08-03 21:27:49.748581","train",58,0.3870224356651306,0.0006491486957847006,"","","","","",""
19300,"2026-08-03 21:27:50.690079","train",58,0.7088108062744141,0.0006478539944437501,"","","","","",""
19320,"2026-08-03 21:27:51.796015","train",58,0.3479117751121521,0.0006465582058398466,"","","","","",""
19340,"2026-08-03 21:27:53.057082","train",58,0.4181077480316162,0.0006452613395018634,"","","","","",""
19360,"2026-08-03 21:27:54.185209","train",58,0.9661349654197693,0.0006439634049665996,"","","","","",""
19380,"2026-08-03 21:27:55.325760","train",58,2.9301111698150635,0.000642664411778709,"","","","","",""
19400,"2026-08-03 21:27:56.341835","train",58,2.0965523719787598,0.0006413643694906308,"","","","","",""
19420,"2026-08-03 21:27:57.436531","train",58,0.3925659954547882,0.0006400632876625189,"","","","","",""
19440,"2026-08-03 21:27:58.636926","train",58,0.14998489618301392,0.0006387611758621715,"","","","","",""
19460,"2026-08-03 21:27:59.778853","train",58,1.5170583724975586,0.0006374580436649613,"","","","","",""
19480,"2026-08-03 21:28:00.935085","train",58,1.048037052154541,0.0006361539006537643,"","","","","",""
19500,"2026-08-03 21:28:02.076452","train",58,0.6375259757041931,0.00063484875641889,"","","","","",""
19520,"2026-08-03 21:28:03.176283","train",58,1.2208137512207031,0.0006335426205580109,"","","","","",""
19529,"2026-08-03 21:28:22.547069","val",58,"","",0.8174317858528385,0.305526619567649,0.6974257425742574,0.7044025157232704,0.7958853444290337,0.834879257956181
19540,"2026-08-03 21:28:35.373059","train",59,0.1377052515745163,0.0006322355026760909,"","","","","",""
19560,"2026-08-03 21:28:36.361386","train",59,0.6412895917892456,0.0006309274123853161,"","","","","",""
19580,"2026-08-03 21:28:37.391541","train",59,0.3715422749519348,0.0006296183593050231,"","","","","",""
19600,"2026-08-03 21:28:38.426173","train",59,1.7500503063201904,0.0006283083530616288,"","","","","",""
19620,"2026-08-03 21:28:39.488526","train",59,1.561469554901123,0.0006269974032885589,"","","","","",""
19640,"2026-08-03 21:28:40.477207","train",59,0.14714640378952026,0.0006256855196261782,"","","","","",""
19660,"2026-08-03 21:28:41.395348","train",59,0.4518703520298004,0.0006243727117217189,"","","","","",""
19680,"2026-08-03 21:28:42.536239","train",59,1.0557122230529785,0.0006230589892292095,"","","","","",""
19700,"2026-08-03 21:28:43.580717","train",59,2.538768768310547,0.0006217443618094044,"","","","","",""
19720,"2026-08-03 21:28:44.738018","train",59,0.361150324344635,0.0006204288391297125,"","","","","",""
19740,"2026-08-03 21:28:45.819784","train",59,0.32273268699645996,0.000619112430864126,"","","","","",""
19760,"2026-08-03 21:28:46.989612","train",59,0.6870831251144409,0.0006177951466931501,"","","","","",""
19780,"2026-08-03 21:28:48.189451","train",59,3.011948585510254,0.0006164769963037306,"","","","","",""
19800,"2026-08-03 21:28:49.328414","train",59,1.8335134983062744,0.0006151579893891833,"","","","","",""
19820,"2026-08-03 21:28:50.472756","train",59,1.433735728263855,0.0006138381356491228,"","","","","",""
19840,"2026-08-03 21:28:51.593362","train",59,1.235473394393921,0.0006125174447893908,"","","","","",""
19860,"2026-08-03 21:28:52.624860","train",59,0.10648798942565918,0.000611195926521985,"","","","","",""
19860,"2026-08-03 21:29:11.628480","val",59,"","",0.8295271347902927,0.2963943224580198,0.7164356435643564,0.7064989517819706,0.7956541840036986,0.8508715816408124
19880,"2026-08-03 21:29:25.383145","train",60,1.3583356142044067,0.0006098735905649882,"","","","","",""
19900,"2026-08-03 21:29:26.363374","train",60,2.4148597717285156,0.0006085504466424955,"","","","","",""
19920,"2026-08-03 21:29:27.229874","train",60,0.6717822551727295,0.0006072265044845438,"","","","","",""
19940,"2026-08-03 21:29:28.145868","train",60,0.15410980582237244,0.00060590177382704,"","","","","",""
19960,"2026-08-03 21:29:29.003831","train",60,0.9048406481742859,0.0006045762644116898,"","","","","",""
19980,"2026-08-03 21:29:30.014957","train",60,2.5757811069488525,0.0006032499859859249,"","","","","",""
20000,"2026-08-03 21:29:31.008693","train",60,0.20540820062160492,0.0006019229483028328,"","","","","",""
20020,"2026-08-03 21:29:32.133407","train",60,0.466014564037323,0.0006005951611210839,"","","","","",""
20040,"2026-08-03 21:29:33.245852","train",60,0.29858076572418213,0.0005992666342048605,"","","","","",""
20060,"2026-08-03 21:29:34.288704","train",60,1.5842461585998535,0.0005979373773237848,"","","","","",""
20080,"2026-08-03 21:29:35.390598","train",60,0.6005463600158691,0.0005966074002528465,"","","","","",""
20100,"2026-08-03 21:29:36.487237","train",60,0.6405513286590576,0.0005952767127723314,"","","","","",""
20120,"2026-08-03 21:29:37.643561","train",60,0.1498987078666687,0.0005939453246677505,"","","","","",""
20140,"2026-08-03 21:29:38.813798","train",60,0.6233205199241638,0.0005926132457297655,"","","","","",""
20160,"2026-08-03 21:29:39.992564","train",60,0.20813371241092682,0.000591280485754119,"","","","","",""
20180,"2026-08-03 21:29:41.095764","train",60,0.9240602850914001,0.0005899470545415623,"","","","","",""
20191,"2026-08-03 21:30:01.263381","val",60,"","",0.8258804258804258,0.29329839060868107,0.7154851485148515,0.6960167714884696,0.7850208044382802,0.8505677274908043
20200,"2026-08-03 21:30:14.569705","train",61,1.5433897972106934,0.0005886129618977818,"","","","","",""
20220,"2026-08-03 21:30:15.543197","train",61,0.39231839776039124,0.0005872782176333283,"","","","","",""
20240,"2026-08-03 21:30:16.636287","train",61,0.495317280292511,0.0005859428315635448,"","","","","",""
20260,"2026-08-03 21:30:17.572822","train",61,1.868598461151123,0.0005846068135084933,"","","","","",""
20280,"2026-08-03 21:30:18.553939","train",61,1.5142390727996826,0.0005832701732928838,"","","","","",""
20300,"2026-08-03 21:30:19.447587","train",61,6.6163716316223145,0.0005819329207460013,"","","","","",""
20320,"2026-08-03 21:30:20.437059","train",61,1.0446308851242065,0.0005805950657016336,"","","","","",""
20340,"2026-08-03 21:30:21.422885","train",61,0.342773973941803,0.0005792566179979991,"","","","","",""
20360,"2026-08-03 21:30:22.547472","train",61,0.3035151958465576,0.0005779175874776747,"","","","","",""
20380,"2026-08-03 21:30:23.651003","train",61,0.25966817140579224,0.0005765779839875231,"","","","","",""
20400,"2026-08-03 21:30:24.728870","train",61,1.0388683080673218,0.0005752378173786199,"","","","","",""
20420,"2026-08-03 21:30:25.822874","train",61,0.330610454082489,0.0005738970975061829,"","","","","",""
20440,"2026-08-03 21:30:26.941065","train",61,1.565669298171997,0.0005725558342294974,"","","","","",""
20460,"2026-08-03 21:30:28.115352","train",61,3.0870251655578613,0.0005712140374118449,"","","","","",""
20480,"2026-08-03 21:30:29.193228","train",61,0.34688255190849304,0.000569871716920431,"","","","","",""
20500,"2026-08-03 21:30:30.295229","train",61,0.6640899181365967,0.0005685288826263117,"","","","","",""
20520,"2026-08-03 21:30:31.416628","train",61,1.0144188404083252,0.0005671855444043214,"","","","","",""
20522,"2026-08-03 21:30:50.620800","val",61,"","",0.8415362731152204,0.32969637366223603,0.7481980198019802,0.7295597484276729,0.8025889967637541,0.8605789221173837
20540,"2026-08-03 21:31:03.959364","train",62,0.6900949478149414,0.0005658417121330007,"","","","","",""
20560,"2026-08-03 21:31:04.869600","train",62,0.7669968605041504,0.0005644973956945227,"","","","","",""
20580,"2026-08-03 21:31:05.771130","train",62,0.3286215662956238,0.0005631526049746211,"","","","","",""
20600,"2026-08-03 21:31:06.668494","train",62,0.5045017600059509,0.0005618073498625179,"","","","","",""
20620,"2026-08-03 21:31:07.729985","train",62,0.3892762362957001,0.0005604616402508492,"","","","","",""
20640,"2026-08-03 21:31:08.811349","train",62,0.15418773889541626,0.000559115486035594,"","","","","",""
20660,"2026-08-03 21:31:09.788178","train",62,0.0798192247748375,0.0005577688971160009,"","","","","",""
20680,"2026-08-03 21:31:10.847832","train",62,4.760279655456543,0.0005564218833945145,"","","","","",""
20700,"2026-08-03 21:31:11.938647","train",62,2.2531285285949707,0.0005550744547767038,"","","","","",""
20720,"2026-08-03 21:31:13.038563","train",62,3.0230250358581543,0.000553726621171189,"","","","","",""
20740,"2026-08-03 21:31:14.172604","train",62,0.3293231129646301,0.0005523783924895677,"","","","","",""
20760,"2026-08-03 21:31:15.248124","train",62,0.359332799911499,0.0005510297786463438,"","","","","",""
20780,"2026-08-03 21:31:16.390036","train",62,0.4968996047973633,0.0005496807895588525,"","","","","",""
20800,"2026-08-03 21:31:17.566690","train",62,1.1465582847595215,0.0005483314351471894,"","","","","",""
20820,"2026-08-03 21:31:18.634714","train",62,0.9353750944137573,0.0005469817253341362,"","","","","",""
20840,"2026-08-03 21:31:19.774638","train",62,0.20701192319393158,0.0005456316700450879,"","","","","",""
20853,"2026-08-03 21:31:39.135833","val",62,"","",0.8380102590628906,0.30561301875696634,0.7351287128712871,0.750524109014675,0.7910309754969949,0.8579561810331041
