"step","time","part","epoch","loss","lr","auroc","auprc","auroc_age_cond","auroc_I0002","auroc_I0006","auroc_S0001"
20,"2026-08-03 21:28:42.759397","train",0,0.7314245700836182,4.0009669118256925e-05,"","","","","",""
40,"2026-08-03 21:28:43.863705","train",0,1.1877415180206299,4.003867608347821e-05,"","","","","",""
60,"2026-08-03 21:28:44.931776","train",0,1.1850687265396118,4.008701972703149e-05,"","","","","",""
80,"2026-08-03 21:28:45.990023","train",0,0.717481791973114,4.01546981012485e-05,"","","","","",""
100,"2026-08-03 21:28:47.098573","train",0,1.1798287630081177,4.024170847950336e-05,"","","","","",""
120,"2026-08-03 21:28:48.181710","train",0,1.18013596534729,4.034804735632237e-05,"","","","","",""
140,"2026-08-03 21:28:49.387695","train",0,1.6384246349334717,4.047371044752597e-05,"","","","","",""
160,"2026-08-03 21:28:50.553255","train",0,1.6508840322494507,4.0618692690400234e-05,"","","","","",""
180,"2026-08-03 21:28:51.678536","train",0,1.1783854961395264,4.078298824390159e-05,"","","","","",""
200,"2026-08-03 21:28:52.799229","train",0,1.1764843463897705,4.0966590488892185e-05,"","","","","",""
220,"2026-08-03 21:28:53.924888","train",0,2.1217503547668457,4.116949202840584e-05,"","","","","",""
240,"2026-08-03 21:28:54.898566","train",0,0.695041835308075,4.139168468794696e-05,"","","","","",""
260,"2026-08-03 21:28:55.890323","train",0,1.6551920175552368,4.163315951581951e-05,"","","","","",""
280,"2026-08-03 21:28:56.844069","train",0,1.6515936851501465,4.1893906783486826e-05,"","","","","",""
300,"2026-08-03 21:28:57.884878","train",0,3.0890674591064453,4.2173915985965304e-05,"","","","","",""
320,"2026-08-03 21:28:58.873018","train",0,1.1732192039489746,4.247317584224616e-05,"","","","","",""
330,"2026-08-03 21:29:18.448727","val",0,"","",0.6922789393762412,0.1525928526841871,0.5994672648254591,0.5687830687830688,0.624860646599777,0.71388133695826
340,"2026-08-03 21:29:31.572300","train",1,1.6464192867279053,4.2791674295750344e-05,"","","","","",""
360,"2026-08-03 21:29:32.730120","train",1,1.1709063053131104,4.312939851481461e-05,"","","","","",""
380,"2026-08-03 21:29:33.802332","train",1,1.6835603713989258,4.3486334893207915e-05,"","","","","",""
400,"2026-08-03 21:29:35.082720","train",1,1.171027660369873,4.386246905068044e-05,"","","","","",""
420,"2026-08-03 21:29:36.188032","train",1,1.1720753908157349,4.425778583354138e-05,"","","","","",""
440,"2026-08-03 21:29:37.344021","train",1,0.6744560599327087,4.467226931527152e-05,"","","","","",""
460,"2026-08-03 21:29:38.451051","train",1,1.1598924398422241,4.5105902797163235e-05,"","","","","",""
480,"2026-08-03 21:29:39.604845","train",1,0.6637930870056152,4.555866880899377e-05,"","","","","",""
500,"2026-08-03 21:29:40.717882","train",1,1.1427959203720093,4.6030549109729656e-05,"","","","","",""
520,"2026-08-03 21:29:41.873901","train",1,2.6632678508758545,4.65215246882605e-05,"","","","","",""
540,"2026-08-03 21:29:43.044496","train",1,1.652547836303711,4.703157576416595e-05,"","","","","",""
560,"2026-08-03 21:29:44.001460","train",1,0.6700489521026611,4.756068178851181e-05,"","","","","",""
580,"2026-08-03 21:29:45.097654","train",1,1.6796056032180786,4.8108821444678386e-05,"","","","","",""
600,"2026-08-03 21:29:46.252152","train",1,1.72356116771698,4.867597264921939e-05,"","","","","",""
620,"2026-08-03 21:29:47.260319","train",1,1.6674504280090332,4.9262112552751194e-05,"","","","","",""
640,"2026-08-03 21:29:48.199730","train",1,0.6422439813613892,4.9867217540873325e-05,"","","","","",""
660,"2026-08-03 21:29:49.185803","train",1,1.6708884239196777,5.0491263235120714e-05,"","","","","",""
660,"2026-08-03 21:30:08.229637","val",1,"","",0.6530234006930655,0.12618257468871824,0.5712182812280948,0.5873015873015873,0.6220735785953178,0.6603870142331681
680,"2026-08-03 21:30:22.888627","train",2,1.1624773740768433,5.1134224493944907e-05,"","","","","",""
700,"2026-08-03 21:30:24.038086","train",2,1.15442955493927,5.179607541372735e-05,"","","","","",""
720,"2026-08-03 21:30:25.108696","train",2,1.1198980808258057,5.247678932982294e-05,"","","","","",""
740,"2026-08-03 21:30:26.306956","train",2,1.6234447956085205,5.317633881763437e-05,"","","","","",""
760,"2026-08-03 21:30:27.374166","train",2,1.604625940322876,5.389469569371701e-05,"","","","","",""
780,"2026-08-03 21:30:28.571497","train",2,0.5557373762130737,5.4631831016914325e-05,"","","","","",""
800,"2026-08-03 21:30:29.681526","train",2,1.8618364334106445,5.538771508952368e-05,"","","","","",""
820,"2026-08-03 21:30:30.817784","train",2,0.5052008628845215,5.616231745849299e-05,"","","","","",""
840,"2026-08-03 21:30:31.939290","train",2,1.1670128107070923,5.6955606916647824e-05,"","","","","",""
860,"2026-08-03 21:30:33.028107","train",2,1.8273340463638306,5.7767551503947996e-05,"","","","","",""
880,"2026-08-03 21:30:34.125320","train",2,0.5112501382827759,5.859811850877602e-05,"","","","","",""
900,"2026-08-03 21:30:34.977086","train",2,1.7556593418121338,5.944727446925452e-05,"","","","","",""
920,"2026-08-03 21:30:35.933681","train",2,1.0977811813354492,6.0314985174594144e-05,"","","","","",""
940,"2026-08-03 21:30:36.931064","train",2,1.9527168273925781,6.12012156664724e-05,"","","","","",""
960,"2026-08-03 21:30:37.801850","train",2,1.1937320232391357,6.210593024044177e-05,"","","","","",""
980,"2026-08-03 21:30:38.867035","train",2,0.5616781115531921,6.302909244736783e-05,"","","","","",""
990,"2026-08-03 21:30:57.770269","val",2,"","",0.7310828174278705,0.16922534983558948,0.6254030562175803,0.6216931216931216,0.6885916016350799,0.750455781225012
1000,"2026-08-03 21:31:10.639115","train",3,1.7497169971466064,6.397066509489843e-05,"","","","","",""
1020,"2026-08-03 21:31:11.712839","train",3,0.5588500499725342,6.493061024896165e-05,"","","","","",""
1040,"2026-08-03 21:31:12.901244","train",3,1.7632765769958496,6.590888923529385e-05,"","","","","",""
1060,"2026-08-03 21:31:13.959277","train",3,0.5202065706253052,6.690546264099867e-05,"","","","","",""
1080,"2026-08-03 21:31:15.122195","train",3,1.044682264328003,6.792029031613383e-05,"","","","","",""
1100,"2026-08-03 21:31:16.201547","train",3,1.1839566230773926,6.895333137532905e-05,"","","","","",""
1120,"2026-08-03 21:31:17.312258","train",3,1.0842784643173218,7.000454419943424e-05,"","","","","",""
1140,"2026-08-03 21:31:18.412288","train",3,1.7886054515838623,7.107388643719421e-05,"","","","","",""
1160,"2026-08-03 21:31:19.547897","train",3,1.8454537391662598,7.216131500695699e-05,"","","","","",""
1180,"2026-08-03 21:31:20.754766","train",3,0.47289425134658813,7.326678609840805e-05,"","","","","",""
1200,"2026-08-03 21:31:22.022868","train",3,1.1148203611373901,7.439025517433622e-05,"","","","","",""
1220,"2026-08-03 21:31:22.914676","train",3,0.5121642351150513,7.553167697242744e-05,"","","","","",""
1240,"2026-08-03 21:31:23.884975","train",3,0.9945144653320312,7.669100550708853e-05,"","","","","",""
1260,"2026-08-03 21:31:24.866914","train",3,1.2278872728347778,7.78681940713003e-05,"","","","","",""
1280,"2026-08-03 21:31:25.760665","train",3,2.02127742767334,7.906319523849799e-05,"","","","","",""
1300,"2026-08-03 21:31:26.788254","train",3,0.5283420085906982,8.027596086448345e-05,"","","","","",""
1320,"2026-08-03 21:31:27.686220","train",3,0.48426926136016846,8.150644208936388e-05,"","","","","",""
1320,"2026-08-03 21:31:45.992716","val",3,"","",0.7618969746524938,0.20549390731944714,0.6471330436001682,0.664021164021164,0.7153474544778894,0.7806332960179115
1340,"2026-08-03 21:31:57.734157","train",4,0.4114096760749817,8.275458933952075e-05,"","","","","",""
1360,"2026-08-03 21:31:58.563369","train",4,1.572924256324768,8.402035232960643e-05,"","","","","",""
1380,"2026-08-03 21:31:59.475421","train",4,0.40242642164230347,8.530368006457107e-05,"","","","","",""
1400,"2026-08-03 21:32:00.262767","train",4,1.917487621307373,8.660452084171611e-05,"","","","","",""
1420,"2026-08-03 21:32:01.103898","train",4,2.643392562866211,8.792282225277784e-05,"","","","","",""
1440,"2026-08-03 21:32:01.923014","train",4,0.5131809115409851,8.925853118603834e-05,"","","","","",""
1460,"2026-08-03 21:32:02.743925","train",4,1.0169925689697266,9.061159382846599e-05,"","","","","",""
1480,"2026-08-03 21:32:03.551184","train",4,0.45323947072029114,9.198195566788303e-05,"","","","","",""
1500,"2026-08-03 21:32:04.381443","train",4,1.6180994510650635,9.336956149516129e-05,"","","","","",""
1520,"2026-08-03 21:32:05.211458","train",4,0.8763850331306458,9.477435540644738e-05,"","","","","",""
1540,"2026-08-03 21:32:06.069537","train",4,0.992847204208374,9.619628080541462e-05,"","","","","",""
1560,"2026-08-03 21:32:06.943937","train",4,1.3408586978912354,9.763528040554253e-05,"","","","","",""
1580,"2026-08-03 21:32:07.793799","train",4,0.5769186019897461,9.9091296232426e-05,"","","","","",""
1600,"2026-08-03 21:32:08.638632","train",4,0.4824545383453369,0.00010056426962610978,"","","","","",""
1620,"2026-08-03 21:32:09.548714","train",4,1.2939751148223877,0.00010205414124345256,"","","","","",""
1640,"2026-08-03 21:32:10.460556","train",4,1.125198483467102,0.00010356085106051735,"","","","","",""
1650,"2026-08-03 21:32:27.122531","val",4,"","",0.76607872912043,0.218265088364996,0.6421561755222207,0.6693121693121694,0.7277963582311407,0.7838157684311531
1660,"2026-08-03 21:32:38.270814","train",5,1.3162155151367188,0.00010508433837499,"","","","","",""
1680,"2026-08-03 21:32:39.094251","train",5,0.4566018879413605,0.00010662454180862481,"","","","","",""
1700,"2026-08-03 21:32:40.111669","train",5,2.9851889610290527,0.00010818139930971696,"","","","","",""
1720,"2026-08-03 21:32:40.941290","train",5,1.0268961191177368,0.00010975484815560249,"","","","","",""
1740,"2026-08-03 21:32:41.817065","train",5,2.543200731277466,0.00011134482495518607,"","","","","",""
1760,"2026-08-03 21:32:42.632526","train",5,1.4501798152923584,0.00011295126565149388,"","","","","",""
1780,"2026-08-03 21:32:43.416453","train",5,0.6946274638175964,0.00011457410552425469,"","","","","",""
1800,"2026-08-03 21:32:44.250155","train",5,1.0649349689483643,0.00011621327919250754,"","","","","",""
1820,"2026-08-03 21:32:45.123924","train",5,1.0332587957382202,0.00011786872061723562,"","","","","",""
1840,"2026-08-03 21:32:45.932278","train",5,1.0563901662826538,0.00011954036310402667,"","","","","",""
1860,"2026-08-03 21:32:46.791864","train",5,2.14087176322937,0.00012122813930576064,"","","","","",""
1880,"2026-08-03 21:32:47.687153","train",5,0.46291932463645935,0.00012293198122532197,"","","","","",""
1900,"2026-08-03 21:32:48.495068","train",5,1.95607328414917,0.0001246518202183398,"","","","","",""
1920,"2026-08-03 21:32:49.345942","train",5,1.5717647075653076,0.0001263875869959532,"","","","","",""
1940,"2026-08-03 21:32:50.225772","train",5,0.3980391025543213,0.0001281392116276029,"","","","","",""
1960,"2026-08-03 21:32:51.037745","train",5,1.384100317955017,0.00012990662354384877,"","","","","",""
1980,"2026-08-03 21:32:51.873679","train",5,1.1159732341766357,0.00013168975153921188,"","","","","",""
1980,"2026-08-03 21:33:08.010634","val",5,"","",0.7940193902581474,0.2514059321621228,0.6804990887424646,0.6547619047619048,0.7478632478632479,0.816488085718855
2000,"2026-08-03 21:33:19.792692","train",6,1.3509687185287476,0.00013348852377504468,"","","","","",""
2020,"2026-08-03 21:33:20.699128","train",6,2.167322874069214,0.00013530286778242438,"","","","","",""
2040,"2026-08-03 21:33:21.658365","train",6,0.5936832427978516,0.00013713271046507294,"","","","","",""
2060,"2026-08-03 21:33:22.610068","train",6,1.798372745513916,0.0001389779781023015,"","","","","",""
2080,"2026-08-03 21:33:23.548381","train",6,0.9065530896186829,0.00014083859635198094,"","","","","",""
2100,"2026-08-03 21:33:24.676643","train",6,0.4198337495326996,0.00014271449025353672,"","","","","",""
2120,"2026-08-03 21:33:25.530800","train",6,2.2922985553741455,0.00014460558423096896,"","","","","",""
2140,"2026-08-03 21:33:26.466504","train",6,0.7878371477127075,0.00014651180209589718,"","","","","",""
2160,"2026-08-03 21:33:27.542178","train",6,1.0644593238830566,0.00014843306705063003,"","","","","",""
2180,"2026-08-03 21:33:28.485785","train",6,0.4423787593841553,0.0001503693016912589,"","","","","",""
2200,"2026-08-03 21:33:29.427660","train",6,0.3235553205013275,0.0001523204280107765,"","","","","",""
2220,"2026-08-03 21:33:30.241224","train",6,1.325993537902832,0.0001542863674022201,"","","","","",""
2240,"2026-08-03 21:33:31.143303","train",6,0.42362523078918457,0.00015626704066183759,"","","","","",""
2260,"2026-08-03 21:33:31.993536","train",6,0.26920032501220703,0.00015826236799227906,"","","","","",""
2280,"2026-08-03 21:33:33.099007","train",6,0.9870664477348328,0.0001602722690058116,"","","","","",""
2300,"2026-08-03 21:33:34.074203","train",6,2.687976598739624,0.00016229666272755765,"","","","","",""
2310,"2026-08-03 21:33:51.088921","val",6,"","",0.8082233383950472,0.28496918132704113,0.7026496565260059,0.6547619047619048,0.7761055369751023,0.8300975531744763
2320,"2026-08-03 21:34:02.115074","train",7,1.2514891624450684,0.00016433546759875794,"","","","","",""
2340,"2026-08-03 21:34:02.957790","train",7,0.8537272214889526,0.00016638860148005636,"","","","","",""
2360,"2026-08-03 21:34:03.782019","train",7,0.8547657132148743,0.00016845598165481004,"","","","","",""
2380,"2026-08-03 21:34:04.590024","train",7,0.7171269655227661,0.00017053752483242178,"","","","","",""
2400,"2026-08-03 21:34:05.467706","train",7,0.8356251120567322,0.00017263314715169475,"","","","","",""
2420,"2026-08-03 21:34:06.299703","train",7,1.8186076879501343,0.0001747427641842124,"","","","","",""
2440,"2026-08-03 21:34:07.168281","train",7,1.7884520292282104,0.0001768662909377391,"","","","","",""
2460,"2026-08-03 21:34:08.006944","train",7,0.4162551164627075,0.00017900364185964416,"","","","","",""
2480,"2026-08-03 21:34:08.985944","train",7,0.2941807508468628,0.0001811547308403494,"","","","","",""
2500,"2026-08-03 21:34:09.919070","train",7,2.7548294067382812,0.0001833194712167976,"","","","","",""
2520,"2026-08-03 21:34:10.915616","train",7,1.4961931705474854,0.0001854977757759441,"","","","","",""
2540,"2026-08-03 21:34:11.750152","train",7,0.3133346736431122,0.00018768955675827067,"","","","","",""
2560,"2026-08-03 21:34:12.570652","train",7,0.5214275121688843,0.00018989472586132105,"","","","","",""
2580,"2026-08-03 21:34:13.350177","train",7,0.5526548624038696,0.00019211319424325835,"","","","","",""
2600,"2026-08-03 21:34:14.162799","train",7,1.3119032382965088,0.0001943448725264446,"","","","","",""
2620,"2026-08-03 21:34:15.000164","train",7,1.1637845039367676,0.00019658967080104118,"","","","","",""
2640,"2026-08-03 21:34:15.907502","train",7,0.2531386613845825,0.0001988474986286317,"","","","","",""
2640,"2026-08-03 21:34:32.038864","val",7,"","",0.795413308414126,0.2563312542670525,0.673909995794196,0.6706349206349207,0.7660720921590487,0.8124260355029586
2660,"2026-08-03 21:34:43.523009","train",8,0.062303654849529266,0.00020111826504586505,"","","","","",""
2680,"2026-08-03 21:34:44.473253","train",8,0.5482618808746338,0.00020340187856812003,"","","","","",""
2700,"2026-08-03 21:34:45.426505","train",8,1.1147921085357666,0.00020569824719319195,"","","","","",""
2720,"2026-08-03 21:34:46.325885","train",8,0.2758009433746338,0.00020800727840499813,"","","","","",""
2740,"2026-08-03 21:34:47.143480","train",8,0.8435797691345215,0.0002103288791773058,"","","","","",""
2760,"2026-08-03 21:34:47.960066","train",8,1.3196384906768799,0.0002126629559774803,"","","","","",""
2780,"2026-08-03 21:34:48.867328","train",8,0.9053828120231628,0.00021500941477025216,"","","","","",""
2800,"2026-08-03 21:34:49.669242","train",8,4.722112655639648,0.00021736816102150658,"","","","","",""
2820,"2026-08-03 21:34:50.480510","train",8,1.3031063079833984,0.0002197390997020918,"","","","","",""
2840,"2026-08-03 21:34:51.302831","train",8,0.48432594537734985,0.0002221221352916473,"","","","","",""
2860,"2026-08-03 21:34:52.092573","train",8,2.43184757232666,0.00022451717178245288,"","","","","",""
2880,"2026-08-03 21:34:52.925176","train",8,4.02385139465332,0.0002269241126832955,"","","","","",""
2900,"2026-08-03 21:34:53.728495","train",8,0.6839052438735962,0.00022934286102335776,"","","","","",""
2920,"2026-08-03 21:34:54.573276","train",8,0.5926573872566223,0.00023177331935612412,"","","","","",""
2940,"2026-08-03 21:34:55.399610","train",8,1.223619818687439,0.00023421538976330688,"","","","","",""
2960,"2026-08-03 21:34:56.228442","train",8,0.18403276801109314,0.00023666897385879134,"","","","","",""
2970,"2026-08-03 21:35:13.024072","val",8,"","",0.808379083440408,0.27821502822202027,0.7000560773867938,0.6388888888888888,0.7900408769973988,0.826819126819127
2980,"2026-08-03 21:35:24.125717","train",9,0.14223046600818634,0.00023913397279259896,"","","","","",""
3000,"2026-08-03 21:35:24.990465","train",9,0.31659960746765137,0.0002416102872548709,"","","","","",""
3020,"2026-08-03 21:35:25.829598","train",9,0.5065606236457825,0.00024409781747986796,"","","","","",""
3040,"2026-08-03 21:35:26.750695","train",9,0.3716232180595398,0.0002465964632499904,"","","","","",""
3060,"2026-08-03 21:35:27.599865","train",9,0.3029197156429291,0.0002491061238998159,"","","","","",""
3080,"2026-08-03 21:35:28.426727","train",9,0.6203587055206299,0.0002516266983201542,"","","","","",""
3100,"2026-08-03 21:35:29.251740","train",9,0.1467800736427307,0.0002541580849621214,"","","","","",""
3120,"2026-08-03 21:35:30.069890","train",9,1.4806313514709473,0.00025670018184123077,"","","","","",""
3140,"2026-08-03 21:35:30.932887","train",9,0.4605211019515991,0.00025925288654150196,"","","","","",""
3160,"2026-08-03 21:35:31.896338","train",9,1.3766839504241943,0.0002618160962195861,"","","","","",""
3180,"2026-08-03 21:35:32.722957","train",9,0.22306889295578003,0.0002643897076089108,"","","","","",""
3200,"2026-08-03 21:35:33.537751","train",9,0.963595449924469,0.0002669736170238388,"","","","","",""
3220,"2026-08-03 21:35:34.353880","train",9,0.5399706363677979,0.00026956772036384634,"","","","","",""
3240,"2026-08-03 21:35:35.304071","train",9,0.47987446188926697,0.00027217191311771716,"","","","","",""
3260,"2026-08-03 21:35:36.178333","train",9,2.180360794067383,0.0002747860903677523,"","","","","",""
3280,"2026-08-03 21:35:37.047127","train",9,1.6481142044067383,0.0002774101467939977,"","","","","",""
3300,"2026-08-03 21:35:37.878394","train",9,0.38912492990493774,0.0002800439766784871,"","","","","",""
3300,"2026-08-03 21:35:55.096741","val",9,"","",0.8019779620760815,0.250116527518415,0.6910135987662975,0.6521164021164021,0.7668153102935712,0.8212058212058212
3320,"2026-08-03 21:36:06.970352","train",10,2.651448965072632,0.00028268747390950116,"","","","","",""
3340,"2026-08-03 21:36:07.821869","train",10,0.614757776260376,0.000285340531985843,"","","","","",""
3360,"2026-08-03 21:36:08.681162","train",10,0.7099748253822327,0.00028800304402112767,"","","","","",""
3380,"2026-08-03 21:36:09.490294","train",10,0.24903857707977295,0.00029067490274809014,"","","","","",""
3400,"2026-08-03 21:36:10.392020","train",10,1.8800017833709717,0.0002933560005229049,"","","","","",""
3420,"2026-08-03 21:36:11.179699","train",10,0.9744930267333984,0.00029604622932952456,"","","","","",""
3440,"2026-08-03 21:36:12.098754","train",10,2.522714853286743,0.0002987454807840304,"","","","","",""
3460,"2026-08-03 21:36:13.132359","train",10,0.3356681168079376,0.0003014536461389993,"","","","","",""
3480,"2026-08-03 21:36:13.987702","train",10,4.043909549713135,0.0003041706162878855,"","","","","",""
3500,"2026-08-03 21:36:14.839395","train",10,0.8847020864486694,0.00030689628176941506,"","","","","",""
3520,"2026-08-03 21:36:15.795990","train",10,1.3958872556686401,0.00030963053277199696,"","","","","",""
3540,"2026-08-03 21:36:16.720206","train",10,0.7615092396736145,0.0003123732591381466,"","","","","",""
3560,"2026-08-03 21:36:17.521068","train",10,0.9290583729743958,0.00031512435036892405,"","","","","",""
3580,"2026-08-03 21:36:18.370782","train",10,0.7287316918373108,0.000317883695628386,"","","","","",""
3600,"2026-08-03 21:36:19.232309","train",10,0.6178046464920044,0.00032065118374805033,"","","","","",""
3620,"2026-08-03 21:36:20.054736","train",10,0.48307451605796814,0.00032342670323137605,"","","","","",""
3630,"2026-08-03 21:36:37.242106","val",10,"","",0.8151617801658684,0.28514414073900196,0.7097294266087201,0.6732804232804233,0.7939427722036417,0.8317607548376779
3640,"2026-08-03 21:36:48.872439","train",11,1.098374843597412,0.0003262101422582543,"","","","","",""
3660,"2026-08-03 21:36:49.922370","train",11,2.141061782836914,0.0003290013886895136,"","","","","",""
3680,"2026-08-03 21:36:50.889009","train",11,0.7054315805435181,0.00033180033007143843,"","","","","",""
3700,"2026-08-03 21:36:51.756883","train",11,0.25243717432022095,0.0003346068536402983,"","","","","",""
3720,"2026-08-03 21:36:52.741336","train",11,0.42079007625579834,0.0003374208463268921,"","","","","",""
3740,"2026-08-03 21:36:53.801873","train",11,0.44618335366249084,0.00034024219476110334,"","","","","",""
3760,"2026-08-03 21:36:54.872940","train",11,0.20995186269283295,0.00034307078527646615,"","","","","",""
3780,"2026-08-03 21:36:55.828711","train",11,0.6365548372268677,0.00034590650391474694,"","","","","",""
3800,"2026-08-03 21:36:56.749989","train",11,0.5349037647247314,0.00034874923643053355,"","","","","",""
3820,"2026-08-03 21:36:57.705079","train",11,0.3950343728065491,0.00035159886829583893,"","","","","",""
3840,"2026-08-03 21:36:58.605973","train",11,0.10567131638526917,0.00035445528470471547,"","","","","",""
3860,"2026-08-03 21:36:59.599891","train",11,0.30989381670951843,0.0003573183705778793,"","","","","",""
3880,"2026-08-03 21:37:00.517547","train",11,2.77325439453125,0.000360188010567348,"","","","","",""
3900,"2026-08-03 21:37:01.470345","train",11,1.0298895835876465,0.00036306408906108594,"","","","","",""
3920,"2026-08-03 21:37:02.455682","train",11,2.610076904296875,0.00036594649018766425,"","","","","",""
3940,"2026-08-03 21:37:03.281941","train",11,0.5314493179321289,0.000368835097820927,"","","","","",""
3960,"2026-08-03 21:37:03.977671","train",11,0.6547470092773438,0.00037172979558467063,"","","","","",""
3960,"2026-08-03 21:37:20.839419","val",11,"","",0.8022660904099987,0.27434397978811714,0.6795177344735736,0.6693121693121693,0.7725752508361204,0.8194946425715656
3980,"2026-08-03 21:37:32.356417","train",12,3.9537298679351807,0.000374630466857333,"","","","","",""
4000,"2026-08-03 21:37:33.187998","train",12,0.3050122857093811,0.00037753699477669075,"","","","","",""
4020,"2026-08-03 21:37:34.019751","train",12,0.7245363593101501,0.00038044926224456834,"","","","","",""
4040,"2026-08-03 21:37:34.892175","train",12,0.3787456154823303,0.0003833671519315548,"","","","","",""
4060,"2026-08-03 21:37:35.827318","train",12,0.6246895790100098,0.00038629054628173216,"","","","","",""
4080,"2026-08-03 21:37:36.666902","train",12,1.2323553562164307,0.0003892193275174098,"","","","","",""
4100,"2026-08-03 21:37:37.501896","train",12,4.020908355712891,0.0003921533776438704,"","","","","",""
4120,"2026-08-03 21:37:38.339456","train",12,0.9957895874977112,0.000395092578454124,"","","","","",""
4140,"2026-08-03 21:37:39.203582","train",12,3.6738409996032715,0.00039803681153366963,"","","","","",""
4160,"2026-08-03 21:37:39.992901","train",12,0.554737389087677,0.00040098595826526637,"","","","","",""
4180,"2026-08-03 21:37:40.886802","train",12,0.09429837763309479,0.0004039398998337123,"","","","","",""
4200,"2026-08-03 21:37:41.750059","train",12,1.0291576385498047,0.00040689851723063066,"","","","","",""
4220,"2026-08-03 21:37:42.567226","train",12,0.46622371673583984,0.0004098616912592654,"","","","","",""
4240,"2026-08-03 21:37:43.424341","train",12,0.1956329643726349,0.00041282930253928266,"","","","","",""
4260,"2026-08-03 21:37:44.213786","train",12,0.9976864457130432,0.0004158012315115811,"","","","","",""
4280,"2026-08-03 21:37:45.122960","train",12,0.5233243107795715,0.0004187773584431074,"","","","","",""
4290,"2026-08-03 21:38:01.758497","val",12,"","",0.8047035003698945,0.2939015471046115,0.7128136828823777,0.6388888888888888,0.7840951319212189,0.8254277946585639
4300,"2026-08-03 21:38:12.887531","train",13,0.8260155320167542,0.00042175756343168145,"","","","","",""
4320,"2026-08-03 21:38:13.757927","train",13,1.134251356124878,0.00042474172641082664,"","","","","",""
4340,"2026-08-03 21:38:14.624916","train",13,0.26924681663513184,0.00042772972715460634,"","","","","",""
4360,"2026-08-03 21:38:15.554849","train",13,0.420318067073822,0.00043072144528246824,"","","","","",""
4380,"2026-08-03 21:38:16.445051","train",13,0.05694440007209778,0.0004337167602640942,"","","","","",""
4400,"2026-08-03 21:38:17.408341","train",13,0.1635999232530594,0.0004367155514242557,"","","","","",""
4420,"2026-08-03 21:38:18.206777","train",13,0.7903404235839844,0.0004397176979476769,"","","","","",""
4440,"2026-08-03 21:38:19.101833","train",13,0.08570893108844757,0.00044272307888389996,"","","","","",""
4460,"2026-08-03 21:38:19.999263","train",13,4.023744583129883,0.00044573157315215973,"","","","","",""
4480,"2026-08-03 21:38:20.918731","train",13,0.547890841960907,0.00044874305954626097,"","","","","",""
4500,"2026-08-03 21:38:21.731636","train",13,1.4540486335754395,0.0004517574167394614,"","","","","",""
4520,"2026-08-03 21:38:22.523653","train",13,0.9006847143173218,0.00045477452328936087,"","","","","",""
4540,"2026-08-03 21:38:23.358002","train",13,3.124986171722412,0.00045779425764279217,"","","","","",""
4560,"2026-08-03 21:38:24.183148","train",13,0.3931463956832886,0.00046081649814071993,"","","","","",""
4580,"2026-08-03 21:38:25.050020","train",13,1.8003442287445068,0.0004638411230231406,"","","","","",""
4600,"2026-08-03 21:38:25.885830","train",13,0.33474117517471313,0.0004668680104339891,"","","","","",""
4620,"2026-08-03 21:38:26.579461","train",13,1.468076467514038,0.00046989703842604744,"","","","","",""
4620,"2026-08-03 21:38:43.095940","val",13,"","",0.7971732274267025,0.2558074673168387,0.6793074442730969,0.6216931216931216,0.759568933481977,0.8207900207900207
4640,"2026-08-03 21:38:54.553090","train",14,0.22842426598072052,0.00047292808496585766,"","","","","",""
4660,"2026-08-03 21:38:55.387954","train",14,2.6953468322753906,0.00047596102793863893,"","","","","",""
4680,"2026-08-03 21:38:56.223201","train",14,0.8931739926338196,0.0004789957451532067,"","","","","",""
4700,"2026-08-03 21:38:57.118195","train",14,1.7357521057128906,0.00048203211434689607,"","","","","",""
4720,"2026-08-03 21:38:58.046231","train",14,0.1900373101234436,0.00048507001319048667,"","","","","",""
4740,"2026-08-03 21:38:58.940156","train",14,4.040424823760986,0.0004881093192931322,"","","","","",""
4760,"2026-08-03 21:38:59.837027","train",14,0.8334345817565918,0.0004911499102072906,"","","","","",""
4780,"2026-08-03 21:39:00.687431","train",14,0.719641387462616,0.0004941916634336568,"","","","","",""
4800,"2026-08-03 21:39:01.604008","train",14,0.8083709478378296,0.0004972344564260994,"","","","","",""
4820,"2026-08-03 21:39:02.453615","train",14,1.6841813325881958,0.0005002781665965958,"","","","","",""
4840,"2026-08-03 21:39:03.307351","train",14,0.6234612464904785,0.0005033226713201733,"","","","","",""
4860,"2026-08-03 21:39:04.121342","train",14,0.26044249534606934,0.0005063678479398478,"","","","","",""
4880,"2026-08-03 21:39:04.943805","train",14,2.6132149696350098,0.0005094135737715651,"","","","","",""
4900,"2026-08-03 21:39:05.773422","train",14,0.5206671953201294,0.0005124597261091456,"","","","","",""
4920,"2026-08-03 21:39:06.651437","train",14,0.5129761695861816,0.0005155061822292258,"","","","","",""
4940,"2026-08-03 21:39:07.527172","train",14,2.3091769218444824,0.0005185528193962037,"","","","","",""
4950,"2026-08-03 21:39:24.084405","val",14,"","",0.7944321146283535,0.3008941813592828,0.6688630309827562,0.626984126984127,0.7900408769973988,0.8090036782344474
4960,"2026-08-03 21:39:35.411041","train",15,0.09394218027591705,0.0005215995148671833,"","","","","",""
4980,"2026-08-03 21:39:36.251938","train",15,0.6205844879150391,0.0005246461458969195,"","","","","",""
5000,"2026-08-03 21:39:37.224828","train",15,0.1980765461921692,0.0005276925897427635,"","","","","",""
5020,"2026-08-03 21:39:38.163944","train",15,0.3284759819507599,0.000530738723669608,"","","","","",""
5040,"2026-08-03 21:39:39.123518","train",15,0.32012078166007996,0.0005337844249548311,"","","","","",""
5060,"2026-08-03 21:39:40.007444","train",15,0.10245409607887268,0.0005368295708932417,"","","","","",""
5080,"2026-08-03 21:39:40.927200","train",15,0.33918890357017517,0.0005398740388020224,"","","","","",""
5100,"2026-08-03 21:39:41.961905","train",15,1.8444904088974,0.0005429177060256725,"","","","","",""
5120,"2026-08-03 21:39:42.962242","train",15,1.8842395544052124,0.0005459604499409485,"","","","","",""
5140,"2026-08-03 21:39:43.880613","train",15,0.14522388577461243,0.0005490021479618057,"","","","","",""
5160,"2026-08-03 21:39:44.920759","train",15,0.3744485676288605,0.0005520426775443366,"","","","","",""
5180,"2026-08-03 21:39:45.681329","train",15,0.46566882729530334,0.0005550819161917074,"","","","","",""
5200,"2026-08-03 21:39:46.552173","train",15,0.2875361442565918,0.0005581197414590931,"","","","","",""
5220,"2026-08-03 21:39:47.405562","train",15,2.3115124702453613,0.000561156030958612,"","","","","",""
5240,"2026-08-03 21:39:48.276250","train",15,0.3177679181098938,0.0005641906623642546,"","","","","",""
5260,"2026-08-03 21:39:49.091096","train",15,3.0884618759155273,0.0005672235134168129,"","","","","",""
5280,"2026-08-03 21:39:49.931044","train",15,0.4351973533630371,0.0005702544619288054,"","","","","",""
5280,"2026-08-03 21:40:06.941950","val",15,"","",0.796441225713507,0.2948994703793946,0.6571568764895556,0.6613756613756614,0.7748049052396878,0.8099792099792098
5300,"2026-08-03 21:40:19.099027","train",16,1.1947447061538696,0.0005732833857894008,"","","","","",""
5320,"2026-08-03 21:40:20.057357","train",16,0.49070680141448975,0.0005763101629693366,"","","","","",""
5340,"2026-08-03 21:40:20.965186","train",16,1.7695467472076416,0.0005793346715258355,"","","","","",""
5360,"2026-08-03 21:40:21.831323","train",16,1.1234331130981445,0.000582356789607519,"","","","","",""
5380,"2026-08-03 21:40:22.926582","train",16,0.3601991534233093,0.0005853763954593158,"","","","","",""
5400,"2026-08-03 21:40:23.836534","train",16,1.0552465915679932,0.000588393367427367,"","","","","",""
5420,"2026-08-03 21:40:24.781738","train",16,0.762494683265686,0.0005914075839639282,"","","","","",""
5440,"2026-08-03 21:40:25.716612","train",16,0.24745666980743408,0.0005944189236322652,"","","","","",""
5460,"2026-08-03 21:40:26.795047","train",16,0.3505111336708069,0.0005974272651115474,"","","","","",""
5480,"2026-08-03 21:40:27.894625","train",16,0.4529055058956146,0.0006004324872017349,"","","","","",""
5500,"2026-08-03 21:40:28.743656","train",16,0.22885459661483765,0.0006034344688284625,"","","","","",""
5520,"2026-08-03 21:40:29.781917","train",16,1.732581377029419,0.0006064330890479158,"","","","","",""
5540,"2026-08-03 21:40:30.868804","train",16,0.5091110467910767,0.0006094282270517052,"","","","","",""
5560,"2026-08-03 21:40:31.890085","train",16,0.6687491536140442,0.000612419762171733,"","","","","",""
5580,"2026-08-03 21:40:32.674819","train",16,0.6000702381134033,0.0006154075738850534,"","","","","",""
5600,"2026-08-03 21:40:33.664476","train",16,0.640716552734375,0.0006183915418187301,"","","","","",""
5610,"2026-08-03 21:40:50.306523","val",16,"","",0.8121325390336019,0.28744401552718407,0.7114117482125333,0.6507936507936508,0.7710888145670755,0.8343515112745883
5620,"2026-08-03 21:41:01.366211","train",17,0.6676492691040039,0.0006213715457546845,"","","","","",""
5640,"2026-08-03 21:41:02.253210","train",17,0.162650004029274,0.00062434746563454,"","","","","",""
5660,"2026-08-03 21:41:03.134831","train",17,0.7433347702026367,0.0006273191815644578,"","","","","",""
5680,"2026-08-03 21:41:03.969638","train",17,0.41717028617858887,0.000630286573819968,"","","","","",""
5700,"2026-08-03 21:41:04.809251","train",17,0.7782707214355469,0.0006332495228507935,"","","","","",""
5720,"2026-08-03 21:41:05.706832","train",17,2.1402711868286133,0.0006362079092856647,"","","","","",""
5740,"2026-08-03 21:41:06.584013","train",17,0.04885632544755936,0.0006391616139371306,"","","","","",""
5760,"2026-08-03 21:41:07.448465","train",17,0.9983423948287964,0.0006421105178063597,"","","","","",""
5780,"2026-08-03 21:41:08.310799","train",17,0.5020086765289307,0.0006450545020879343,"","","","","",""
5800,"2026-08-03 21:41:09.132569","train",17,1.6068471670150757,0.0006479934481746372,"","","","","",""
5820,"2026-08-03 21:41:09.954844","train",17,0.5714156627655029,0.0006509272376622293,"","","","","",""
5840,"2026-08-03 21:41:10.893359","train",17,1.4351167678833008,0.0006538557523542216,"","","","","",""
5860,"2026-08-03 21:41:11.710124","train",17,0.5594971776008606,0.0006567788742666354,"","","","","",""
5880,"2026-08-03 21:41:12.491750","train",17,0.5933854579925537,0.0006596964856327558,"","","","","",""
5900,"2026-08-03 21:41:13.321037","train",17,1.3481850624084473,0.0006626084689078779,"","","","","",""
5920,"2026-08-03 21:41:14.232604","train",17,0.687504768371582,0.0006655147067740404,"","","","","",""
5940,"2026-08-03 21:41:15.070390","train",17,0.02365085482597351,0.0006684150821447532,"","","","","",""
5940,"2026-08-03 21:41:31.641809","val",17,"","",0.7903827434489741,0.258779668236653,0.6788868638721436,0.6626984126984128,0.7510219249349683,0.8089237166160244
5960,"2026-08-03 21:41:43.728595","train",18,1.0429049730300903,0.0006713094781697143,"","","","","",""
5980,"2026-08-03 21:41:44.599034","train",18,1.5969245433807373,0.000674197778239518,"","","","","",""
6000,"2026-08-03 21:41:45.420348","train",18,0.22668734192848206,0.0006770798659903522,"","","","","",""
6020,"2026-08-03 21:41:46.246752","train",18,1.065069556236267,0.0006799556253086858,"","","","","",""
6040,"2026-08-03 21:41:47.115204","train",18,0.6916158199310303,0.0006828249403359489,"","","","","",""
6060,"2026-08-03 21:41:48.041054","train",18,0.33975672721862793,0.0006856876954731983,"","","","","",""
6080,"2026-08-03 21:41:48.989762","train",18,1.838581919670105,0.0006885437753857758,"","","","","",""
6100,"2026-08-03 21:41:49.812188","train",18,2.2165122032165527,0.0006913930650079547,"","","","","",""
6120,"2026-08-03 21:41:50.738875","train",18,0.3863424062728882,0.0006942354495475756,"","","","","",""
6140,"2026-08-03 21:41:51.584193","train",18,0.6839389204978943,0.0006970708144906705,"","","","","",""
6160,"2026-08-03 21:41:52.433690","train",18,1.6517213582992554,0.000699899045606077,"","","","","",""
6180,"2026-08-03 21:41:53.247221","train",18,1.5527793169021606,0.0007027200289500409,"","","","","",""
6200,"2026-08-03 21:41:54.122017","train",18,0.472101092338562,0.0007055336508708055,"","","","","",""
6220,"2026-08-03 21:41:54.949427","train",18,0.2601832151412964,0.0007083397980131914,"","","","","",""
6240,"2026-08-03 21:41:55.773416","train",18,0.82430100440979,0.0007111383573231628,"","","","","",""
6260,"2026-08-03 21:41:56.616301","train",18,0.17555931210517883,0.0007139292160523827,"","","","","",""
6270,"2026-08-03 21:42:13.264289","val",18,"","",0.8149670988591675,0.2923038975785016,0.7398710220103744,0.6785714285714286,0.7876254180602007,0.8325123940508556
6280,"2026-08-03 21:42:24.337745","train",19,0.717172384262085,0.0007167122617627547,"","","","","",""
6300,"2026-08-03 21:42:25.184423","train",19,1.1354414224624634,0.0007194873823309533,"","","","","",""
6320,"2026-08-03 21:42:25.986495","train",19,0.30818748474121094,0.0007222544659529418,"","","","","",""
6340,"2026-08-03 21:42:26.829703","train",19,3.771486759185791,0.0007250134011484747,"","","","","",""
6360,"2026-08-03 21:42:27.652347","train",19,0.6919668912887573,0.0007277640767655912,"","","","","",""
6380,"2026-08-03 21:42:28.503308","train",19,0.25432446599006653,0.0007305063819850921,"","","","","",""
6400,"2026-08-03 21:42:29.349904","train",19,0.5751581192016602,0.0007332402063250042,"","","","","",""
6420,"2026-08-03 21:42:30.217318","train",19,0.18325349688529968,0.0007359654396450327,"","","","","",""
6440,"2026-08-03 21:42:31.164556","train",19,4.100656032562256,0.0007386819721509973,"","","","","",""
6460,"2026-08-03 21:42:31.988847","train",19,3.6853604316711426,0.0007413896943992565,"","","","","",""
6480,"2026-08-03 21:42:32.861252","train",19,1.8231384754180908,0.0007440884973011153,"","","","","",""
6500,"2026-08-03 21:42:33.681706","train",19,0.8507875204086304,0.0007467782721272225,"","","","","",""
6520,"2026-08-03 21:42:34.470218","train",19,1.3556667566299438,0.0007494589105119494,"","","","","",""
6540,"2026-08-03 21:42:35.324316","train",19,0.2917438745498657,0.000752130304457756,"","","","","",""
6560,"2026-08-03 21:42:36.119048","train",19,0.427242636680603,0.0007547923463395426,"","","","","",""
6580,"2026-08-03 21:42:36.984919","train",19,0.41284146904945374,0.0007574449289089851,"","","","","",""
6600,"2026-08-03 21:42:37.674845","train",19,0.5978732109069824,0.0007600879452988564,"","","","","",""
6600,"2026-08-03 21:42:54.059784","val",19,"","",0.8243740995989566,0.3537563308755585,0.7398710220103744,0.6746031746031745,0.8063916759568933,0.8415320646089878
6620,"2026-08-03 21:43:05.466210","train",20,0.4899825155735016,0.0007627212890273312,"","","","","",""
6640,"2026-08-03 21:43:06.286614","train",20,0.48225027322769165,0.0007653448540022764,"","","","","",""
6660,"2026-08-03 21:43:07.251985","train",20,0.8086174726486206,0.0007679585345255258,"","","","","",""
6680,"2026-08-03 21:43:08.169256","train",20,0.944297194480896,0.0007705622252971369,"","","","","",""
6700,"2026-08-03 21:43:09.006743","train",20,2.289933681488037,0.000773155821419635,"","","","","",""
6720,"2026-08-03 21:43:09.847311","train",20,0.2650912404060364,0.0007757392184022385,"","","","","",""
6740,"2026-08-03 21:43:10.764837","train",20,0.9734857082366943,0.0007783123121650685,"","","","","",""
6760,"2026-08-03 21:43:11.585324","train",20,1.770705223083496,0.000780874999043342,"","","","","",""
6780,"2026-08-03 21:43:12.420297","train",20,0.22553902864456177,0.0007834271757915487,"","","","","",""
6800,"2026-08-03 21:43:13.278353","train",20,4.873857498168945,0.0007859687395876106,"","","","","",""
6820,"2026-08-03 21:43:14.078933","train",20,1.9738733768463135,0.0007884995880370235,"","","","","",""
6840,"2026-08-03 21:43:14.940401","train",20,1.3116123676300049,0.0007910196191769837,"","","","","",""
6860,"2026-08-03 21:43:15.875204","train",20,0.3955180048942566,0.0007935287314804948,"","","","","",""
6880,"2026-08-03 21:43:16.731277","train",20,0.23197847604751587,0.0007960268238604589,"","","","","",""
6900,"2026-08-03 21:43:17.522786","train",20,4.005851745605469,0.0007985137956737479,"","","","","",""
6920,"2026-08-03 21:43:18.340816","train",20,1.9425162076950073,0.0008009895467252596,"","","","","",""
6930,"2026-08-03 21:43:34.841029","val",20,"","",0.8030136666277303,0.30302946866279773,0.6935370811720174,0.6798941798941799,0.7647714604236343,0.8212058212058212
6940,"2026-08-03 21:43:46.203022","train",21,1.3557696342468262,0.0008034539772719539,"","","","","",""
6960,"2026-08-03 21:43:46.986720","train",21,0.6247403621673584,0.0008059069880268701,"","","","","",""
6980,"2026-08-03 21:43:47.804703","train",21,0.6960993409156799,0.0008083484801631296,"","","","","",""
7000,"2026-08-03 21:43:48.633871","train",21,0.741976261138916,0.0008107783553179145,"","","","","",""
7020,"2026-08-03 21:43:49.541292","train",21,4.050414085388184,0.0008131965155964323,"","","","","",""
7040,"2026-08-03 21:43:50.507530","train",21,0.24617525935173035,0.000815602863575859,"","","","","",""
7060,"2026-08-03 21:43:51.379112","train",21,0.2875368595123291,0.000817997302309265,"","","","","",""
7080,"2026-08-03 21:43:52.230837","train",21,0.35794055461883545,0.00082037973532952,"","","","","",""
7100,"2026-08-03 21:43:53.127817","train",21,0.6235491037368774,0.0008227500666531794,"","","","","",""
7120,"2026-08-03 21:43:54.095031","train",21,1.4573686122894287,0.0008251082007843526,"","","","","",""
7140,"2026-08-03 21:43:54.910457","train",21,2.2634081840515137,0.0008274540427185486,"","","","","",""
7160,"2026-08-03 21:43:55.758979","train",21,0.623807966709137,0.0008297874979465046,"","","","","",""
7180,"2026-08-03 21:43:56.734832","train",21,0.7516477704048157,0.0008321084724579931,"","","","","",""
7200,"2026-08-03 21:43:57.685954","train",21,2.863309860229492,0.0008344168727456101,"","","","","",""
7220,"2026-08-03 21:43:58.623009","train",21,0.787540078163147,0.0008367126058085417,"","","","","",""
7240,"2026-08-03 21:43:59.464561","train",21,0.2116960734128952,0.0008389955791563103,"","","","","",""
7260,"2026-08-03 21:44:00.232183","train",21,0.189594566822052,0.0008412657008125031,"","","","","",""
7260,"2026-08-03 21:44:17.174774","val",21,"","",0.7999649573647938,0.2917424329803504,0.6882097294266087,0.6666666666666666,0.7989594946116685,0.8088357588357589
7280,"2026-08-03 21:44:29.201529","train",22,0.25718680024147034,0.0008435228793184748,"","","","","",""
7300,"2026-08-03 21:44:30.092410","train",22,0.6669189929962158,0.0008457670237370341,"","","","","",""
7320,"2026-08-03 21:44:31.098486","train",22,0.29338306188583374,0.0008479980436561075,"","","","","",""
7340,"2026-08-03 21:44:32.062275","train",22,0.24762791395187378,0.0008502158491923799,"","","","","",""
7360,"2026-08-03 21:44:33.081009","train",22,0.704379677772522,0.0008524203509949187,"","","","","",""
7380,"2026-08-03 21:44:33.995185","train",22,1.585862159729004,0.0008546114602487706,"","","","","",""
7400,"2026-08-03 21:44:35.074116","train",22,0.43747472763061523,0.0008567890886785426,"","","","","",""
7420,"2026-08-03 21:44:35.903068","train",22,0.2526414394378662,0.0008589531485519559,"","","","","",""
7440,"2026-08-03 21:44:36.779277","train",22,2.550039052963257,0.000861103552683382,"","","","","",""
7460,"2026-08-03 21:44:37.598208","train",22,0.21859332919120789,0.0008632402144373552,"","","","","",""
7480,"2026-08-03 21:44:38.457801","train",22,1.372436761856079,0.000865363047732062,"","","","","",""
7500,"2026-08-03 21:44:39.407384","train",22,1.5610334873199463,0.0008674719670428103,"","","","","",""
7520,"2026-08-03 21:44:40.322921","train",22,0.17279429733753204,0.0008695668874054737,"","","","","",""
7540,"2026-08-03 21:44:41.205660","train",22,0.9840283393859863,0.0008716477244199163,"","","","","",""
7560,"2026-08-03 21:44:42.018670","train",22,0.8197580575942993,0.0008737143942533916,"","","","","",""
7580,"2026-08-03 21:44:42.872542","train",22,1.849806547164917,0.0008757668136439201,"","","","","",""
7590,"2026-08-03 21:44:59.469745","val",22,"","",0.8088852548378306,0.28804114688429383,0.6951493060423384,0.6772486772486772,0.8160535117056856,0.8137853830161522
7600,"2026-08-03 21:45:10.569004","train",23,0.16778230667114258,0.0008778048999036446,"","","","","",""
7620,"2026-08-03 21:45:11.448044","train",23,0.9980408549308777,0.0008798285709221603,"","","","","",""
7640,"2026-08-03 21:45:12.343358","train",23,0.351351797580719,0.0008818377451698242,"","","","","",""
7660,"2026-08-03 21:45:13.199806","train",23,1.362490177154541,0.0008838323417010386,"","","","","",""
7680,"2026-08-03 21:45:14.067229","train",23,2.339679479598999,0.0008858122801575133,"","","","","",""
7700,"2026-08-03 21:45:14.901103","train",23,1.5285992622375488,0.0008877774807715017,"","","","","",""
7720,"2026-08-03 21:45:15.739735","train",23,0.23959937691688538,0.0008897278643690159,"","","","","",""
7740,"2026-08-03 21:45:16.618018","train",23,0.7090480327606201,0.0008916633523730158,"","","","","",""
7760,"2026-08-03 21:45:17.438862","train",23,1.8865618705749512,0.0008935838668065746,"","","","","",""
7780,"2026-08-03 21:45:18.301045","train",23,2.701195240020752,0.0008954893302960209,"","","","","",""
7800,"2026-08-03 21:45:19.097478","train",23,0.982937216758728,0.0008973796660740552,"","","","","",""
7820,"2026-08-03 21:45:19.911587","train",23,0.6043939590454102,0.0008992547979828439,"","","","","",""
7840,"2026-08-03 21:45:20.808633","train",23,2.367738962173462,0.0009011146504770858,"","","","","",""
7860,"2026-08-03 21:45:21.634730","train",23,1.4545857906341553,0.0009029591486270572,"","","","","",""
7880,"2026-08-03 21:45:22.471290","train",23,0.8069065809249878,0.0009047882181216303,"","","","","",""
7900,"2026-08-03 21:45:23.275910","train",23,2.423727512359619,0.0009066017852712663,"","","","","",""
7920,"2026-08-03 21:45:24.045554","train",23,0.5819954872131348,0.0009083997770109851,"","","","","",""
7920,"2026-08-03 21:45:40.146684","val",23,"","",0.823213799011019,0.2880057494432452,0.7325108649936913,0.671957671957672,0.7993311036789297,0.838957300495762
7940,"2026-08-03 21:45:51.879073","train",24,0.6783300042152405,0.0009101821209033087,"","","","","",""
7960,"2026-08-03 21:45:52.824261","train",24,0.4925204813480377,0.0009119487451411793,"","","","","",""
7980,"2026-08-03 21:45:53.739167","train",24,0.43156698346138,0.0009136995785508522,"","","","","",""
8000,"2026-08-03 21:45:54.660592","train",24,1.0016363859176636,0.0009154345505947639,"","","","","",""
8020,"2026-08-03 21:45:55.487496","train",24,0.29008448123931885,0.0009171535913743734,"","","","","",""
8040,"2026-08-03 21:45:56.339796","train",24,0.3990060091018677,0.0009188566316329779,"","","","","",""
8060,"2026-08-03 21:45:57.232162","train",24,1.2080515623092651,0.0009205436027585041,"","","","","",""
8080,"2026-08-03 21:45:58.075556","train",24,1.642390489578247,0.0009222144367862716,"","","","","",""
8100,"2026-08-03 21:45:58.933532","train",24,1.3085263967514038,0.0009238690664017311,"","","","","",""
8120,"2026-08-03 21:45:59.719677","train",24,0.10530990362167358,0.0009255074249431767,"","","","","",""
8140,"2026-08-03 21:46:00.566466","train",24,1.5931966304779053,0.0009271294464044312,"","","","","",""
8160,"2026-08-03 21:46:01.399562","train",24,0.3803318440914154,0.0009287350654375061,"","","","","",""
8180,"2026-08-03 21:46:02.210766","train",24,2.076197624206543,0.0009303242173552332,"","","","","",""
8200,"2026-08-03 21:46:03.024338","train",24,0.1920606940984726,0.0009318968381338715,"","","","","",""
8220,"2026-08-03 21:46:03.991525","train",24,0.20295283198356628,0.0009334528644156868,"","","","","",""
8240,"2026-08-03 21:46:04.841040","train",24,1.3478024005889893,0.0009349922335115035,"","","","","",""
8250,"2026-08-03 21:46:21.169477","val",24,"","",0.8031071136549468,0.26857874480440747,0.7010374316556849,0.6838624338624338,0.7853957636566333,0.815832400447785
8260,"2026-08-03 21:46:32.149905","train",25,1.141793966293335,0.0009365148834032304,"","","","","",""
8280,"2026-08-03 21:46:33.098667","train",25,0.3574906587600708,0.00093802075274636,"","","","","",""
8300,"2026-08-03 21:46:33.945726","train",25,0.29733169078826904,0.0009395097808724389,"","","","","",""
8320,"2026-08-03 21:46:34.796500","train",25,2.2518277168273926,0.0009409819077915129,"","","","","",""
8340,"2026-08-03 21:46:35.662844","train",25,0.3225809335708618,0.0009424370741945435,"","","","","",""
8360,"2026-08-03 21:46:36.432119","train",25,0.16054680943489075,0.0009438752214557969,"","","","","",""
8380,"2026-08-03 21:46:37.300892","train",25,1.081956386566162,0.000945296291635207,"","","","","",""
8400,"2026-08-03 21:46:38.130687","train",25,1.6434342861175537,0.0009467002274807086,"","","","","",""
8420,"2026-08-03 21:46:39.087470","train",25,0.9674087166786194,0.0009480869724305444,"","","","","",""
8440,"2026-08-03 21:46:39.879926","train",25,0.3452942371368408,0.0009494564706155443,"","","","","",""
8460,"2026-08-03 21:46:40.748769","train",25,2.622868061065674,0.000950808666861375,"","","","","",""
8480,"2026-08-03 21:46:41.723904","train",25,1.2972480058670044,0.0009521435066907642,"","","","","",""
8500,"2026-08-03 21:46:42.525944","train",25,0.6982989311218262,0.0009534609363256944,"","","","","",""
8520,"2026-08-03 21:46:43.328883","train",25,1.343489170074463,0.0009547609026895703,"","","","","",""
8540,"2026-08-03 21:46:44.179220","train",25,2.1291592121124268,0.0009560433534093561,"","","","","",""
8560,"2026-08-03 21:46:44.994348","train",25,6.936638832092285,0.0009573082368176868,"","","","","",""
8580,"2026-08-03 21:46:45.787279","train",25,0.5648865699768066,0.0009585555019549487,"","","","","",""
8580,"2026-08-03 21:47:02.012952","val",25,"","",0.7907331698010358,0.25800401096984493,0.6468526566661994,0.6468253968253969,0.7595689334819771,0.8131776747161363
8600,"2026-08-03 21:47:13.568218","train",26,3.7125113010406494,0.000959785098571333,"","","","","",""
8620,"2026-08-03 21:47:14.480083","train",26,4.202931880950928,0.0009609969771288602,"","","","","",""
8640,"2026-08-03 21:47:15.275383","train",26,1.1910390853881836,0.0009621910888033758,"","","","","",""
8660,"2026-08-03 21:47:16.222824","train",26,1.9262259006500244,0.0009633673854865173,"","","","","",""
8680,"2026-08-03 21:47:17.073963","train",26,2.256220817565918,0.0009645258197876525,"","","","","",""
8700,"2026-08-03 21:47:18.008812","train",26,1.9434289932250977,0.0009656663450357887,"","","","","",""
8720,"2026-08-03 21:47:18.786486","train",26,1.357874870300293,0.000966788915281453,"","","","","",""
8740,"2026-08-03 21:47:19.656493","train",26,0.6734099388122559,0.0009678934852985432,"","","","","",""
8760,"2026-08-03 21:47:20.515133","train",26,1.8890743255615234,0.0009689800105861508,"","","","","",""
8780,"2026-08-03 21:47:21.383262","train",26,0.5688756704330444,0.0009700484473703528,"","","","","",""
8800,"2026-08-03 21:47:22.230336","train",26,0.6224685907363892,0.0009710987526059759,"","","","","",""
8820,"2026-08-03 21:47:23.002236","train",26,0.8634335994720459,0.0009721308839783304,"","","","","",""
8840,"2026-08-03 21:47:23.789930","train",26,0.5875252485275269,0.0009731447999049149,"","","","","",""
8860,"2026-08-03 21:47:24.649990","train",26,1.304772138595581,0.0009741404595370919,"","","","","",""
8880,"2026-08-03 21:47:25.468634","train",26,0.7955408096313477,0.0009751178227617336,"","","","","",""
8900,"2026-08-03 21:47:26.291301","train",26,0.8425244092941284,0.0009760768502028374,"","","","","",""
8910,"2026-08-03 21:47:42.526358","val",26,"","",0.8053186932990695,0.27286197280721114,0.6778354128697602,0.757936507936508,0.8023039762170197,0.806684791300176
8920,"2026-08-03 21:47:53.582202","train",27,4.299677848815918,0.0009770175032231124,"","","","","",""
8940,"2026-08-03 21:47:54.441541","train",27,0.6779645681381226,0.0009779397439255372,"","","","","",""
8960,"2026-08-03 21:47:55.306505","train",27,0.2206759750843048,0.0009788435351548845,"","","","","",""
8980,"2026-08-03 21:47:56.164117","train",27,0.6214674711227417,0.0009797288404992202,"","","","","",""
9000,"2026-08-03 21:47:56.970241","train",27,0.3424871563911438,0.0009805956242913687,"","","","","",""
9020,"2026-08-03 21:47:57.778906","train",27,2.658015727996826,0.000981443851610351,"","","","","",""
9040,"2026-08-03 21:47:58.686252","train",27,0.40281009674072266,0.0009822734882827912,"","","","","",""
9060,"2026-08-03 21:47:59.536476","train",27,0.5323598384857178,0.0009830845008842928,"","","","","",""
9080,"2026-08-03 21:48:00.430576","train",27,1.1061670780181885,0.0009838768567407862,"","","","","",""
9100,"2026-08-03 21:48:01.295365","train",27,0.2742539644241333,0.0009846505239298443,"","","","","",""
9120,"2026-08-03 21:48:02.132212","train",27,0.2369043231010437,0.0009854054712819691,"","","","","",""
9140,"2026-08-03 21:48:02.992782","train",27,0.3150772452354431,0.000986141668381847,"","","","","",""
9160,"2026-08-03 21:48:03.806376","train",27,0.6562801599502563,0.000986859085569575,"","","","","",""
9180,"2026-08-03 21:48:04.677860","train",27,0.4130809009075165,0.000987557693941854,"","","","","",""
9200,"2026-08-03 21:48:05.559625","train",27,0.6195862889289856,0.0009882374653531554,"","","","","",""
9220,"2026-08-03 21:48:06.446790","train",27,1.4488366842269897,0.0009888983724168536,"","","","","",""
9240,"2026-08-03 21:48:07.243945","train",27,1.9184436798095703,0.0009895403885063292,"","","","","",""
9240,"2026-08-03 21:48:23.218697","val",27,"","",0.8110423237160768,0.2991042912864753,0.7086078788728445,0.6759259259259259,0.7683017465626161,0.8313769390692467
9260,"2026-08-03 21:48:34.668331","train",28,1.895280361175537,0.000990163487756043,"","","","","",""
9280,"2026-08-03 21:48:35.534047","train",28,2.184678077697754,0.000990767645062577,"","","","","",""
9300,"2026-08-03 21:48:36.405309","train",28,1.3577030897140503,0.0009913528360856458,"","","","","",""
9320,"2026-08-03 21:48:37.239864","train",28,2.100461006164551,0.0009919190372490777,"","","","","",""
9340,"2026-08-03 21:48:38.212945","train",28,1.8012158870697021,0.0009924662257417645,"","","","","",""
9360,"2026-08-03 21:48:39.098225","train",28,0.8455715179443359,0.00099299437951858,"","","","","",""
9380,"2026-08-03 21:48:40.052090","train",28,0.26749739050865173,0.000993503477301269,"","","","","",""
9400,"2026-08-03 21:48:40.909903","train",28,0.8046596050262451,0.0009939934985793034,"","","","","",""
9420,"2026-08-03 21:48:41.745125","train",28,3.531543731689453,0.0009944644236107097,"","","","","",""
9440,"2026-08-03 21:48:42.557699","train",28,3.9718713760375977,0.0009949162334228635,"","","","","",""
9460,"2026-08-03 21:48:43.454499","train",28,0.41272473335266113,0.0009953489098132543,"","","","","",""
9480,"2026-08-03 21:48:44.278016","train",28,1.3832015991210938,0.0009957624353502193,"","","","","",""
9500,"2026-08-03 21:48:45.202418","train",28,0.4633621871471405,0.0009961567933736441,"","","","","",""
9520,"2026-08-03 21:48:46.107443","train",28,0.6347896456718445,0.0009965319679956358,"","","","","",""
9540,"2026-08-03 21:48:46.929474","train",28,0.03516797721385956,0.000996887944101162,"","","","","",""
9560,"2026-08-03 21:48:47.870766","train",28,0.45414167642593384,0.0009972247073486598,"","","","","",""
9570,"2026-08-03 21:49:04.177311","val",28,"","",0.8094459370011291,0.2831313974918992,0.7136548436842843,0.6891534391534391,0.7565960609438871,0.8310570925955542
9580,"2026-08-03 21:49:15.193321","train",29,0.378121554851532,0.000997542244170614,"","","","","",""
9600,"2026-08-03 21:49:16.132988","train",29,0.9900596737861633,0.0009978405417741035,"","","","","",""
9620,"2026-08-03 21:49:16.968143","train",29,0.8541734218597412,0.0009981195881413165,"","","","","",""
9640,"2026-08-03 21:49:17.826277","train",29,0.8540186882019043,0.000998379372030035,"","","","","",""
9660,"2026-08-03 21:49:18.705587","train",29,0.47993147373199463,0.0009986198829740876,"","","","","",""
9680,"2026-08-03 21:49:19.566326","train",29,1.1457198858261108,0.000998841111283771,"","","","","",""
9700,"2026-08-03 21:49:20.364672","train",29,2.214017629623413,0.0009990430480462408,"","","","","",""
9720,"2026-08-03 21:49:21.160079","train",29,2.304652690887451,0.0009992256851258704,"","","","","",""
9740,"2026-08-03 21:49:21.951907","train",29,1.4544332027435303,0.0009993890151645782,"","","","","",""
9760,"2026-08-03 21:49:22.777777","train",29,1.00392484664917,0.0009995330315821247,"","","","","",""
9780,"2026-08-03 21:49:23.609034","train",29,0.4932613968849182,0.0009996577285763775,"","","","","",""
9800,"2026-08-03 21:49:24.515025","train",29,0.16819164156913757,0.0009997631011235454,"","","","","",""
9820,"2026-08-03 21:49:25.348242","train",29,1.3924498558044434,0.0009998491449783797,"","","","","",""
9840,"2026-08-03 21:49:26.137941","train",29,0.4328450560569763,0.0009999158566743461,"","","","","",""
9860,"2026-08-03 21:49:27.063651","train",29,0.8234648704528809,0.0009999632335237645,"","","","","",""
9880,"2026-08-03 21:49:27.918869","train",29,2.1830074787139893,0.0009999912736179167,"","","","","",""
9900,"2026-08-03 21:49:28.786432","train",29,1.8281378746032715,0.0009999999953760402,"","","","","",""
9900,"2026-08-03 21:49:44.723405","val",29,"","",0.817349998053187,0.3099954491614631,0.7264825459133605,0.6785714285714286,0.7655146785581568,0.8397729090036782
9920,"2026-08-03 21:49:56.161731","train",30,0.9602797031402588,0.0009999979608350798,"","","","","",""
9940,"2026-08-03 21:49:57.126884","train",30,0.34851235151290894,0.0009999922271435838,"","","","","",""
9960,"2026-08-03 21:49:58.089465","train",30,0.337857723236084,0.0009999827943439723,"","","","","",""
9980,"2026-08-03 21:49:58.903531","train",30,0.6633830666542053,0.0009999696625060323,"","","","","",""
10000,"2026-08-03 21:49:59.716114","train",30,4.842785358428955,0.0009999528317269184,"","","","","",""
10020,"2026-08-03 21:50:00.578433","train",30,0.6416891813278198,0.00099993230213115,"","","","","",""
10040,"2026-08-03 21:50:01.432800","train",30,0.7967095375061035,0.000999908073870613,"","","","","",""
10060,"2026-08-03 21:50:02.329652","train",30,0.6782749891281128,0.0009998801471245568,"","","","","",""
10080,"2026-08-03 21:50:03.160886","train",30,0.1090281754732132,0.0009998485220995932,"","","","","",""
10100,"2026-08-03 21:50:03.976192","train",30,0.6910102963447571,0.0009998131990296957,"","","","","",""
10120,"2026-08-03 21:50:04.874535","train",30,0.23745837807655334,0.0009997741781761975,"","","","","",""
10140,"2026-08-03 21:50:05.800178","train",30,5.593949317932129,0.0009997314598277885,"","","","","",""
10160,"2026-08-03 21:50:06.794564","train",30,0.11619994044303894,0.0009996850443005146,"","","","","",""
10180,"2026-08-03 21:50:07.801262","train",30,7.214142799377441,0.0009996349319377745,"","","","","",""
10200,"2026-08-03 21:50:08.648819","train",30,2.2696123123168945,0.0009995811231103176,"","","","","",""
10220,"2026-08-03 21:50:09.597698","train",30,1.2010271549224854,0.0009995236182162412,"","","","","",""
10230,"2026-08-03 21:50:26.411016","val",30,"","",0.815286376202157,0.30756287240957875,0.7150567783541287,0.6626984126984127,0.8015607580824972,0.829889652966576
10240,"2026-08-03 21:50:37.464913","train",31,2.3066563606262207,0.0009994624176809872,"","","","","",""
10260,"2026-08-03 21:50:38.322371","train",31,0.5767460465431213,0.000999397521957339,"","","","","",""
10280,"2026-08-03 21:50:39.178381","train",31,0.0928395465016365,0.000999328931525419,"","","","","",""
10300,"2026-08-03 21:50:40.203565","train",31,1.3530327081680298,0.0009992566468926835,"","","","","",""
10320,"2026-08-03 21:50:41.087438","train",31,0.08738017827272415,0.0009991806685939206,"","","","","",""
10340,"2026-08-03 21:50:41.930054","train",31,0.7605715990066528,0.000999100997191245,"","","","","",""
10360,"2026-08-03 21:50:42.741296","train",31,0.8387216925621033,0.0009990176332740947,"","","","","",""
10380,"2026-08-03 21:50:43.569087","train",31,0.6671961545944214,0.000998930577459226,"","","","","",""
10400,"2026-08-03 21:50:44.420086","train",31,1.5754570960998535,0.000998839830390709,"","","","","",""
10420,"2026-08-03 21:50:45.220264","train",31,0.7841423749923706,0.0009987453927399231,"","","","","",""
10440,"2026-08-03 21:50:46.063677","train",31,0.38684600591659546,0.000998647265205553,"","","","","",""
10460,"2026-08-03 21:50:46.882121","train",31,0.7177917957305908,0.0009985454485135804,"","","","","",""
10480,"2026-08-03 21:50:47.720683","train",31,0.43153586983680725,0.000998439943417283,"","","","","",""
10500,"2026-08-03 21:50:48.592763","train",31,1.454882025718689,0.000998330750697225,"","","","","",""
10520,"2026-08-03 21:50:49.541534","train",31,0.4503597319126129,0.0009982178711612538,"","","","","",""
10540,"2026-08-03 21:50:50.475501","train",31,1.7768291234970093,0.0009981013056444927,"","","","","",""
10560,"2026-08-03 21:50:51.251174","train",31,0.4707825183868408,0.0009979810550093354,"","","","","",""
10560,"2026-08-03 21:51:07.679359","val",31,"","",0.8210411556282367,0.2913370012686811,0.7170194868919109,0.6812169312169313,0.8019323671497585,0.836830321445706
10580,"2026-08-03 21:51:19.116970","train",32,0.22280240058898926,0.0009978571201454398,"","","","","",""
10600,"2026-08-03 21:51:19.990972","train",32,3.348505973815918,0.0009977295019697205,"","","","","",""
10620,"2026-08-03 21:51:20.793833","train",32,0.8690489530563354,0.000997598201426343,"","","","","",""
10640,"2026-08-03 21:51:21.681904","train",32,0.5979631543159485,0.000997463219486716,"","","","","",""
10660,"2026-08-03 21:51:22.475502","train",32,0.3735961318016052,0.0009973245571494845,"","","","","",""
10680,"2026-08-03 21:51:23.359204","train",32,0.08692007511854172,0.0009971822154405227,"","","","","",""
10700,"2026-08-03 21:51:24.262560","train",32,4.334958076477051,0.0009970361954129258,"","","","","",""
10720,"2026-08-03 21:51:25.113128","train",32,0.7133315801620483,0.0009968864981470028,"","","","","",""
10740,"2026-08-03 21:51:26.076237","train",32,0.7131582498550415,0.0009967331247502677,"","","","","",""
10760,"2026-08-03 21:51:26.988450","train",32,0.46615347266197205,0.0009965760763574328,"","","","","",""
10780,"2026-08-03 21:51:27.906732","train",32,0.3728417754173279,0.0009964153541303982,"","","","","",""
10800,"2026-08-03 21:51:28.694503","train",32,0.3470323383808136,0.0009962509592582455,"","","","","",""
10820,"2026-08-03 21:51:29.518382","train",32,0.3746575117111206,0.000996082892957227,"","","","","",""
10840,"2026-08-03 21:51:30.402122","train",32,0.3333647847175598,0.0009959111564707575,"","","","","",""
10860,"2026-08-03 21:51:31.385033","train",32,0.3718770146369934,0.000995735751069406,"","","","","",""
10880,"2026-08-03 21:51:32.336731","train",32,2.165093421936035,0.000995556678050885,"","","","","",""
10890,"2026-08-03 21:51:48.731819","val",32,"","",0.8179496164778258,0.2839476175009215,0.7245899341090705,0.7076719576719577,0.8045336306205872,0.8257956181033105
10900,"2026-08-03 21:51:59.883326","train",33,1.4360336065292358,0.000995373938740041,"","","","","",""
10920,"2026-08-03 21:52:00.738560","train",33,2.4465837478637695,0.0009951875344888454,"","","","","",""
10940,"2026-08-03 21:52:01.563720","train",33,0.5236793756484985,0.000994997466676384,"","","","","",""
10960,"2026-08-03 21:52:02.405285","train",33,4.248091220855713,0.0009948037367088474,"","","","","",""
10980,"2026-08-03 21:52:03.201769","train",33,0.7290409803390503,0.0009946063460195196,"","","","","",""
11000,"2026-08-03 21:52:04.013715","train",33,1.2821829319000244,0.000994405296068768,"","","","","",""
11020,"2026-08-03 21:52:04.862944","train",33,0.4119073748588562,0.0009942005883440332,"","","","","",""
11040,"2026-08-03 21:52:05.760711","train",33,2.4802186489105225,0.0009939922243598163,"","","","","",""
11060,"2026-08-03 21:52:06.579261","train",33,2.2089498043060303,0.0009937802056576694,"","","","","",""
11080,"2026-08-03 21:52:07.400077","train",33,0.9080636501312256,0.0009935645338061834,"","","","","",""
11100,"2026-08-03 21:52:08.312896","train",33,0.9273411631584167,0.0009933452104009765,"","","","","",""
11120,"2026-08-03 21:52:09.238495","train",33,0.7249444127082825,0.0009931222370646823,"","","","","",""
11140,"2026-08-03 21:52:10.082952","train",33,1.5332049131393433,0.0009928956154469381,"","","","","",""
11160,"2026-08-03 21:52:10.963123","train",33,0.929145336151123,0.0009926653472243723,"","","","","",""
11180,"2026-08-03 21:52:11.797645","train",33,2.560253858566284,0.000992431434100592,"","","","","",""
11200,"2026-08-03 21:52:12.688878","train",33,0.34485775232315063,0.0009921938778061719,"","","","","",""
11220,"2026-08-03 21:52:13.490443","train",33,0.5666884779930115,0.0009919526800986382,"","","","","",""
11220,"2026-08-03 21:52:30.607516","val",33,"","",0.8242183545535957,0.3120669135215387,0.7300574793214636,0.7367724867724867,0.8288740245261984,0.8268830961138653
11240,"2026-08-03 21:52:42.151204","train",34,1.4584178924560547,0.0009917078427624589,"","","","","",""
11260,"2026-08-03 21:52:42.943282","train",34,0.3937529921531677,0.0009914593676090288,"","","","","",""
11280,"2026-08-03 21:52:43.901156","train",34,1.225675344467163,0.0009912072564766572,"","","","","",""
11300,"2026-08-03 21:52:44.725873","train",34,0.44800060987472534,0.0009909515112305528,"","","","","",""
11320,"2026-08-03 21:52:45.530162","train",34,0.5692683458328247,0.0009906921337628112,"","","","","",""
11340,"2026-08-03 21:52:46.410093","train",34,1.8807029724121094,0.0009904291259924011,"","","","","",""
11360,"2026-08-03 21:52:47.296459","train",34,0.2307148277759552,0.000990162489865148,"","","","","",""
11380,"2026-08-03 21:52:48.196317","train",34,0.7972319722175598,0.0009898922273537227,"","","","","",""
11400,"2026-08-03 21:52:48.986050","train",34,0.18638652563095093,0.0009896183404576248,"","","","","",""
11420,"2026-08-03 21:52:49.822914","train",34,0.42451566457748413,0.0009893408312031682,"","","","","",""
11440,"2026-08-03 21:52:50.714076","train",34,0.6722027063369751,0.0009890597016434667,"","","","","",""
11460,"2026-08-03 21:52:51.531306","train",34,3.5112314224243164,0.000988774953858418,"","","","","",""
11480,"2026-08-03 21:52:52.390121","train",34,0.8903177976608276,0.000988486589954689,"","","","","",""
11500,"2026-08-03 21:52:53.190436","train",34,1.1774828433990479,0.0009881946120657002,"","","","","",""
11520,"2026-08-03 21:52:54.164016","train",34,1.0568413734436035,0.000987899022351609,"","","","","",""
11540,"2026-08-03 21:52:55.009550","train",34,0.6571706533432007,0.000987599822999295,"","","","","",""
11550,"2026-08-03 21:53:11.235115","val",34,"","",0.8214149437371023,0.29652040464426577,0.7417636338146643,0.7275132275132276,0.7759197324414716,0.8371181832720294
11560,"2026-08-03 21:53:22.209802","train",35,0.4251498579978943,0.0009872970162223427,"","","","","",""
11580,"2026-08-03 21:53:23.071402","train",35,1.1788480281829834,0.0009869906042610263,"","","","","",""
11600,"2026-08-03 21:53:23.862259","train",35,0.9191964864730835,0.0009866805893822919,"","","","","",""
11620,"2026-08-03 21:53:24.696329","train",35,2.9611666202545166,0.0009863669738797412,"","","","","",""
11640,"2026-08-03 21:53:25.551075","train",35,0.29090771079063416,0.0009860497600736153,"","","","","",""
11660,"2026-08-03 21:53:26.456227","train",35,0.23126721382141113,0.000985728950310776,"","","","","",""
11680,"2026-08-03 21:53:27.321891","train",35,3.1683273315429688,0.0009854045469646897,"","","","","",""
11700,"2026-08-03 21:53:28.231422","train",35,1.5379984378814697,0.0009850765524354096,"","","","","",""
11720,"2026-08-03 21:53:29.039286","train",35,2.4521145820617676,0.0009847449691495576,"","","","","",""
11740,"2026-08-03 21:53:29.908373","train",35,0.18474707007408142,0.0009844097995603063,"","","","","",""
11760,"2026-08-03 21:53:30.708293","train",35,0.2903730869293213,0.0009840710461473615,"","","","","",""
11780,"2026-08-03 21:53:31.524128","train",35,0.3057551383972168,0.0009837287114169428,"","","","","",""
11800,"2026-08-03 21:53:32.343941","train",35,0.15996521711349487,0.0009833827979017667,"","","","","",""
11820,"2026-08-03 21:53:33.168938","train",35,2.166499137878418,0.0009830333081610257,"","","","","",""
11840,"2026-08-03 21:53:33.995914","train",35,0.5007113814353943,0.0009826802447803712,"","","","","",""
11860,"2026-08-03 21:53:34.768247","train",35,2.176659345626831,0.0009823236103718932,"","","","","",""
11880,"2026-08-03 21:53:35.589235","train",35,1.8793647289276123,0.0009819634075741023,"","","","","",""
11880,"2026-08-03 21:53:51.703598","val",35,"","",0.813799011018962,0.3056229317526341,0.7182111313612786,0.6917989417989419,0.7898550724637681,0.8236686390532544
11900,"2026-08-03 21:54:03.139689","train",36,0.4693428874015808,0.000981599639051908,"","","","","",""
11920,"2026-08-03 21:54:03.958507","train",36,0.12065986543893814,0.0009812323074966018,"","","","","",""
11940,"2026-08-03 21:54:04.858084","train",36,0.5979737043380737,0.000980861415625835,"","","","","",""
11960,"2026-08-03 21:54:05.681936","train",36,0.8696558475494385,0.0009804869661835989,"","","","","",""
11980,"2026-08-03 21:54:06.494100","train",36,2.6543800830841064,0.0009801089619402062,"","","","","",""
12000,"2026-08-03 21:54:07.377145","train",36,0.39790642261505127,0.0009797274056922685,"","","","","",""
12020,"2026-08-03 21:54:08.237769","train",36,0.34012752771377563,0.0009793423002626767,"","","","","",""
12040,"2026-08-03 21:54:09.068407","train",36,1.2149662971496582,0.0009789536485005795,"","","","","",""
12060,"2026-08-03 21:54:09.885276","train",36,2.087918758392334,0.0009785614532813632,"","","","","",""
12080,"2026-08-03 21:54:10.740076","train",36,0.6138696074485779,0.000978165717506629,"","","","","",""
12100,"2026-08-03 21:54:11.597149","train",36,2.013573408126831,0.0009777664441041735,"","","","","",""
12120,"2026-08-03 21:54:12.403827","train",36,0.8473445177078247,0.0009773636360279653,"","","","","",""
12140,"2026-08-03 21:54:13.206771","train",36,0.16334855556488037,0.0009769572962581236,"","","","","",""
12160,"2026-08-03 21:54:14.082795","train",36,0.4160219728946686,0.000976547427800897,"","","","","",""
12180,"2026-08-03 21:54:14.921919","train",36,0.6126306653022766,0.00097613403368864,"","","","","",""
12200,"2026-08-03 21:54:15.757569","train",36,1.1411781311035156,0.0009757171169797916,"","","","","",""
12210,"2026-08-03 21:54:31.995804","val",36,"","",0.817155316746486,0.3028799967077499,0.7180709378942941,0.6984126984126985,0.7868821999256782,0.8288021749560212
12220,"2026-08-03 21:54:43.093849","train",37,1.5384554862976074,0.0009752966807588519,"","","","","",""
12240,"2026-08-03 21:54:44.034704","train",37,2.042220115661621,0.0009748727281363598,"","","","","",""
12260,"2026-08-03 21:54:44.868422","train",37,0.4561093747615814,0.0009744452622488699,"","","","","",""
12280,"2026-08-03 21:54:45.748328","train",37,0.6211890578269958,0.0009740142862589289,"","","","","",""
12300,"2026-08-03 21:54:46.563168","train",37,0.48701465129852295,0.0009735798033550528,"","","","","",""
12320,"2026-08-03 21:54:47.402626","train",37,3.736184597015381,0.0009731418167517028,"","","","","",""
12340,"2026-08-03 21:54:48.287076","train",37,0.24658533930778503,0.000972700329689262,"","","","","",""
12360,"2026-08-03 21:54:49.104806","train",37,0.2942126393318176,0.0009722553454340109,"","","","","",""
12380,"2026-08-03 21:54:49.925009","train",37,0.2620506286621094,0.0009718068672781036,"","","","","",""
12400,"2026-08-03 21:54:50.864098","train",37,1.4067898988723755,0.0009713548985395432,"","","","","",""
12420,"2026-08-03 21:54:51.685242","train",37,1.264114260673523,0.0009708994425621578,"","","","","",""
12440,"2026-08-03 21:54:52.554780","train",37,1.8031483888626099,0.0009704405027155748,"","","","","",""
12460,"2026-08-03 21:54:53.426236","train",37,2.365952730178833,0.0009699780823951968,"","","","","",""
12480,"2026-08-03 21:54:54.268567","train",37,0.22956977784633636,0.0009695121850221765,"","","","","",""
12500,"2026-08-03 21:54:55.107536","train",37,0.5664090514183044,0.0009690428140433901,"","","","","",""
12520,"2026-08-03 21:54:55.936391","train",37,0.6524155735969543,0.0009685699729314143,"","","","","",""
12540,"2026-08-03 21:54:56.793986","train",37,5.1642537117004395,0.0009680936651844978,"","","","","",""
12540,"2026-08-03 21:55:12.983810","val",37,"","",0.8192500876065879,0.2885232162720932,0.7311089303238469,0.7380952380952381,0.7987736900780379,0.829713737406045
12560,"2026-08-03 21:55:24.621071","train",38,0.34047430753707886,0.0009676138943265374,"","","","","",""
12580,"2026-08-03 21:55:25.475285","train",38,0.3031425476074219,0.0009671306639070506,"","","","","",""
12600,"2026-08-03 21:55:26.417319","train",38,0.6669293642044067,0.0009666439775011509,"","","","","",""
12620,"2026-08-03 21:55:27.226037","train",38,2.499006986618042,0.0009661538387095197,"","","","","",""
12640,"2026-08-03 21:55:28.075837","train",38,2.4788458347320557,0.0009656602511583806,"","","","","",""
12660,"2026-08-03 21:55:28.895905","train",38,2.5083303451538086,0.0009651632184994726,"","","","","",""
12680,"2026-08-03 21:55:29.708067","train",38,3.1046574115753174,0.0009646627444100225,"","","","","",""
12700,"2026-08-03 21:55:30.568078","train",38,0.4695742130279541,0.0009641588325927184,"","","","","",""
12720,"2026-08-03 21:55:31.382599","train",38,0.35416722297668457,0.0009636514867756814,"","","","","",""
12740,"2026-08-03 21:55:32.275494","train",38,0.7880381345748901,0.0009631407107124391,"","","","","",""
12760,"2026-08-03 21:55:33.154984","train",38,0.30158525705337524,0.0009626265081818975,"","","","","",""
12780,"2026-08-03 21:55:34.014802","train",38,0.6240497827529907,0.0009621088829883118,"","","","","",""
12800,"2026-08-03 21:55:34.865428","train",38,0.4914776086807251,0.0009615878389612605,"","","","","",""
12820,"2026-08-03 21:55:35.773680","train",38,1.32893967628479,0.0009610633799556149,"","","","","",""
12840,"2026-08-03 21:55:36.697930","train",38,2.5070173740386963,0.0009605355098515122,"","","","","",""
12860,"2026-08-03 21:55:37.545701","train",38,0.6997628211975098,0.000960004232554326,"","","","","",""
12870,"2026-08-03 21:55:54.024957","val",38,"","",0.8222559669820504,0.3006527865578536,0.7232580961727183,0.6865079365079365,0.8110367892976589,0.8367183751799137
12880,"2026-08-03 21:56:05.020557","train",39,0.4111175835132599,0.0009594695519946373,"","","","","",""
12900,"2026-08-03 21:56:05.920882","train",39,0.3650965392589569,0.0009589314721282059,"","","","","",""
12920,"2026-08-03 21:56:06.710380","train",39,0.7851032614707947,0.0009583899969359406,"","","","","",""
12940,"2026-08-03 21:56:07.511006","train",39,1.2465358972549438,0.0009578451304238705,"","","","","",""
12960,"2026-08-03 21:56:08.354157","train",39,0.06508894264698029,0.0009572968766231145,"","","","","",""
12980,"2026-08-03 21:56:09.240467","train",39,1.6357247829437256,0.0009567452395898524,"","","","","",""
13000,"2026-08-03 21:56:10.043763","train",39,0.8612492084503174,0.0009561902234052934,"","","","","",""
13020,"2026-08-03 21:56:10.932617","train",39,0.1866309642791748,0.000955631832175648,"","","","","",""
13040,"2026-08-03 21:56:11.783066","train",39,3.2795510292053223,0.0009550700700320959,"","","","","",""
13060,"2026-08-03 21:56:12.615939","train",39,0.5741431713104248,0.0009545049411307559,"","","","","",""
13080,"2026-08-03 21:56:13.442844","train",39,0.9530400037765503,0.000953936449652656,"","","","","",""
13100,"2026-08-03 21:56:14.336549","train",39,3.796618938446045,0.0009533645998037009,"","","","","",""
13120,"2026-08-03 21:56:15.253646","train",39,2.1693663597106934,0.0009527893958146422,"","","","","",""
13140,"2026-08-03 21:56:16.097452","train",39,0.7099393010139465,0.0009522108419410466,"","","","","",""
13160,"2026-08-03 21:56:16.935753","train",39,0.38611340522766113,0.0009516289424632647,"","","","","",""
13180,"2026-08-03 21:56:17.741582","train",39,1.4106075763702393,0.0009510437016863984,"","","","","",""
13200,"2026-08-03 21:56:18.527390","train",39,1.1972334384918213,0.0009504551239402702,"","","","","",""
13200,"2026-08-03 21:56:34.777312","val",39,"","",0.819460343417825,0.30212020566522774,0.7261320622458993,0.6904761904761905,0.8089929394277221,0.8314728930113545
13220,"2026-08-03 21:56:46.204573","train",40,4.524008750915527,0.0009498632135793907,"","","","","",""
13240,"2026-08-03 21:56:47.042134","train",40,1.5999926328659058,0.0009492679749829264,"","","","","",""
13260,"2026-08-03 21:56:47.944939","train",40,1.9476641416549683,0.0009486694125546672,"","","","","",""
13280,"2026-08-03 21:56:48.776605","train",40,0.28126245737075806,0.000948067530722994,"","","","","",""
13300,"2026-08-03 21:56:49.624058","train",40,0.24027353525161743,0.0009474623339408456,"","","","","",""
13320,"2026-08-03 21:56:50.479101","train",40,0.8012790083885193,0.0009468538266856862,"","","","","",""
13340,"2026-08-03 21:56:51.327394","train",40,0.6176731586456299,0.0009462420134594722,"","","","","",""
13360,"2026-08-03 21:56:52.195817","train",40,0.5367264151573181,0.0009456268987886185,"","","","","",""
13380,"2026-08-03 21:56:53.003603","train",40,1.2743782997131348,0.0009450084872239655,"","","","","",""
13400,"2026-08-03 21:56:53.858844","train",40,0.14599911868572235,0.000944386783340745,"","","","","",""
13420,"2026-08-03 21:56:54.719402","train",40,1.993227243423462,0.0009437617917385465,"","","","","",""
13440,"2026-08-03 21:56:55.508962","train",40,0.5188125967979431,0.0009431335170412836,"","","","","",""
13460,"2026-08-03 21:56:56.332676","train",40,0.30603063106536865,0.0009425019638971592,"","","","","",""
13480,"2026-08-03 21:56:57.301574","train",40,0.38434600830078125,0.0009418671369786314,"","","","","",""
13500,"2026-08-03 21:56:58.315470","train",40,0.18144357204437256,0.0009412290409823789,"","","","","",""
13520,"2026-08-03 21:56:59.354145","train",40,0.31310954689979553,0.0009405876806292657,"","","","","",""
13530,"2026-08-03 21:57:15.739171","val",40,"","",0.8162130592220534,0.3131479123700083,0.71162203841301,0.6825396825396826,0.7928279450018579,0.8309451463297618
13540,"2026-08-03 21:57:26.862639","train",41,0.6452176570892334,0.0009399430606643075,"","","","","",""
13560,"2026-08-03 21:57:27.679378","train",41,0.30036547780036926,0.0009392951858566352,"","","","","",""
13580,"2026-08-03 21:57:28.509761","train",41,0.25748127698898315,0.0009386440609994606,"","","","","",""
13600,"2026-08-03 21:57:29.318083","train",41,0.4535953998565674,0.0009379896909100403,"","","","","",""
13620,"2026-08-03 21:57:30.198547","train",41,2.630153179168701,0.0009373320804296402,"","","","","",""
13640,"2026-08-03 21:57:31.015332","train",41,0.26665759086608887,0.0009366712344235001,"","","","","",""
13660,"2026-08-03 21:57:31.815495","train",41,2.4700682163238525,0.000936007157780797,"","","","","",""
13680,"2026-08-03 21:57:32.646748","train",41,0.3620113134384155,0.0009353398554146096,"","","","","",""
13700,"2026-08-03 21:57:33.446024","train",41,0.28121763467788696,0.0009346693322618817,"","","","","",""
13720,"2026-08-03 21:57:34.258203","train",41,1.8690096139907837,0.0009339955932833856,"","","","","",""
13740,"2026-08-03 21:57:35.113864","train",41,3.032940149307251,0.0009333186434636852,"","","","","",""
13760,"2026-08-03 21:57:35.907182","train",41,2.590987205505371,0.0009326384878110994,"","","","","",""
13780,"2026-08-03 21:57:36.735840","train",41,1.0830209255218506,0.0009319551313576655,"","","","","",""
13800,"2026-08-03 21:57:37.629120","train",41,1.5179733037948608,0.000931268579159101,"","","","","",""
13820,"2026-08-03 21:57:38.528017","train",41,0.4881662130355835,0.0009305788362947666,"","","","","",""
13840,"2026-08-03 21:57:39.344364","train",41,1.2926769256591797,0.000929885907867629,"","","","","",""
13860,"2026-08-03 21:57:40.152422","train",41,2.1474876403808594,0.0009291897990042229,"","","","","",""
13860,"2026-08-03 21:57:56.048365","val",41,"","",0.8204882607172059,0.2911194178515798,0.7238188700406561,0.7103174603174603,0.7939427722036418,0.8385894770510156
13880,"2026-08-03 21:58:07.773758","train",42,0.18991601467132568,0.0009284905148546127,"","","","","",""
13900,"2026-08-03 21:58:08.743348","train",42,1.1673986911773682,0.0009277880605923551,"","","","","",""
13920,"2026-08-03 21:58:09.672625","train",42,0.8746219873428345,0.0009270824414144598,"","","","","",""
13940,"2026-08-03 21:58:10.576655","train",42,0.2979576289653778,0.0009263736625413523,"","","","","",""
13960,"2026-08-03 21:58:11.555644","train",42,3.661630392074585,0.0009256617292168344,"","","","","",""
13980,"2026-08-03 21:58:12.376680","train",42,0.2708824872970581,0.0009249466467080459,"","","","","",""
14000,"2026-08-03 21:58:13.408350","train",42,2.4029557704925537,0.0009242284203054251,"","","","","",""
14020,"2026-08-03 21:58:14.292971","train",42,1.6421318054199219,0.0009235070553226701,"","","","","",""
14040,"2026-08-03 21:58:15.265564","train",42,1.4132323265075684,0.0009227825570966992,"","","","","",""
14060,"2026-08-03 21:58:16.228756","train",42,0.3754533529281616,0.000922054930987612,"","","","","",""
14080,"2026-08-03 21:58:17.224446","train",42,0.5225763320922852,0.0009213241823786488,"","","","","",""
14100,"2026-08-03 21:58:18.249701","train",42,6.972241401672363,0.0009205903166761517,"","","","","",""
14120,"2026-08-03 21:58:19.223983","train",42,2.1662466526031494,0.0009198533393095235,"","","","","",""
14140,"2026-08-03 21:58:20.162554","train",42,0.8393979668617249,0.0009191132557311893,"","","","","",""
14160,"2026-08-03 21:58:21.009578","train",42,2.903214454650879,0.000918370071416554,"","","","","",""
14180,"2026-08-03 21:58:21.845866","train",42,0.9477802515029907,0.0009176237918639635,"","","","","",""
14190,"2026-08-03 21:58:38.234647","val",42,"","",0.8198341315266907,0.2706940468832375,0.7259918687789149,0.7275132275132276,0.8045336306205871,0.8335678874140413
14200,"2026-08-03 21:58:49.202104","train",43,0.18088212609291077,0.0009168744225946633,"","","","","",""
14220,"2026-08-03 21:58:50.020337","train",43,0.49793541431427,0.0009161219691527575,"","","","","",""
14240,"2026-08-03 21:58:50.854552","train",43,0.5428379774093628,0.0009153664371051681,"","","","","",""
14260,"2026-08-03 21:58:51.833131","train",43,0.8068163990974426,0.0009146078320415942,"","","","","",""
14280,"2026-08-03 21:58:52.668234","train",43,0.2919854521751404,0.0009138461595744694,"","","","","",""
14300,"2026-08-03 21:58:53.491580","train",43,0.6137491464614868,0.0009130814253389216,"","","","","",""
14320,"2026-08-03 21:58:54.318106","train",43,1.5221142768859863,0.0009123136349927306,"","","","","",""
14340,"2026-08-03 21:58:55.146232","train",43,1.6347447633743286,0.0009115427942162865,"","","","","",""
14360,"2026-08-03 21:58:55.958313","train",43,1.9165215492248535,0.0009107689087125475,"","","","","",""
14380,"2026-08-03 21:58:56.818577","train",43,0.20517532527446747,0.0009099919842069977,"","","","","",""
14400,"2026-08-03 21:58:57.619459","train",43,0.31504708528518677,0.0009092120264476049,"","","","","",""
14420,"2026-08-03 21:58:58.494306","train",43,0.36237722635269165,0.0009084290412047783,"","","","","",""
14440,"2026-08-03 21:58:59.400949","train",43,0.13509231805801392,0.000907643034271325,"","","","","",""
14460,"2026-08-03 21:59:00.237505","train",43,0.30936142802238464,0.0009068540114624081,"","","","","",""
14480,"2026-08-03 21:59:01.075994","train",43,1.719831943511963,0.0009060619786155029,"","","","","",""
14500,"2026-08-03 21:59:01.861643","train",43,0.23765064775943756,0.0009052669415903542,"","","","","",""
14520,"2026-08-03 21:59:02.577159","train",43,1.5550024509429932,0.0009044689062689329,"","","","","",""
14520,"2026-08-03 21:59:18.575669","val",43,"","",0.817568041116692,0.2671670088165505,0.7347539604654423,0.6812169312169313,0.7892976588628763,0.836446505677275
14540,"2026-08-03 21:59:29.960641","train",44,1.576089859008789,0.0009036678785553922,"","","","","",""
14560,"2026-08-03 21:59:30.879525","train",44,0.5893104672431946,0.0009028638643760243,"","","","","",""
14580,"2026-08-03 21:59:31.656344","train",44,1.635369062423706,0.0009020568696792159,"","","","","",""
14600,"2026-08-03 21:59:32.475169","train",44,1.4329291582107544,0.0009012469004354052,"","","","","",""
14620,"2026-08-03 21:59:33.327550","train",44,0.07633823901414871,0.0009004339626370371,"","","","","",""
14640,"2026-08-03 21:59:34.155982","train",44,1.3993669748306274,0.0008996180622985184,"","","","","",""
14660,"2026-08-03 21:59:35.068962","train",44,1.2715574502944946,0.0008987992054561744,"","","","","",""
14680,"2026-08-03 21:59:35.889663","train",44,1.2499228715896606,0.0008979773981682035,"","","","","",""
14700,"2026-08-03 21:59:36.680080","train",44,0.2633689045906067,0.0008971526465146324,"","","","","",""
14720,"2026-08-03 21:59:37.579321","train",44,2.6529948711395264,0.0008963249565972717,"","","","","",""
14740,"2026-08-03 21:59:38.406860","train",44,0.44266170263290405,0.0008954943345396698,"","","","","",""
14760,"2026-08-03 21:59:39.251207","train",44,1.300896167755127,0.0008946607864870686,"","","","","",""
14780,"2026-08-03 21:59:40.146914","train",44,1.3654184341430664,0.0008938243186063572,"","","","","",""
14800,"2026-08-03 21:59:41.085381","train",44,0.2873385548591614,0.000892984937086027,"","","","","",""
14820,"2026-08-03 21:59:41.993243","train",44,0.7166510820388794,0.0008921426481361253,"","","","","",""
14840,"2026-08-03 21:59:42.822760","train",44,1.6692830324172974,0.0008912974579882096,"","","","","",""
14850,"2026-08-03 21:59:59.096524","val",44,"","",0.8146400342639099,0.2518146753861751,0.7355951212673489,0.7103174603174602,0.7863247863247864,0.8280345434191588
14860,"2026-08-03 22:00:10.091364","train",45,1.6798704862594604,0.0008904493728953018,"","","","","",""
14880,"2026-08-03 22:00:10.905978","train",45,2.5117621421813965,0.0008895983991318411,"","","","","",""
14900,"2026-08-03 22:00:11.749102","train",45,0.3933487832546234,0.0008887445429936388,"","","","","",""
14920,"2026-08-03 22:00:12.539542","train",45,0.561588704586029,0.0008878878107978304,"","","","","",""
14940,"2026-08-03 22:00:13.378887","train",45,1.7970901727676392,0.0008870282088828301,"","","","","",""
14960,"2026-08-03 22:00:14.227600","train",45,0.24002015590667725,0.000886165743608283,"","","","","",""
14980,"2026-08-03 22:00:15.050302","train",45,0.15400861203670502,0.0008853004213550183,"","","","","",""
15000,"2026-08-03 22:00:15.923798","train",45,1.2690684795379639,0.0008844322485250022,"","","","","",""
15020,"2026-08-03 22:00:16.716122","train",45,0.12111207097768784,0.0008835612315412907,"","","","","",""
15040,"2026-08-03 22:00:17.552097","train",45,0.4444841146469116,0.0008826873768479818,"","","","","",""
15060,"2026-08-03 22:00:18.390298","train",45,0.7175847291946411,0.0008818106909101677,"","","","","",""
15080,"2026-08-03 22:00:19.200128","train",45,0.35593485832214355,0.0008809311802138875,"","","","","",""
15100,"2026-08-03 22:00:20.033067","train",45,1.5760393142700195,0.0008800488512660785,"","","","","",""
15120,"2026-08-03 22:00:20.984601","train",45,0.44370749592781067,0.0008791637105945286,"","","","","",""
15140,"2026-08-03 22:00:21.871852","train",45,1.4028382301330566,0.0008782757647478281,"","","","","",""
15160,"2026-08-03 22:00:22.732819","train",45,1.4777750968933105,0.0008773850202953205,"","","","","",""
15180,"2026-08-03 22:00:23.536574","train",45,2.891052722930908,0.000876491483827055,"","","","","",""
15180,"2026-08-03 22:00:39.539506","val",45,"","",0.8224428610364831,0.30890133454875196,0.7364362820692556,0.7023809523809523,0.798216276477146,0.8370861986246603
15200,"2026-08-03 22:00:51.235382","train",46,3.9292550086975098,0.0008755951619537365,"","","","","",""
15220,"2026-08-03 22:00:52.104431","train",46,0.13495874404907227,0.0008746960613066779,"","","","","",""
15240,"2026-08-03 22:00:52.926311","train",46,0.24371761083602905,0.0008737941885377502,"","","","","",""
15260,"2026-08-03 22:00:53.796750","train",46,2.650646448135376,0.0008728895503193332,"","","","","",""
15280,"2026-08-03 22:00:54.611705","train",46,0.47305989265441895,0.0008719821533442674,"","","","","",""
15300,"2026-08-03 22:00:55.483610","train",46,0.28012019395828247,0.0008710720043258027,"","","","","",""
15320,"2026-08-03 22:00:56.414622","train",46,1.1832677125930786,0.0008701591099975499,"","","","","",""
15340,"2026-08-03 22:00:57.306007","train",46,0.6044553518295288,0.000869243477113431,"","","","","",""
15360,"2026-08-03 22:00:58.158664","train",46,1.6750831604003906,0.0008683251124476282,"","","","","",""
15380,"2026-08-03 22:00:59.031220","train",46,2.1694066524505615,0.0008674040227945346,"","","","","",""
15400,"2026-08-03 22:00:59.809759","train",46,0.050016842782497406,0.0008664802149687042,"","","","","",""
15420,"2026-08-03 22:01:00.708608","train",46,1.31218421459198,0.0008655536958048002,"","","","","",""
15440,"2026-08-03 22:01:01.551653","train",46,2.8401429653167725,0.0008646244721575461,"","","","","",""
15460,"2026-08-03 22:01:02.445727","train",46,2.1654295921325684,0.0008636925509016732,"","","","","",""
15480,"2026-08-03 22:01:03.318888","train",46,0.259734570980072,0.0008627579389318718,"","","","","",""
15500,"2026-08-03 22:01:04.151674","train",46,0.6013498902320862,0.0008618206431627382,"","","","","",""
15510,"2026-08-03 22:01:21.328584","val",46,"","",0.8270996378927695,0.28456685241724766,0.7475115659610262,0.7116402116402116,0.7683017465626161,0.8511114664960818
15520,"2026-08-03 22:01:32.399346","train",47,2.4422857761383057,0.0008608806705287248,"","","","","",""
15540,"2026-08-03 22:01:33.272838","train",47,0.7388455867767334,0.0008599380279840882,"","","","","",""
15560,"2026-08-03 22:01:34.116824","train",47,0.8425562977790833,0.0008589927225028383,"","","","","",""
15580,"2026-08-03 22:01:35.026184","train",47,0.338257372379303,0.000858044761078686,"","","","","",""
15600,"2026-08-03 22:01:35.901156","train",47,0.12244108319282532,0.000857094150724992,"","","","","",""
15620,"2026-08-03 22:01:36.714458","train",47,2.4737091064453125,0.0008561408984747147,"","","","","",""
15640,"2026-08-03 22:01:37.563073","train",47,0.321096807718277,0.0008551850113803583,"","","","","",""
15660,"2026-08-03 22:01:38.419316","train",47,1.8601608276367188,0.0008542264965139202,"","","","","",""
15680,"2026-08-03 22:01:39.298538","train",47,1.0053285360336304,0.0008532653609668395,"","","","","",""
15700,"2026-08-03 22:01:40.175155","train",47,0.4298842251300812,0.0008523016118499437,"","","","","",""
15720,"2026-08-03 22:01:40.981315","train",47,0.4694889783859253,0.0008513352562933966,"","","","","",""
15740,"2026-08-03 22:01:41.796254","train",47,2.0738227367401123,0.0008503663014466452,"","","","","",""
15760,"2026-08-03 22:01:42.606075","train",47,4.553674697875977,0.0008493947544783672,"","","","","",""
15780,"2026-08-03 22:01:43.390570","train",47,0.18088215589523315,0.0008484206225764174,"","","","","",""
15800,"2026-08-03 22:01:44.332400","train",47,0.9230494499206543,0.0008474439129477756,"","","","","",""
15820,"2026-08-03 22:01:45.174120","train",47,0.2784835696220398,0.0008464646328184915,"","","","","",""
15840,"2026-08-03 22:01:45.964284","train",47,0.12817291915416718,0.0008454827894336333,"","","","","",""
15840,"2026-08-03 22:02:01.993509","val",47,"","",0.8112370050227777,0.29438607315225596,0.703000140193467,0.6481481481481481,0.7508361204013378,0.8401087478010555
15860,"2026-08-03 22:02:13.448561","train",48,0.4055059850215912,0.0008444983900572323,"","","","","",""
15880,"2026-08-03 22:02:14.295675","train",48,0.3004593551158905,0.0008435114419722305,"","","","","",""
15900,"2026-08-03 22:02:15.140788","train",48,0.49223315715789795,0.000842521952480426,"","","","","",""
15920,"2026-08-03 22:02:16.072117","train",48,0.21078899502754211,0.000841529928902419,"","","","","",""
15940,"2026-08-03 22:02:16.870624","train",48,0.3033750653266907,0.0008405353785775579,"","","","","",""
15960,"2026-08-03 22:02:17.689922","train",48,0.17329540848731995,0.0008395383088638848,"","","","","",""
15980,"2026-08-03 22:02:18.570975","train",48,0.1019166111946106,0.0008385387271380814,"","","","","",""
16000,"2026-08-03 22:02:19.392317","train",48,0.7520875930786133,0.0008375366407954139,"","","","","",""
16020,"2026-08-03 22:02:20.233297","train",48,0.5105393528938293,0.0008365320572496786,"","","","","",""
16040,"2026-08-03 22:02:21.058248","train",48,2.09053111076355,0.0008355249839331472,"","","","","",""
16060,"2026-08-03 22:02:21.881802","train",48,0.4221617579460144,0.0008345154282965113,"","","","","",""
16080,"2026-08-03 22:02:22.783217","train",48,1.3799635171890259,0.0008335033978088281,"","","","","",""
16100,"2026-08-03 22:02:23.571003","train",48,1.5481921434402466,0.0008324888999574638,"","","","","",""
16120,"2026-08-03 22:02:24.445087","train",48,0.6416505575180054,0.0008314719422480401,"","","","","",""
16140,"2026-08-03 22:02:25.317142","train",48,1.4837472438812256,0.0008304525322043768,"","","","","",""
16160,"2026-08-03 22:02:26.125698","train",48,0.2705897092819214,0.0008294306773684374,"","","","","",""
16170,"2026-08-03 22:02:42.599169","val",48,"","",0.8308219444768914,0.28879711340300324,0.7556427870461236,0.7037037037037037,0.7744332961724266,0.8580681272988966
16180,"2026-08-03 22:02:53.942596","train",49,0.42699918150901794,0.0008284063853002725,"","","","","",""
16200,"2026-08-03 22:02:54.807873","train",49,1.8294246196746826,0.0008273796635779648,"","","","","",""
16220,"2026-08-03 22:02:55.759284","train",49,0.11080333590507507,0.0008263505197975715,"","","","","",""
16240,"2026-08-03 22:02:56.719751","train",49,0.4901868999004364,0.0008253189615730702,"","","","","",""
16260,"2026-08-03 22:02:57.647700","train",49,0.45849713683128357,0.0008242849965363005,"","","","","",""
16280,"2026-08-03 22:02:58.564003","train",49,0.671962320804596,0.000823248632336909,"","","","","",""
16300,"2026-08-03 22:02:59.552998","train",49,0.5965427756309509,0.000822209876642292,"","","","","",""
16320,"2026-08-03 22:03:00.510259","train",49,0.31052207946777344,0.0008211687371375391,"","","","","",""
16340,"2026-08-03 22:03:01.421299","train",49,1.8234695196151733,0.0008201252215253757,"","","","","",""
16360,"2026-08-03 22:03:02.369204","train",49,0.2927655577659607,0.0008190793375261071,"","","","","",""
16380,"2026-08-03 22:03:03.288903","train",49,0.936428964138031,0.0008180310928775603,"","","","","",""
16400,"2026-08-03 22:03:04.095195","train",49,0.24619925022125244,0.0008169804953350277,"","","","","",""
16420,"2026-08-03 22:03:05.134320","train",49,0.13965797424316406,0.0008159275526712089,"","","","","",""
16440,"2026-08-03 22:03:06.200873","train",49,0.4522533118724823,0.0008148722726761536,"","","","","",""
16460,"2026-08-03 22:03:07.024225","train",49,0.8515504002571106,0.0008138146631572041,"","","","","",""
16480,"2026-08-03 22:03:07.804882","train",49,2.6145336627960205,0.000812754731938937,"","","","","",""
16500,"2026-08-03 22:03:08.683921","train",49,3.7936012744903564,0.0008116924868631064,"","","","","",""
16500,"2026-08-03 22:03:24.700897","val",49,"","",0.8155277810224661,0.29050136495255985,0.7182812280947708,0.7023809523809524,0.7993311036789298,0.8276667199744123
16520,"2026-08-03 22:03:36.077302","train",50,0.4364764094352722,0.0008106279357885843,"","","","","",""
16540,"2026-08-03 22:03:36.940770","train",50,0.6281490325927734,0.0008095610865913037,"","","","","",""
16560,"2026-08-03 22:03:37.810662","train",50,1.5406779050827026,0.0008084919471642,"","","","","",""
16580,"2026-08-03 22:03:38.596256","train",50,0.1197965145111084,0.0008074205254171526,"","","","","",""
16600,"2026-08-03 22:03:39.390898","train",50,1.3482247591018677,0.0008063468292769259,"","","","","",""
16620,"2026-08-03 22:03:40.316429","train",50,1.6376221179962158,0.0008052708666871115,"","","","","",""
16640,"2026-08-03 22:03:41.200811","train",50,0.49264711141586304,0.0008041926456080691,"","","","","",""
16660,"2026-08-03 22:03:42.136989","train",50,0.1438468098640442,0.0008031121740168669,"","","","","",""
16680,"2026-08-03 22:03:43.089237","train",50,0.20842903852462769,0.0008020294599072239,"","","","","",""
16700,"2026-08-03 22:03:44.026645","train",50,1.245192527770996,0.0008009445112894496,"","","","","",""
16720,"2026-08-03 22:03:45.069643","train",50,1.6839962005615234,0.0007998573361903856,"","","","","",""
16740,"2026-08-03 22:03:45.965735","train",50,0.7507094740867615,0.0007987679426533454,"","","","","",""
16760,"2026-08-03 22:03:46.934089","train",50,0.8389263153076172,0.0007976763387380555,"","","","","",""
16780,"2026-08-03 22:03:48.040517","train",50,1.630314588546753,0.0007965825325205955,"","","","","",""
16800,"2026-08-03 22:03:49.020412","train",50,0.9176837205886841,0.0007954865320933387,"","","","","",""
16820,"2026-08-03 22:03:49.952817","train",50,0.5183224678039551,0.0007943883455648914,"","","","","",""
16830,"2026-08-03 22:04:07.017391","val",50,"","",0.8320834793443134,0.3010673098622146,0.7548717229777092,0.7275132275132276,0.7885544407283538,0.8539421077882616
16840,"2026-08-03 22:04:18.533303","train",51,0.8860518336296082,0.0007932879810600342,"","","","","",""
16860,"2026-08-03 22:04:19.473339","train",51,0.591274619102478,0.0007921854467196603,"","","","","",""
16880,"2026-08-03 22:04:20.502344","train",51,2.5924131870269775,0.000791080750700717,"","","","","",""
16900,"2026-08-03 22:04:21.423944","train",51,2.9793789386749268,0.0007899739011761438,"","","","","",""
16920,"2026-08-03 22:04:22.527817","train",51,0.16383132338523865,0.000788864906334813,"","","","","",""
16940,"2026-08-03 22:04:23.506146","train",51,0.286219984292984,0.0007877537743814686,"","","","","",""
16960,"2026-08-03 22:04:24.423747","train",51,2.108717918395996,0.0007866405135366658,"","","","","",""
16980,"2026-08-03 22:04:25.237780","train",51,0.5560990571975708,0.0007855251320367098,"","","","","",""
17000,"2026-08-03 22:04:26.061440","train",51,0.9501464366912842,0.0007844076381335958,"","","","","",""
17020,"2026-08-03 22:04:26.856179","train",51,0.5655312538146973,0.0007832880400949465,"","","","","",""
17040,"2026-08-03 22:04:27.704461","train",51,0.15891796350479126,0.0007821663462039523,"","","","","",""
17060,"2026-08-03 22:04:28.588832","train",51,0.6369590759277344,0.0007810425647593095,"","","","","",""
17080,"2026-08-03 22:04:29.420649","train",51,2.141665458679199,0.0007799167040751588,"","","","","",""
17100,"2026-08-03 22:04:30.247775","train",51,0.42989489436149597,0.0007787887724810234,"","","","","",""
17120,"2026-08-03 22:04:31.059709","train",51,0.3413485586643219,0.0007776587783217486,"","","","","",""
17140,"2026-08-03 22:04:31.912956","train",51,0.16248208284378052,0.0007765267299574388,"","","","","",""
17160,"2026-08-03 22:04:32.697554","train",51,0.1775347739458084,0.0007753926357633962,"","","","","",""
17160,"2026-08-03 22:04:48.668161","val",51,"","",0.8263053381614298,0.2985382630684341,0.7432356652180009,0.7433862433862434,0.7670011148272018,0.8459939229169999
17180,"2026-08-03 22:05:00.076527","train",52,0.23912376165390015,0.0007742565041300591,"","","","","",""
17200,"2026-08-03 22:05:00.916235","train",52,0.2145763337612152,0.0007731183434629391,"","","","","",""
17220,"2026-08-03 22:05:01.826298","train",52,0.2881176471710205,0.0007719781621825595,"","","","","",""
17240,"2026-08-03 22:05:02.622695","train",52,3.996021032333374,0.0007708359687243929,"","","","","",""
17260,"2026-08-03 22:05:03.620027","train",52,0.2504659593105316,0.0007696917715387988,"","","","","",""
17280,"2026-08-03 22:05:04.429928","train",52,0.3119506537914276,0.0007685455790909605,"","","","","",""
17300,"2026-08-03 22:05:05.201444","train",52,0.46066921949386597,0.0007673973998608237,"","","","","",""
17320,"2026-08-03 22:05:06.071353","train",52,1.9168981313705444,0.0007662472423430322,"","","","","",""
17340,"2026-08-03 22:05:06.887541","train",52,2.431241989135742,0.0007650951150468667,"","","","","",""
17360,"2026-08-03 22:05:07.746153","train",52,1.8776936531066895,0.0007639410264961805,"","","","","",""
17380,"2026-08-03 22:05:08.581014","train",52,0.2261209785938263,0.0007627849852293374,"","","","","",""
17400,"2026-08-03 22:05:09.388627","train",52,0.17711645364761353,0.0007616269997991476,"","","","","",""
17420,"2026-08-03 22:05:10.194327","train",52,1.1746927499771118,0.0007604670787728049,"","","","","",""
17440,"2026-08-03 22:05:11.082206","train",52,0.47652721405029297,0.0007593052307318242,"","","","","",""
17460,"2026-08-03 22:05:11.963461","train",52,1.612000823020935,0.000758141464271976,"","","","","",""
17480,"2026-08-03 22:05:12.781537","train",52,0.17043885588645935,0.0007569757880032251,"","","","","",""
17490,"2026-08-03 22:05:28.954351","val",52,"","",0.8273566172176148,0.294163938018174,0.7348240571989345,0.7261904761904763,0.7865105908584169,0.8458659843275228
17500,"2026-08-03 22:05:40.015600","train",53,0.2842118740081787,0.0007558082105496642,"","","","","",""
17520,"2026-08-03 22:05:40.831302","train",53,0.8180680871009827,0.0007546387405494536,"","","","","",""
17540,"2026-08-03 22:05:41.731565","train",53,0.24507367610931396,0.000753467386654754,"","","","","",""
17560,"2026-08-03 22:05:42.573378","train",53,1.2785587310791016,0.000752294157531664,"","","","","",""
17580,"2026-08-03 22:05:43.413103","train",53,1.895067572593689,0.0007511190618601558,"","","","","",""
17600,"2026-08-03 22:05:44.210367","train",53,0.6750473976135254,0.000749942108334012,"","","","","",""
17620,"2026-08-03 22:05:45.080779","train",53,1.6767356395721436,0.0007487633056607588,"","","","","",""
17640,"2026-08-03 22:05:45.892263","train",53,0.5574782490730286,0.0007475826625616039,"","","","","",""
17660,"2026-08-03 22:05:46.721057","train",53,0.18543797731399536,0.0007464001877713711,"","","","","",""
17680,"2026-08-03 22:05:47.675513","train",53,2.1875391006469727,0.0007452158900384354,"","","","","",""
17700,"2026-08-03 22:05:48.452265","train",53,0.200842022895813,0.0007440297781246589,"","","","","",""
17720,"2026-08-03 22:05:49.374245","train",53,0.35073572397232056,0.0007428418608053254,"","","","","",""
17740,"2026-08-03 22:05:50.264205","train",53,0.16312065720558167,0.000741652146869076,"","","","","",""
17760,"2026-08-03 22:05:51.386167","train",53,0.99248206615448,0.0007404606451178436,"","","","","",""
17780,"2026-08-03 22:05:52.277514","train",53,0.453793466091156,0.0007392673643667882,"","","","","",""
17800,"2026-08-03 22:05:53.300365","train",53,0.1904142200946808,0.0007380723134442313,"","","","","",""
17820,"2026-08-03 22:05:54.093536","train",53,0.5504794120788574,0.0007368755011915907,"","","","","",""
17820,"2026-08-03 22:06:09.984160","val",53,"","",0.8231359264883386,0.291929235736447,0.7305481564559092,0.7142857142857143,0.7790784095131921,0.8397729090036782
17840,"2026-08-03 22:06:21.889034","train",54,2.077085494995117,0.0007356769364633155,"","","","","",""
17860,"2026-08-03 22:06:22.872228","train",54,0.2544923424720764,0.0007344766281268202,"","","","","",""
17880,"2026-08-03 22:06:23.730559","train",54,0.30764731764793396,0.0007332745850624187,"","","","","",""
17900,"2026-08-03 22:06:24.633917","train",54,0.3111412823200226,0.0007320708161632593,"","","","","",""
17920,"2026-08-03 22:06:25.556755","train",54,0.09976036846637726,0.0007308653303352589,"","","","","",""
17940,"2026-08-03 22:06:26.413987","train",54,0.08350154757499695,0.0007296581364970365,"","","","","",""
17960,"2026-08-03 22:06:27.282225","train",54,2.0826666355133057,0.0007284492435798479,"","","","","",""
17980,"2026-08-03 22:06:28.215235","train",54,1.2243942022323608,0.0007272386605275188,"","","","","",""
18000,"2026-08-03 22:06:29.021398","train",54,1.447873830795288,0.0007260263962963798,"","","","","",""
18020,"2026-08-03 22:06:29.988146","train",54,0.26182985305786133,0.0007248124598551987,"","","","","",""
18040,"2026-08-03 22:06:30.906732","train",54,0.6688094139099121,0.0007235968601851157,"","","","","",""
18060,"2026-08-03 22:06:31.742154","train",54,1.0392929315567017,0.0007223796062795756,"","","","","",""
18080,"2026-08-03 22:06:32.687749","train",54,0.03189277648925781,0.000721160707144262,"","","","","",""
18100,"2026-08-03 22:06:33.489511","train",54,1.0848509073257446,0.0007199401717970308,"","","","","",""
18120,"2026-08-03 22:06:34.343276","train",54,2.027294635772705,0.0007187180092678426,"","","","","",""
18140,"2026-08-03 22:06:35.189119","train",54,0.8320512771606445,0.0007174942285986969,"","","","","",""
18150,"2026-08-03 22:06:51.459346","val",54,"","",0.8272475956858623,0.2973150624393429,0.7418337305481565,0.705026455026455,0.7892976588628763,0.8473532704301935
18160,"2026-08-03 22:07:02.530899","train",55,0.7057051658630371,0.0007162688388435649,"","","","","",""
18180,"2026-08-03 22:07:03.359845","train",55,0.25115031003952026,0.0007150418490683215,"","","","","",""
18200,"2026-08-03 22:07:04.270315","train",55,1.0365194082260132,0.0007138132683506806,"","","","","",""
18220,"2026-08-03 22:07:05.130970","train",55,1.7739946842193604,0.0007125831057801255,"","","","","",""
18240,"2026-08-03 22:07:05.939185","train",55,0.23246271908283234,0.0007113513704578422,"","","","","",""
18260,"2026-08-03 22:07:06.744542","train",55,0.21379464864730835,0.0007101180714966537,"","","","","",""
18280,"2026-08-03 22:07:07.578887","train",55,0.27646976709365845,0.0007088832180209505,"","","","","",""
18300,"2026-08-03 22:07:08.427367","train",55,1.525299072265625,0.0007076468191666243,"","","","","",""
18320,"2026-08-03 22:07:09.275274","train",55,0.3424781560897827,0.0007064088840809997,"","","","","",""
18340,"2026-08-03 22:07:10.154005","train",55,1.7056306600570679,0.0007051694219227674,"","","","","",""
18360,"2026-08-03 22:07:10.996776","train",55,1.6399213075637817,0.0007039284418619156,"","","","","",""
18380,"2026-08-03 22:07:11.810837","train",55,1.4274264574050903,0.0007026859530796627,"","","","","",""
18400,"2026-08-03 22:07:12.681185","train",55,2.055924654006958,0.0007014419647683888,"","","","","",""
18420,"2026-08-03 22:07:13.520718","train",55,0.13849353790283203,0.0007001964861315686,"","","","","",""
18440,"2026-08-03 22:07:14.391177","train",55,0.21022219955921173,0.0006989495263837024,"","","","","",""
18460,"2026-08-03 22:07:15.328739","train",55,0.3230712413787842,0.0006977010947502481,"","","","","",""
18480,"2026-08-03 22:07:16.102384","train",55,0.02282583713531494,0.0006964512004675539,"","","","","",""
18480,"2026-08-03 22:07:32.470547","val",55,"","",0.809414787992057,0.2942173417785605,0.6879293424926398,0.7103174603174603,0.8132664437012264,0.8129377898608667
18500,"2026-08-03 22:07:43.869021","train",56,1.073335886001587,0.0006951998527827879,"","","","","",""
18520,"2026-08-03 22:07:44.726915","train",56,1.2830404043197632,0.0006939470609538729,"","","","","",""
18540,"2026-08-03 22:07:45.543095","train",56,0.20187842845916748,0.0006926928342494139,"","","","","",""
18560,"2026-08-03 22:07:46.438441","train",56,0.1593506932258606,0.0006914371819486333,"","","","","",""
18580,"2026-08-03 22:07:47.306705","train",56,3.6052417755126953,0.0006901801133412994,"","","","","",""
18600,"2026-08-03 22:07:48.097370","train",56,0.4824473261833191,0.0006889216377276599,"","","","","",""
18620,"2026-08-03 22:07:48.934885","train",56,0.18988823890686035,0.000687661764418371,"","","","","",""
18640,"2026-08-03 22:07:49.801875","train",56,0.2533656656742096,0.0006864005027344305,"","","","","",""
18660,"2026-08-03 22:07:50.695142","train",56,0.6403863430023193,0.000685137862007107,"","","","","",""
18680,"2026-08-03 22:07:51.588685","train",56,1.1721571683883667,0.0006838738515778724,"","","","","",""
18700,"2026-08-03 22:07:52.561036","train",56,0.2613590955734253,0.0006826084807983322,"","","","","",""
18720,"2026-08-03 22:07:53.549983","train",56,0.9434335231781006,0.0006813417590301555,"","","","","",""
18740,"2026-08-03 22:07:54.565743","train",56,0.2440541386604309,0.0006800736956450075,"","","","","",""
18760,"2026-08-03 22:07:55.441655","train",56,0.8728255033493042,0.0006788043000244785,"","","","","",""
18780,"2026-08-03 22:07:56.356135","train",56,0.4002119302749634,0.0006775335815600153,"","","","","",""
18800,"2026-08-03 22:07:57.174391","train",56,1.5989022254943848,0.0006762615496528517,"","","","","",""
18810,"2026-08-03 22:08:13.742811","val",56,"","",0.8277226180742125,0.2900553148717399,0.7453385672227674,0.6785714285714286,0.7749907097733185,0.8520230289461059
18820,"2026-08-03 22:08:24.849940","train",57,1.330242395401001,0.0006749882137139388,"","","","","",""
18840,"2026-08-03 22:08:25.700346","train",57,0.4204857647418976,0.0006737135831638752,"","","","","",""
18860,"2026-08-03 22:08:26.546011","train",57,0.6649236679077148,0.0006724376674328376,"","","","","",""
18880,"2026-08-03 22:08:27.394875","train",57,0.3974924385547638,0.0006711604759605112,"","","","","",""
18900,"2026-08-03 22:08:28.240808","train",57,0.11556877195835114,0.0006698820181960194,"","","","","",""
18920,"2026-08-03 22:08:29.070224","train",57,3.306811571121216,0.0006686023035978537,"","","","","",""
18940,"2026-08-03 22:08:29.902551","train",57,3.8382909297943115,0.0006673213416338047,"","","","","",""
18960,"2026-08-03 22:08:30.792432","train",57,0.40118852257728577,0.0006660391417808913,"","","","","",""
18980,"2026-08-03 22:08:31.593337","train",57,0.24512746930122375,0.0006647557135252904,"","","","","",""
19000,"2026-08-03 22:08:32.436551","train",57,0.3985268473625183,0.0006634710663622678,"","","","","",""
19020,"2026-08-03 22:08:33.284727","train",57,0.3476147949695587,0.0006621852097961063,"","","","","",""
19040,"2026-08-03 22:08:34.140228","train",57,0.5212340950965881,0.000660898153340037,"","","","","",""
19060,"2026-08-03 22:08:34.944410","train",57,0.07937166094779968,0.0006596099065161678,"","","","","",""
19080,"2026-08-03 22:08:35.767592","train",57,0.08251067996025085,0.000658320478855414,"","","","","",""
19100,"2026-08-03 22:08:36.709689","train",57,0.7154738306999207,0.000657029879897426,"","","","","",""
19120,"2026-08-03 22:08:37.520379","train",57,0.3036395013332367,0.0006557381191905214,"","","","","",""
19140,"2026-08-03 22:08:38.300259","train",57,1.3498599529266357,0.0006544452062916113,"","","","","",""
19140,"2026-08-03 22:08:54.937602","val",57,"","",0.8300042829887474,0.2914788653043548,0.7452684704892752,0.6759259259259259,0.7909698996655518,0.855701263393571
19160,"2026-08-03 22:09:06.637771","train",58,1.7418408393859863,0.0006531511507661324,"","","","","",""
19180,"2026-08-03 22:09:07.753463","train",58,0.2060801088809967,0.000651855962187974,"","","","","",""
19200,"2026-08-03 22:09:08.632009","train",58,1.1994848251342773,0.0006505596501394087,"","","","","",""
19220,"2026-08-03 22:09:09.545972","train",58,0.09349356591701508,0.000649262224211021,"","","","","",""
19240,"2026-08-03 22:09:10.508338","train",58,4.522202014923096,0.0006479636940016358,"","","","","",""
19260,"2026-08-03 22:09:11.413045","train",58,0.09324206411838531,0.0006466640691182483,"","","","","",""
19280,"2026-08-03 22:09:12.326940","train",58,0.31356102228164673,0.0006453633591759523,"","","","","",""
19300,"2026-08-03 22:09:13.348772","train",58,0.08628348261117935,0.0006440615737978692,"","","","","",""
19320,"2026-08-03 22:09:14.329557","train",58,2.136075973510742,0.000642758722615077,"","","","","",""
19340,"2026-08-03 22:09:15.253152","train",58,0.1078290045261383,0.0006414548152665391,"","","","","",""
19360,"2026-08-03 22:09:16.241578","train",58,0.47693413496017456,0.0006401498613990322,"","","","","",""
19380,"2026-08-03 22:09:17.281448","train",58,0.09826596826314926,0.0006388438706670764,"","","","","",""
19400,"2026-08-03 22:09:18.190080","train",58,1.5727726221084595,0.0006375368527328617,"","","","","",""
19420,"2026-08-03 22:09:19.063621","train",58,0.2514701783657074,0.000636228817266179,"","","","","",""
19440,"2026-08-03 22:09:20.060790","train",58,0.6982988119125366,0.0006349197739443463,"","","","","",""
19460,"2026-08-03 22:09:20.970619","train",58,0.12730765342712402,0.0006336097324521387,"","","","","",""
19470,"2026-08-03 22:09:38.449991","val",58,"","",0.8253630806369974,0.30271873345841555,0.7374176363381466,0.716931216931217,0.7896692679301375,0.8438989285143133
19480,"2026-08-03 22:09:49.765386","train",59,0.6186777949333191,0.0006322987024817156,"","","","","",""
19500,"2026-08-03 22:09:50.622623","train",59,2.777249813079834,0.00063098669373255,"","","","","",""
19520,"2026-08-03 22:09:51.518828","train",59,0.6253432035446167,0.0006296737159113561,"","","","","",""
19540,"2026-08-03 22:09:52.391677","train",59,0.5673896074295044,0.0006283597787320171,"","","","","",""
19560,"2026-08-03 22:09:53.302097","train",59,1.9637424945831299,0.0006270448919155152,"","","","","",""
19580,"2026-08-03 22:09:54.080149","train",59,1.4970717430114746,0.0006257290651898569,"","","","","",""
19600,"2026-08-03 22:09:54.960473","train",59,0.2741926908493042,0.0006244123082900032,"","","","","",""
19620,"2026-08-03 22:09:55.922671","train",59,0.15727679431438446,0.0006230946309577968,"","","","","",""
19640,"2026-08-03 22:09:56.740227","train",59,0.5416872501373291,0.0006217760429418904,"","","","","",""
19660,"2026-08-03 22:09:57.542088","train",59,0.7963215708732605,0.0006204565539976736,"","","","","",""
19680,"2026-08-03 22:09:58.396283","train",59,0.22264865040779114,0.0006191361738872018,"","","","","",""
19700,"2026-08-03 22:09:59.213533","train",59,2.5342538356781006,0.0006178149123791235,"","","","","",""
19720,"2026-08-03 22:10:00.146042","train",59,2.4870946407318115,0.000616492779248608,"","","","","",""
19740,"2026-08-03 22:10:00.977061","train",59,0.45930880308151245,0.0006151697842772735,"","","","","",""
19760,"2026-08-03 22:10:01.793422","train",59,2.135235071182251,0.0006138459372531141,"","","","","",""
19780,"2026-08-03 22:10:02.606730","train",59,0.434055894613266,0.0006125212479704276,"","","","","",""
19800,"2026-08-03 22:10:03.369007","train",59,0.3368847668170929,0.0006111957262297435,"","","","","",""
19800,"2026-08-03 22:10:19.253836","val",59,"","",0.8237744811743176,0.2954789364529198,0.7292864152530492,0.6878306878306879,0.7924563359345969,0.8470654086038703
19820,"2026-08-03 22:10:30.954755","train",60,1.1318683624267578,0.0006098693818377501,"","","","","",""
19840,"2026-08-03 22:10:31.770125","train",60,1.5246756076812744,0.0006085422246072213,"","","","","",""
19860,"2026-08-03 22:10:32.715130","train",60,2.4840807914733887,0.0006072142643569456,"","","","","",""
19880,"2026-08-03 22:10:33.591079","train",60,1.4146747589111328,0.000605885510911652,"","","","","",""
19900,"2026-08-03 22:10:34.467850","train",60,0.6679732799530029,0.000604555974101938,"","","","","",""
19920,"2026-08-03 22:10:35.263355","train",60,0.5732097029685974,0.0006032256637641966,"","","","","",""
19940,"2026-08-03 22:10:36.095723","train",60,0.3207113742828369,0.0006018945897405437,"","","","","",""
19960,"2026-08-03 22:10:36.945749","train",60,0.2643228769302368,0.0006005627618787451,"","","","","",""
19980,"2026-08-03 22:10:37.827968","train",60,1.0663245916366577,0.0005992301900321441,"","","","","",""
20000,"2026-08-03 22:10:38.603007","train",60,0.16037219762802124,0.0005978968840595881,"","","","","",""
20020,"2026-08-03 22:10:39.488988","train",60,0.12161418050527573,0.0005965628538253555,"","","","","",""
20040,"2026-08-03 22:10:40.257907","train",60,0.45078548789024353,0.0005952281091990836,"","","","","",""
20060,"2026-08-03 22:10:41.154550","train",60,0.6037726998329163,0.0005938926600556948,"","","","","",""
20080,"2026-08-03 22:10:41.923920","train",60,1.2573015689849854,0.0005925565162753236,"","","","","",""
20100,"2026-08-03 22:10:42.714544","train",60,0.2948904037475586,0.0005912196877432438,"","","","","",""
20120,"2026-08-03 22:10:43.566835","train",60,0.5724163055419922,0.0005898821843497954,"","","","","",""
20130,"2026-08-03 22:10:59.785821","val",60,"","",0.8312891796129737,0.3211433974717748,0.7484929202299173,0.6970899470899472,0.8130806391675958,0.8487446025907565
20140,"2026-08-03 22:11:10.711696","train",61,1.1271322965621948,0.000588544015990311,"","","","","",""
20160,"2026-08-03 22:11:11.512749","train",61,0.09847013652324677,0.000587205192565043,"","","","","",""
20180,"2026-08-03 22:11:12.459005","train",61,0.3293856680393219,0.0005858657239790902,"","","","","",""
20200,"2026-08-03 22:11:13.297436","train",61,0.4820256233215332,0.0005845256201423246,"","","","","",""
20220,"2026-08-03 22:11:14.203224","train",61,0.5469058752059937,0.000583184890969318,"","","","","",""
20240,"2026-08-03 22:11:14.999146","train",61,0.12388353049755096,0.0005818435463792684,"","","","","",""
20260,"2026-08-03 22:11:15.784897","train",61,2.915914297103882,0.0005805015962959272,"","","","","",""
20280,"2026-08-03 22:11:16.822743","train",61,0.1513068675994873,0.0005791590506475252,"","","","","",""
20300,"2026-08-03 22:11:17.640823","train",61,0.1113809198141098,0.0005778159193666999,"","","","","",""
20320,"2026-08-03 22:11:18.427474","train",61,0.1458524763584137,0.0005764722123904208,"","","","","",""
20340,"2026-08-03 22:11:19.231105","train",61,0.24393697082996368,0.0005751279396599173,"","","","","",""
20360,"2026-08-03 22:11:20.083500","train",61,0.41250964999198914,0.0005737831111206038,"","","","","",""
20380,"2026-08-03 22:11:20.915665","train",61,0.3368319272994995,0.0005724377367220072,"","","","","",""
20400,"2026-08-03 22:11:21.785981","train",61,0.17754539847373962,0.0005710918264176929,"","","","","",""
20420,"2026-08-03 22:11:22.623255","train",61,0.5601406097412109,0.0005697453901651909,"","","","","",""
20440,"2026-08-03 22:11:23.478792","train",61,3.1762406826019287,0.0005683984379259223,"","","","","",""
20460,"2026-08-03 22:11:24.262934","train",61,0.1833590865135193,0.0005670509796651261,"","","","","",""
20460,"2026-08-03 22:11:40.024965","val",61,"","",0.8321379901101896,0.31043798385806426,0.7487032104303939,0.7076719576719577,0.8019323671497585,0.8540700463777386
20480,"2026-08-03 22:11:51.225721","train",62,2.9679081439971924,0.0005657030253517846,"","","","","",""
20500,"2026-08-03 22:11:52.030646","train",62,0.6456843614578247,0.00056435458495855,"","","","","",""
20520,"2026-08-03 22:11:52.894005","train",62,0.605652928352356,0.0005630056684616711,"","","","","",""
20540,"2026-08-03 22:11:53.681672","train",62,0.10876256227493286,0.0005616562858409188,"","","","","",""
20560,"2026-08-03 22:11:54.495577","train",62,1.033035159111023,0.0005603064470795127,"","","","","",""
20580,"2026-08-03 22:11:55.309111","train",62,0.612986147403717,0.0005589561621640469,"","","","","",""
20600,"2026-08-03 22:11:56.166139","train",62,0.4055541157722473,0.0005576054410844168,"","","","","",""
20620,"2026-08-03 22:11:57.036027","train",62,1.375269889831543,0.0005562542938337439,"","","","","",""
20640,"2026-08-03 22:11:57.935465","train",62,2.1652028560638428,0.0005549027304083033,"","","","","",""
20660,"2026-08-03 22:11:58.776105","train",62,0.09934920072555542,0.0005535507608074488,"","","","","",""
20680,"2026-08-03 22:11:59.660080","train",62,0.09356571733951569,0.0005521983950335397,"","","","","",""
20700,"2026-08-03 22:12:00.508771","train",62,0.14517845213413239,0.0005508456430918656,"","","","","",""
20720,"2026-08-03 22:12:01.434883","train",62,1.9206587076187134,0.0005494925149905735,"","","","","",""
20740,"2026-08-03 22:12:02.291099","train",62,1.3525679111480713,0.0005481390207405936,"","","","","",""
20760,"2026-08-03 22:12:03.167339","train",62,1.7084324359893799,0.0005467851703555646,"","","","","",""
20780,"2026-08-03 22:12:03.973037","train",62,0.4008444845676422,0.0005454309738517603,"","","","","",""
20790,"2026-08-03 22:12:20.129195","val",62,"","",0.8299419849706032,0.34047311732731217,0.7479321463619796,0.6653439153439153,0.8091787439613527,0.848152886614425
20800,"2026-08-03 22:12:31.098203","train",63,1.2534559965133667,0.0005440764412480147,"","","","","",""
20820,"2026-08-03 22:12:31.935936","train",63,5.302757740020752,0.0005427215825656491,"","","","","",""
20840,"2026-08-03 22:12:32.767491","train",63,0.27854129672050476,0.000541366407828397,"","","","","",""
20860,"2026-08-03 22:12:33.702987","train",63,1.7122125625610352,0.00054001092706233,"","","","","",""
20880,"2026-08-03 22:12:34.512049","train",63,0.27239149808883667,0.0005386551502957836,"","","","","",""
20900,"2026-08-03 22:12:35.349885","train",63,1.1734557151794434,0.0005372990875592841,"","","","","",""
20920,"2026-08-03 22:12:36.159296","train",63,2.0277884006500244,0.0005359427488854725,"","","","","",""
20940,"2026-08-03 22:12:37.009129","train",63,1.5693833827972412,0.0005345861443090319,"","","","","",""
20960,"2026-08-03 22:12:37.775892","train",63,0.23505467176437378,0.0005332292838666125,"","","","","",""
20980,"2026-08-03 22:12:38.575293","train",63,0.16457544267177582,0.0005318721775967574,"","","","","",""
21000,"2026-08-03 22:12:39.370294","train",63,0.35308119654655457,0.0005305148355398283,"","","","","",""
21020,"2026-08-03 22:12:40.166559","train",63,1.1347031593322754,0.0005291572677379319,"","","","","",""
21040,"2026-08-03 22:12:41.042745","train",63,0.8234342336654663,0.0005277994842348444,"","","","","",""
21060,"2026-08-03 22:12:41.914468","train",63,1.5825743675231934,0.0005264414950759381,"","","","","",""
21080,"2026-08-03 22:12:42.766762","train",63,0.41263923048973083,0.000525083310308107,"","","","","",""
21100,"2026-08-03 22:12:43.552590","train",63,1.1870213747024536,0.0005237249399796919,"","","","","",""
21120,"2026-08-03 22:12:44.395570","train",63,0.2779132127761841,0.0005223663941404067,"","","","","",""
21120,"2026-08-03 22:13:00.260186","val",63,"","",0.8278160651014289,0.3149207757639196,0.7369269592037011,0.6931216931216931,0.7974730583426236,0.8471453702222933
21140,"2026-08-03 22:13:11.642195","train",64,0.32225340604782104,0.0005210076828412637,"","","","","",""
21160,"2026-08-03 22:13:12.469163","train",64,3.001305341720581,0.0005196488161344995,"","","","","",""
21180,"2026-08-03 22:13:13.293655","train",64,1.5149128437042236,0.0005182898040735002,"","","","","",""
21200,"2026-08-03 22:13:14.164660","train",64,2.2604637145996094,0.0005169306567127274,"","","","","",""
21220,"2026-08-03 22:13:14.989731","train",64,0.9334983825683594,0.0005155713841076438,"","","","","",""
21240,"2026-08-03 22:13:15.830846","train",64,0.3051220774650574,0.0005142119963146384,"","","","","",""
21260,"2026-08-03 22:13:16.676951","train",64,0.2580798864364624,0.000512852503390953,"","","","","",""
21280,"2026-08-03 22:13:17.470716","train",64,3.0019726753234863,0.0005114929153946065,"","","","","",""
21300,"2026-08-03 22:13:18.360659","train",64,0.12764933705329895,0.0005101332423843213,"","","","","",""
21320,"2026-08-03 22:13:19.238321","train",64,0.2467285692691803,0.0005087734944194495,"","","","","",""
21340,"2026-08-03 22:13:20.022751","train",64,0.06111709028482437,0.0005074136815598969,"","","","","",""
21360,"2026-08-03 22:13:20.942219","train",64,1.6666442155838013,0.0005060538138660495,"","","","","",""
21380,"2026-08-03 22:13:21.748166","train",64,0.23628675937652588,0.0005046939013986997,"","","","","",""
21400,"2026-08-03 22:13:22.594977","train",64,1.1755892038345337,0.00050333395421897,"","","","","",""
21420,"2026-08-03 22:13:23.383944","train",64,1.0302574634552002,0.0005019739823882409,"","","","","",""
21440,"2026-08-03 22:13:24.203089","train",64,1.4995981454849243,0.0005006139959680745,"","","","","",""
21450,"2026-08-03 22:13:40.465956","val",64,"","",0.826134018611533,0.29305566303203934,0.7410626664797421,0.7063492063492064,0.7946859903381642,0.8495762034223573
21460,"2026-08-03 22:13:51.405998","train",65,0.11915063112974167,0.0004992540050201411,"","","","","",""
21480,"2026-08-03 22:13:52.407310","train",65,0.6741790771484375,0.0004978940196061446,"","","","","",""
21500,"2026-08-03 22:13:53.231365","train",65,1.2710323333740234,0.0004965340497877474,"","","","","",""
21520,"2026-08-03 22:13:54.042580","train",65,0.1000785231590271,0.0004951741056264974,"","","","","",""
21540,"2026-08-03 22:13:54.843287","train",65,0.27001285552978516,0.0004938141971837522,"","","","","",""
21560,"2026-08-03 22:13:55.655511","train",65,2.6175191402435303,0.0004924543345206047,"","","","","",""
21580,"2026-08-03 22:13:56.436852","train",65,3.8099167346954346,0.00049109452769781,"","","","","",""
21600,"2026-08-03 22:13:57.280888","train",65,0.9749605655670166,0.0004897347867757098,"","","","","",""
21620,"2026-08-03 22:13:58.120438","train",65,0.8721381425857544,0.0004883751218141575,"","","","","",""
21640,"2026-08-03 22:13:58.897655","train",65,1.0780773162841797,0.00048701554287244555,"","","","","",""
21660,"2026-08-03 22:13:59.733798","train",65,0.11295884102582932,0.0004856560600092295,"","","","","",""
21680,"2026-08-03 22:14:00.586971","train",65,0.11631400138139725,0.000484296683282454,"","","","","",""
21700,"2026-08-03 22:14:01.431615","train",65,0.9989073276519775,0.0004829374227492786,"","","","","",""
21720,"2026-08-03 22:14:02.256272","train",65,0.24801090359687805,0.0004815782884660034,"","","","","",""
21740,"2026-08-03 22:14:03.082752","train",65,0.40220093727111816,0.00048021929048799395,"","","","","",""
21760,"2026-08-03 22:14:03.887552","train",65,1.1290912628173828,0.0004788604388696077,"","","","","",""
21780,"2026-08-03 22:14:04.676092","train",65,1.2925797700881958,0.00047750174366411967,"","","","","",""
21780,"2026-08-03 22:14:20.391887","val",65,"","",0.8214227309893704,0.28725481735490843,0.7293565119865414,0.7037037037037036,0.78446674098848,0.8430353430353431
21800,"2026-08-03 22:14:31.787601","train",66,0.6649885177612305,0.00047614321492364664,"","","","","",""
21820,"2026-08-03 22:14:32.594114","train",66,0.7947118282318115,0.00047478486269907484,"","","","","",""
21840,"2026-08-03 22:14:33.385687","train",66,0.10770673304796219,0.0004734266970399842,"","","","","",""
21860,"2026-08-03 22:14:34.210180","train",66,2.7419273853302,0.0004720687279945742,"","","","","",""
21880,"2026-08-03 22:14:35.051592","train",66,5.899784564971924,0.0004707109656095898,"","","","","",""
21900,"2026-08-03 22:14:35.851495","train",66,0.05518238991498947,0.00046935341993024714,"","","","","",""
21920,"2026-08-03 22:14:36.735094","train",66,2.737053871154785,0.00046799610100015896,"","","","","",""
21940,"2026-08-03 22:14:37.581245","train",66,0.1796426773071289,0.0004666390188612604,"","","","","",""
21960,"2026-08-03 22:14:38.443465","train",66,0.5853873491287231,0.0004652821835537353,"","","","","",""
21980,"2026-08-03 22:14:39.265425","train",66,0.14306104183197021,0.00046392560511594006,"","","","","",""
22000,"2026-08-03 22:14:40.050883","train",66,1.479844093322754,0.00046256929358433205,"","","","","",""
22020,"2026-08-03 22:14:40.869235","train",66,0.2694677412509918,0.00046121325899339333,"","","","","",""
22040,"2026-08-03 22:14:41.794726","train",66,1.3856797218322754,0.00045985751137555685,"","","","","",""
22060,"2026-08-03 22:14:42.550438","train",66,1.4058375358581543,0.0004585020607611329,"","","","","",""
22080,"2026-08-03 22:14:43.411750","train",66,5.194375514984131,0.00045714691717823426,"","","","","",""
22100,"2026-08-03 22:14:44.238392","train",66,0.4506966471672058,0.0004557920906527019,"","","","","",""
22110,"2026-08-03 22:15:00.458103","val",66,"","",0.8195927267063817,0.28946710834645833,0.7245899341090705,0.7261904761904762,0.7917131178000744,0.8379337917799456
22120,"2026-08-03 22:15:11.415372","train",67,0.7031242847442627,0.00045443759120803145,"","","","","",""
22140,"2026-08-03 22:15:12.233323","train",67,1.174245834350586,0.0004530834288652988,"","","","","",""
22160,"2026-08-03 22:15:13.213113","train",67,0.3672748804092407,0.0004517296136430853,"","","","","",""
22180,"2026-08-03 22:15:14.036718","train",67,2.659435749053955,0.00045037615555740447,"","","","","",""
22200,"2026-08-03 22:15:14.870267","train",67,2.217951536178589,0.0004490230646216278,"","","","","",""
22220,"2026-08-03 22:15:15.657360","train",67,0.283764123916626,0.00044767035084641014,"","","","","",""
22240,"2026-08-03 22:15:16.444031","train",67,2.208373785018921,0.000446318024239616,"","","","","",""
22260,"2026-08-03 22:15:17.271234","train",67,0.4193032681941986,0.000444966094806246,"","","","","",""
22280,"2026-08-03 22:15:18.092888","train",67,0.2986747920513153,0.0004436145725483613,"","","","","",""
22300,"2026-08-03 22:15:18.917042","train",67,2.1081252098083496,0.00044226346746501177,"","","","","",""
22320,"2026-08-03 22:15:19.704581","train",67,0.41449904441833496,0.0004409127895521602,"","","","","",""
22340,"2026-08-03 22:15:20.483675","train",67,0.061794836074113846,0.00043956254880260905,"","","","","",""
22360,"2026-08-03 22:15:21.287007","train",67,1.5730199813842773,0.0004382127552059268,"","","","","",""
22380,"2026-08-03 22:15:22.123779","train",67,0.5945806503295898,0.0004368634187483733,"","","","","",""
22400,"2026-08-03 22:15:22.923458","train",67,2.082159996032715,0.0004355145494128266,"","","","","",""
22420,"2026-08-03 22:15:23.759509","train",67,0.11137223988771439,0.00043416615717870906,"","","","","",""
22440,"2026-08-03 22:15:24.503298","train",67,0.13042694330215454,0.0004328182520219125,"","","","","",""
22440,"2026-08-03 22:15:40.442397","val",67,"","",0.8243351633376164,0.3147089482196158,0.7385391840740222,0.6759259259259259,0.7820512820512819,0.8453862146169838
22460,"2026-08-03 22:15:51.874133","train",68,1.248850703239441,0.0004314708439147259,"","","","","",""
22480,"2026-08-03 22:15:52.672475","train",68,2.0951223373413086,0.0004301239428257608,"","","","","",""
22500,"2026-08-03 22:15:53.535796","train",68,0.5951341986656189,0.0004287775587198772,"","","","","",""
22520,"2026-08-03 22:15:54.319720","train",68,0.12305709719657898,0.00042743170155811063,"","","","","",""
22540,"2026-08-03 22:15:55.173438","train",68,0.6591969728469849,0.0004260863812975981,"","","","","",""
22560,"2026-08-03 22:15:56.051925","train",68,3.3732800483703613,0.00042474160789150413,"","","","","",""
22580,"2026-08-03 22:15:56.882276","train",68,0.6680988073348999,0.0004233973912889477,"","","","","",""
22600,"2026-08-03 22:15:57.673563","train",68,1.9430944919586182,0.0004220537414349286,"","","","","",""
22620,"2026-08-03 22:15:58.482518","train",68,0.21114791929721832,0.0004207106682702527,"","","","","",""
22640,"2026-08-03 22:15:59.300991","train",68,0.1292630136013031,0.0004193681817314603,"","","","","",""
22660,"2026-08-03 22:16:00.198764","train",68,3.4082512855529785,0.0004180262917507513,"","","","","",""
22680,"2026-08-03 22:16:00.954752","train",68,2.70613956451416,0.00041668500825591177,"","","","","",""
22700,"2026-08-03 22:16:01.745693","train",68,0.3128165900707245,0.000415344341170241,"","","","","",""
22720,"2026-08-03 22:16:02.558634","train",68,1.388584017753601,0.000414004300412478,"","","","","",""
22740,"2026-08-03 22:16:03.386034","train",68,0.1383918970823288,0.00041266489589672766,"","","","","",""
22760,"2026-08-03 22:16:04.235852","train",68,1.6861189603805542,0.0004113261375323879,"","","","","",""
22770,"2026-08-03 22:16:20.597994","val",68,"","",0.8281041934353464,0.2884629566408718,0.7469507920930885,0.6759259259259259,0.7945001858045336,0.8521829521829523
22780,"2026-08-03 22:16:31.538108","train",69,0.4245644807815552,0.00040998803522407644,"","","","","",""
22800,"2026-08-03 22:16:32.333088","train",69,0.18072471022605896,0.0004086505988715566,"","","","","",""
22820,"2026-08-03 22:16:33.163330","train",69,2.087284564971924,0.00040731383836966543,"","","","","",""
22840,"2026-08-03 22:16:34.001336","train",69,2.5424535274505615,0.00040597776360823943,"","","","","",""
22860,"2026-08-03 22:16:34.785623","train",69,0.9646273255348206,0.0004046423844720416,"","","","","",""
22880,"2026-08-03 22:16:35.647132","train",69,0.11503414809703827,0.0004033077108406887,"","","","","",""
22900,"2026-08-03 22:16:36.481798","train",69,0.2765347361564636,0.0004019737525885781,"","","","","",""
22920,"2026-08-03 22:16:37.351117","train",69,1.6628297567367554,0.000400640519584814,"","","","","",""
22940,"2026-08-03 22:16:38.140058","train",69,0.657011091709137,0.0003993080216931353,"","","","","",""
22960,"2026-08-03 22:16:38.919650","train",69,3.0573770999908447,0.00039797626877184243,"","","","","",""
22980,"2026-08-03 22:16:39.759750","train",69,0.1227828785777092,0.0003966452706737238,"","","","","",""
23000,"2026-08-03 22:16:40.586106","train",69,0.1334562599658966,0.00039531503724598373,"","","","","",""
23020,"2026-08-03 22:16:41.591261","train",69,1.2747446298599243,0.0003939855783301692,"","","","","",""
23040,"2026-08-03 22:16:42.374698","train",69,0.18536533415317535,0.0003926569037620967,"","","","","",""
23060,"2026-08-03 22:16:43.242883","train",69,0.13263815641403198,0.00039132902337178025,"","","","","",""
23080,"2026-08-03 22:16:44.054243","train",69,0.044983841478824615,0.0003900019469833585,"","","","","",""
23100,"2026-08-03 22:16:44.801723","train",69,2.4769182205200195,0.00038867568441502075,"","","","","",""
23100,"2026-08-03 22:17:00.527583","val",69,"","",0.8292411322664798,0.29215039839283635,0.7487733071638861,0.6785714285714286,0.7911557041991825,0.8538781384935231
23120,"2026-08-03 22:17:11.984029","train",70,1.9992947578430176,0.00038735024547893656,"","","","","",""
23140,"2026-08-03 22:17:12.830141","train",70,1.2362805604934692,0.00038602563998118135,"","","","","",""
23160,"2026-08-03 22:17:13.648381","train",70,1.953791856765747,0.0003847018777216644,"","","","","",""
23180,"2026-08-03 22:17:14.440280","train",70,1.0051994323730469,0.0003833789684940567,"","","","","",""
23200,"2026-08-03 22:17:15.244644","train",70,0.4264208674430847,0.0003820569220857181,"","","","","",""
23220,"2026-08-03 22:17:16.058011","train",70,0.1694219708442688,0.0003807357482776248,"","","","","",""
23240,"2026-08-03 22:17:16.847941","train",70,6.5943922996521,0.0003794154568442974,"","","","","",""
23260,"2026-08-03 22:17:17.721211","train",70,0.05593114346265793,0.0003780960575537287,"","","","","",""
23280,"2026-08-03 22:17:18.528985","train",70,0.3129968047142029,0.0003767775601673101,"","","","","",""
23300,"2026-08-03 22:17:19.389409","train",70,3.140610933303833,0.00037545997443976154,"","","","","",""
23320,"2026-08-03 22:17:20.188707","train",70,0.5163646340370178,0.0003741433101190576,"","","","","",""
23340,"2026-08-03 22:17:21.071207","train",70,4.7022199630737305,0.00037282757694635576,"","","","","",""
23360,"2026-08-03 22:17:21.862073","train",70,1.9849774837493896,0.00037151278465592504,"","","","","",""
23380,"2026-08-03 22:17:22.683248","train",70,0.8133761286735535,0.00037019894297507327,"","","","","",""
23400,"2026-08-03 22:17:23.520761","train",70,0.10108797997236252,0.0003688860616240749,"","","","","",""
23420,"2026-08-03 22:17:24.362777","train",70,0.2930440604686737,0.00036757415031610035,"","","","","",""
23430,"2026-08-03 22:17:40.680693","val",70,"","",0.8191488533271036,0.2683810987158235,0.7292864152530492,0.705026455026455,0.7801932367149758,0.8357268511114665
