"step","time","part","epoch","loss","lr","auroc","auprc","auroc_age_cond","auroc_I0002","auroc_I0006","auroc_S0001"
20,"2026-08-03 20:06:40.070643","train",0,1.6350669860839844,4.000961077716325e-05,"","","","","",""
40,"2026-08-03 20:06:40.873146","train",0,1.1850895881652832,4.00384427237903e-05,"","","","","",""
60,"2026-08-03 20:06:41.907905","train",0,1.640047550201416,4.008649468530861e-05,"","","","","",""
80,"2026-08-03 20:06:42.702659","train",0,1.6455698013305664,4.01537647374818e-05,"","","","","",""
100,"2026-08-03 20:06:43.564487","train",0,1.6521172523498535,4.024025018648739e-05,"","","","","",""
120,"2026-08-03 20:06:44.405821","train",0,1.1782091856002808,4.034594756902347e-05,"","","","","",""
140,"2026-08-03 20:06:45.340889","train",0,2.6126370429992676,4.047085265244867e-05,"","","","","",""
160,"2026-08-03 20:06:46.164711","train",0,1.6545542478561401,4.061496043495044e-05,"","","","","",""
180,"2026-08-03 20:06:47.025119","train",0,1.173693060874939,4.077826514574693e-05,"","","","","",""
200,"2026-08-03 20:06:47.909695","train",0,1.6542836427688599,4.096076024531585e-05,"","","","","",""
220,"2026-08-03 20:06:48.834272","train",0,0.7113739848136902,4.11624384256587e-05,"","","","","",""
240,"2026-08-03 20:06:49.831553","train",0,0.7090052962303162,4.138329161059199e-05,"","","","","",""
260,"2026-08-03 20:06:50.837169","train",0,1.1784828901290894,4.162331095607075e-05,"","","","","",""
280,"2026-08-03 20:06:51.827217","train",0,0.7122789621353149,4.188248685054331e-05,"","","","","",""
300,"2026-08-03 20:06:52.838188","train",0,1.1825647354125977,4.2160808915335285e-05,"","","","","",""
320,"2026-08-03 20:06:53.839521","train",0,2.1081089973449707,4.245826600506649e-05,"","","","","",""
331,"2026-08-03 20:07:10.879562","val",0,"","",0.6104918315444632,0.12972258842684647,0.5173069306930693,0.6645702306079664,0.6035598705501617,0.6040140732448425
340,"2026-08-03 20:07:22.078818","train",1,2.111600160598755,4.277484620809587e-05,"","","","","",""
360,"2026-08-03 20:07:22.910343","train",1,1.1735403537750244,4.311053684699932e-05,"","","","","",""
380,"2026-08-03 20:07:23.804802","train",1,0.7015328407287598,4.3465324479077306e-05,"","","","","",""
400,"2026-08-03 20:07:24.616307","train",1,1.1761001348495483,4.383919489689262e-05,"","","","","",""
420,"2026-08-03 20:07:25.456614","train",1,1.1741408109664917,4.423213312884015e-05,"","","","","",""
440,"2026-08-03 20:07:26.259443","train",1,1.643347978591919,4.4644123439745663e-05,"","","","","",""
460,"2026-08-03 20:07:27.070511","train",1,1.1793115139007568,4.5075149331496385e-05,"","","","","",""
480,"2026-08-03 20:07:27.888725","train",1,1.1754775047302246,4.55251935437015e-05,"","","","","",""
500,"2026-08-03 20:07:28.720312","train",1,0.691098153591156,4.599423805438333e-05,"","","","","",""
520,"2026-08-03 20:07:29.558112","train",1,0.6847076416015625,4.648226408069918e-05,"","","","","",""
540,"2026-08-03 20:07:30.348488","train",1,1.1712181568145752,4.698925207969316e-05,"","","","","",""
560,"2026-08-03 20:07:31.171462","train",1,0.6707810163497925,4.7515181749079255e-05,"","","","","",""
580,"2026-08-03 20:07:32.016315","train",1,1.1594663858413696,4.8060032028053655e-05,"","","","","",""
600,"2026-08-03 20:07:33.030489","train",1,1.1577262878417969,4.8623781098138886e-05,"","","","","",""
620,"2026-08-03 20:07:33.950862","train",1,1.1812111139297485,4.9206406384057146e-05,"","","","","",""
640,"2026-08-03 20:07:34.914039","train",1,1.6535389423370361,4.98078845546342e-05,"","","","","",""
660,"2026-08-03 20:07:35.929569","train",1,1.1545768976211548,5.042819152373398e-05,"","","","","",""
662,"2026-08-03 20:07:52.192033","val",1,"","",0.6121125910599595,0.13330820703512425,0.4960792079207921,0.6415094339622642,0.6093388811835413,0.6073884535422998
680,"2026-08-03 20:08:03.641758","train",2,1.6525919437408447,5.106730245122294e-05,"","","","","",""
700,"2026-08-03 20:08:04.626598","train",2,1.162575602531433,5.172519174396475e-05,"","","","","",""
720,"2026-08-03 20:08:05.475906","train",2,1.6565487384796143,5.240183305684528e-05,"","","","","",""
740,"2026-08-03 20:08:06.344908","train",2,0.698226273059845,5.3097199293827856e-05,"","","","","",""
760,"2026-08-03 20:08:07.213850","train",2,2.6340320110321045,5.3811262609037235e-05,"","","","","",""
780,"2026-08-03 20:08:08.009918","train",2,1.19950270652771,5.4543994407876134e-05,"","","","","",""
800,"2026-08-03 20:08:08.896805","train",2,1.6985678672790527,5.529536534816916e-05,"","","","","",""
820,"2026-08-03 20:08:09.790157","train",2,1.159391164779663,5.6065345341338967e-05,"","","","","",""
840,"2026-08-03 20:08:10.662617","train",2,1.1445622444152832,5.685390355360969e-05,"","","","","",""
860,"2026-08-03 20:08:11.501315","train",2,0.6596884727478027,5.766100840724254e-05,"","","","","",""
880,"2026-08-03 20:08:12.342023","train",2,1.605792760848999,5.8486627581800935e-05,"","","","","",""
900,"2026-08-03 20:08:13.266902","train",2,0.690909206867218,5.9330728015443194e-05,"","","","","",""
920,"2026-08-03 20:08:14.203148","train",2,0.6675901412963867,6.019327590624799e-05,"","","","","",""
940,"2026-08-03 20:08:15.044274","train",2,1.6734132766723633,6.107423671356709e-05,"","","","","",""
960,"2026-08-03 20:08:15.980907","train",2,1.6290884017944336,6.19735751594087e-05,"","","","","",""
980,"2026-08-03 20:08:16.913466","train",2,1.6723108291625977,6.289125522985031e-05,"","","","","",""
993,"2026-08-03 20:08:33.493261","val",2,"","",0.5999568946937367,0.12484385477139458,0.5036039603960396,0.6729559748427674,0.5850670365233472,0.5954581800735647
1000,"2026-08-03 20:08:44.502432","train",3,1.707742691040039,6.382724017648094e-05,"","","","","",""
1020,"2026-08-03 20:08:45.336934","train",3,0.621171236038208,6.478149251787249e-05,"","","","","",""
1040,"2026-08-03 20:08:46.164579","train",3,1.21474027633667,6.575397404108042e-05,"","","","","",""
1060,"2026-08-03 20:08:46.984931","train",3,1.2891088724136353,6.674464580317513e-05,"","","","","",""
1080,"2026-08-03 20:08:47.956006","train",3,1.1468336582183838,6.775346813279993e-05,"","","","","",""
1100,"2026-08-03 20:08:48.836929","train",3,0.5387352705001831,6.878040063176068e-05,"","","","","",""
1120,"2026-08-03 20:08:49.681380","train",3,2.3393852710723877,6.982540217664304e-05,"","","","","",""
1140,"2026-08-03 20:08:50.510289","train",3,0.576869010925293,7.088843092045976e-05,"","","","","",""
1160,"2026-08-03 20:08:51.440890","train",3,0.5778477191925049,7.196944429432579e-05,"","","","","",""
1180,"2026-08-03 20:08:52.316054","train",3,1.6506359577178955,7.306839900916373e-05,"","","","","",""
1200,"2026-08-03 20:08:53.143516","train",3,0.5471715927124023,7.418525105743617e-05,"","","","","",""
1220,"2026-08-03 20:08:54.009301","train",3,0.9692524671554565,7.531995571490946e-05,"","","","","",""
1240,"2026-08-03 20:08:54.926931","train",3,0.48587024211883545,7.64724675424433e-05,"","","","","",""
1260,"2026-08-03 20:08:55.856750","train",3,0.5463051795959473,7.764274038781144e-05,"","","","","",""
1280,"2026-08-03 20:08:56.782588","train",3,1.871290683746338,7.883072738754896e-05,"","","","","",""
1300,"2026-08-03 20:08:57.663002","train",3,1.0357648134231567,8.003638096882963e-05,"","","","","",""
1320,"2026-08-03 20:08:58.508414","train",3,0.5870401263237,8.125965285137049e-05,"","","","","",""
1324,"2026-08-03 20:09:14.620621","val",3,"","",0.6430190956506746,0.1758435827526445,0.5338613861386139,0.6582809224318658,0.6160425335182618,0.6435950743643052
1340,"2026-08-03 20:09:25.837110","train",4,1.8957672119140625,8.250049404936522e-05,"","","","","",""
1360,"2026-08-03 20:09:26.659291","train",4,0.4933983385562897,8.375885487344641e-05,"","","","","",""
1380,"2026-08-03 20:09:27.635170","train",4,2.29011869430542,8.503468493267449e-05,"","","","","",""
1400,"2026-08-03 20:09:28.540339","train",4,1.0650594234466553,8.632793313655585e-05,"","","","","",""
1420,"2026-08-03 20:09:29.410588","train",4,2.3528194427490234,8.763854769708974e-05,"","","","","",""
1440,"2026-08-03 20:09:30.301426","train",4,1.856856346130371,8.896647613084049e-05,"","","","","",""
1460,"2026-08-03 20:09:31.138654","train",4,1.454474925994873,9.03116652610403e-05,"","","","","",""
1480,"2026-08-03 20:09:32.004805","train",4,1.2474968433380127,9.167406121971856e-05,"","","","","",""
1500,"2026-08-03 20:09:32.803237","train",4,2.082758665084839,9.30536094498587e-05,"","","","","",""
1520,"2026-08-03 20:09:33.700502","train",4,0.5407983064651489,9.445025470758309e-05,"","","","","",""
1540,"2026-08-03 20:09:34.563758","train",4,2.2221224308013916,9.586394106436528e-05,"","","","","",""
1560,"2026-08-03 20:09:35.564881","train",4,2.732532024383545,9.729461190926961e-05,"","","","","",""
1580,"2026-08-03 20:09:36.444029","train",4,1.2546470165252686,9.874220995121838e-05,"","","","","",""
1600,"2026-08-03 20:09:37.338156","train",4,1.188818097114563,0.0001002066772212856,"","","","","",""
1620,"2026-08-03 20:09:38.217055","train",4,1.016392469406128,0.00010168795507501868,"","","","","",""
1640,"2026-08-03 20:09:39.076266","train",4,1.096004605293274,0.00010318598419478719,"","","","","",""
1655,"2026-08-03 20:09:55.575142","val",4,"","",0.7151773783352731,0.2161493417285421,0.5845544554455445,0.679245283018868,0.7006472491909385,0.719350711658404
1660,"2026-08-03 20:10:06.491385","train",5,1.5618784427642822,0.0001047007045921574,"","","","","",""
1680,"2026-08-03 20:10:07.335296","train",5,0.39702117443084717,0.00010623205561029517,"","","","","",""
1700,"2026-08-03 20:10:08.188437","train",5,2.299861431121826,0.00010777997592639472,"","","","","",""
1720,"2026-08-03 20:10:09.056203","train",5,1.5116281509399414,0.00010934440355413416,"","","","","",""
1740,"2026-08-03 20:10:09.876042","train",5,1.1385267972946167,0.0001109252758461582,"","","","","",""
1760,"2026-08-03 20:10:10.905050","train",5,1.1224596500396729,0.00011252252949658611,"","","","","",""
1780,"2026-08-03 20:10:11.759268","train",5,0.7914790511131287,0.00011413610054354759,"","","","","",""
1800,"2026-08-03 20:10:12.663924","train",5,0.5601736307144165,0.00011576592437174352,"","","","","",""
1820,"2026-08-03 20:10:13.648706","train",5,0.5238936543464661,0.00011741193571503388,"","","","","",""
1840,"2026-08-03 20:10:14.585413","train",5,1.0284409523010254,0.00011907406865905104,"","","","","",""
1860,"2026-08-03 20:10:15.417556","train",5,0.4817654490470886,0.00012075225664383922,"","","","","",""
1880,"2026-08-03 20:10:16.290947","train",5,1.7923145294189453,0.0001224464324665205,"","","","","",""
1900,"2026-08-03 20:10:17.153473","train",5,0.3924356997013092,0.00012415652828398518,"","","","","",""
1920,"2026-08-03 20:10:18.022323","train",5,0.32027924060821533,0.00012588247561560887,"","","","","",""
1940,"2026-08-03 20:10:18.827277","train",5,2.116405725479126,0.0001276242053459951,"","","","","",""
1960,"2026-08-03 20:10:19.625723","train",5,1.2225825786590576,0.00012938164772774235,"","","","","",""
1980,"2026-08-03 20:10:20.530320","train",5,1.8344261646270752,0.00013115473238423786,"","","","","",""
1986,"2026-08-03 20:10:37.145170","val",5,"","",0.7373507478770637,0.23712960804222022,0.569029702970297,0.6813417190775681,0.7376329172445677,0.736750359827283
2000,"2026-08-03 20:10:48.305964","train",6,2.2642951011657715,0.000132943388312475,"","","","","",""
2020,"2026-08-03 20:10:49.181710","train",6,0.3709605932235718,0.00013474754388589764,"","","","","",""
2040,"2026-08-03 20:10:50.039759","train",6,0.8569577932357788,0.0001365671268572673,"","","","","",""
2060,"2026-08-03 20:10:50.988523","train",6,0.9916560053825378,0.00013840206436155724,"","","","","",""
2080,"2026-08-03 20:10:51.820455","train",6,1.0282375812530518,0.00014025228291886943,"","","","","",""
2100,"2026-08-03 20:10:52.667539","train",6,1.4210200309753418,0.00014211770843737786,"","","","","",""
2120,"2026-08-03 20:10:53.565943","train",6,0.7206926345825195,0.00014399826621629543,"","","","","",""
2140,"2026-08-03 20:10:54.365718","train",6,0.2813369035720825,0.00014589388094886433,"","","","","",""
2160,"2026-08-03 20:10:55.259954","train",6,0.20692138373851776,0.00014780447672537356,"","","","","",""
2180,"2026-08-03 20:10:56.046872","train",6,1.1995067596435547,0.00014972997703619644,"","","","","",""
2200,"2026-08-03 20:10:56.929458","train",6,1.4439300298690796,0.00015167030477485663,"","","","","",""
2220,"2026-08-03 20:10:57.842083","train",6,1.8197904825210571,0.00015362538224111442,"","","","","",""
2240,"2026-08-03 20:10:58.765274","train",6,0.6446232795715332,0.0001555951311440787,"","","","","",""
2260,"2026-08-03 20:10:59.619784","train",6,1.491652488708496,0.00015757947260534194,"","","","","",""
2280,"2026-08-03 20:11:00.435607","train",6,0.47202450037002563,0.00015957832716213913,"","","","","",""
2300,"2026-08-03 20:11:01.267186","train",6,1.272416353225708,0.00016159161477052994,"","","","","",""
2317,"2026-08-03 20:11:17.887333","val",6,"","",0.7884132936764516,0.26830096873616166,0.6271683168316832,0.7253668763102725,0.7827092001849283,0.7927714696945466
2320,"2026-08-03 20:11:28.578489","train",7,0.3911011219024658,0.00016361925480860352,"","","","","",""
2340,"2026-08-03 20:11:29.446916","train",7,1.0374435186386108,0.0001656611660797077,"","","","","",""
2360,"2026-08-03 20:11:30.277977","train",7,1.3571467399597168,0.00016771726681569948,"","","","","",""
2380,"2026-08-03 20:11:31.169975","train",7,0.961471676826477,0.00016978747468022104,"","","","","",""
2400,"2026-08-03 20:11:31.984259","train",7,0.7207024097442627,0.00017187170677199508,"","","","","",""
2420,"2026-08-03 20:11:32.811058","train",7,1.0912920236587524,0.00017396987962814598,"","","","","",""
2440,"2026-08-03 20:11:33.676451","train",7,1.8498954772949219,0.00017608190922754115,"","","","","",""
2460,"2026-08-03 20:11:34.608502","train",7,0.7101260423660278,0.00017820771099415645,"","","","","",""
2480,"2026-08-03 20:11:35.427333","train",7,1.619527816772461,0.0001803471998004624,"","","","","",""
2500,"2026-08-03 20:11:36.332727","train",7,2.904707431793213,0.00018250028997083341,"","","","","",""
2520,"2026-08-03 20:11:37.170131","train",7,1.6509151458740234,0.0001846668952849782,"","","","","",""
2540,"2026-08-03 20:11:38.005809","train",7,0.659090518951416,0.00018684692898139328,"","","","","",""
2560,"2026-08-03 20:11:38.923995","train",7,0.45938700437545776,0.00018904030376083682,"","","","","",""
2580,"2026-08-03 20:11:39.921673","train",7,3.6046223640441895,0.0001912469317898244,"","","","","",""
2600,"2026-08-03 20:11:40.869316","train",7,0.4760666489601135,0.0001934667247041464,"","","","","",""
2620,"2026-08-03 20:11:41.723601","train",7,0.8133562803268433,0.00019569959361240708,"","","","","",""
2640,"2026-08-03 20:11:42.527099","train",7,0.18704909086227417,0.0001979454490995834,"","","","","",""
2648,"2026-08-03 20:11:58.959415","val",7,"","",0.8105608000344842,0.30290500321972225,0.6618613861386139,0.750524109014675,0.8136846971798428,0.8142811450503757
2660,"2026-08-03 20:12:10.209470","train",8,0.4146135747432709,0.0002002042012306059,"","","","","",""
2680,"2026-08-03 20:12:11.166635","train",8,0.6943439841270447,0.00020247575955396045,"","","","","",""
2700,"2026-08-03 20:12:11.960865","train",8,0.9183611869812012,0.00020476003310531028,"","","","","",""
2720,"2026-08-03 20:12:12.918662","train",8,0.3719852864742279,0.00020705693041113838,"","","","","",""
2740,"2026-08-03 20:12:13.743550","train",8,0.4490540325641632,0.00020936635949241067,"","","","","",""
2760,"2026-08-03 20:12:14.705758","train",8,0.6610734462738037,0.00021168822786825912,"","","","","",""
2780,"2026-08-03 20:12:15.553889","train",8,0.21902114152908325,0.00021402244255968586,"","","","","",""
2800,"2026-08-03 20:12:16.539188","train",8,0.8043761253356934,0.00021636891009328555,"","","","","",""
2820,"2026-08-03 20:12:17.549669","train",8,1.9912333488464355,0.00021872753650498903,"","","","","",""
2840,"2026-08-03 20:12:18.359426","train",8,3.0047664642333984,0.00022109822734382625,"","","","","",""
2860,"2026-08-03 20:12:19.243391","train",8,1.0541201829910278,0.00022348088767570786,"","","","","",""
2880,"2026-08-03 20:12:20.049302","train",8,0.6361748576164246,0.00022587542208722786,"","","","","",""
2900,"2026-08-03 20:12:21.009949","train",8,0.3785964250564575,0.0002282817346894836,"","","","","",""
2920,"2026-08-03 20:12:21.966658","train",8,0.7886841893196106,0.00023069972912191552,"","","","","",""
2940,"2026-08-03 20:12:22.822887","train",8,1.8579946756362915,0.00023312930855616694,"","","","","",""
2960,"2026-08-03 20:12:23.704557","train",8,2.5593390464782715,0.00023557037569996078,"","","","","",""
2979,"2026-08-03 20:12:40.658312","val",8,"","",0.8075520496573128,0.2643943270660015,0.6556831683168317,0.7442348008385744,0.789875173370319,0.8175435790820407
2980,"2026-08-03 20:12:51.353487","train",9,1.5821032524108887,0.00023802283280099522,"","","","","",""
3000,"2026-08-03 20:12:52.181100","train",9,0.3335149884223938,0.00024048658165085914,"","","","","",""
3020,"2026-08-03 20:12:53.114445","train",9,0.8118267059326172,0.00024296152358896416,"","","","","",""
3040,"2026-08-03 20:12:53.980984","train",9,0.5552388429641724,0.000245447559506496,"","","","","",""
3060,"2026-08-03 20:12:54.851584","train",9,0.3599282503128052,0.0002479445898503829,"","","","","",""
3080,"2026-08-03 20:12:55.674117","train",9,0.7925252914428711,0.00025045251462728227,"","","","","",""
3100,"2026-08-03 20:12:56.600174","train",9,1.7074711322784424,0.0002529712334075852,"","","","","",""
3120,"2026-08-03 20:12:57.425077","train",9,1.2714886665344238,0.00025550064532943754,"","","","","",""
3140,"2026-08-03 20:12:58.260293","train",9,0.5002282857894897,0.00025804064910277984,"","","","","",""
3160,"2026-08-03 20:12:59.156818","train",9,3.437195301055908,0.00026059114301340235,"","","","","",""
3180,"2026-08-03 20:13:00.050484","train",9,0.32796186208724976,0.00026315202492701955,"","","","","",""
3200,"2026-08-03 20:13:00.865683","train",9,1.6550885438919067,0.0002657231922933586,"","","","","",""
3220,"2026-08-03 20:13:01.693551","train",9,1.3502243757247925,0.00026830454215026687,"","","","","",""
3240,"2026-08-03 20:13:02.667988","train",9,1.0281291007995605,0.0002708959711278352,"","","","","",""
3260,"2026-08-03 20:13:03.484457","train",9,0.5179039835929871,0.0002734973754525365,"","","","","",""
3280,"2026-08-03 20:13:04.421519","train",9,1.6943671703338623,0.0002761086509513826,"","","","","",""
3300,"2026-08-03 20:13:05.270275","train",9,0.9762169122695923,0.0002787296930560941,"","","","","",""
3310,"2026-08-03 20:13:21.558192","val",9,"","",0.8118798224061382,0.2674371155037449,0.6750891089108911,0.7253668763102725,0.7843273231622747,0.8247081400927554
3320,"2026-08-03 20:13:32.655854","train",10,1.2529568672180176,0.00028136039680728964,"","","","","",""
3340,"2026-08-03 20:13:33.481594","train",10,0.7568337917327881,0.0002840006568586875,"","","","","",""
3360,"2026-08-03 20:13:34.297843","train",10,0.7781081199645996,0.0002866503674813256,"","","","","",""
3380,"2026-08-03 20:13:35.115660","train",10,0.5497696995735168,0.000289309422567794,"","","","","",""
3400,"2026-08-03 20:13:35.960919","train",10,1.8451110124588013,0.00029197771563648455,"","","","","",""
3420,"2026-08-03 20:13:36.882367","train",10,0.9311525225639343,0.00029465513983585536,"","","","","",""
3440,"2026-08-03 20:13:37.942432","train",10,0.7532233595848083,0.00029734158794870915,"","","","","",""
3460,"2026-08-03 20:13:38.893623","train",10,0.6395519971847534,0.0003000369523964869,"","","","","",""
3480,"2026-08-03 20:13:39.659866","train",10,0.7119645476341248,0.00030274112524357596,"","","","","",""
3500,"2026-08-03 20:13:40.581328","train",10,1.0337491035461426,0.0003054539982016316,"","","","","",""
3520,"2026-08-03 20:13:41.484041","train",10,0.432283878326416,0.0003081754626339145,"","","","","",""
3540,"2026-08-03 20:13:42.306265","train",10,0.7137488126754761,0.0003109054095596404,"","","","","",""
3560,"2026-08-03 20:13:43.178867","train",10,0.2676975131034851,0.00031364372965834444,"","","","","",""
3580,"2026-08-03 20:13:44.013443","train",10,0.7557094097137451,0.0003163903132742591,"","","","","",""
3600,"2026-08-03 20:13:44.831115","train",10,0.8905730247497559,0.00031914505042070446,"","","","","",""
3620,"2026-08-03 20:13:45.671268","train",10,0.25066858530044556,0.0003219078307844937,"","","","","",""
3640,"2026-08-03 20:13:46.462011","train",10,2.2967538833618164,0.00032467854373035003,"","","","","",""
3641,"2026-08-03 20:14:02.482610","val",10,"","",0.80675891202207,0.28014340400701265,0.6412673267326733,0.7631027253668763,0.7709200184928341,0.8200543739005277
3660,"2026-08-03 20:14:14.012183","train",11,0.6947317719459534,0.0003274570783053372,"","","","","",""
3680,"2026-08-03 20:14:14.948007","train",11,0.2104921042919159,0.0003302433232433027,"","","","","",""
3700,"2026-08-03 20:14:15.999505","train",11,1.030138373374939,0.0003330371669693329,"","","","","",""
3720,"2026-08-03 20:14:17.055554","train",11,1.448563814163208,0.0003358384976042217,"","","","","",""
3740,"2026-08-03 20:14:17.948215","train",11,1.3430379629135132,0.0003386472029689503,"","","","","",""
3760,"2026-08-03 20:14:18.799637","train",11,4.006669998168945,0.0003414631705891799,"","","","","",""
3780,"2026-08-03 20:14:19.646798","train",11,0.9604568481445312,0.0003442862876997547,"","","","","",""
3800,"2026-08-03 20:14:20.638937","train",11,0.4187505841255188,0.000347116441249219,"","","","","",""
3820,"2026-08-03 20:14:21.537937","train",11,1.0987472534179688,0.00034995351790434296,"","","","","",""
3840,"2026-08-03 20:14:22.392327","train",11,0.4233335554599762,0.0003527974040546621,"","","","","",""
3860,"2026-08-03 20:14:23.316779","train",11,0.5492428541183472,0.00035564798581702584,"","","","","",""
3880,"2026-08-03 20:14:24.138370","train",11,0.46061569452285767,0.00035850514904015897,"","","","","",""
3900,"2026-08-03 20:14:24.974922","train",11,1.3233742713928223,0.0003613687793092321,"","","","","",""
3920,"2026-08-03 20:14:25.901260","train",11,2.6963400840759277,0.0003642387619504436,"","","","","",""
3940,"2026-08-03 20:14:26.720399","train",11,0.3910367488861084,0.00036711498203561145,"","","","","",""
3960,"2026-08-03 20:14:27.556821","train",11,0.7695932388305664,0.0003699973243867762,"","","","","",""
3972,"2026-08-03 20:14:44.331517","val",11,"","",0.789603000129316,0.2547252127015758,0.6251881188118812,0.6939203354297694,0.7732316227461857,0.7986886294578602
3980,"2026-08-03 20:14:55.271282","train",12,1.7773432731628418,0.00037288567358081275,"","","","","",""
4000,"2026-08-03 20:14:56.139757","train",12,0.40946319699287415,0.0003757799139540523,"","","","","",""
4020,"2026-08-03 20:14:57.035561","train",12,0.49234092235565186,0.0003786799296069146,"","","","","",""
4040,"2026-08-03 20:14:57.901289","train",12,1.5241185426712036,0.00038158560440854864,"","","","","",""
4060,"2026-08-03 20:14:58.874344","train",12,0.6711359024047852,0.0003844968220014836,"","","","","",""
4080,"2026-08-03 20:14:59.820732","train",12,0.16697563230991364,0.00038741346580628804,"","","","","",""
4100,"2026-08-03 20:15:00.668051","train",12,0.5722311735153198,0.0003903354190262381,"","","","","",""
4120,"2026-08-03 20:15:01.457283","train",12,1.3316305875778198,0.0003932625646519954,"","","","","",""
4140,"2026-08-03 20:15:02.316216","train",12,0.13410432636737823,0.0003961947854662915,"","","","","",""
4160,"2026-08-03 20:15:03.206398","train",12,1.3319334983825684,0.0003991319640486234,"","","","","",""
4180,"2026-08-03 20:15:04.009737","train",12,0.6890614628791809,0.00040207398277995385,"","","","","",""
4200,"2026-08-03 20:15:05.053440","train",12,0.46163511276245117,0.00040502072384742294,"","","","","",""
4220,"2026-08-03 20:15:05.935130","train",12,0.44425660371780396,0.00040797206924906486,"","","","","",""
4240,"2026-08-03 20:15:06.778468","train",12,4.236937999725342,0.0004109279007985338,"","","","","",""
4260,"2026-08-03 20:15:07.794796","train",12,4.015463829040527,0.0004138881001298369,"","","","","",""
4280,"2026-08-03 20:15:08.620290","train",12,0.6263312101364136,0.00041685254870207325,"","","","","",""
4300,"2026-08-03 20:15:09.466944","train",12,0.1843748390674591,0.0004198211278041821,"","","","","",""
4303,"2026-08-03 20:15:25.707916","val",12,"","",0.807905513168671,0.2679615059285946,0.6693861386138614,0.7274633123689728,0.767221451687471,0.8239085239085239
4320,"2026-08-03 20:15:37.355368","train",13,0.4874773323535919,0.00042279371855969577,"","","","","",""
4340,"2026-08-03 20:15:38.207851","train",13,0.9452447891235352,0.00042577020193150007,"","","","","",""
4360,"2026-08-03 20:15:39.117398","train",13,0.4537012577056885,0.0004287504587266017,"","","","","",""
4380,"2026-08-03 20:15:40.001233","train",13,1.7393414974212646,0.000431734369600901,"","","","","",""
4400,"2026-08-03 20:15:40.851867","train",13,2.019381523132324,0.00043472181506397096,"","","","","",""
4420,"2026-08-03 20:15:41.697232","train",13,0.6388808488845825,0.0004377126754838422,"","","","","",""
4440,"2026-08-03 20:15:42.546411","train",13,0.27343326807022095,0.0004407068310917937,"","","","","",""
4460,"2026-08-03 20:15:43.368212","train",13,1.416694164276123,0.0004437041619871491,"","","","","",""
4480,"2026-08-03 20:15:44.282783","train",13,0.11297508329153061,0.0004467045481420781,"","","","","",""
4500,"2026-08-03 20:15:45.144724","train",13,0.7164145112037659,0.0004497078694064024,"","","","","",""
4520,"2026-08-03 20:15:46.068453","train",13,1.792111873626709,0.0004527140055124078,"","","","","",""
4540,"2026-08-03 20:15:46.987898","train",13,1.3106975555419922,0.0004557228360796599,"","","","","",""
4560,"2026-08-03 20:15:47.908490","train",13,1.538468599319458,0.0004587342406198251,"","","","","",""
4580,"2026-08-03 20:15:48.857218","train",13,0.5221312046051025,0.00046174809854149495,"","","","","",""
4600,"2026-08-03 20:15:49.683277","train",13,0.5379745364189148,0.0004647642891550159,"","","","","",""
4620,"2026-08-03 20:15:50.494721","train",13,0.8825926780700684,0.0004677826916773218,"","","","","",""
4634,"2026-08-03 20:16:07.131140","val",13,"","",0.8033018664597611,0.24849747663449023,0.6635247524752476,0.70020964360587,0.7718446601941747,0.8179433871741565
4640,"2026-08-03 20:16:18.230878","train",14,0.3336477279663086,0.0004708031852367709,"","","","","",""
4660,"2026-08-03 20:16:19.066054","train",14,2.9160451889038086,0.00047382564887798583,"","","","","",""
4680,"2026-08-03 20:16:19.933198","train",14,1.518320083618164,0.0004768499615666978,"","","","","",""
4700,"2026-08-03 20:16:20.771897","train",14,0.7926707863807678,0.0004798760021945931,"","","","","",""
4720,"2026-08-03 20:16:21.638059","train",14,0.8006987571716309,0.0004829036495841624,"","","","","",""
4740,"2026-08-03 20:16:22.536963","train",14,2.3230819702148438,0.00048593278249355455,"","","","","",""
4760,"2026-08-03 20:16:23.385678","train",14,0.6967262029647827,0.0004889632796214299,"","","","","",""
4780,"2026-08-03 20:16:24.306875","train",14,0.7525779008865356,0.0004919950196118196,"","","","","",""
4800,"2026-08-03 20:16:25.157313","train",14,0.5283607244491577,0.0004950278810589842,"","","","","",""
4820,"2026-08-03 20:16:26.087615","train",14,0.3913470506668091,0.0004980617425122757,"","","","","",""
4840,"2026-08-03 20:16:27.069848","train",14,0.6779475808143616,0.0005010964824810007,"","","","","",""
4860,"2026-08-03 20:16:27.934000","train",14,0.07961384952068329,0.0005041319794392861,"","","","","",""
4880,"2026-08-03 20:16:28.736251","train",14,0.3209180235862732,0.0005071681118309449,"","","","","",""
4900,"2026-08-03 20:16:29.649759","train",14,2.349214792251587,0.0005102047580743444,"","","","","",""
4920,"2026-08-03 20:16:30.546910","train",14,2.6011033058166504,0.0005132417965672748,"","","","","",""
4940,"2026-08-03 20:16:31.423825","train",14,0.4367169141769409,0.0005162791056918187,"","","","","",""
4960,"2026-08-03 20:16:32.359338","train",14,1.0808756351470947,0.000519316563819221,"","","","","",""
4965,"2026-08-03 20:16:49.374530","val",14,"","",0.8065951118582697,0.26031411848259406,0.6480792079207921,0.7463312368972745,0.7408691631992603,0.828242443627059
4980,"2026-08-03 20:17:00.653177","train",15,1.1460869312286377,0.0005223540493147602,"","","","","",""
5000,"2026-08-03 20:17:01.454028","train",15,0.473355233669281,0.0005253914405426186,"","","","","",""
5020,"2026-08-03 20:17:02.470626","train",15,0.2672698497772217,0.0005284286158707533,"","","","","",""
5040,"2026-08-03 20:17:03.338351","train",15,0.11701196432113647,0.0005314654536757677,"","","","","",""
5060,"2026-08-03 20:17:04.170558","train",15,1.001855731010437,0.0005345018323477805,"","","","","",""
5080,"2026-08-03 20:17:05.235227","train",15,0.2181309163570404,0.0005375376302952969,"","","","","",""
5100,"2026-08-03 20:17:06.047974","train",15,0.04596222937107086,0.0005405727259500768,"","","","","",""
5120,"2026-08-03 20:17:06.911263","train",15,0.35824209451675415,0.0005436069977720037,"","","","","",""
5140,"2026-08-03 20:17:07.796320","train",15,0.8491114377975464,0.0005466403242539509,"","","","","",""
5160,"2026-08-03 20:17:08.637013","train",15,0.9535887241363525,0.0005496725839266485,"","","","","",""
5180,"2026-08-03 20:17:09.541916","train",15,0.22111010551452637,0.0005527036553635459,"","","","","",""
5200,"2026-08-03 20:17:10.370997","train",15,0.337139755487442,0.0005557334171856765,"","","","","",""
5220,"2026-08-03 20:17:11.216975","train",15,0.21053817868232727,0.0005587617480665157,"","","","","",""
5240,"2026-08-03 20:17:12.074671","train",15,0.9605668783187866,0.0005617885267368421,"","","","","",""
5260,"2026-08-03 20:17:12.977830","train",15,0.2704513370990753,0.0005648136319895916,"","","","","",""
5280,"2026-08-03 20:17:13.823779","train",15,3.588385581970215,0.0005678369426847122,"","","","","",""
5296,"2026-08-03 20:17:30.752589","val",15,"","",0.7928272770378033,0.25450473030483617,0.6372277227722772,0.6960167714884695,0.7508090614886731,0.8105069566608029
5300,"2026-08-03 20:17:42.291621","train",16,0.33623331785202026,0.0005708583377540148,"","","","","",""
5320,"2026-08-03 20:17:43.298128","train",16,0.6727129220962524,0.0005738776962060214,"","","","","",""
5340,"2026-08-03 20:17:44.292034","train",16,2.6695432662963867,0.0005768948971308101,"","","","","",""
5360,"2026-08-03 20:17:45.265241","train",16,1.8695876598358154,0.000579909819704857,"","","","","",""
5380,"2026-08-03 20:17:46.123574","train",16,0.9212997555732727,0.0005829223431958743,"","","","","",""
5400,"2026-08-03 20:17:47.115759","train",16,0.5320436954498291,0.0005859323469676456,"","","","","",""
5420,"2026-08-03 20:17:48.169941","train",16,1.676460862159729,0.0005889397104848562,"","","","","",""
5440,"2026-08-03 20:17:49.121743","train",16,1.3246588706970215,0.0005919443133179205,"","","","","",""
5460,"2026-08-03 20:17:50.306512","train",16,2.3546202182769775,0.0005949460351478033,"","","","","",""
5480,"2026-08-03 20:17:51.240611","train",16,0.42306190729141235,0.0005979447557708404,"","","","","",""
5500,"2026-08-03 20:17:52.371668","train",16,2.4434165954589844,0.0006009403551035491,"","","","","",""
5520,"2026-08-03 20:17:53.380418","train",16,0.3391144275665283,0.0006039327131874396,"","","","","",""
5540,"2026-08-03 20:17:54.537847","train",16,0.6391500234603882,0.0006069217101938168,"","","","","",""
5560,"2026-08-03 20:17:55.636408","train",16,0.2063397467136383,0.0006099072264285803,"","","","","",""
5580,"2026-08-03 20:17:56.851414","train",16,2.720365047454834,0.0006128891423370162,"","","","","",""
5600,"2026-08-03 20:17:57.942356","train",16,1.2777695655822754,0.0006158673385085862,"","","","","",""
5620,"2026-08-03 20:17:58.952039","train",16,6.947628974914551,0.0006188416956817073,"","","","","",""
5627,"2026-08-03 20:18:19.524909","val",16,"","",0.7852752273804906,0.24535947890020182,0.6078415841584158,0.7337526205450733,0.7436430883032825,0.8012953782184551
5640,"2026-08-03 20:18:33.013038","train",17,1.5984396934509277,0.0006218120947485303,"","","","","",""
5660,"2026-08-03 20:18:34.043703","train",17,3.561008930206299,0.0006247784167597067,"","","","","",""
5680,"2026-08-03 20:18:35.089944","train",17,2.20929217338562,0.0006277405429291541,"","","","","",""
5700,"2026-08-03 20:18:36.208857","train",17,2.0788662433624268,0.0006306983546388118,"","","","","",""
5720,"2026-08-03 20:18:37.221237","train",17,2.623795509338379,0.0006336517334433909,"","","","","",""
5740,"2026-08-03 20:18:38.251866","train",17,0.5937221646308899,0.000636600561075119,"","","","","",""
5760,"2026-08-03 20:18:39.185862","train",17,0.6790692210197449,0.0006395447194484736,"","","","","",""
5780,"2026-08-03 20:18:40.174260","train",17,1.0757039785385132,0.000642484090664913,"","","","","",""
5800,"2026-08-03 20:18:41.130849","train",17,0.1233888790011406,0.0006454185570175963,"","","","","",""
5820,"2026-08-03 20:18:42.179206","train",17,3.123868942260742,0.0006483480009960979,"","","","","",""
5840,"2026-08-03 20:18:43.271802","train",17,3.5928823947906494,0.0006512723052911123,"","","","","",""
5860,"2026-08-03 20:18:44.319353","train",17,0.9662920236587524,0.0006541913527991525,"","","","","",""
5880,"2026-08-03 20:18:45.517425","train",17,1.4811663627624512,0.0006571050266272382,"","","","","",""
5900,"2026-08-03 20:18:46.621704","train",17,1.084027886390686,0.0006600132100975791,"","","","","",""
5920,"2026-08-03 20:18:47.763535","train",17,1.7678945064544678,0.0006629157867522439,"","","","","",""
5940,"2026-08-03 20:18:48.933757","train",17,0.5670682191848755,0.0006658126403578273,"","","","","",""
5958,"2026-08-03 20:19:09.587170","val",17,"","",0.8104401051769473,0.2717351089796484,0.6744554455445545,0.7358490566037736,0.7602866389274157,0.827890612505997
5960,"2026-08-03 20:19:22.906097","train",18,0.7170878052711487,0.0006687036549101022,"","","","","",""
5980,"2026-08-03 20:19:23.832677","train",18,0.5754292607307434,0.0006715887146386658,"","","","","",""
6000,"2026-08-03 20:19:24.796699","train",18,1.4565187692642212,0.0006744677040115756,"","","","","",""
6020,"2026-08-03 20:19:25.810013","train",18,0.5090969204902649,0.0006773405077399766,"","","","","",""
6040,"2026-08-03 20:19:26.637191","train",18,1.0089600086212158,0.0006802070107827165,"","","","","",""
6060,"2026-08-03 20:19:27.648782","train",18,4.764230728149414,0.0006830670983509539,"","","","","",""
6080,"2026-08-03 20:19:28.658953","train",18,1.729093074798584,0.0006859206559127541,"","","","","",""
6100,"2026-08-03 20:19:29.591457","train",18,0.8402916193008423,0.0006887675691976763,"","","","","",""
6120,"2026-08-03 20:19:30.684967","train",18,1.7427362203598022,0.0006916077242013485,"","","","","",""
6140,"2026-08-03 20:19:31.594417","train",18,2.0188755989074707,0.0006944410071900343,"","","","","",""
6160,"2026-08-03 20:19:32.674671","train",18,0.3556646704673767,0.0006972673047051858,"","","","","",""
6180,"2026-08-03 20:19:33.743670","train",18,0.15526504814624786,0.0007000865035679878,"","","","","",""
6200,"2026-08-03 20:19:34.837120","train",18,0.41370436549186707,0.0007028984908838902,"","","","","",""
6220,"2026-08-03 20:19:35.892491","train",18,0.5681142210960388,0.0007057031540471287,"","","","","",""
6240,"2026-08-03 20:19:37.023595","train",18,0.0701037272810936,0.0007085003807452334,"","","","","",""
6260,"2026-08-03 20:19:38.124822","train",18,0.2550538182258606,0.0007112900589635279,"","","","","",""
6280,"2026-08-03 20:19:39.178515","train",18,1.417895793914795,0.0007140720769896128,"","","","","",""
6289,"2026-08-03 20:19:58.287046","val",18,"","",0.8162851847062373,0.29118620913267496,0.6828514851485149,0.7421383647798743,0.7660656495607951,0.8354709739325124
6300,"2026-08-03 20:20:11.032214","train",19,0.32857993245124817,0.0007168463234178414,"","","","","",""
6320,"2026-08-03 20:20:12.029757","train",19,1.285923957824707,0.0007196126871537791,"","","","","",""
6340,"2026-08-03 20:20:13.038735","train",19,0.32496026158332825,0.0007223710574186537,"","","","","",""
6360,"2026-08-03 20:20:14.002646","train",19,0.6072685122489929,0.0007251213237537901,"","","","","",""
6380,"2026-08-03 20:20:14.917323","train",19,3.157651901245117,0.0007278633760250347,"","","","","",""
6400,"2026-08-03 20:20:15.781439","train",19,0.48372703790664673,0.0007305971044271652,"","","","","",""
6420,"2026-08-03 20:20:16.730181","train",19,0.6209405660629272,0.0007333223994882882,"","","","","",""
6440,"2026-08-03 20:20:17.660057","train",19,0.3679288923740387,0.0007360391520742219,"","","","","",""
6460,"2026-08-03 20:20:18.749774","train",19,2.4850270748138428,0.0007387472533928673,"","","","","",""
6480,"2026-08-03 20:20:19.635751","train",19,0.2537916898727417,0.0007414465949985654,"","","","","",""
6500,"2026-08-03 20:20:20.680264","train",19,1.621547818183899,0.0007441370687964378,"","","","","",""
6520,"2026-08-03 20:20:21.759264","train",19,0.19531169533729553,0.000746818567046718,"","","","","",""
6540,"2026-08-03 20:20:22.908838","train",19,1.6827232837677002,0.0007494909823690632,"","","","","",""
6560,"2026-08-03 20:20:23.933649","train",19,3.9639129638671875,0.0007521542077468562,"","","","","",""
6580,"2026-08-03 20:20:25.060048","train",19,1.3512382507324219,0.0007548081365314899,"","","","","",""
6600,"2026-08-03 20:20:26.100849","train",19,0.2405817210674286,0.0007574526624466395,"","","","","",""
6620,"2026-08-03 20:20:27.117384","train",19,0.1302357167005539,0.0007600876795925153,"","","","","",""
6620,"2026-08-03 20:20:46.208264","val",19,"","",0.793913530755636,0.23706306428313065,0.6412673267326733,0.6834381551362684,0.7741562644475266,0.8095474172397249
6640,"2026-08-03 20:20:59.399349","train",20,0.80946946144104,0.0007627130824501072,"","","","","",""
6660,"2026-08-03 20:21:00.315776","train",20,0.18792709708213806,0.0007653287658854071,"","","","","",""
6680,"2026-08-03 20:21:01.238417","train",20,1.5956233739852905,0.0007679346251536212,"","","","","",""
6700,"2026-08-03 20:21:02.249685","train",20,5.146184921264648,0.0007705305559033626,"","","","","",""
6720,"2026-08-03 20:21:03.068146","train",20,0.3364022374153137,0.0007731164541808317,"","","","","",""
6740,"2026-08-03 20:21:04.011384","train",20,0.3223420977592468,0.0007756922164339781,"","","","","",""
6760,"2026-08-03 20:21:05.009541","train",20,0.1965636909008026,0.0007782577395166472,"","","","","",""
6780,"2026-08-03 20:21:05.856552","train",20,0.8965526819229126,0.0007808129206927114,"","","","","",""
6800,"2026-08-03 20:21:06.794955","train",20,1.8884577751159668,0.0007833576576401837,"","","","","",""
6820,"2026-08-03 20:21:07.742996","train",20,2.1720991134643555,0.0007858918484553148,"","","","","",""
6840,"2026-08-03 20:21:08.794696","train",20,0.26202917098999023,0.0007884153916566754,"","","","","",""
6860,"2026-08-03 20:21:09.873015","train",20,0.3513866662979126,0.0007909281861892175,"","","","","",""
6880,"2026-08-03 20:21:11.007521","train",20,0.9729701280593872,0.0007934301314283233,"","","","","",""
6900,"2026-08-03 20:21:12.022263","train",20,0.2510952949523926,0.0007959211271838338,"","","","","",""
6920,"2026-08-03 20:21:13.091583","train",20,5.239853382110596,0.0007984010737040611,"","","","","",""
6940,"2026-08-03 20:21:14.222959","train",20,0.7211679220199585,0.0008008698716797827,"","","","","",""
6951,"2026-08-03 20:21:33.979245","val",20,"","",0.803569119358593,0.24310439749144774,0.6407920792079208,0.7442348008385744,0.766990291262136,0.8186310570925955
6960,"2026-08-03 20:21:47.174319","train",21,1.1425453424453735,0.0008033274222482185,"","","","","",""
6980,"2026-08-03 20:21:48.100091","train",21,0.9817510843276978,0.0008057736269969898,"","","","","",""
7000,"2026-08-03 20:21:49.176577","train",21,0.40271759033203125,0.0008082083879680604,"","","","","",""
7020,"2026-08-03 20:21:50.068668","train",21,1.1622411012649536,0.0008106316076616586,"","","","","",""
7040,"2026-08-03 20:21:51.021801","train",21,2.645749568939209,0.0008130431890401827,"","","","","",""
7060,"2026-08-03 20:21:52.089367","train",21,0.44016391038894653,0.0008154430355320854,"","","","","",""
7080,"2026-08-03 20:21:53.152036","train",21,0.3499188721179962,0.0008178310510357429,"","","","","",""
7100,"2026-08-03 20:21:54.082472","train",21,0.6942309141159058,0.000820207139923301,"","","","","",""
7120,"2026-08-03 20:21:55.163217","train",21,0.3852149248123169,0.0008225712070445067,"","","","","",""
7140,"2026-08-03 20:21:56.184659","train",21,1.6113190650939941,0.000824923157730517,"","","","","",""
7160,"2026-08-03 20:21:57.239685","train",21,0.33805137872695923,0.0008272628977976903,"","","","","",""
7180,"2026-08-03 20:21:58.314883","train",21,0.4320662021636963,0.0008295903335513584,"","","","","",""
7200,"2026-08-03 20:21:59.402879","train",21,0.38579660654067993,0.0008319053717895777,"","","","","",""
7220,"2026-08-03 20:22:00.575899","train",21,1.5165503025054932,0.0008342079198068626,"","","","","",""
7240,"2026-08-03 20:22:01.665419","train",21,0.5809628963470459,0.0008364978853978967,"","","","","",""
7260,"2026-08-03 20:22:02.706023","train",21,0.22908197343349457,0.0008387751768612259,"","","","","",""
7280,"2026-08-03 20:22:03.806391","train",21,0.2691958546638489,0.0008410397030029301,"","","","","",""
7282,"2026-08-03 20:22:23.019084","val",21,"","",0.8161213845424371,0.2773239423832173,0.6927524752475247,0.7547169811320754,0.7706888580674989,0.8328322405245483
7300,"2026-08-03 20:22:36.053770","train",22,0.2519119679927826,0.0008432913731402755,"","","","","",""
7320,"2026-08-03 20:22:36.932761","train",22,0.2725980281829834,0.0008455300971053456,"","","","","",""
7340,"2026-08-03 20:22:37.825265","train",22,0.9241421818733215,0.0008477557852486526,"","","","","",""
7360,"2026-08-03 20:22:38.769658","train",22,0.5545607209205627,0.0008499683484427263,"","","","","",""
7380,"2026-08-03 20:22:39.757205","train",22,0.7896744012832642,0.000852167698085684,"","","","","",""
7400,"2026-08-03 20:22:40.793337","train",22,1.172036051750183,0.0008543537461047787,"","","","","",""
7420,"2026-08-03 20:22:41.666554","train",22,0.8332605361938477,0.0008565264049599257,"","","","","",""
7440,"2026-08-03 20:22:42.607253","train",22,0.5340794324874878,0.0008586855876472072,"","","","","",""
7460,"2026-08-03 20:22:43.635081","train",22,0.47400131821632385,0.0008608312077023587,"","","","","",""
7480,"2026-08-03 20:22:44.687898","train",22,2.061513662338257,0.0008629631792042288,"","","","","",""
7500,"2026-08-03 20:22:45.785529","train",22,0.7376173138618469,0.0008650814167782218,"","","","","",""
7520,"2026-08-03 20:22:46.840733","train",22,0.7302035093307495,0.0008671858355997154,"","","","","",""
7540,"2026-08-03 20:22:47.987386","train",22,0.30646541714668274,0.0008692763513974584,"","","","","",""
7560,"2026-08-03 20:22:49.064576","train",22,3.7192559242248535,0.0008713528804569443,"","","","","",""
7580,"2026-08-03 20:22:50.223983","train",22,0.9281584024429321,0.0008734153396237648,"","","","","",""
7600,"2026-08-03 20:22:51.248239","train",22,1.6487189531326294,0.0008754636463069386,"","","","","",""
7613,"2026-08-03 20:23:10.668768","val",22,"","",0.7916030863399285,0.2328071627195727,0.6332673267326733,0.6897274633123689,0.749422098936662,0.8083000159923236
7620,"2026-08-03 20:23:23.653592","train",23,0.37942853569984436,0.0008774977184822196,"","","","","",""
7640,"2026-08-03 20:23:24.642752","train",23,0.2255665808916092,0.0008795174746953809,"","","","","",""
7660,"2026-08-03 20:23:25.621808","train",23,0.8292093276977539,0.0008815228340654773,"","","","","",""
7680,"2026-08-03 20:23:26.611149","train",23,1.0734837055206299,0.0008835137162880836,"","","","","",""
7700,"2026-08-03 20:23:27.626933","train",23,2.0849928855895996,0.0008854900416385106,"","","","","",""
7720,"2026-08-03 20:23:28.563865","train",23,0.7021020650863647,0.0008874517309749978,"","","","","",""
7740,"2026-08-03 20:23:29.544449","train",23,0.37122631072998047,0.0008893987057418823,"","","","","",""
7760,"2026-08-03 20:23:30.438376","train",23,0.5834344029426575,0.0008913308879727447,"","","","","",""
7780,"2026-08-03 20:23:31.376836","train",23,0.6356653571128845,0.0008932482002935317,"","","","","",""
7800,"2026-08-03 20:23:32.282263","train",23,1.8882038593292236,0.0008951505659256537,"","","","","",""
7820,"2026-08-03 20:23:33.402775","train",23,0.5574055910110474,0.00089703790868906,"","","","","",""
7840,"2026-08-03 20:23:34.378208","train",23,0.6584752798080444,0.0008989101530052893,"","","","","",""
7860,"2026-08-03 20:23:35.455284","train",23,0.19255346059799194,0.0009007672239004957,"","","","","",""
7880,"2026-08-03 20:23:36.613652","train",23,1.7692523002624512,0.0009026090470084525,"","","","","",""
7900,"2026-08-03 20:23:37.717264","train",23,1.5609958171844482,0.0009044355485735282,"","","","","",""
7920,"2026-08-03 20:23:38.849213","train",23,0.6677297353744507,0.0009062466554536415,"","","","","",""
7940,"2026-08-03 20:23:39.976638","train",23,2.6903035640716553,0.0009080422951231897,"","","","","",""
7944,"2026-08-03 20:23:59.641176","val",23,"","",0.8119746540799172,0.242879523861198,0.6822178217821783,0.7127882599580713,0.7773925104022191,0.8270110347033424
7960,"2026-08-03 20:24:12.509141","train",24,0.33358287811279297,0.0009098223956759534,"","","","","",""
7980,"2026-08-03 20:24:13.638235","train",24,1.0947606563568115,0.0009115868858279749,"","","","","",""
8000,"2026-08-03 20:24:14.546101","train",24,5.0322346687316895,0.0009133356949204143,"","","","","",""
8020,"2026-08-03 20:24:15.464022","train",24,2.276691198348999,0.0009150687529223777,"","","","","",""
8040,"2026-08-03 20:24:16.374620","train",24,1.5339477062225342,0.0009167859904337225,"","","","","",""
8060,"2026-08-03 20:24:17.305088","train",24,1.8461990356445312,0.0009184873386878355,"","","","","",""
8080,"2026-08-03 20:24:18.364013","train",24,0.9116262793540955,0.0009201727295543884,"","","","","",""
8100,"2026-08-03 20:24:19.435212","train",24,1.1756956577301025,0.0009218420955420638,"","","","","",""
8120,"2026-08-03 20:24:20.426231","train",24,1.3624107837677002,0.0009234953698012599,"","","","","",""
8140,"2026-08-03 20:24:21.524823","train",24,0.20521678030490875,0.0009251324861267662,"","","","","",""
8160,"2026-08-03 20:24:22.570299","train",24,0.5286697149276733,0.0009267533789604151,"","","","","",""
8180,"2026-08-03 20:24:23.617296","train",24,0.3370329737663269,0.0009283579833937074,"","","","","",""
8200,"2026-08-03 20:24:24.675015","train",24,1.9289934635162354,0.0009299462351704114,"","","","","",""
8220,"2026-08-03 20:24:25.781553","train",24,3.680964708328247,0.0009315180706891356,"","","","","",""
8240,"2026-08-03 20:24:26.834262","train",24,0.10384024679660797,0.0009330734270058764,"","","","","",""
8260,"2026-08-03 20:24:28.003089","train",24,0.20462816953659058,0.0009346122418365379,"","","","","",""
8275,"2026-08-03 20:24:47.783224","val",24,"","",0.81368162420794,0.24813694885349125,0.6838019801980199,0.7400419287211739,0.7706888580674989,0.8306093075323845
8280,"2026-08-03 20:25:00.462826","train",25,2.0909476280212402,0.0009361344535594268,"","","","","",""
8300,"2026-08-03 20:25:01.415099","train",25,3.6093404293060303,0.0009376400012177194,"","","","","",""
8320,"2026-08-03 20:25:02.377860","train",25,0.42001578211784363,0.000939128824521903,"","","","","",""
8340,"2026-08-03 20:25:03.414311","train",25,0.480817586183548,0.0009406008638521901,"","","","","",""
8360,"2026-08-03 20:25:04.463662","train",25,1.1786882877349854,0.0009420560602609058,"","","","","",""
8380,"2026-08-03 20:25:05.301473","train",25,0.16122961044311523,0.0009434943554748481,"","","","","",""
8400,"2026-08-03 20:25:06.187419","train",25,1.6735643148422241,0.0009449156918976226,"","","","","",""
8420,"2026-08-03 20:25:07.168028","train",25,4.3298420906066895,0.0009463200126119469,"","","","","",""
8440,"2026-08-03 20:25:08.173303","train",25,0.7727141976356506,0.000947707261381932,"","","","","",""
8460,"2026-08-03 20:25:09.294588","train",25,2.186997890472412,0.0009490773826553327,"","","","","",""
8480,"2026-08-03 20:25:10.382617","train",25,1.2678064107894897,0.0009504303215657731,"","","","","",""
8500,"2026-08-03 20:25:11.412781","train",25,0.42775946855545044,0.000951766023934943,"","","","","",""
8520,"2026-08-03 20:25:12.453940","train",25,1.0439547300338745,0.0009530844362747686,"","","","","",""
8540,"2026-08-03 20:25:13.613282","train",25,0.4624271094799042,0.0009543855057895528,"","","","","",""
8560,"2026-08-03 20:25:14.663438","train",25,0.31242161989212036,0.000955669180378091,"","","","","",""
8580,"2026-08-03 20:25:15.783324","train",25,0.9545244574546814,0.0009569354086357561,"","","","","",""
8600,"2026-08-03 20:25:16.880038","train",25,2.5568363666534424,0.0009581841398565582,"","","","","",""
8606,"2026-08-03 20:25:35.929546","val",25,"","",0.8162507004612268,0.28925019872796764,0.6981386138613861,0.7463312368972745,0.7681460933888118,0.8372301295378218
8620,"2026-08-03 20:25:48.860342","train",26,0.8462772369384766,0.0009594153240351745,"","","","","",""
8640,"2026-08-03 20:25:49.720215","train",26,1.0633471012115479,0.0009606289118689515,"","","","","",""
8660,"2026-08-03 20:25:50.703466","train",26,0.36157333850860596,0.0009618248547598799,"","","","","",""
8680,"2026-08-03 20:25:51.634442","train",26,0.9684023857116699,0.0009630031048165405,"","","","","",""
8700,"2026-08-03 20:25:52.626732","train",26,0.6931242942810059,0.0009641636148560219,"","","","","",""
8720,"2026-08-03 20:25:53.604899","train",26,1.274153232574463,0.00096530633840581,"","","","","",""
8740,"2026-08-03 20:25:54.466314","train",26,0.4099382162094116,0.0009664312297056489,"","","","","",""
8760,"2026-08-03 20:25:55.457218","train",26,0.17024336755275726,0.0009675382437093735,"","","","","",""
8780,"2026-08-03 20:25:56.409765","train",26,3.843531370162964,0.0009686273360867137,"","","","","",""
8800,"2026-08-03 20:25:57.521538","train",26,0.31979143619537354,0.0009696984632250685,"","","","","",""
8820,"2026-08-03 20:25:58.611843","train",26,0.34196096658706665,0.0009707515822312537,"","","","","",""
8840,"2026-08-03 20:25:59.758015","train",26,0.3736337125301361,0.000971786650933219,"","","","","",""
8860,"2026-08-03 20:26:00.918495","train",26,0.7866722345352173,0.0009728036278817365,"","","","","",""
8880,"2026-08-03 20:26:01.963079","train",26,1.20900297164917,0.0009738024723520612,"","","","","",""
8900,"2026-08-03 20:26:03.046025","train",26,0.5434805750846863,0.0009747831443455613,"","","","","",""
8920,"2026-08-03 20:26:04.098147","train",26,3.1790285110473633,0.0009757456045913201,"","","","","",""
8937,"2026-08-03 20:26:24.466641","val",26,"","",0.8134574766153713,0.2643291583430717,0.6924356435643564,0.7023060796645701,0.7713823393435043,0.8291859907244522
8940,"2026-08-03 20:26:36.863312","train",27,0.6734917163848877,0.0009766898145477088,"","","","","",""
8960,"2026-08-03 20:26:37.812326","train",27,0.6594599485397339,0.0009776157364039294,"","","","","",""
8980,"2026-08-03 20:26:38.752102","train",27,0.1525644212961197,0.0009785233330815294,"","","","","",""
9000,"2026-08-03 20:26:39.641336","train",27,0.7335624694824219,0.000979412568235886,"","","","","",""
9020,"2026-08-03 20:26:40.468279","train",27,0.4884360134601593,0.000980283406257662,"","","","","",""
9040,"2026-08-03 20:26:41.317899","train",27,0.1293422132730484,0.0009811358122742322,"","","","","",""
9060,"2026-08-03 20:26:42.409369","train",27,0.2383933812379837,0.0009819697521510783,"","","","","",""
9080,"2026-08-03 20:26:43.363393","train",27,0.2380923628807068,0.0009827851924931572,"","","","","",""
9100,"2026-08-03 20:26:44.398939","train",27,2.0109405517578125,0.0009835821006462383,"","","","","",""
9120,"2026-08-03 20:26:45.346968","train",27,1.3749380111694336,0.0009843604446982104,"","","","","",""
9140,"2026-08-03 20:26:46.429770","train",27,0.9477794170379639,0.00098512019348036,"","","","","",""
9160,"2026-08-03 20:26:47.503929","train",27,0.27376753091812134,0.0009858613165686192,"","","","","",""
9180,"2026-08-03 20:26:48.622238","train",27,1.0046943426132202,0.0009865837842847848,"","","","","",""
9200,"2026-08-03 20:26:49.718492","train",27,3.6647849082946777,0.0009872875676977054,"","","","","",""
9220,"2026-08-03 20:26:50.813980","train",27,1.1297892332077026,0.0009879726386244417,"","","","","",""
9240,"2026-08-03 20:26:52.050797","train",27,2.4698166847229004,0.0009886389696313932,"","","","","",""
9260,"2026-08-03 20:26:53.044459","train",27,0.38644006848335266,0.0009892865340353984,"","","","","",""
9268,"2026-08-03 20:27:12.181053","val",27,"","",0.825949394370447,0.277992198038676,0.7042376237623762,0.7631027253668763,0.7887193712436431,0.8406364944826483
9280,"2026-08-03 20:27:25.336496","train",28,0.3597872257232666,0.0009899153059048022,"","","","","",""
9300,"2026-08-03 20:27:26.287666","train",28,1.130441665649414,0.000990525260060495,"","","","","",""
9320,"2026-08-03 20:27:27.200208","train",28,0.8880656957626343,0.0009911163720769207,"","","","","",""
9340,"2026-08-03 20:27:28.195547","train",28,0.36152100563049316,0.0009916886182830546,"","","","","",""
9360,"2026-08-03 20:27:29.181242","train",28,1.8848505020141602,0.0009922419757633523,"","","","","",""
9380,"2026-08-03 20:27:30.169435","train",28,0.42384397983551025,0.0009927764223586657,"","","","","",""
9400,"2026-08-03 20:27:31.027023","train",28,1.677011489868164,0.000993291936667132,"","","","","",""
9420,"2026-08-03 20:27:31.993349","train",28,1.005534052848816,0.0009937884980450297,"","","","","",""
9440,"2026-08-03 20:27:33.016774","train",28,0.9809319376945496,0.0009942660866076058,"","","","","",""
9460,"2026-08-03 20:27:33.930390","train",28,0.8875202536582947,0.0009947246832298715,"","","","","",""
9480,"2026-08-03 20:27:35.069735","train",28,5.643545150756836,0.000995164269547369,"","","","","",""
9500,"2026-08-03 20:27:36.274512","train",28,2.015855073928833,0.0009955848279569056,"","","","","",""
9520,"2026-08-03 20:27:37.338571","train",28,0.2608434557914734,0.0009959863416172602,"","","","","",""
9540,"2026-08-03 20:27:38.405435","train",28,1.6755247116088867,0.0009963687944498565,"","","","","",""
9560,"2026-08-03 20:27:39.545171","train",28,3.7099428176879883,0.0009967321711394069,"","","","","",""
9580,"2026-08-03 20:27:40.689091","train",28,0.55443274974823,0.0009970764571345266,"","","","","",""
9599,"2026-08-03 20:28:01.613222","val",28,"","",0.8390189232294495,0.2934423846567475,0.7527920792079208,0.7358490566037736,0.801202034211743,0.8567087797857028
9600,"2026-08-03 20:28:14.394007","train",29,0.8142096996307373,0.0009974016386483156,"","","","","",""
9620,"2026-08-03 20:28:15.345974","train",29,2.079035758972168,0.0009977077026589113,"","","","","",""
9640,"2026-08-03 20:28:16.353464","train",29,0.5152340531349182,0.0009979946369100096,"","","","","",""
9660,"2026-08-03 20:28:17.249129","train",29,0.36264336109161377,0.0009982624299113554,"","","","","",""
9680,"2026-08-03 20:28:18.302829","train",29,0.22004517912864685,0.0009985110709392038,"","","","","",""
9700,"2026-08-03 20:28:19.248009","train",29,3.4494783878326416,0.000998740550036748,"","","","","",""
9720,"2026-08-03 20:28:20.156263","train",29,0.8590913414955139,0.0009989508580145199,"","","","","",""
9740,"2026-08-03 20:28:21.202145","train",29,1.5543047189712524,0.0009991419864507562,"","","","","",""
9760,"2026-08-03 20:28:22.230189","train",29,1.20973539352417,0.000999313927691737,"","","","","",""
9780,"2026-08-03 20:28:23.332665","train",29,0.4994441270828247,0.0009994666748520916,"","","","","",""
9800,"2026-08-03 20:28:24.432243","train",29,0.6417091488838196,0.0009996002218150746,"","","","","",""
9820,"2026-08-03 20:28:25.541655","train",29,0.34277108311653137,0.0009997145632328103,"","","","","",""
9840,"2026-08-03 20:28:26.665473","train",29,0.19715802371501923,0.0009998096945265079,"","","","","",""
9860,"2026-08-03 20:28:27.729262","train",29,0.05162539333105087,0.0009998856118866436,"","","","","",""
9880,"2026-08-03 20:28:28.840811","train",29,0.9953376650810242,0.000999942312273114,"","","","","",""
9900,"2026-08-03 20:28:30.006112","train",29,0.9238559603691101,0.0009999797934153573,"","","","","",""
9920,"2026-08-03 20:28:31.122708","train",29,2.991835832595825,0.000999998053812445,"","","","","",""
9930,"2026-08-03 20:28:51.923530","val",29,"","",0.8290788396051554,0.3001191924869551,0.7285544554455445,0.7547169811320754,0.7669902912621359,0.852150967535583
9940,"2026-08-03 20:29:04.782014","train",30,0.27057287096977234,0.0009999994438765105,"","","","","",""
9960,"2026-08-03 20:29:05.646475","train",30,1.3973612785339355,0.0009999955831902017,"","","","","",""
9980,"2026-08-03 20:29:06.541227","train",30,2.1293962001800537,0.0009999880456884277,"","","","","",""
10000,"2026-08-03 20:29:07.458739","train",30,1.4555189609527588,0.0009999768314266173,"","","","","",""
10020,"2026-08-03 20:29:08.587554","train",30,1.1857575178146362,0.0009999619404872366,"","","","","",""
10040,"2026-08-03 20:29:09.609652","train",30,0.09182291477918625,0.00099994337297979,"","","","","",""
10060,"2026-08-03 20:29:10.564192","train",30,0.8873752355575562,0.0009999211290408175,"","","","","",""
10080,"2026-08-03 20:29:11.540691","train",30,0.7141458988189697,0.000999895208833895,"","","","","",""
10100,"2026-08-03 20:29:12.545998","train",30,0.4037408232688904,0.000999865612549633,"","","","","",""
10120,"2026-08-03 20:29:13.755607","train",30,0.3152637481689453,0.000999832340405674,"","","","","",""
10140,"2026-08-03 20:29:14.912114","train",30,0.728976845741272,0.000999795392646692,"","","","","",""
10160,"2026-08-03 20:29:16.080900","train",30,1.902613639831543,0.0009997547695443914,"","","","","",""
10180,"2026-08-03 20:29:17.297074","train",30,0.7633046507835388,0.0009997104713975026,"","","","","",""
10200,"2026-08-03 20:29:18.393748","train",30,0.26190951466560364,0.0009996624985317824,"","","","","",""
10220,"2026-08-03 20:29:19.493740","train",30,0.45265883207321167,0.0009996108513000098,"","","","","",""
10240,"2026-08-03 20:29:20.645724","train",30,1.818448543548584,0.0009995555300819849,"","","","","",""
10260,"2026-08-03 20:29:21.646452","train",30,1.5827678442001343,0.0009994965352845243,"","","","","",""
10261,"2026-08-03 20:29:40.648002","val",30,"","",0.7793525582999267,0.2703373680198843,0.6083960396039604,0.7693920335429769,0.7387887193712437,0.7855749240364626
10280,"2026-08-03 20:29:53.792209","train",31,2.154613971710205,0.0009994338673414596,"","","","","",""
10300,"2026-08-03 20:29:54.641875","train",31,2.147277593612671,0.0009993675267136336,"","","","","",""
10320,"2026-08-03 20:29:55.708840","train",31,3.3993723392486572,0.000999297513888897,"","","","","",""
10340,"2026-08-03 20:29:56.653769","train",31,1.1122578382492065,0.0009992238293821051,"","","","","",""
10360,"2026-08-03 20:29:57.563582","train",31,1.4709303379058838,0.0009991464737351137,"","","","","",""
10380,"2026-08-03 20:29:58.432778","train",31,2.226423978805542,0.0009990654475167742,"","","","","",""
10400,"2026-08-03 20:29:59.330345","train",31,0.8615998029708862,0.0009989807513229318,"","","","","",""
10420,"2026-08-03 20:30:00.451146","train",31,1.1184297800064087,0.0009988923857764192,"","","","","",""
10440,"2026-08-03 20:30:01.633195","train",31,0.07916784286499023,0.0009988003515270518,"","","","","",""
10460,"2026-08-03 20:30:02.837319","train",31,2.3513364791870117,0.0009987046492516245,"","","","","",""
10480,"2026-08-03 20:30:03.797832","train",31,0.7365735769271851,0.0009986052796539056,"","","","","",""
10500,"2026-08-03 20:30:04.915693","train",31,0.8790860176086426,0.0009985022434646313,"","","","","",""
10520,"2026-08-03 20:30:05.964520","train",31,0.3493678569793701,0.0009983955414415023,"","","","","",""
10540,"2026-08-03 20:30:07.102548","train",31,0.4998944401741028,0.0009982851743691751,"","","","","",""
10560,"2026-08-03 20:30:08.251104","train",31,0.29163116216659546,0.0009981711430592597,"","","","","",""
10580,"2026-08-03 20:30:09.330045","train",31,0.278975248336792,0.0009980534483503103,"","","","","",""
10592,"2026-08-03 20:30:29.057016","val",31,"","",0.8173455752403121,0.24697579477336412,0.6828514851485149,0.761006289308176,0.7508090614886731,0.8355349432272509
10600,"2026-08-03 20:30:41.833866","train",32,0.5689833164215088,0.0009979320911078216,"","","","","",""
10620,"2026-08-03 20:30:42.779919","train",32,0.1270369291305542,0.000997807072224222,"","","","","",""
10640,"2026-08-03 20:30:43.663618","train",32,2.0830800533294678,0.000997678392618865,"","","","","",""
10660,"2026-08-03 20:30:44.712511","train",32,0.2094178944826126,0.000997546053238026,"","","","","",""
10680,"2026-08-03 20:30:45.866781","train",32,0.9345394372940063,0.000997410055054892,"","","","","",""
10700,"2026-08-03 20:30:46.913484","train",32,2.0422897338867188,0.0009972703990695565,"","","","","",""
10720,"2026-08-03 20:30:47.882529","train",32,2.0766115188598633,0.000997127086309011,"","","","","",""
10740,"2026-08-03 20:30:48.874357","train",32,0.7257157564163208,0.0009969801178271384,"","","","","",""
10760,"2026-08-03 20:30:50.010429","train",32,2.3188209533691406,0.0009968294947047046,"","","","","",""
10780,"2026-08-03 20:30:51.073071","train",32,1.4937934875488281,0.0009966752180493503,"","","","","",""
10800,"2026-08-03 20:30:52.188987","train",32,0.3981053829193115,0.0009965172889955837,"","","","","",""
10820,"2026-08-03 20:30:53.309745","train",32,0.5916247367858887,0.0009963557087047722,"","","","","",""
10840,"2026-08-03 20:30:54.467148","train",32,1.116696834564209,0.0009961904783651323,"","","","","",""
10860,"2026-08-03 20:30:55.599027","train",32,1.4375793933868408,0.000996021599191723,"","","","","",""
10880,"2026-08-03 20:30:56.730119","train",32,2.866607904434204,0.000995849072426435,"","","","","",""
10900,"2026-08-03 20:30:57.943343","train",32,0.9009764194488525,0.0009956728993379827,"","","","","",""
10920,"2026-08-03 20:30:59.196305","train",32,0.5137720108032227,0.000995493081221895,"","","","","",""
10923,"2026-08-03 20:31:18.947005","val",32,"","",0.823147549463339,0.2907860210448036,0.7112871287128713,0.7232704402515723,0.7940360610263523,0.840476571245802
10940,"2026-08-03 20:31:32.366155","train",33,0.04191116988658905,0.0009953096194005046,"","","","","",""
10960,"2026-08-03 20:31:33.379523","train",33,2.513347864151001,0.0009951225152229392,"","","","","",""
10980,"2026-08-03 20:31:34.276056","train",33,1.704001784324646,0.0009949317700651118,"","","","","",""
11000,"2026-08-03 20:31:35.282933","train",33,4.468993186950684,0.0009947373853297099,"","","","","",""
11020,"2026-08-03 20:31:36.230588","train",33,0.258256196975708,0.0009945393624461855,"","","","","",""
11040,"2026-08-03 20:31:37.293839","train",33,2.3111166954040527,0.0009943377028707441,"","","","","",""
11060,"2026-08-03 20:31:38.311450","train",33,0.5627374649047852,0.0009941324080863353,"","","","","",""
11080,"2026-08-03 20:31:39.189421","train",33,2.2073214054107666,0.0009939234796026402,"","","","","",""
11100,"2026-08-03 20:31:40.294978","train",33,1.9161407947540283,0.0009937109189560617,"","","","","",""
11120,"2026-08-03 20:31:41.417830","train",33,0.3904249370098114,0.0009934947277097125,"","","","","",""
11140,"2026-08-03 20:31:42.446135","train",33,0.5318057537078857,0.0009932749074534032,"","","","","",""
11160,"2026-08-03 20:31:43.623393","train",33,2.840924024581909,0.000993051459803632,"","","","","",""
11180,"2026-08-03 20:31:44.642999","train",33,1.4741194248199463,0.0009928243864035713,"","","","","",""
11200,"2026-08-03 20:31:45.729852","train",33,0.3109270930290222,0.0009925936889230564,"","","","","",""
11220,"2026-08-03 20:31:46.891861","train",33,2.6299245357513428,0.0009923593690585738,"","","","","",""
11240,"2026-08-03 20:31:48.119921","train",33,1.3495181798934937,0.0009921214285332468,"","","","","",""
11254,"2026-08-03 20:32:07.905756","val",33,"","",0.8069227121858701,0.2720866612450293,0.668990099009901,0.6771488469601677,0.8072122052704577,0.8154805693267232
11260,"2026-08-03 20:32:20.361161","train",34,1.9819591045379639,0.0009918798690968247,"","","","","",""
11280,"2026-08-03 20:32:21.344387","train",34,2.189091205596924,0.0009916346925256698,"","","","","",""
11300,"2026-08-03 20:32:22.329135","train",34,0.21941182017326355,0.0009913859006227426,"","","","","",""
11320,"2026-08-03 20:32:23.472452","train",34,0.708463728427887,0.0009911334952175906,"","","","","",""
11340,"2026-08-03 20:32:24.332614","train",34,3.173546075820923,0.000990877478166334,"","","","","",""
11360,"2026-08-03 20:32:25.246396","train",34,0.916354775428772,0.0009906178513516518,"","","","","",""
11380,"2026-08-03 20:32:26.248459","train",34,0.3452075719833374,0.0009903546166827681,"","","","","",""
11400,"2026-08-03 20:32:27.127955","train",34,0.2830648720264435,0.0009900877760954387,"","","","","",""
11420,"2026-08-03 20:32:28.061613","train",34,3.343991756439209,0.0009898173315519357,"","","","","",""
11440,"2026-08-03 20:32:29.179117","train",34,0.22514426708221436,0.000989543285041034,"","","","","",""
11460,"2026-08-03 20:32:30.281725","train",34,0.32185566425323486,0.0009892656385779965,"","","","","",""
11480,"2026-08-03 20:32:31.400737","train",34,0.5045947432518005,0.0009889843942045588,"","","","","",""
11500,"2026-08-03 20:32:32.570136","train",34,1.4699175357818604,0.000988699553988915,"","","","","",""
11520,"2026-08-03 20:32:33.699512","train",34,0.41255027055740356,0.0009884111200257016,"","","","","",""
11540,"2026-08-03 20:32:34.808762","train",34,0.40841466188430786,0.0009881190944359829,"","","","","",""
11560,"2026-08-03 20:32:35.933076","train",34,0.9443352222442627,0.0009878234793672348,"","","","","",""
11580,"2026-08-03 20:32:36.990334","train",34,0.20799726247787476,0.0009875242769933294,"","","","","",""
11585,"2026-08-03 20:32:58.431749","val",34,"","",0.8036208457261089,0.2651884939312768,0.6713663366336634,0.7295597484276729,0.789875173370319,0.8148568687030225
11600,"2026-08-03 20:33:15.593857","train",35,0.7579461336135864,0.0009872214895145187,"","","","","",""
11620,"2026-08-03 20:33:16.740048","train",35,0.9175854325294495,0.0009869151191574184,"","","","","",""
11640,"2026-08-03 20:33:18.055776","train",35,0.1150326281785965,0.0009866051681749924,"","","","","",""
11660,"2026-08-03 20:33:19.232030","train",35,1.5136542320251465,0.0009862916388465345,"","","","","",""
11680,"2026-08-03 20:33:20.481019","train",35,2.8802878856658936,0.000985974533477654,"","","","","",""
11700,"2026-08-03 20:33:21.459185","train",35,0.9151734709739685,0.0009856538544002562,"","","","","",""
11720,"2026-08-03 20:33:22.652118","train",35,2.1148569583892822,0.000985329603972527,"","","","","",""
11740,"2026-08-03 20:33:23.928316","train",35,1.7690813541412354,0.000985001784578915,"","","","","",""
11760,"2026-08-03 20:33:25.226261","train",35,1.5349804162979126,0.000984670398630114,"","","","","",""
11780,"2026-08-03 20:33:26.347197","train",35,0.24595755338668823,0.000984335448563045,"","","","","",""
11800,"2026-08-03 20:33:27.716927","train",35,1.2407193183898926,0.0009839969368408393,"","","","","",""
11820,"2026-08-03 20:33:28.902873","train",35,0.309952974319458,0.0009836548659528188,"","","","","",""
11840,"2026-08-03 20:33:30.183423","train",35,3.0358450412750244,0.0009833092384144788,"","","","","",""
11860,"2026-08-03 20:33:31.402813","train",35,0.3581940233707428,0.0009829600567674694,"","","","","",""
11880,"2026-08-03 20:33:32.629069","train",35,0.24408473074436188,0.0009826073235795765,"","","","","",""
11900,"2026-08-03 20:33:33.900445","train",35,0.5621283650398254,0.0009822510414447029,"","","","","",""
11916,"2026-08-03 20:33:56.763763","val",35,"","",0.8209922841501789,0.2892518393890753,0.7108910891089109,0.7379454926624738,0.792417938049006,0.8343355189509036
11920,"2026-08-03 20:34:13.449912","train",36,0.8683217763900757,0.0009818912129828496,"","","","","",""
11940,"2026-08-03 20:34:14.718559","train",36,0.04396188259124756,0.0009815278408400966,"","","","","",""
11960,"2026-08-03 20:34:15.983814","train",36,1.7206214666366577,0.0009811609276885824,"","","","","",""
11980,"2026-08-03 20:34:17.184991","train",36,0.5179434418678284,0.0009807904762264856,"","","","","",""
12000,"2026-08-03 20:34:18.405860","train",36,0.6122112274169922,0.0009804164891780048,"","","","","",""
12020,"2026-08-03 20:34:19.532869","train",36,5.44412899017334,0.0009800389692933376,"","","","","",""
12040,"2026-08-03 20:34:20.494289","train",36,3.1363086700439453,0.000979657919348662,"","","","","",""
12060,"2026-08-03 20:34:21.507212","train",36,0.7165340185165405,0.000979273342146114,"","","","","",""
12080,"2026-08-03 20:34:22.820684","train",36,1.2335153818130493,0.0009788852405137694,"","","","","",""
12100,"2026-08-03 20:34:24.033684","train",36,2.5487096309661865,0.0009784936173056205,"","","","","",""
12120,"2026-08-03 20:34:25.196198","train",36,0.6740500926971436,0.0009780984754015568,"","","","","",""
12140,"2026-08-03 20:34:26.379824","train",36,1.166153907775879,0.0009776998177073437,"","","","","",""
12160,"2026-08-03 20:34:27.655685","train",36,0.9313453435897827,0.0009772976471546001,"","","","","",""
12180,"2026-08-03 20:34:28.827515","train",36,0.8611042499542236,0.0009768919667007777,"","","","","",""
12200,"2026-08-03 20:34:30.051430","train",36,1.4876782894134521,0.0009764827793291393,"","","","","",""
12220,"2026-08-03 20:34:31.246322","train",36,0.22146551311016083,0.0009760700880487366,"","","","","",""
12240,"2026-08-03 20:34:32.588297","train",36,3.4645237922668457,0.0009756538958943874,"","","","","",""
12247,"2026-08-03 20:34:55.396041","val",36,"","",0.7990344411397043,0.2763438760663805,0.6792079207920793,0.7253668763102725,0.8055940822931114,0.8016632016632017
12260,"2026-08-03 20:35:12.409659","train",37,2.9056334495544434,0.0009752342059266548,"","","","","",""
12280,"2026-08-03 20:35:13.657224","train",37,1.4495224952697754,0.0009748110212318236,"","","","","",""
12300,"2026-08-03 20:35:14.832311","train",37,0.2964794337749481,0.0009743843449218776,"","","","","",""
12320,"2026-08-03 20:35:16.000070","train",37,0.7992275953292847,0.0009739541801344773,"","","","","",""
12340,"2026-08-03 20:35:17.415800","train",37,1.5475407838821411,0.0009735205300329363,"","","","","",""
12360,"2026-08-03 20:35:18.460317","train",37,0.49897679686546326,0.0009730833978061985,"","","","","",""
12380,"2026-08-03 20:35:19.607718","train",37,0.99313884973526,0.000972642786668814,"","","","","",""
12400,"2026-08-03 20:35:20.852650","train",37,2.2625279426574707,0.0009721986998609161,"","","","","",""
12420,"2026-08-03 20:35:22.120780","train",37,0.6444368362426758,0.0009717511406481974,"","","","","",""
12440,"2026-08-03 20:35:23.338748","train",37,0.8846129179000854,0.0009713001123218853,"","","","","",""
12460,"2026-08-03 20:35:24.578925","train",37,0.32861384749412537,0.000970845618198718,"","","","","",""
12480,"2026-08-03 20:35:25.897211","train",37,0.262798935174942,0.0009703876616209208,"","","","","",""
12500,"2026-08-03 20:35:27.160532","train",37,2.490370273590088,0.0009699262459561803,"","","","","",""
12520,"2026-08-03 20:35:28.427519","train",37,0.5903670787811279,0.0009694613745976206,"","","","","",""
12540,"2026-08-03 20:35:29.623064","train",37,1.086337924003601,0.0009689930509637781,"","","","","",""
12560,"2026-08-03 20:35:30.852058","train",37,0.8379361033439636,0.000968521278498576,"","","","","",""
12578,"2026-08-03 20:35:54.218616","val",37,"","",0.8462347514979093,0.3204747700697146,0.7853465346534654,0.7819706498951782,0.7988904299583911,0.8640812410043178
12580,"2026-08-03 20:36:10.337297","train",38,0.250187486410141,0.0009680460606712997,"","","","","",""
12600,"2026-08-03 20:36:11.601952","train",38,1.1484239101409912,0.0009675674009765701,"","","","","",""
12620,"2026-08-03 20:36:12.869841","train",38,0.8674423694610596,0.0009670853029343196,"","","","","",""
12640,"2026-08-03 20:36:14.009427","train",38,2.3645715713500977,0.0009665997700897644,"","","","","",""
12660,"2026-08-03 20:36:15.383942","train",38,0.48172104358673096,0.0009661108060133798,"","","","","",""
12680,"2026-08-03 20:36:16.702933","train",38,1.2148737907409668,0.0009656184143008733,"","","","","",""
12700,"2026-08-03 20:36:17.925882","train",38,1.288827657699585,0.0009651225985731584,"","","","","",""
12720,"2026-08-03 20:36:18.951055","train",38,1.8352670669555664,0.0009646233624763276,"","","","","",""
12740,"2026-08-03 20:36:20.031740","train",38,0.4466465711593628,0.000964120709681626,"","","","","",""
12760,"2026-08-03 20:36:21.360861","train",38,0.12535709142684937,0.0009636146438854244,"","","","","",""
12780,"2026-08-03 20:36:22.470683","train",38,0.40527740120887756,0.0009631051688091915,"","","","","",""
12800,"2026-08-03 20:36:23.792780","train",38,0.5665417313575745,0.0009625922881994671,"","","","","",""
12820,"2026-08-03 20:36:25.019304","train",38,2.2500696182250977,0.0009620760058278342,"","","","","",""
12840,"2026-08-03 20:36:26.364543","train",38,0.3247990906238556,0.0009615563254908915,"","","","","",""
12860,"2026-08-03 20:36:27.580147","train",38,0.8308798670768738,0.0009610332510102259,"","","","","",""
12880,"2026-08-03 20:36:28.840466","train",38,0.8750444650650024,0.0009605067862323829,"","","","","",""
12900,"2026-08-03 20:36:30.135987","train",38,2.066075563430786,0.0009599769350288401,"","","","","",""
12909,"2026-08-03 20:36:53.109318","val",38,"","",0.8087762403551877,0.26280531255954753,0.674930693069307,0.70020964360587,0.7665279704114655,0.8274908044138813
12920,"2026-08-03 20:37:10.701657","train",39,0.7786821722984314,0.0009594437012959778,"","","","","",""
12940,"2026-08-03 20:37:11.985005","train",39,2.512244701385498,0.0009589070889550502,"","","","","",""
12960,"2026-08-03 20:37:13.220103","train",39,0.9248129725456238,0.000958367101952157,"","","","","",""
12980,"2026-08-03 20:37:14.719905","train",39,1.1145139932632446,0.0009578237442582146,"","","","","",""
13000,"2026-08-03 20:37:15.749541","train",39,1.460695505142212,0.000957277019868926,"","","","","",""
13020,"2026-08-03 20:37:16.751223","train",39,2.835831880569458,0.0009567269328047523,"","","","","",""
13040,"2026-08-03 20:37:17.871270","train",39,0.872247576713562,0.0009561734871108825,"","","","","",""
13060,"2026-08-03 20:37:19.022910","train",39,0.2850409746170044,0.0009556166868572042,"","","","","",""
13080,"2026-08-03 20:37:20.392421","train",39,0.4540245532989502,0.0009550565361382738,"","","","","",""
13100,"2026-08-03 20:37:21.637078","train",39,0.32117119431495667,0.0009544930390732855,"","","","","",""
13120,"2026-08-03 20:37:22.990600","train",39,0.7559710144996643,0.0009539261998060421,"","","","","",""
13140,"2026-08-03 20:37:24.290885","train",39,0.9089528322219849,0.0009533560225049236,"","","","","",""
13160,"2026-08-03 20:37:25.540551","train",39,1.1416645050048828,0.0009527825113628578,"","","","","",""
13180,"2026-08-03 20:37:26.767365","train",39,0.7446508407592773,0.0009522056705972876,"","","","","",""
13200,"2026-08-03 20:37:27.924816","train",39,1.5399560928344727,0.0009516255044501416,"","","","","",""
13220,"2026-08-03 20:37:29.204901","train",39,0.8173143267631531,0.0009510420171878024,"","","","","",""
13240,"2026-08-03 20:37:30.287432","train",39,0.07079160213470459,0.0009504552131010752,"","","","","",""
13240,"2026-08-03 20:37:52.279151","val",39,"","",0.8233716970559075,0.3016115593668006,0.7201584158415841,0.70020964360587,0.807674526121128,0.8378538301615225
13260,"2026-08-03 20:38:10.438200","train",40,0.7416424751281738,0.0009498650965051557,"","","","","",""
13280,"2026-08-03 20:38:11.724493","train",40,1.1104888916015625,0.0009492716717395995,"","","","","",""
13300,"2026-08-03 20:38:13.061554","train",40,1.1655542850494385,0.0009486749431682892,"","","","","",""
13320,"2026-08-03 20:38:14.326630","train",40,0.30336838960647583,0.0009480749151794029,"","","","","",""
13340,"2026-08-03 20:38:15.508197","train",40,0.3094440698623657,0.0009474715921853814,"","","","","",""
13360,"2026-08-03 20:38:16.537241","train",40,0.21891000866889954,0.0009468649786228965,"","","","","",""
13380,"2026-08-03 20:38:17.792514","train",40,0.9340505599975586,0.0009462550789528177,"","","","","",""
13400,"2026-08-03 20:38:18.994742","train",40,0.4177006483078003,0.0009456418976601794,"","","","","",""
13420,"2026-08-03 20:38:20.225576","train",40,3.2325899600982666,0.0009450254392541485,"","","","","",""
13440,"2026-08-03 20:38:21.501653","train",40,1.164190411567688,0.0009444057082679911,"","","","","",""
13460,"2026-08-03 20:38:22.667839","train",40,1.2119977474212646,0.0009437827092590381,"","","","","",""
13480,"2026-08-03 20:38:23.900968","train",40,1.4599108695983887,0.0009431564468086533,"","","","","",""
13500,"2026-08-03 20:38:25.097220","train",40,0.13828663527965546,0.0009425269255221989,"","","","","",""
13520,"2026-08-03 20:38:26.409148","train",40,2.5209760665893555,0.0009418941500290012,"","","","","",""
13540,"2026-08-03 20:38:27.535641","train",40,0.5896954536437988,0.0009412581249823178,"","","","","",""
13560,"2026-08-03 20:38:28.819177","train",40,3.5173163414001465,0.0009406188550593017,"","","","","",""
13571,"2026-08-03 20:38:52.147599","val",40,"","",0.834596318806845,0.29824845202084294,0.7395643564356436,0.7190775681341719,0.7787794729542302,0.8592675515752438
13580,"2026-08-03 20:39:10.122187","train",41,2.0583624839782715,0.0009399763449609687,"","","","","",""
13600,"2026-08-03 20:39:11.276949","train",41,0.2203115075826645,0.0009393305994121612,"","","","","",""
13620,"2026-08-03 20:39:12.400604","train",41,0.3789132535457611,0.0009386816231615149,"","","","","",""
13640,"2026-08-03 20:39:13.528392","train",41,2.9686989784240723,0.0009380294209814227,"","","","","",""
13660,"2026-08-03 20:39:14.573548","train",41,1.0043960809707642,0.0009373739976680003,"","","","","",""
13680,"2026-08-03 20:39:15.465941","train",41,0.48530706763267517,0.0009367153580410509,"","","","","",""
13700,"2026-08-03 20:39:16.689990","train",41,1.112458348274231,0.0009360535069440291,"","","","","",""
13720,"2026-08-03 20:39:17.986338","train",41,1.7122302055358887,0.0009353884492440061,"","","","","",""
13740,"2026-08-03 20:39:19.161295","train",41,1.7166882753372192,0.0009347201898316339,"","","","","",""
13760,"2026-08-03 20:39:20.352991","train",41,0.5725534558296204,0.0009340487336211081,"","","","","",""
13780,"2026-08-03 20:39:21.555445","train",41,0.3630025088787079,0.0009333740855501337,"","","","","",""
13800,"2026-08-03 20:39:22.752978","train",41,0.11081816256046295,0.0009326962505798869,"","","","","",""
13820,"2026-08-03 20:39:24.065030","train",41,0.3564669191837311,0.0009320152336949803,"","","","","",""
13840,"2026-08-03 20:39:25.262996","train",41,2.3632121086120605,0.0009313310399034245,"","","","","",""
13860,"2026-08-03 20:39:26.468726","train",41,0.702613353729248,0.0009306436742365932,"","","","","",""
13880,"2026-08-03 20:39:27.793058","train",41,0.9621028900146484,0.0009299531417491844,"","","","","",""
13900,"2026-08-03 20:39:28.949142","train",41,1.5549908876419067,0.0009292594475191842,"","","","","",""
13902,"2026-08-03 20:39:51.005004","val",41,"","",0.8360187939135307,0.2918462350180605,0.7385346534653465,0.7756813417190775,0.798659269533056,0.848024948024948
13920,"2026-08-03 20:40:08.742412","train",42,4.515481472015381,0.0009285625966478298,"","","","","",""
13940,"2026-08-03 20:40:09.988101","train",42,0.7946313619613647,0.000927862594259571,"","","","","",""
13960,"2026-08-03 20:40:11.119257","train",42,0.406670480966568,0.0009271594455020328,"","","","","",""
13980,"2026-08-03 20:40:12.223095","train",42,1.9080512523651123,0.0009264531555459782,"","","","","",""
14000,"2026-08-03 20:40:13.379185","train",42,0.7073256969451904,0.0009257437295852696,"","","","","",""
14020,"2026-08-03 20:40:14.676290","train",42,0.5485687255859375,0.0009250311728368303,"","","","","",""
14040,"2026-08-03 20:40:15.949025","train",42,3.3187849521636963,0.0009243154905406074,"","","","","",""
14060,"2026-08-03 20:40:17.141520","train",42,0.6132896542549133,0.0009235966879595315,"","","","","",""
14080,"2026-08-03 20:40:18.349652","train",42,0.39921367168426514,0.0009228747703794797,"","","","","",""
14100,"2026-08-03 20:40:19.686712","train",42,1.7108819484710693,0.0009221497431092351,"","","","","",""
14120,"2026-08-03 20:40:20.881088","train",42,4.243995189666748,0.0009214216114804494,"","","","","",""
14140,"2026-08-03 20:40:22.208583","train",42,0.24099501967430115,0.0009206903808476026,"","","","","",""
14160,"2026-08-03 20:40:23.634158","train",42,0.9681347012519836,0.0009199560565879638,"","","","","",""
14180,"2026-08-03 20:40:24.906915","train",42,0.2271849364042282,0.0009192186441015519,"","","","","",""
14200,"2026-08-03 20:40:26.179202","train",42,1.470289707183838,0.0009184781488110958,"","","","","",""
14220,"2026-08-03 20:40:27.443326","train",42,0.2057219296693802,0.0009177345761619945,"","","","","",""
14233,"2026-08-03 20:40:51.614104","val",42,"","",0.833018664597612,0.3054380487317993,0.7411485148514851,0.7316561844863732,0.8014331946370782,0.8494482648328802
14240,"2026-08-03 20:41:09.364837","train",43,0.46009981632232666,0.0009169879316222769,"","","","","",""
14260,"2026-08-03 20:41:10.610697","train",43,0.4571494460105896,0.0009162382206825618,"","","","","",""
14280,"2026-08-03 20:41:11.704768","train",43,0.9124544262886047,0.0009154854488560177,"","","","","",""
14300,"2026-08-03 20:41:12.673251","train",43,0.32362353801727295,0.0009147296216783218,"","","","","",""
14320,"2026-08-03 20:41:13.844234","train",43,0.06506916880607605,0.0009139707447076194,"","","","","",""
14340,"2026-08-03 20:41:15.070026","train",43,0.24487589299678802,0.0009132088235244833,"","","","","",""
14360,"2026-08-03 20:41:16.342377","train",43,0.7163511514663696,0.0009124438637318727,"","","","","",""
14380,"2026-08-03 20:41:17.489501","train",43,1.0569454431533813,0.0009116758709550918,"","","","","",""
14400,"2026-08-03 20:41:18.743204","train",43,3.3867053985595703,0.0009109048508417484,"","","","","",""
14420,"2026-08-03 20:41:20.052745","train",43,0.12502610683441162,0.0009101308090617127,"","","","","",""
14440,"2026-08-03 20:41:21.338429","train",43,3.785707473754883,0.0009093537513070753,"","","","","",""
14460,"2026-08-03 20:41:22.567275","train",43,1.1500869989395142,0.0009085736832921053,"","","","","",""
14480,"2026-08-03 20:41:23.695782","train",43,0.7484673857688904,0.0009077906107532089,"","","","","",""
14500,"2026-08-03 20:41:24.958294","train",43,0.2668300271034241,0.0009070045394488863,"","","","","",""
14520,"2026-08-03 20:41:26.127959","train",43,1.2551542520523071,0.00090621547515969,"","","","","",""
14540,"2026-08-03 20:41:27.393070","train",43,0.5584639310836792,0.0009054234236881818,"","","","","",""
14560,"2026-08-03 20:41:28.709615","train",43,2.5298237800598145,0.000904628390858891,"","","","","",""
14564,"2026-08-03 20:41:50.890081","val",43,"","",0.8377947325315747,0.31973286621386215,0.7542178217821782,0.7442348008385744,0.7790106333795654,0.8630577322885016
14580,"2026-08-03 20:42:08.306752","train",44,0.38299471139907837,0.0009038303825182704,"","","","","",""
14600,"2026-08-03 20:42:09.537426","train",44,0.3598654270172119,0.0009030294045346542,"","","","","",""
14620,"2026-08-03 20:42:10.491586","train",44,1.1741118431091309,0.0009022254627982146,"","","","","",""
14640,"2026-08-03 20:42:11.626368","train",44,1.6484763622283936,0.0009014185632209181,"","","","","",""
14660,"2026-08-03 20:42:12.889557","train",44,0.5346236228942871,0.0009006087117364825,"","","","","",""
14680,"2026-08-03 20:42:14.239293","train",44,1.749199390411377,0.0008997959143003334,"","","","","",""
14700,"2026-08-03 20:42:15.485689","train",44,1.121731162071228,0.0008989801768895595,"","","","","",""
14720,"2026-08-03 20:42:16.923453","train",44,0.5555315017700195,0.0008981615055028701,"","","","","",""
14740,"2026-08-03 20:42:18.327463","train",44,5.4700846672058105,0.0008973399061605493,"","","","","",""
14760,"2026-08-03 20:42:19.727591","train",44,3.0830612182617188,0.0008965153849044133,"","","","","",""
14780,"2026-08-03 20:42:21.134215","train",44,1.083898663520813,0.0008956879477977646,"","","","","",""
14800,"2026-08-03 20:42:22.462116","train",44,3.0130562782287598,0.0008948576009253486,"","","","","",""
14820,"2026-08-03 20:42:23.850117","train",44,0.3312012553215027,0.000894024350393308,"","","","","",""
14840,"2026-08-03 20:42:25.171532","train",44,2.38329815864563,0.0008931882023291385,"","","","","",""
14860,"2026-08-03 20:42:26.536282","train",44,4.407265663146973,0.0008923491628816432,"","","","","",""
14880,"2026-08-03 20:42:27.912231","train",44,0.18817171454429626,0.0008915072382208876,"","","","","",""
14895,"2026-08-03 20:42:50.466160","val",44,"","",0.83888960731066,0.2706345539368855,0.7440792079207921,0.7316561844863732,0.7836338418862691,0.8601951063489525
14900,"2026-08-03 20:43:07.455133","train",45,1.1085870265960693,0.0008906624345381544,"","","","","",""
14920,"2026-08-03 20:43:08.519337","train",45,2.0119283199310303,0.0008898147580458979,"","","","","",""
14940,"2026-08-03 20:43:09.592793","train",45,2.417896270751953,0.0008889642149776983,"","","","","",""
14960,"2026-08-03 20:43:10.928336","train",45,2.4200730323791504,0.0008881108115882154,"","","","","",""
14980,"2026-08-03 20:43:12.110979","train",45,2.0314574241638184,0.0008872545541531435,"","","","","",""
15000,"2026-08-03 20:43:13.351287","train",45,0.4713280200958252,0.0008863954489691645,"","","","","",""
15020,"2026-08-03 20:43:14.508280","train",45,0.7086930274963379,0.0008855335023539018,"","","","","",""
15040,"2026-08-03 20:43:15.848051","train",45,0.7638440132141113,0.0008846687206458744,"","","","","",""
15060,"2026-08-03 20:43:17.275986","train",45,0.860458493232727,0.000883801110204449,"","","","","",""
15080,"2026-08-03 20:43:18.522102","train",45,0.212676003575325,0.0008829306774097949,"","","","","",""
15100,"2026-08-03 20:43:19.801233","train",45,0.3750562071800232,0.0008820574286628353,"","","","","",""
15120,"2026-08-03 20:43:20.972652","train",45,2.4601802825927734,0.000881181370385202,"","","","","",""
15140,"2026-08-03 20:43:22.207093","train",45,2.128359317779541,0.0008803025090191867,"","","","","",""
15160,"2026-08-03 20:43:23.366097","train",45,0.3094595968723297,0.0008794208510276945,"","","","","",""
15180,"2026-08-03 20:43:24.561636","train",45,3.6400320529937744,0.0008785364028941962,"","","","","",""
15200,"2026-08-03 20:43:25.880228","train",45,0.5531563758850098,0.0008776491711226802,"","","","","",""
15220,"2026-08-03 20:43:27.186603","train",45,2.3204896450042725,0.0008767591622376055,"","","","","",""
15226,"2026-08-03 20:43:49.421975","val",45,"","",0.7979223242381136,0.26706845107880434,0.6685940594059406,0.6457023060796646,0.7919556171983355,0.8116424116424117
15240,"2026-08-03 20:44:06.210734","train",46,2.0565826892852783,0.0008758663827838528,"","","","","",""
15260,"2026-08-03 20:44:07.337873","train",46,0.6124992370605469,0.000874970839326677,"","","","","",""
15280,"2026-08-03 20:44:08.561615","train",46,0.2640365958213806,0.0008740725384516586,"","","","","",""
15300,"2026-08-03 20:44:09.882282","train",46,0.35081326961517334,0.0008731714867646554,"","","","","",""
15320,"2026-08-03 20:44:11.041919","train",46,0.2789856791496277,0.0008722676908917545,"","","","","",""
15340,"2026-08-03 20:44:12.262423","train",46,5.03725528717041,0.0008713611574792219,"","","","","",""
15360,"2026-08-03 20:44:13.523137","train",46,1.2081185579299927,0.0008704518931934557,"","","","","",""
15380,"2026-08-03 20:44:14.928731","train",46,0.23018190264701843,0.0008695399047209353,"","","","","",""
15400,"2026-08-03 20:44:16.163303","train",46,0.34272634983062744,0.0008686251987681736,"","","","","",""
15420,"2026-08-03 20:44:17.453136","train",46,0.2968820333480835,0.0008677077820616671,"","","","","",""
15440,"2026-08-03 20:44:18.749885","train",46,0.21782022714614868,0.000866787661347846,"","","","","",""
15460,"2026-08-03 20:44:19.989378","train",46,3.326982259750366,0.0008658648433930254,"","","","","",""
15480,"2026-08-03 20:44:21.284660","train",46,0.4481944739818573,0.000864939334983355,"","","","","",""
15500,"2026-08-03 20:44:22.481757","train",46,1.0836788415908813,0.0008640111429247693,"","","","","",""
15520,"2026-08-03 20:44:23.624281","train",46,0.2897311747074127,0.000863080274042938,"","","","","",""
15540,"2026-08-03 20:44:24.832977","train",46,0.6115241646766663,0.0008621467351832148,"","","","","",""
15557,"2026-08-03 20:44:47.620734","val",46,"","",0.8299495667916722,0.28257514256348776,0.7203168316831683,0.7358490566037736,0.7942672214516875,0.8449384295538142
15560,"2026-08-03 20:45:04.204936","train",47,1.0252691507339478,0.0008612105332105884,"","","","","",""
15580,"2026-08-03 20:45:05.281108","train",47,1.1224278211593628,0.0008602716750096306,"","","","","",""
15600,"2026-08-03 20:45:06.379669","train",47,1.6091365814208984,0.000859330167484447,"","","","","",""
15620,"2026-08-03 20:45:07.655453","train",47,1.6726256608963013,0.0008583860175586252,"","","","","",""
15640,"2026-08-03 20:45:08.901751","train",47,0.3440237045288086,0.0008574392321751844,"","","","","",""
15660,"2026-08-03 20:45:10.161643","train",47,0.5849213600158691,0.0008564898182965242,"","","","","",""
15680,"2026-08-03 20:45:11.397696","train",47,1.426326036453247,0.0008555377829043735,"","","","","",""
15700,"2026-08-03 20:45:12.638243","train",47,3.7925164699554443,0.0008545831329997391,"","","","","",""
15720,"2026-08-03 20:45:13.874761","train",47,0.2102668583393097,0.0008536258756028539,"","","","","",""
15740,"2026-08-03 20:45:15.261858","train",47,2.666141986846924,0.0008526660177531263,"","","","","",""
15760,"2026-08-03 20:45:16.687046","train",47,0.5409882068634033,0.0008517035665090868,"","","","","",""
15780,"2026-08-03 20:45:17.857916","train",47,0.56676185131073,0.0008507385289483379,"","","","","",""
15800,"2026-08-03 20:45:19.100548","train",47,3.680272102355957,0.0008497709121675004,"","","","","",""
15820,"2026-08-03 20:45:20.342629","train",47,0.7981114387512207,0.0008488007232821625,"","","","","",""
15840,"2026-08-03 20:45:21.595489","train",47,0.8138145804405212,0.0008478279694268266,"","","","","",""
15860,"2026-08-03 20:45:22.823612","train",47,0.6984076499938965,0.0008468526577548574,"","","","","",""
15880,"2026-08-03 20:45:24.307365","train",47,2.1746227741241455,0.0008458747954384291,"","","","","",""
15888,"2026-08-03 20:45:46.495200","val",47,"","",0.8270701323332901,0.29397289594009207,0.7157227722772277,0.7232704402515724,0.7963476652797041,0.8452582760275068
15900,"2026-08-03 20:46:03.483768","train",48,0.2114640772342682,0.0008448943896684724,"","","","","",""
15920,"2026-08-03 20:46:05.060315","train",48,1.5096240043640137,0.0008439114476546222,"","","","","",""
15940,"2026-08-03 20:46:06.229577","train",48,0.45562607049942017,0.0008429259766251639,"","","","","",""
15960,"2026-08-03 20:46:07.488417","train",48,1.8421818017959595,0.000841937983826981,"","","","","",""
15980,"2026-08-03 20:46:08.713951","train",48,0.4262530505657196,0.0008409474765255008,"","","","","",""
16000,"2026-08-03 20:46:09.991869","train",48,0.2648718059062958,0.0008399544620046423,"","","","","",""
16020,"2026-08-03 20:46:11.224436","train",48,0.3628379702568054,0.0008389589475667611,"","","","","",""
16040,"2026-08-03 20:46:12.496766","train",48,0.23014451563358307,0.0008379609405325971,"","","","","",""
16060,"2026-08-03 20:46:13.768717","train",48,0.2964167296886444,0.00083696044824122,"","","","","",""
16080,"2026-08-03 20:46:15.120173","train",48,0.3682381510734558,0.0008359574780499751,"","","","","",""
16100,"2026-08-03 20:46:16.314743","train",48,3.1253957748413086,0.0008349520373344297,"","","","","",""
16120,"2026-08-03 20:46:17.548366","train",48,0.31863686442375183,0.0008339441334883187,"","","","","",""
16140,"2026-08-03 20:46:18.760533","train",48,0.39073479175567627,0.0008329337739234903,"","","","","",""
16160,"2026-08-03 20:46:20.019328","train",48,0.6901679039001465,0.0008319209660698507,"","","","","",""
16180,"2026-08-03 20:46:21.242046","train",48,1.2240495681762695,0.0008309057173753112,"","","","","",""
16200,"2026-08-03 20:46:22.626978","train",48,0.8956499099731445,0.0008298880353057314,"","","","","",""
16219,"2026-08-03 20:46:45.773330","val",48,"","",0.836010172852278,0.3196221551540468,0.742019801980198,0.7316561844863732,0.8134535367545076,0.8536862306093076
16220,"2026-08-03 20:47:02.869369","train",49,0.3171987533569336,0.0008288679273448659,"","","","","",""
16240,"2026-08-03 20:47:04.033059","train",49,0.2158399522304535,0.0008278454009943083,"","","","","",""
16260,"2026-08-03 20:47:05.226886","train",49,3.201873540878296,0.0008268204637734367,"","","","","",""
16280,"2026-08-03 20:47:06.383962","train",49,0.8982482552528381,0.0008257931232193575,"","","","","",""
16300,"2026-08-03 20:47:07.640470","train",49,0.3549497425556183,0.0008247633868868513,"","","","","",""
16320,"2026-08-03 20:47:08.855069","train",49,1.7605702877044678,0.0008237312623483162,"","","","","",""
16340,"2026-08-03 20:47:10.049816","train",49,2.69647216796875,0.0008226967571937124,"","","","","",""
16360,"2026-08-03 20:47:11.203744","train",49,1.7893496751785278,0.0008216598790305066,"","","","","",""
16380,"2026-08-03 20:47:12.343036","train",49,0.2973891496658325,0.0008206206354836161,"","","","","",""
16400,"2026-08-03 20:47:13.508085","train",49,0.9609918594360352,0.0008195790341953524,"","","","","",""
16420,"2026-08-03 20:47:14.831382","train",49,1.2954548597335815,0.0008185350828253654,"","","","","",""
16440,"2026-08-03 20:47:16.019930","train",49,0.9494689702987671,0.0008174887890505864,"","","","","",""
16460,"2026-08-03 20:47:17.238581","train",49,1.4320640563964844,0.0008164401605651729,"","","","","",""
16480,"2026-08-03 20:47:18.634773","train",49,1.23211669921875,0.0008153892050804501,"","","","","",""
16500,"2026-08-03 20:47:19.974493","train",49,0.14069151878356934,0.0008143359303248564,"","","","","",""
16520,"2026-08-03 20:47:21.198074","train",49,1.9878616333007812,0.000813280344043885,"","","","","",""
16540,"2026-08-03 20:47:22.724942","train",49,0.3697996437549591,0.0008122224540000272,"","","","","",""
16550,"2026-08-03 20:47:45.191837","val",49,"","",0.8402603560498297,0.3272661690432842,0.7548514851485149,0.7672955974842767,0.7827092001849284,0.8632176555253479
16560,"2026-08-03 20:48:01.189708","train",50,1.0758390426635742,0.000811162267972716,"","","","","",""
16580,"2026-08-03 20:48:02.499218","train",50,0.29174160957336426,0.0008100997937582681,"","","","","",""
16600,"2026-08-03 20:48:03.696709","train",50,0.3636016845703125,0.000809035039169827,"","","","","",""
16620,"2026-08-03 20:48:04.942985","train",50,1.8340401649475098,0.0008079680120373057,"","","","","",""
16640,"2026-08-03 20:48:06.179585","train",50,0.2402079999446869,0.0008068987202073284,"","","","","",""
16660,"2026-08-03 20:48:07.337764","train",50,1.2401126623153687,0.0008058271715431735,"","","","","",""
16680,"2026-08-03 20:48:08.605728","train",50,0.679336667060852,0.0008047533739247155,"","","","","",""
16700,"2026-08-03 20:48:09.872609","train",50,1.8170256614685059,0.0008036773352483672,"","","","","",""
16720,"2026-08-03 20:48:11.130726","train",50,0.5093677639961243,0.0008025990634270216,"","","","","",""
16740,"2026-08-03 20:48:12.243492","train",50,1.6041193008422852,0.000801518566389993,"","","","","",""
16760,"2026-08-03 20:48:13.475091","train",50,0.1170487180352211,0.0008004358520829603,"","","","","",""
16780,"2026-08-03 20:48:14.624812","train",50,1.1312147378921509,0.000799350928467907,"","","","","",""
16800,"2026-08-03 20:48:16.029605","train",50,0.704427182674408,0.0007982638035230631,"","","","","",""
16820,"2026-08-03 20:48:17.139825","train",50,1.1225627660751343,0.0007971744852428471,"","","","","",""
16840,"2026-08-03 20:48:18.420071","train",50,0.19774755835533142,0.0007960829816378061,"","","","","",""
16860,"2026-08-03 20:48:19.763280","train",50,0.2064889669418335,0.0007949893007345582,"","","","","",""
16880,"2026-08-03 20:48:21.142356","train",50,0.151309072971344,0.0007938934505757319,"","","","","",""
16881,"2026-08-03 20:48:43.509274","val",50,"","",0.8394672184145868,0.32417146423412035,0.7468514851485148,0.7106918238993711,0.8199260286638927,0.8573164880857188
16900,"2026-08-03 20:49:00.389884","train",51,0.5654639601707458,0.0007927954392199085,"","","","","",""
16920,"2026-08-03 20:49:01.690750","train",51,0.5570108294487,0.0007916952747415618,"","","","","",""
16940,"2026-08-03 20:49:02.901811","train",51,1.4419734477996826,0.0007905929652309992,"","","","","",""
16960,"2026-08-03 20:49:04.029438","train",51,1.7292016744613647,0.000789488518794302,"","","","","",""
16980,"2026-08-03 20:49:05.374903","train",51,0.4040154218673706,0.000788381943553266,"","","","","",""
17000,"2026-08-03 20:49:06.578114","train",51,0.3755742311477661,0.0007872732476453414,"","","","","",""
17020,"2026-08-03 20:49:07.915318","train",51,0.49124234914779663,0.0007861624392235736,"","","","","",""
17040,"2026-08-03 20:49:09.149503","train",51,3.8390562534332275,0.0007850495264565424,"","","","","",""
17060,"2026-08-03 20:49:10.459561","train",51,0.20351341366767883,0.0007839345175283027,"","","","","",""
17080,"2026-08-03 20:49:11.697067","train",51,2.446110486984253,0.0007828174206383235,"","","","","",""
17100,"2026-08-03 20:49:12.929312","train",51,1.2646342515945435,0.000781698244001429,"","","","","",""
17120,"2026-08-03 20:49:14.185548","train",51,2.0390312671661377,0.0007805769958477366,"","","","","",""
17140,"2026-08-03 20:49:15.370578","train",51,0.15681500732898712,0.0007794536844225971,"","","","","",""
17160,"2026-08-03 20:49:16.644561","train",51,0.3240017294883728,0.000778328317986534,"","","","","",""
17180,"2026-08-03 20:49:18.010558","train",51,0.7619898319244385,0.0007772009048151833,"","","","","",""
17200,"2026-08-03 20:49:19.233154","train",51,0.27534258365631104,0.0007760714531992314,"","","","","",""
17212,"2026-08-03 20:49:42.004489","val",51,"","",0.8364153627311522,0.31001957080608744,0.7481188118811881,0.7064989517819706,0.7940360610263524,0.8596833519910443
17220,"2026-08-03 20:49:58.370838","train",52,0.40334028005599976,0.0007749399714443556,"","","","","",""
17240,"2026-08-03 20:49:59.628629","train",52,0.7131431102752686,0.000773806467871162,"","","","","",""
17260,"2026-08-03 20:50:00.905479","train",52,1.176213026046753,0.000772670950815124,"","","","","",""
17280,"2026-08-03 20:50:02.085408","train",52,0.37113648653030396,0.0007715334286265223,"","","","","",""
17300,"2026-08-03 20:50:03.349994","train",52,0.21611404418945312,0.0007703939096703829,"","","","","",""
17320,"2026-08-03 20:50:04.535152","train",52,1.4761497974395752,0.0007692524023264148,"","","","","",""
17340,"2026-08-03 20:50:05.744276","train",52,1.5394333600997925,0.0007681089149889496,"","","","","",""
17360,"2026-08-03 20:50:06.990393","train",52,0.5776811242103577,0.0007669634560668791,"","","","","",""
17380,"2026-08-03 20:50:08.208529","train",52,0.41446566581726074,0.0007658160339835935,"","","","","",""
17400,"2026-08-03 20:50:09.496061","train",52,0.11504027992486954,0.0007646666571769198,"","","","","",""
17420,"2026-08-03 20:50:10.758826","train",52,2.7732107639312744,0.0007635153340990588,"","","","","",""
17440,"2026-08-03 20:50:11.971930","train",52,1.381487488746643,0.0007623620732165247,"","","","","",""
17460,"2026-08-03 20:50:13.245264","train",52,2.2128701210021973,0.000761206883010081,"","","","","",""
17480,"2026-08-03 20:50:14.500490","train",52,0.21951235830783844,0.0007600497719746793,"","","","","",""
17500,"2026-08-03 20:50:15.660737","train",52,0.6879122257232666,0.0007588907486193961,"","","","","",""
17520,"2026-08-03 20:50:16.916899","train",52,0.5449898838996887,0.000757729821467371,"","","","","",""
17540,"2026-08-03 20:50:18.422133","train",52,0.37720826268196106,0.000756566999055743,"","","","","",""
17543,"2026-08-03 20:50:40.580125","val",52,"","",0.8315703263071684,0.3000149244990814,0.7289504950495049,0.710691823899371,0.7748497457235322,0.8556532864225173
17560,"2026-08-03 20:50:57.439635","train",53,0.22755134105682373,0.0007554022899355891,"","","","","",""
17580,"2026-08-03 20:50:58.710441","train",53,1.0839130878448486,0.0007542357026718601,"","","","","",""
17600,"2026-08-03 20:51:00.104639","train",53,0.574678361415863,0.0007530672458433182,"","","","","",""
17620,"2026-08-03 20:51:01.228896","train",53,0.3851585388183594,0.0007518969280424741,"","","","","",""
17640,"2026-08-03 20:51:02.469840","train",53,1.096200704574585,0.0007507247578755232,"","","","","",""
17660,"2026-08-03 20:51:03.671444","train",53,0.6888598203659058,0.0007495507439622829,"","","","","",""
17680,"2026-08-03 20:51:05.043248","train",53,0.36534765362739563,0.0007483748949361294,"","","","","",""
17700,"2026-08-03 20:51:06.484179","train",53,1.375518560409546,0.0007471972194439332,"","","","","",""
17720,"2026-08-03 20:51:07.648190","train",53,1.0203180313110352,0.0007460177261459963,"","","","","",""
17740,"2026-08-03 20:51:08.893332","train",53,0.22742150723934174,0.0007448364237159886,"","","","","",""
17760,"2026-08-03 20:51:10.215412","train",53,0.19909170269966125,0.0007436533208408836,"","","","","",""
17780,"2026-08-03 20:51:11.455965","train",53,0.12414561957120895,0.0007424684262208947,"","","","","",""
17800,"2026-08-03 20:51:12.719619","train",53,0.30142462253570557,0.0007412817485694115,"","","","","",""
17820,"2026-08-03 20:51:13.979541","train",53,3.16955304145813,0.0007400932966129356,"","","","","",""
17840,"2026-08-03 20:51:15.128215","train",53,0.119359090924263,0.0007389030790910161,"","","","","",""
17860,"2026-08-03 20:51:16.525348","train",53,2.8507814407348633,0.0007377111047561859,"","","","","",""
17874,"2026-08-03 20:51:39.860063","val",53,"","",0.8352342773395405,0.26227860415637616,0.7394851485148515,0.7253668763102725,0.7743874248728617,0.8597313289620983
17880,"2026-08-03 20:51:55.231833","train",54,3.7420763969421387,0.0007365173823738969,"","","","","",""
17900,"2026-08-03 20:51:56.573521","train",54,0.5661027431488037,0.000735321920722455,"","","","","",""
17920,"2026-08-03 20:51:57.893517","train",54,1.6636641025543213,0.0007341247285929574,"","","","","",""
17940,"2026-08-03 20:51:59.208443","train",54,0.4773537218570709,0.0007329258147892259,"","","","","",""
17960,"2026-08-03 20:52:00.302837","train",54,0.37424689531326294,0.0007317251881277433,"","","","","",""
17980,"2026-08-03 20:52:01.540484","train",54,2.192884922027588,0.0007305228574375883,"","","","","",""
18000,"2026-08-03 20:52:02.748296","train",54,0.2246636599302292,0.0007293188315603708,"","","","","",""
18020,"2026-08-03 20:52:04.085274","train",54,3.465345859527588,0.0007281131193501657,"","","","","",""
18040,"2026-08-03 20:52:05.187469","train",54,0.37335461378097534,0.0007269057296734499,"","","","","",""
18060,"2026-08-03 20:52:06.424686","train",54,1.5918548107147217,0.0007256966714090354,"","","","","",""
18080,"2026-08-03 20:52:07.595763","train",54,0.553504467010498,0.0007244859534480044,"","","","","",""
18100,"2026-08-03 20:52:08.848141","train",54,0.5380444526672363,0.0007232735846936441,"","","","","",""
18120,"2026-08-03 20:52:09.971447","train",54,0.1573835164308548,0.0007220595740613816,"","","","","",""
18140,"2026-08-03 20:52:11.176678","train",54,1.6710394620895386,0.0007208439304787174,"","","","","",""
18160,"2026-08-03 20:52:12.366612","train",54,0.4737503230571747,0.0007196266628851604,"","","","","",""
18180,"2026-08-03 20:52:13.700491","train",54,0.2768431007862091,0.0007184077802321625,"","","","","",""
18200,"2026-08-03 20:52:15.271824","train",54,1.9735232591629028,0.0007171872914830514,"","","","","",""
18205,"2026-08-03 20:52:36.500271","val",54,"","",0.8265011422906159,0.2838097444087053,0.7203960396039604,0.7295597484276729,0.8083680073971337,0.8387494002878618
18220,"2026-08-03 20:52:52.663779","train",55,1.5030300617218018,0.0007159652056129665,"","","","","",""
18240,"2026-08-03 20:52:53.995879","train",55,0.5275015830993652,0.0007147415316087914,"","","","","",""
18260,"2026-08-03 20:52:55.230208","train",55,0.40556666254997253,0.0007135162784690886,"","","","","",""
18280,"2026-08-03 20:52:56.423565","train",55,0.41490638256073,0.0007122894552040331,"","","","","",""
18300,"2026-08-03 20:52:57.694467","train",55,2.703019380569458,0.0007110610708353462,"","","","","",""
18320,"2026-08-03 20:52:58.993621","train",55,0.3038368225097656,0.0007098311343962291,"","","","","",""
18340,"2026-08-03 20:53:00.163936","train",55,1.6044321060180664,0.0007085996549312967,"","","","","",""
18360,"2026-08-03 20:53:01.513448","train",55,0.20535922050476074,0.0007073666414965105,"","","","","",""
18380,"2026-08-03 20:53:02.716068","train",55,0.5440071821212769,0.0007061321031591127,"","","","","",""
18400,"2026-08-03 20:53:03.903657","train",55,0.3519003391265869,0.000704896048997559,"","","","","",""
18420,"2026-08-03 20:53:05.187277","train",55,3.2648532390594482,0.0007036584881014524,"","","","","",""
18440,"2026-08-03 20:53:06.602764","train",55,0.5808300971984863,0.0007024194295714754,"","","","","",""
18460,"2026-08-03 20:53:07.719740","train",55,0.6287039518356323,0.0007011788825193243,"","","","","",""
18480,"2026-08-03 20:53:08.982577","train",55,4.295011043548584,0.0006999368560676415,"","","","","",""
18500,"2026-08-03 20:53:10.211344","train",55,0.4839528501033783,0.0006986933593499481,"","","","","",""
18520,"2026-08-03 20:53:11.586607","train",55,0.37487220764160156,0.0006974484015105775,"","","","","",""
18536,"2026-08-03 20:53:33.855857","val",55,"","",0.8423035475667054,0.28592153773850376,0.7546930693069307,0.7253668763102725,0.802588996763754,0.8641771949464258
18540,"2026-08-03 20:53:49.962446","train",56,1.3089215755462646,0.0006962019917046078,"","","","","",""
18560,"2026-08-03 20:53:51.314075","train",56,0.31741923093795776,0.000694954139097794,"","","","","",""
18580,"2026-08-03 20:53:52.334822","train",56,1.5966947078704834,0.0006937048528665014,"","","","","",""
18600,"2026-08-03 20:53:53.555275","train",56,0.4856255054473877,0.000692454142197638,"","","","","",""
18620,"2026-08-03 20:53:54.834154","train",56,0.26374348998069763,0.0006912020162885866,"","","","","",""
18640,"2026-08-03 20:53:56.040458","train",56,0.7239108085632324,0.000689948484347137,"","","","","",""
18660,"2026-08-03 20:53:57.298245","train",56,0.11458916962146759,0.0006886935555914187,"","","","","",""
18680,"2026-08-03 20:53:58.556701","train",56,0.6050853133201599,0.0006874372392498331,"","","","","",""
18700,"2026-08-03 20:53:59.728489","train",56,1.7175484895706177,0.0006861795445609854,"","","","","",""
18720,"2026-08-03 20:54:00.999674","train",56,0.5335145592689514,0.0006849204807736169,"","","","","",""
18740,"2026-08-03 20:54:02.183040","train",56,1.133731484413147,0.0006836600571465371,"","","","","",""
18760,"2026-08-03 20:54:03.521476","train",56,0.8414259552955627,0.0006823982829485546,"","","","","",""
18780,"2026-08-03 20:54:04.579795","train",56,0.5490493774414062,0.000681135167458411,"","","","","",""
18800,"2026-08-03 20:54:05.823643","train",56,0.16194221377372742,0.00067987071996471,"","","","","",""
18820,"2026-08-03 20:54:07.064894","train",56,0.3724837303161621,0.0006786049497658512,"","","","","",""
18840,"2026-08-03 20:54:08.406142","train",56,2.964829206466675,0.0006773378661699611,"","","","","",""
18860,"2026-08-03 20:54:09.841351","train",56,0.7538282871246338,0.0006760694784948246,"","","","","",""
18867,"2026-08-03 20:54:31.167024","val",56,"","",0.811284969179706,0.3206104598279638,0.6878415841584158,0.649895178197065,0.8095238095238095,0.8272349272349272
18880,"2026-08-03 20:54:48.067967","train",57,0.18848246335983276,0.0006747997960678155,"","","","","",""
18900,"2026-08-03 20:54:49.355638","train",57,0.03305774927139282,0.0006735288282258306,"","","","","",""
18920,"2026-08-03 20:54:50.489057","train",57,0.5219112038612366,0.0006722565843152177,"","","","","",""
18940,"2026-08-03 20:54:51.727058","train",57,0.26000499725341797,0.000670983073691709,"","","","","",""
18960,"2026-08-03 20:54:52.961307","train",57,0.5967128872871399,0.0006697083057203521,"","","","","",""
18980,"2026-08-03 20:54:54.167776","train",57,0.7342595458030701,0.0006684322897754402,"","","","","",""
19000,"2026-08-03 20:54:55.402668","train",57,1.8503668308258057,0.0006671550352404442,"","","","","",""
19020,"2026-08-03 20:54:56.568356","train",57,1.7534151077270508,0.0006658765515079432,"","","","","",""
19040,"2026-08-03 20:54:57.650351","train",57,0.624821126461029,0.0006645968479795551,"","","","","",""
19060,"2026-08-03 20:54:58.905918","train",57,0.2946864366531372,0.0006633159340658682,"","","","","",""
19080,"2026-08-03 20:55:00.149452","train",57,0.37369102239608765,0.0006620338191863716,"","","","","",""
19100,"2026-08-03 20:55:01.461582","train",57,0.34484678506851196,0.0006607505127693862,"","","","","",""
19120,"2026-08-03 20:55:02.563300","train",57,0.24987804889678955,0.0006594660242519943,"","","","","",""
19140,"2026-08-03 20:55:03.978096","train",57,0.17885465919971466,0.0006581803630799722,"","","","","",""
19160,"2026-08-03 20:55:05.196493","train",57,1.3227940797805786,0.0006568935387077187,"","","","","",""
19180,"2026-08-03 20:55:06.495604","train",57,0.47997960448265076,0.0006556055605981868,"","","","","",""
19198,"2026-08-03 20:55:29.170174","val",57,"","",0.8352860037070562,0.31601972143381396,0.7390891089108911,0.7421383647798743,0.7882570503929727,0.8551895090356629
