"step","time","part","epoch","loss","lr","auroc","auprc","auroc_age_cond","auroc_I0002","auroc_I0006","auroc_S0001"
20,"2026-08-03 00:01:18.344381","train",0,0.6759492754936218,4.0009669118256925e-05,"","","","","",""
40,"2026-08-03 00:01:19.346700","train",0,0.9834633469581604,4.003867608347821e-05,"","","","","",""
60,"2026-08-03 00:01:20.174676","train",0,0.9701815843582153,4.008701972703149e-05,"","","","","",""
80,"2026-08-03 00:01:21.056981","train",0,0.6312322020530701,4.01546981012485e-05,"","","","","",""
100,"2026-08-03 00:01:21.962686","train",0,1.3119484186172485,4.024170847950336e-05,"","","","","",""
120,"2026-08-03 00:01:22.758563","train",0,0.6052079796791077,4.034804735632237e-05,"","","","","",""
140,"2026-08-03 00:01:23.614508","train",0,0.9580953121185303,4.047371044752597e-05,"","","","","",""
160,"2026-08-03 00:01:24.484641","train",0,0.9495229125022888,4.0618692690400234e-05,"","","","","",""
180,"2026-08-03 00:01:25.476809","train",0,1.708916187286377,4.078298824390159e-05,"","","","","",""
200,"2026-08-03 00:01:26.285644","train",0,0.5848373770713806,4.0966590488892185e-05,"","","","","",""
220,"2026-08-03 00:01:27.090735","train",0,1.7114531993865967,4.116949202840584e-05,"","","","","",""
240,"2026-08-03 00:01:27.977736","train",0,0.5654129981994629,4.139168468794696e-05,"","","","","",""
260,"2026-08-03 00:01:28.779621","train",0,1.3447518348693848,4.163315951581951e-05,"","","","","",""
280,"2026-08-03 00:01:29.595761","train",0,0.9470363855361938,4.1893906783486826e-05,"","","","","",""
300,"2026-08-03 00:01:30.551146","train",0,0.9479488730430603,4.2173915985965304e-05,"","","","","",""
320,"2026-08-03 00:01:31.472933","train",0,0.555871844291687,4.247317584224616e-05,"","","","","",""
330,"2026-08-03 00:01:48.549308","val",0,"","",0.5033114754098361,0.0838681813975138,0.526923877593505,0.36363636363636365,0.5293468667255075,0.5213707736033671
340,"2026-08-03 00:01:59.636236","train",1,0.9308170080184937,4.2791674295750344e-05,"","","","","",""
360,"2026-08-03 00:02:00.470900","train",1,1.3701822757720947,4.312939851481461e-05,"","","","","",""
380,"2026-08-03 00:02:01.311452","train",1,1.3555635213851929,4.3486334893207915e-05,"","","","","",""
400,"2026-08-03 00:02:02.395082","train",1,0.9431360363960266,4.386246905068044e-05,"","","","","",""
420,"2026-08-03 00:02:03.234220","train",1,0.5149424076080322,4.425778583354138e-05,"","","","","",""
440,"2026-08-03 00:02:04.095271","train",1,1.361605167388916,4.467226931527152e-05,"","","","","",""
460,"2026-08-03 00:02:04.883786","train",1,0.9523712396621704,4.5105902797163235e-05,"","","","","",""
480,"2026-08-03 00:02:05.800554","train",1,1.3695822954177856,4.555866880899377e-05,"","","","","",""
500,"2026-08-03 00:02:06.798789","train",1,1.3702149391174316,4.6030549109729656e-05,"","","","","",""
520,"2026-08-03 00:02:07.648217","train",1,0.937137246131897,4.65215246882605e-05,"","","","","",""
540,"2026-08-03 00:02:08.603298","train",1,0.9134319424629211,4.703157576416595e-05,"","","","","",""
560,"2026-08-03 00:02:09.435437","train",1,0.9597077369689941,4.756068178851181e-05,"","","","","",""
580,"2026-08-03 00:02:10.306568","train",1,1.828338384628296,4.8108821444678386e-05,"","","","","",""
600,"2026-08-03 00:02:11.286228","train",1,0.9145965576171875,4.867597264921939e-05,"","","","","",""
620,"2026-08-03 00:02:12.208743","train",1,0.5088092088699341,4.9262112552751194e-05,"","","","","",""
640,"2026-08-03 00:02:13.099146","train",1,0.4997296929359436,4.9867217540873325e-05,"","","","","",""
660,"2026-08-03 00:02:13.991849","train",1,0.4869328737258911,5.0491263235120714e-05,"","","","","",""
660,"2026-08-03 00:02:30.353550","val",1,"","",0.5885819672131148,0.12759949404994503,0.5533967108458816,0.45626072041166377,0.6078993821712269,0.596952801031264
680,"2026-08-03 00:02:41.978009","train",2,1.4125871658325195,5.1134224493944907e-05,"","","","","",""
700,"2026-08-03 00:02:42.915541","train",2,0.895685076713562,5.179607541372735e-05,"","","","","",""
720,"2026-08-03 00:02:43.882311","train",2,0.9432194232940674,5.247678932982294e-05,"","","","","",""
740,"2026-08-03 00:02:44.788242","train",2,0.4790835976600647,5.317633881763437e-05,"","","","","",""
760,"2026-08-03 00:02:45.853239","train",2,0.9339308142662048,5.389469569371701e-05,"","","","","",""
780,"2026-08-03 00:02:46.859353","train",2,1.375184178352356,5.4631831016914325e-05,"","","","","",""
800,"2026-08-03 00:02:47.741910","train",2,0.45412784814834595,5.538771508952368e-05,"","","","","",""
820,"2026-08-03 00:02:48.624054","train",2,1.446010708808899,5.616231745849299e-05,"","","","","",""
840,"2026-08-03 00:02:49.537502","train",2,1.3876292705535889,5.6955606916647824e-05,"","","","","",""
860,"2026-08-03 00:02:50.404734","train",2,0.8463103771209717,5.7767551503947996e-05,"","","","","",""
880,"2026-08-03 00:02:51.297720","train",2,0.926091194152832,5.859811850877602e-05,"","","","","",""
900,"2026-08-03 00:02:52.160291","train",2,0.8793066143989563,5.944727446925452e-05,"","","","","",""
920,"2026-08-03 00:02:52.955422","train",2,1.4159011840820312,6.0314985174594144e-05,"","","","","",""
940,"2026-08-03 00:02:53.885971","train",2,0.4204105734825134,6.12012156664724e-05,"","","","","",""
960,"2026-08-03 00:02:54.802714","train",2,0.8715783357620239,6.210593024044177e-05,"","","","","",""
980,"2026-08-03 00:02:55.636122","train",2,1.9688104391098022,6.302909244736783e-05,"","","","","",""
990,"2026-08-03 00:03:12.223922","val",2,"","",0.6402377049180329,0.1479251169942971,0.5789327596974533,0.5506003430531732,0.6416593115622242,0.6436703061176945
1000,"2026-08-03 00:03:23.585109","train",3,0.9428406953811646,6.397066509489843e-05,"","","","","",""
1020,"2026-08-03 00:03:24.558464","train",3,0.4313682019710541,6.493061024896165e-05,"","","","","",""
1040,"2026-08-03 00:03:25.452612","train",3,0.44634291529655457,6.590888923529385e-05,"","","","","",""
1060,"2026-08-03 00:03:26.297151","train",3,2.1905875205993652,6.690546264099867e-05,"","","","","",""
1080,"2026-08-03 00:03:27.149475","train",3,0.7970339059829712,6.792029031613383e-05,"","","","","",""
1100,"2026-08-03 00:03:27.952893","train",3,1.4073680639266968,6.895333137532905e-05,"","","","","",""
1120,"2026-08-03 00:03:28.792065","train",3,1.3190571069717407,7.000454419943424e-05,"","","","","",""
1140,"2026-08-03 00:03:29.603835","train",3,0.7920970916748047,7.107388643719421e-05,"","","","","",""
1160,"2026-08-03 00:03:30.481033","train",3,1.2780265808105469,7.216131500695699e-05,"","","","","",""
1180,"2026-08-03 00:03:31.335924","train",3,1.5104379653930664,7.326678609840805e-05,"","","","","",""
1200,"2026-08-03 00:03:32.193628","train",3,1.4231247901916504,7.439025517433622e-05,"","","","","",""
1220,"2026-08-03 00:03:33.040525","train",3,1.3531118631362915,7.553167697242744e-05,"","","","","",""
1240,"2026-08-03 00:03:33.893451","train",3,1.3125238418579102,7.669100550708853e-05,"","","","","",""
1260,"2026-08-03 00:03:34.785268","train",3,0.9580143094062805,7.78681940713003e-05,"","","","","",""
1280,"2026-08-03 00:03:35.598001","train",3,0.9345850348472595,7.906319523849799e-05,"","","","","",""
1300,"2026-08-03 00:03:36.466894","train",3,2.0171074867248535,8.027596086448345e-05,"","","","","",""
1320,"2026-08-03 00:03:37.289553","train",3,0.8901139497756958,8.150644208936388e-05,"","","","","",""
1320,"2026-08-03 00:03:53.601079","val",3,"","",0.6852459016393444,0.15346834916360264,0.5960030532232322,0.6638078902229846,0.6310679611650485,0.6944880177675619
1340,"2026-08-03 00:04:05.071642","train",4,0.7951579093933105,8.275458933952075e-05,"","","","","",""
1360,"2026-08-03 00:04:06.027400","train",4,0.7830183506011963,8.402035232960643e-05,"","","","","",""
1380,"2026-08-03 00:04:06.820151","train",4,0.3908540904521942,8.530368006457107e-05,"","","","","",""
1400,"2026-08-03 00:04:07.748496","train",4,1.2874703407287598,8.660452084171611e-05,"","","","","",""
1420,"2026-08-03 00:04:08.753340","train",4,1.472604513168335,8.792282225277784e-05,"","","","","",""
1440,"2026-08-03 00:04:09.614821","train",4,1.491519570350647,8.925853118603834e-05,"","","","","",""
1460,"2026-08-03 00:04:10.473717","train",4,1.4556300640106201,9.061159382846599e-05,"","","","","",""
1480,"2026-08-03 00:04:11.430826","train",4,1.4382102489471436,9.198195566788303e-05,"","","","","",""
1500,"2026-08-03 00:04:12.291849","train",4,0.34331971406936646,9.336956149516129e-05,"","","","","",""
1520,"2026-08-03 00:04:13.121180","train",4,1.3539137840270996,9.477435540644738e-05,"","","","","",""
1540,"2026-08-03 00:04:13.929006","train",4,0.3153860867023468,9.619628080541462e-05,"","","","","",""
1560,"2026-08-03 00:04:14.740587","train",4,0.7981228232383728,9.763528040554253e-05,"","","","","",""
1580,"2026-08-03 00:04:15.557611","train",4,0.9056509733200073,9.9091296232426e-05,"","","","","",""
1600,"2026-08-03 00:04:16.394945","train",4,0.9406726360321045,0.00010056426962610978,"","","","","",""
1620,"2026-08-03 00:04:17.317550","train",4,0.2444869875907898,0.00010205414124345256,"","","","","",""
1640,"2026-08-03 00:04:18.149864","train",4,1.0531196594238281,0.00010356085106051735,"","","","","",""
1650,"2026-08-03 00:04:34.526452","val",4,"","",0.7500737704918032,0.21646149606890844,0.6370827839844563,0.7221269296740995,0.7093998234774933,0.7570316989454393
1660,"2026-08-03 00:04:45.656600","train",5,1.5458030700683594,0.00010508433837499,"","","","","",""
1680,"2026-08-03 00:04:46.474486","train",5,0.48913055658340454,0.00010662454180862481,"","","","","",""
1700,"2026-08-03 00:04:47.299044","train",5,0.3435952663421631,0.00010818139930971696,"","","","","",""
1720,"2026-08-03 00:04:48.127279","train",5,1.008391261100769,0.00010975484815560249,"","","","","",""
1740,"2026-08-03 00:04:49.016092","train",5,1.316904067993164,0.00011134482495518607,"","","","","",""
1760,"2026-08-03 00:04:49.857144","train",5,0.3416433334350586,0.00011295126565149388,"","","","","",""
1780,"2026-08-03 00:04:50.716288","train",5,1.239349126815796,0.00011457410552425469,"","","","","",""
1800,"2026-08-03 00:04:51.530435","train",5,0.3187031149864197,0.00011621327919250754,"","","","","",""
1820,"2026-08-03 00:04:52.357527","train",5,2.1289143562316895,0.00011786872061723562,"","","","","",""
1840,"2026-08-03 00:04:53.293619","train",5,1.9416108131408691,0.00011954036310402667,"","","","","",""
1860,"2026-08-03 00:04:54.117085","train",5,0.8141789436340332,0.00012122813930576064,"","","","","",""
1880,"2026-08-03 00:04:54.991545","train",5,1.257176160812378,0.00012293198122532197,"","","","","",""
1900,"2026-08-03 00:04:55.871722","train",5,0.49076706171035767,0.0001246518202183398,"","","","","",""
1920,"2026-08-03 00:04:56.649664","train",5,0.8918465375900269,0.0001263875869959532,"","","","","",""
1940,"2026-08-03 00:04:57.465037","train",5,0.6649382710456848,0.0001281392116276029,"","","","","",""
1960,"2026-08-03 00:04:58.448918","train",5,0.327185720205307,0.00012990662354384877,"","","","","",""
1980,"2026-08-03 00:04:59.234920","train",5,1.6542677879333496,0.00013168975153921188,"","","","","",""
1980,"2026-08-03 00:05:15.566192","val",5,"","",0.7545409836065574,0.21627407014443212,0.6199430990215807,0.6826758147512865,0.748676081200353,0.7516734744591298
2000,"2026-08-03 00:05:27.153108","train",6,3.3654396533966064,0.00013348852377504468,"","","","","",""
2020,"2026-08-03 00:05:28.036562","train",6,0.4214053153991699,0.00013530286778242438,"","","","","",""
2040,"2026-08-03 00:05:28.930234","train",6,0.39155125617980957,0.00013713271046507294,"","","","","",""
2060,"2026-08-03 00:05:29.850728","train",6,1.5872478485107422,0.0001389779781023015,"","","","","",""
2080,"2026-08-03 00:05:30.666212","train",6,0.7093567252159119,0.00014083859635198094,"","","","","",""
2100,"2026-08-03 00:05:31.507498","train",6,1.365318775177002,0.00014271449025353672,"","","","","",""
2120,"2026-08-03 00:05:32.358650","train",6,0.7194190621376038,0.00014460558423096896,"","","","","",""
2140,"2026-08-03 00:05:33.176585","train",6,0.6272509694099426,0.00014651180209589718,"","","","","",""
2160,"2026-08-03 00:05:33.992478","train",6,0.23805977404117584,0.00014843306705063003,"","","","","",""
2180,"2026-08-03 00:05:34.981594","train",6,1.7526518106460571,0.0001503693016912589,"","","","","",""
2200,"2026-08-03 00:05:35.841622","train",6,0.9558026790618896,0.0001523204280107765,"","","","","",""
2220,"2026-08-03 00:05:36.686777","train",6,0.834845781326294,0.0001542863674022201,"","","","","",""
2240,"2026-08-03 00:05:37.582864","train",6,0.47683724761009216,0.00015626704066183759,"","","","","",""
2260,"2026-08-03 00:05:38.414928","train",6,1.7215744256973267,0.00015826236799227906,"","","","","",""
2280,"2026-08-03 00:05:39.242187","train",6,1.8774181604385376,0.0001602722690058116,"","","","","",""
2300,"2026-08-03 00:05:40.074741","train",6,0.24339938163757324,0.00016229666272755765,"","","","","",""
2310,"2026-08-03 00:05:56.877489","val",6,"","",0.7699098360655738,0.23824139710174105,0.6323641662618833,0.6740994854202401,0.760370697263901,0.7704350257039465
2320,"2026-08-03 00:06:08.067751","train",7,0.2672736346721649,0.00016433546759875794,"","","","","",""
2340,"2026-08-03 00:06:08.877226","train",7,1.4907852411270142,0.00016638860148005636,"","","","","",""
2360,"2026-08-03 00:06:09.798283","train",7,1.1581734418869019,0.00016845598165481004,"","","","","",""
2380,"2026-08-03 00:06:10.632549","train",7,0.9834709167480469,0.00017053752483242178,"","","","","",""
2400,"2026-08-03 00:06:11.511316","train",7,1.109722375869751,0.00017263314715169475,"","","","","",""
2420,"2026-08-03 00:06:12.438283","train",7,1.0390048027038574,0.0001747427641842124,"","","","","",""
2440,"2026-08-03 00:06:13.371587","train",7,0.8403846025466919,0.0001768662909377391,"","","","","",""
2460,"2026-08-03 00:06:14.195967","train",7,1.3135266304016113,0.00017900364185964416,"","","","","",""
2480,"2026-08-03 00:06:15.037033","train",7,0.20088832080364227,0.0001811547308403494,"","","","","",""
2500,"2026-08-03 00:06:15.898092","train",7,0.0832502469420433,0.0001833194712167976,"","","","","",""
2520,"2026-08-03 00:06:16.792124","train",7,0.19151875376701355,0.0001854977757759441,"","","","","",""
2540,"2026-08-03 00:06:17.687586","train",7,0.21283560991287231,0.00018768955675827067,"","","","","",""
2560,"2026-08-03 00:06:18.489739","train",7,1.339779257774353,0.00018989472586132105,"","","","","",""
2580,"2026-08-03 00:06:19.293404","train",7,1.022250771522522,0.00019211319424325835,"","","","","",""
2600,"2026-08-03 00:06:20.185883","train",7,0.399363249540329,0.0001943448725264446,"","","","","",""
2620,"2026-08-03 00:06:21.086196","train",7,0.2916141748428345,0.00019658967080104118,"","","","","",""
2640,"2026-08-03 00:06:22.022318","train",7,1.0756516456604004,0.0001988474986286317,"","","","","",""
2640,"2026-08-03 00:06:38.157763","val",7,"","",0.7766147540983606,0.26133628012079796,0.6308375546457567,0.6929674099485421,0.7817740511915269,0.7754826284809045
2660,"2026-08-03 00:06:49.678622","train",8,0.431930810213089,0.00020111826504586505,"","","","","",""
2680,"2026-08-03 00:06:50.595183","train",8,0.5471232533454895,0.00020340187856812003,"","","","","",""
2700,"2026-08-03 00:06:51.493728","train",8,0.751200795173645,0.00020569824719319195,"","","","","",""
2720,"2026-08-03 00:06:52.323700","train",8,1.4778270721435547,0.00020800727840499813,"","","","","",""
2740,"2026-08-03 00:06:53.186442","train",8,0.7948406338691711,0.0002103288791773058,"","","","","",""
2760,"2026-08-03 00:06:54.148368","train",8,0.38667404651641846,0.0002126629559774803,"","","","","",""
2780,"2026-08-03 00:06:55.012106","train",8,0.6178194284439087,0.00021500941477025216,"","","","","",""
2800,"2026-08-03 00:06:55.831521","train",8,0.8948597311973572,0.00021736816102150658,"","","","","",""
2820,"2026-08-03 00:06:56.767395","train",8,1.1207910776138306,0.0002197390997020918,"","","","","",""
2840,"2026-08-03 00:06:57.694687","train",8,0.23068711161613464,0.0002221221352916473,"","","","","",""
2860,"2026-08-03 00:06:58.635279","train",8,0.7078136205673218,0.00022451717178245288,"","","","","",""
2880,"2026-08-03 00:06:59.530212","train",8,0.12137570232152939,0.0002269241126832955,"","","","","",""
2900,"2026-08-03 00:07:00.331577","train",8,1.1990569829940796,0.00022934286102335776,"","","","","",""
2920,"2026-08-03 00:07:01.172470","train",8,0.20948109030723572,0.00023177331935612412,"","","","","",""
2940,"2026-08-03 00:07:02.045539","train",8,0.35410553216934204,0.00023421538976330688,"","","","","",""
2960,"2026-08-03 00:07:02.865728","train",8,0.6813168525695801,0.00023666897385879134,"","","","","",""
2970,"2026-08-03 00:07:19.260532","val",8,"","",0.8015409836065575,0.2701966495551212,0.700020817431129,0.7701543739279588,0.8111209179170344,0.7940422756146426
2980,"2026-08-03 00:07:30.407473","train",9,0.5878704786300659,0.00023913397279259896,"","","","","",""
3000,"2026-08-03 00:07:31.251944","train",9,0.46942588686943054,0.0002416102872548709,"","","","","",""
3020,"2026-08-03 00:07:32.127297","train",9,1.834937572479248,0.00024409781747986796,"","","","","",""
3040,"2026-08-03 00:07:32.948950","train",9,0.27887409925460815,0.0002465964632499904,"","","","","",""
3060,"2026-08-03 00:07:33.819556","train",9,0.33344224095344543,0.0002491061238998159,"","","","","",""
3080,"2026-08-03 00:07:34.643686","train",9,1.4926986694335938,0.0002516266983201542,"","","","","",""
3100,"2026-08-03 00:07:35.440842","train",9,0.8498122692108154,0.0002541580849621214,"","","","","",""
3120,"2026-08-03 00:07:36.308036","train",9,0.44208699464797974,0.00025670018184123077,"","","","","",""
3140,"2026-08-03 00:07:37.173153","train",9,0.39908280968666077,0.00025925288654150196,"","","","","",""
3160,"2026-08-03 00:07:38.026920","train",9,2.171259880065918,0.0002618160962195861,"","","","","",""
3180,"2026-08-03 00:07:38.997931","train",9,0.7422616481781006,0.0002643897076089108,"","","","","",""
3200,"2026-08-03 00:07:40.018415","train",9,0.35508304834365845,0.0002669736170238388,"","","","","",""
3220,"2026-08-03 00:07:40.803658","train",9,0.5467188358306885,0.00026956772036384634,"","","","","",""
3240,"2026-08-03 00:07:41.724971","train",9,0.6761153936386108,0.00027217191311771716,"","","","","",""
3260,"2026-08-03 00:07:42.579013","train",9,0.10419193655252457,0.0002747860903677523,"","","","","",""
3280,"2026-08-03 00:07:43.413353","train",9,1.8227152824401855,0.0002774101467939977,"","","","","",""
3300,"2026-08-03 00:07:44.238546","train",9,0.5351316332817078,0.0002800439766784871,"","","","","",""
3300,"2026-08-03 00:08:00.550980","val",9,"","",0.789032786885246,0.2456824752938555,0.6662271875650545,0.7186963979416809,0.7833186231244483,0.7905322502989733
3320,"2026-08-03 00:08:12.146908","train",10,1.4576935768127441,0.00028268747390950116,"","","","","",""
3340,"2026-08-03 00:08:12.973941","train",10,1.13386070728302,0.000285340531985843,"","","","","",""
3360,"2026-08-03 00:08:13.876473","train",10,0.999685525894165,0.00028800304402112767,"","","","","",""
3380,"2026-08-03 00:08:14.720441","train",10,1.4086703062057495,0.00029067490274809014,"","","","","",""
3400,"2026-08-03 00:08:15.549723","train",10,0.971003532409668,0.0002933560005229049,"","","","","",""
3420,"2026-08-03 00:08:16.457617","train",10,0.11344309151172638,0.00029604622932952456,"","","","","",""
3440,"2026-08-03 00:08:17.326896","train",10,2.6795690059661865,0.0002987454807840304,"","","","","",""
3460,"2026-08-03 00:08:18.259667","train",10,0.9572331309318542,0.0003014536461389993,"","","","","",""
3480,"2026-08-03 00:08:19.079028","train",10,0.7447085976600647,0.0003041706162878855,"","","","","",""
3500,"2026-08-03 00:08:19.926331","train",10,0.10077588260173798,0.00030689628176941506,"","","","","",""
3520,"2026-08-03 00:08:20.755744","train",10,1.7267489433288574,0.00030963053277199696,"","","","","",""
3540,"2026-08-03 00:08:21.609325","train",10,1.5300168991088867,0.0003123732591381466,"","","","","",""
3560,"2026-08-03 00:08:22.458502","train",10,1.1933543682098389,0.00031512435036892405,"","","","","",""
3580,"2026-08-03 00:08:23.296978","train",10,0.35763877630233765,0.000317883695628386,"","","","","",""
3600,"2026-08-03 00:08:24.167175","train",10,0.5515193343162537,0.00032065118374805033,"","","","","",""
3620,"2026-08-03 00:08:25.012415","train",10,1.9391088485717773,0.00032342670323137605,"","","","","",""
3630,"2026-08-03 00:08:41.479876","val",10,"","",0.7904754098360656,0.2646546353022555,0.6753174658247172,0.7272727272727273,0.792144748455428,0.7892121080342305
3640,"2026-08-03 00:08:52.690712","train",11,0.3597370386123657,0.0003262101422582543,"","","","","",""
3660,"2026-08-03 00:08:53.603102","train",11,0.2078666090965271,0.0003290013886895136,"","","","","",""
3680,"2026-08-03 00:08:54.404470","train",11,0.6986004710197449,0.00033180033007143843,"","","","","",""
3700,"2026-08-03 00:08:55.320604","train",11,0.4821620583534241,0.0003346068536402983,"","","","","",""
3720,"2026-08-03 00:08:56.203558","train",11,0.47420915961265564,0.0003374208463268921,"","","","","",""
3740,"2026-08-03 00:08:57.060626","train",11,0.32785648107528687,0.00034024219476110334,"","","","","",""
3760,"2026-08-03 00:08:57.905562","train",11,0.6575561761856079,0.00034307078527646615,"","","","","",""
3780,"2026-08-03 00:08:58.733482","train",11,0.14980508387088776,0.00034590650391474694,"","","","","",""
3800,"2026-08-03 00:08:59.562728","train",11,0.6821430325508118,0.00034874923643053355,"","","","","",""
3820,"2026-08-03 00:09:00.435935","train",11,0.3719358444213867,0.00035159886829583893,"","","","","",""
3840,"2026-08-03 00:09:01.434024","train",11,1.163272738456726,0.00035445528470471547,"","","","","",""
3860,"2026-08-03 00:09:02.373694","train",11,0.900791347026825,0.0003573183705778793,"","","","","",""
3880,"2026-08-03 00:09:03.245143","train",11,1.649959683418274,0.000360188010567348,"","","","","",""
3900,"2026-08-03 00:09:04.090752","train",11,0.5082833170890808,0.00036306408906108594,"","","","","",""
3920,"2026-08-03 00:09:05.013287","train",11,0.4799433946609497,0.00036594649018766425,"","","","","",""
3940,"2026-08-03 00:09:05.995237","train",11,0.8054491281509399,0.000368835097820927,"","","","","",""
3960,"2026-08-03 00:09:06.865977","train",11,0.2821323275566101,0.00037172979558467063,"","","","","",""
3960,"2026-08-03 00:09:23.126924","val",11,"","",0.7963934426229508,0.2825902792821573,0.6986329886891958,0.7324185248713551,0.8031774051191526,0.7943373662385265
3980,"2026-08-03 00:09:34.815849","train",12,0.26968100666999817,0.000374630466857333,"","","","","",""
4000,"2026-08-03 00:09:35.699743","train",12,0.27663883566856384,0.00037753699477669075,"","","","","",""
4020,"2026-08-03 00:09:36.636605","train",12,0.33044764399528503,0.00038044926224456834,"","","","","",""
4040,"2026-08-03 00:09:37.437024","train",12,1.2339496612548828,0.0003833671519315548,"","","","","",""
4060,"2026-08-03 00:09:38.334497","train",12,0.14921346306800842,0.00038629054628173216,"","","","","",""
4080,"2026-08-03 00:09:39.205588","train",12,1.7332119941711426,0.0003892193275174098,"","","","","",""
4100,"2026-08-03 00:09:39.998818","train",12,5.030379772186279,0.0003921533776438704,"","","","","",""
4120,"2026-08-03 00:09:40.927832","train",12,1.9443165063858032,0.000395092578454124,"","","","","",""
4140,"2026-08-03 00:09:41.931014","train",12,0.8124171495437622,0.00039803681153366963,"","","","","",""
4160,"2026-08-03 00:09:42.775463","train",12,0.10533405840396881,0.00040098595826526637,"","","","","",""
4180,"2026-08-03 00:09:43.628887","train",12,3.08925199508667,0.0004039398998337123,"","","","","",""
4200,"2026-08-03 00:09:44.558911","train",12,2.032135009765625,0.00040689851723063066,"","","","","",""
4220,"2026-08-03 00:09:45.379959","train",12,2.026182174682617,0.0004098616912592654,"","","","","",""
4240,"2026-08-03 00:09:46.178199","train",12,1.5095338821411133,0.00041282930253928266,"","","","","",""
4260,"2026-08-03 00:09:46.985184","train",12,0.39357176423072815,0.0004158012315115811,"","","","","",""
4280,"2026-08-03 00:09:47.877541","train",12,0.5695273876190186,0.0004187773584431074,"","","","","",""
4290,"2026-08-03 00:10:04.585323","val",12,"","",0.7880901639344263,0.26352652555396994,0.6590104781070016,0.7101200686106346,0.7866284201235657,0.7880472766241633
4300,"2026-08-03 00:10:15.724932","train",13,2.497279644012451,0.00042175756343168145,"","","","","",""
4320,"2026-08-03 00:10:16.558178","train",13,1.298816442489624,0.00042474172641082664,"","","","","",""
4340,"2026-08-03 00:10:17.413291","train",13,1.4463436603546143,0.00042772972715460634,"","","","","",""
4360,"2026-08-03 00:10:18.320660","train",13,0.09817085415124893,0.00043072144528246824,"","","","","",""
4380,"2026-08-03 00:10:19.219826","train",13,0.21824747323989868,0.0004337167602640942,"","","","","",""
4400,"2026-08-03 00:10:20.032318","train",13,1.261696696281433,0.0004367155514242557,"","","","","",""
4420,"2026-08-03 00:10:20.872450","train",13,0.1874254047870636,0.0004397176979476769,"","","","","",""
4440,"2026-08-03 00:10:21.796936","train",13,0.31739670038223267,0.00044272307888389996,"","","","","",""
4460,"2026-08-03 00:10:22.773605","train",13,0.49594613909721375,0.00044573157315215973,"","","","","",""
4480,"2026-08-03 00:10:23.792999","train",13,0.13779471814632416,0.00044874305954626097,"","","","","",""
4500,"2026-08-03 00:10:24.605115","train",13,0.299031138420105,0.0004517574167394614,"","","","","",""
4520,"2026-08-03 00:10:25.431612","train",13,0.20877061784267426,0.00045477452328936087,"","","","","",""
4540,"2026-08-03 00:10:26.263491","train",13,0.4713468551635742,0.00045779425764279217,"","","","","",""
4560,"2026-08-03 00:10:27.055038","train",13,4.114432334899902,0.00046081649814071993,"","","","","",""
4580,"2026-08-03 00:10:27.931045","train",13,1.5437804460525513,0.0004638411230231406,"","","","","",""
4600,"2026-08-03 00:10:28.879980","train",13,0.16088762879371643,0.0004668680104339891,"","","","","",""
4620,"2026-08-03 00:10:29.683094","train",13,0.8649035692214966,0.00046989703842604744,"","","","","",""
4620,"2026-08-03 00:10:45.975956","val",13,"","",0.7919918032786885,0.2536107146144942,0.6651863160086046,0.7409948542024014,0.7784642541924095,0.7925512914097566
4640,"2026-08-03 00:10:57.444482","train",14,1.5810096263885498,0.00047292808496585766,"","","","","",""
4660,"2026-08-03 00:10:58.327255","train",14,1.1100049018859863,0.00047596102793863893,"","","","","",""
4680,"2026-08-03 00:10:59.167668","train",14,0.06283585727214813,0.0004789957451532067,"","","","","",""
4700,"2026-08-03 00:11:00.032109","train",14,0.8790256977081299,0.00048203211434689607,"","","","","",""
4720,"2026-08-03 00:11:00.946878","train",14,0.6013588309288025,0.00048507001319048667,"","","","","",""
4740,"2026-08-03 00:11:01.807220","train",14,0.1487671583890915,0.0004881093192931322,"","","","","",""
4760,"2026-08-03 00:11:02.706518","train",14,0.45317500829696655,0.0004911499102072906,"","","","","",""
4780,"2026-08-03 00:11:03.577607","train",14,0.3515813946723938,0.0004941916634336568,"","","","","",""
4800,"2026-08-03 00:11:04.411519","train",14,0.3307080566883087,0.0004972344564260994,"","","","","",""
4820,"2026-08-03 00:11:05.244333","train",14,1.0550379753112793,0.0005002781665965958,"","","","","",""
4840,"2026-08-03 00:11:06.112553","train",14,1.6331682205200195,0.0005033226713201733,"","","","","",""
4860,"2026-08-03 00:11:07.139708","train",14,0.25379329919815063,0.0005063678479398478,"","","","","",""
4880,"2026-08-03 00:11:07.975704","train",14,0.6386649012565613,0.0005094135737715651,"","","","","",""
4900,"2026-08-03 00:11:08.939118","train",14,0.9280902743339539,0.0005124597261091456,"","","","","",""
4920,"2026-08-03 00:11:09.789654","train",14,0.47915521264076233,0.0005155061822292258,"","","","","",""
4940,"2026-08-03 00:11:10.713818","train",14,0.1617797613143921,0.0005185528193962037,"","","","","",""
4950,"2026-08-03 00:11:27.196982","val",14,"","",0.8059262295081967,0.2779475796256543,0.7093192700020817,0.7324185248713551,0.7983230361871139,0.8080979079627875
4960,"2026-08-03 00:11:38.343157","train",15,0.2584751546382904,0.0005215995148671833,"","","","","",""
4980,"2026-08-03 00:11:39.160759","train",15,0.8704655170440674,0.0005246461458969195,"","","","","",""
5000,"2026-08-03 00:11:40.016858","train",15,1.2880823612213135,0.0005276925897427635,"","","","","",""
5020,"2026-08-03 00:11:40.840010","train",15,0.8624695539474487,0.000530738723669608,"","","","","",""
5040,"2026-08-03 00:11:41.746482","train",15,1.2465273141860962,0.0005337844249548311,"","","","","",""
5060,"2026-08-03 00:11:42.672268","train",15,0.6077464818954468,0.0005368295708932417,"","","","","",""
5080,"2026-08-03 00:11:43.604177","train",15,0.5846648216247559,0.0005398740388020224,"","","","","",""
5100,"2026-08-03 00:11:44.458691","train",15,0.94117271900177,0.0005429177060256725,"","","","","",""
5120,"2026-08-03 00:11:45.302117","train",15,0.6453986763954163,0.0005459604499409485,"","","","","",""
5140,"2026-08-03 00:11:46.184034","train",15,0.37704649567604065,0.0005490021479618057,"","","","","",""
5160,"2026-08-03 00:11:47.037216","train",15,0.7481861114501953,0.0005520426775443366,"","","","","",""
5180,"2026-08-03 00:11:47.961806","train",15,0.35456621646881104,0.0005550819161917074,"","","","","",""
5200,"2026-08-03 00:11:48.878017","train",15,0.4265589416027069,0.0005581197414590931,"","","","","",""
5220,"2026-08-03 00:11:49.668725","train",15,0.8256036043167114,0.000561156030958612,"","","","","",""
5240,"2026-08-03 00:11:50.496485","train",15,0.3651449382305145,0.0005641906623642546,"","","","","",""
5260,"2026-08-03 00:11:51.340261","train",15,1.8627057075500488,0.0005672235134168129,"","","","","",""
5280,"2026-08-03 00:11:52.256138","train",15,1.1147470474243164,0.0005702544619288054,"","","","","",""
5280,"2026-08-03 00:12:08.663383","val",15,"","",0.7617950819672131,0.21885588072862353,0.6144611754909444,0.692967409948542,0.7612533097969991,0.762483109944554
5300,"2026-08-03 00:12:20.358231","train",16,0.24431711435317993,0.0005732833857894008,"","","","","",""
5320,"2026-08-03 00:12:21.254539","train",16,0.08536024391651154,0.0005763101629693366,"","","","","",""
5340,"2026-08-03 00:12:22.044789","train",16,1.9383755922317505,0.0005793346715258355,"","","","","",""
5360,"2026-08-03 00:12:22.911624","train",16,0.6895699501037598,0.000582356789607519,"","","","","",""
5380,"2026-08-03 00:12:23.830800","train",16,0.8767676949501038,0.0005853763954593158,"","","","","",""
5400,"2026-08-03 00:12:24.656560","train",16,0.9779939651489258,0.000588393367427367,"","","","","",""
5420,"2026-08-03 00:12:25.460215","train",16,0.675571084022522,0.0005914075839639282,"","","","","",""
5440,"2026-08-03 00:12:26.333435","train",16,0.36227720975875854,0.0005944189236322652,"","","","","",""
5460,"2026-08-03 00:12:27.340378","train",16,0.23745225369930267,0.0005974272651115474,"","","","","",""
5480,"2026-08-03 00:12:28.276215","train",16,0.3238934874534607,0.0006004324872017349,"","","","","",""
5500,"2026-08-03 00:12:29.087496","train",16,0.33168691396713257,0.0006034344688284625,"","","","","",""
5520,"2026-08-03 00:12:29.898038","train",16,0.34677237272262573,0.0006064330890479158,"","","","","",""
5540,"2026-08-03 00:12:30.808023","train",16,1.5201168060302734,0.0006094282270517052,"","","","","",""
5560,"2026-08-03 00:12:31.738462","train",16,0.28401458263397217,0.000612419762171733,"","","","","",""
5580,"2026-08-03 00:12:32.642835","train",16,0.310302197933197,0.0006154075738850534,"","","","","",""
5600,"2026-08-03 00:12:33.496642","train",16,1.287867784500122,0.0006183915418187301,"","","","","",""
5610,"2026-08-03 00:12:49.920059","val",16,"","",0.7974754098360657,0.2701297883664565,0.6927347165359795,0.7564322469982847,0.7718446601941747,0.8023979995961917
5620,"2026-08-03 00:13:01.202551","train",17,0.8666483759880066,0.0006213715457546845,"","","","","",""
5640,"2026-08-03 00:13:02.065118","train",17,1.465377926826477,0.00062434746563454,"","","","","",""
5660,"2026-08-03 00:13:02.909923","train",17,0.7143917083740234,0.0006273191815644578,"","","","","",""
5680,"2026-08-03 00:13:03.849586","train",17,0.12586461007595062,0.000630286573819968,"","","","","",""
5700,"2026-08-03 00:13:04.686914","train",17,0.657258152961731,0.0006332495228507935,"","","","","",""
5720,"2026-08-03 00:13:05.625488","train",17,0.8804530501365662,0.0006362079092856647,"","","","","",""
5740,"2026-08-03 00:13:06.515974","train",17,0.7273256778717041,0.0006391616139371306,"","","","","",""
5760,"2026-08-03 00:13:07.352564","train",17,0.6213853359222412,0.0006421105178063597,"","","","","",""
5780,"2026-08-03 00:13:08.208530","train",17,1.4348305463790894,0.0006450545020879343,"","","","","",""
5800,"2026-08-03 00:13:09.265067","train",17,1.3696633577346802,0.0006479934481746372,"","","","","",""
5820,"2026-08-03 00:13:10.098487","train",17,1.2054871320724487,0.0006509272376622293,"","","","","",""
5840,"2026-08-03 00:13:10.946940","train",17,1.5279735326766968,0.0006538557523542216,"","","","","",""
5860,"2026-08-03 00:13:11.845916","train",17,2.173105478286743,0.0006567788742666354,"","","","","",""
5880,"2026-08-03 00:13:12.786197","train",17,0.43547600507736206,0.0006596964856327558,"","","","","",""
5900,"2026-08-03 00:13:13.605542","train",17,0.0328192412853241,0.0006626084689078779,"","","","","",""
5920,"2026-08-03 00:13:14.475823","train",17,0.32167404890060425,0.0006655147067740404,"","","","","",""
5940,"2026-08-03 00:13:15.394184","train",17,0.369274377822876,0.0006684150821447532,"","","","","",""
5940,"2026-08-03 00:13:31.655662","val",17,"","",0.8015163934426229,0.2631035986845172,0.7018943862327389,0.7512864493996569,0.7919240953221536,0.8034696444934536
5960,"2026-08-03 00:13:43.273133","train",18,0.33120524883270264,0.0006713094781697143,"","","","","",""
5980,"2026-08-03 00:13:44.217566","train",18,1.1771382093429565,0.000674197778239518,"","","","","",""
6000,"2026-08-03 00:13:45.152928","train",18,0.7596261501312256,0.0006770798659903522,"","","","","",""
6020,"2026-08-03 00:13:45.950369","train",18,1.8803207874298096,0.0006799556253086858,"","","","","",""
6040,"2026-08-03 00:13:46.817626","train",18,0.4726783037185669,0.0006828249403359489,"","","","","",""
6060,"2026-08-03 00:13:47.658736","train",18,0.3184249997138977,0.0006856876954731983,"","","","","",""
6080,"2026-08-03 00:13:48.517339","train",18,0.23223206400871277,0.0006885437753857758,"","","","","",""
6100,"2026-08-03 00:13:49.456425","train",18,0.060662612318992615,0.0006913930650079547,"","","","","",""
6120,"2026-08-03 00:13:50.283618","train",18,0.20178188383579254,0.0006942354495475756,"","","","","",""
6140,"2026-08-03 00:13:51.110161","train",18,0.16039778292179108,0.0006970708144906705,"","","","","",""
6160,"2026-08-03 00:13:52.040525","train",18,0.8178662061691284,0.000699899045606077,"","","","","",""
6180,"2026-08-03 00:13:52.844429","train",18,2.9634323120117188,0.0007027200289500409,"","","","","",""
6200,"2026-08-03 00:13:53.707934","train",18,0.1041700690984726,0.0007055336508708055,"","","","","",""
6220,"2026-08-03 00:13:54.540275","train",18,0.31432849168777466,0.0007083397980131914,"","","","","",""
6240,"2026-08-03 00:13:55.388461","train",18,1.280592918395996,0.0007111383573231628,"","","","","",""
6260,"2026-08-03 00:13:56.275003","train",18,2.399416446685791,0.0007139292160523827,"","","","","",""
6270,"2026-08-03 00:14:13.025116","val",18,"","",0.8102295081967212,0.2678747245339278,0.7093886614391784,0.8113207547169812,0.7826566637246248,0.812135990184354
6280,"2026-08-03 00:14:24.191997","train",19,0.32631784677505493,0.0007167122617627547,"","","","","",""
6300,"2026-08-03 00:14:25.049282","train",19,1.5348280668258667,0.0007194873823309533,"","","","","",""
6320,"2026-08-03 00:14:25.870231","train",19,1.4031579494476318,0.0007222544659529418,"","","","","",""
6340,"2026-08-03 00:14:26.720604","train",19,0.2543330788612366,0.0007250134011484747,"","","","","",""
6360,"2026-08-03 00:14:27.557560","train",19,0.7348194718360901,0.0007277640767655912,"","","","","",""
6380,"2026-08-03 00:14:28.390722","train",19,2.164996385574341,0.0007305063819850921,"","","","","",""
6400,"2026-08-03 00:14:29.235860","train",19,0.30799853801727295,0.0007332402063250042,"","","","","",""
6420,"2026-08-03 00:14:30.060051","train",19,0.8397418260574341,0.0007359654396450327,"","","","","",""
6440,"2026-08-03 00:14:30.891566","train",19,0.42390671372413635,0.0007386819721509973,"","","","","",""
6460,"2026-08-03 00:14:31.706110","train",19,0.2829311192035675,0.0007413896943992565,"","","","","",""
6480,"2026-08-03 00:14:32.616328","train",19,2.275930881500244,0.0007440884973011153,"","","","","",""
6500,"2026-08-03 00:14:33.451525","train",19,2.4727909564971924,0.0007467782721272225,"","","","","",""
6520,"2026-08-03 00:14:34.317085","train",19,2.7417376041412354,0.0007494589105119494,"","","","","",""
6540,"2026-08-03 00:14:35.136667","train",19,0.22753949463367462,0.000752130304457756,"","","","","",""
6560,"2026-08-03 00:14:35.956234","train",19,0.27368542551994324,0.0007547923463395426,"","","","","",""
6580,"2026-08-03 00:14:36.842529","train",19,0.5088823437690735,0.0007574449289089851,"","","","","",""
6600,"2026-08-03 00:14:37.628842","train",19,0.5619547963142395,0.0007600879452988564,"","","","","",""
6600,"2026-08-03 00:14:53.786442","val",19,"","",0.8033360655737706,0.2626540167176638,0.7074457012004719,0.7101200686106346,0.8064872021182701,0.806979669809123
6620,"2026-08-03 00:15:05.341278","train",20,0.39318543672561646,0.0007627212890273312,"","","","","",""
6640,"2026-08-03 00:15:06.318713","train",20,0.2823752164840698,0.0007653448540022764,"","","","","",""
6660,"2026-08-03 00:15:07.135847","train",20,1.7195119857788086,0.0007679585345255258,"","","","","",""
6680,"2026-08-03 00:15:08.053637","train",20,0.48949047923088074,0.0007705622252971369,"","","","","",""
6700,"2026-08-03 00:15:08.910379","train",20,1.0875623226165771,0.000773155821419635,"","","","","",""
6720,"2026-08-03 00:15:09.771344","train",20,0.509321928024292,0.0007757392184022385,"","","","","",""
6740,"2026-08-03 00:15:10.641478","train",20,0.5469292402267456,0.0007783123121650685,"","","","","",""
6760,"2026-08-03 00:15:11.525361","train",20,1.3091495037078857,0.000780874999043342,"","","","","",""
6780,"2026-08-03 00:15:12.440468","train",20,0.795310914516449,0.0007834271757915487,"","","","","",""
6800,"2026-08-03 00:15:13.284901","train",20,0.38628414273262024,0.0007859687395876106,"","","","","",""
6820,"2026-08-03 00:15:14.134880","train",20,0.28139424324035645,0.0007884995880370235,"","","","","",""
6840,"2026-08-03 00:15:15.026222","train",20,0.2571698725223541,0.0007910196191769837,"","","","","",""
6860,"2026-08-03 00:15:16.024506","train",20,2.3373594284057617,0.0007935287314804948,"","","","","",""
6880,"2026-08-03 00:15:16.890020","train",20,0.5468702912330627,0.0007960268238604589,"","","","","",""
6900,"2026-08-03 00:15:17.743582","train",20,0.7219899892807007,0.0007985137956737479,"","","","","",""
6920,"2026-08-03 00:15:18.611615","train",20,0.3762671947479248,0.0008009895467252596,"","","","","",""
6930,"2026-08-03 00:15:35.275851","val",20,"","",0.8033770491803278,0.2893991791985974,0.7066130039553119,0.7084048027444254,0.8186231244483672,0.8063584263904204
6940,"2026-08-03 00:15:46.401836","train",21,0.5478506088256836,0.0008034539772719539,"","","","","",""
6960,"2026-08-03 00:15:47.408334","train",21,0.28649014234542847,0.0008059069880268701,"","","","","",""
6980,"2026-08-03 00:15:48.277424","train",21,0.27603739500045776,0.0008083484801631296,"","","","","",""
7000,"2026-08-03 00:15:49.140193","train",21,1.254811406135559,0.0008107783553179145,"","","","","",""
7020,"2026-08-03 00:15:50.000320","train",21,1.8194339275360107,0.0008131965155964323,"","","","","",""
7040,"2026-08-03 00:15:50.838717","train",21,0.442107617855072,0.000815602863575859,"","","","","",""
7060,"2026-08-03 00:15:51.743922","train",21,0.8585032224655151,0.000817997302309265,"","","","","",""
7080,"2026-08-03 00:15:52.580961","train",21,1.4150853157043457,0.00082037973532952,"","","","","",""
7100,"2026-08-03 00:15:53.403616","train",21,1.0157283544540405,0.0008227500666531794,"","","","","",""
7120,"2026-08-03 00:15:54.206532","train",21,0.234993577003479,0.0008251082007843526,"","","","","",""
7140,"2026-08-03 00:15:55.144178","train",21,0.2400176227092743,0.0008274540427185486,"","","","","",""
7160,"2026-08-03 00:15:55.964252","train",21,2.412785291671753,0.0008297874979465046,"","","","","",""
7180,"2026-08-03 00:15:56.744738","train",21,2.6356844902038574,0.0008321084724579931,"","","","","",""
7200,"2026-08-03 00:15:57.552700","train",21,0.8033998012542725,0.0008344168727456101,"","","","","",""
7220,"2026-08-03 00:15:58.396053","train",21,1.7638585567474365,0.0008367126058085417,"","","","","",""
7240,"2026-08-03 00:15:59.358123","train",21,0.6219557523727417,0.0008389955791563103,"","","","","",""
7260,"2026-08-03 00:16:00.224784","train",21,1.1770700216293335,0.0008412657008125031,"","","","","",""
7260,"2026-08-03 00:16:16.277885","val",21,"","",0.8031229508196721,0.2884398315439693,0.7037679550343487,0.7169811320754718,0.7877316857899382,0.8107537235777407
7280,"2026-08-03 00:16:27.945081","train",22,1.6390349864959717,0.0008435228793184748,"","","","","",""
7300,"2026-08-03 00:16:28.845645","train",22,0.4704417586326599,0.0008457670237370341,"","","","","",""
7320,"2026-08-03 00:16:29.748155","train",22,0.5016432404518127,0.0008479980436561075,"","","","","",""
7340,"2026-08-03 00:16:30.655154","train",22,1.0611364841461182,0.0008502158491923799,"","","","","",""
7360,"2026-08-03 00:16:31.497970","train",22,0.5068878531455994,0.0008524203509949187,"","","","","",""
7380,"2026-08-03 00:16:32.374791","train",22,0.5741578936576843,0.0008546114602487706,"","","","","",""
7400,"2026-08-03 00:16:33.206906","train",22,0.40272608399391174,0.0008567890886785426,"","","","","",""
7420,"2026-08-03 00:16:34.006754","train",22,0.5053095817565918,0.0008589531485519559,"","","","","",""
7440,"2026-08-03 00:16:34.830031","train",22,0.06958077847957611,0.000861103552683382,"","","","","",""
7460,"2026-08-03 00:16:35.823365","train",22,0.32191503047943115,0.0008632402144373552,"","","","","",""
7480,"2026-08-03 00:16:36.653451","train",22,0.621183454990387,0.000865363047732062,"","","","","",""
7500,"2026-08-03 00:16:37.508145","train",22,0.14759093523025513,0.0008674719670428103,"","","","","",""
7520,"2026-08-03 00:16:38.392023","train",22,0.42437678575515747,0.0008695668874054737,"","","","","",""
7540,"2026-08-03 00:16:39.239889","train",22,1.331213116645813,0.0008716477244199163,"","","","","",""
7560,"2026-08-03 00:16:40.104044","train",22,0.8403176069259644,0.0008737143942533916,"","","","","",""
7580,"2026-08-03 00:16:41.104251","train",22,1.5730695724487305,0.0008757668136439201,"","","","","",""
7590,"2026-08-03 00:16:57.392570","val",22,"","",0.8018278688524589,0.3027751563482698,0.6896121018666297,0.7135506003430532,0.7844218887908209,0.809433581312998
7600,"2026-08-03 00:17:08.542211","train",23,2.096508502960205,0.0008778048999036446,"","","","","",""
7620,"2026-08-03 00:17:09.341453","train",23,3.2616405487060547,0.0008798285709221603,"","","","","",""
7640,"2026-08-03 00:17:10.299255","train",23,0.8343014717102051,0.0008818377451698242,"","","","","",""
7660,"2026-08-03 00:17:11.167377","train",23,0.4204956293106079,0.0008838323417010386,"","","","","",""
7680,"2026-08-03 00:17:12.024550","train",23,1.0316026210784912,0.0008858122801575133,"","","","","",""
7700,"2026-08-03 00:17:12.916331","train",23,0.8280408382415771,0.0008877774807715017,"","","","","",""
7720,"2026-08-03 00:17:13.827573","train",23,1.5325645208358765,0.0008897278643690159,"","","","","",""
7740,"2026-08-03 00:17:14.771139","train",23,3.423504114151001,0.0008916633523730158,"","","","","",""
7760,"2026-08-03 00:17:15.663376","train",23,4.083564281463623,0.0008935838668065746,"","","","","",""
7780,"2026-08-03 00:17:16.502303","train",23,1.0570868253707886,0.0008954893302960209,"","","","","",""
7800,"2026-08-03 00:17:17.359341","train",23,1.0171270370483398,0.0008973796660740552,"","","","","",""
7820,"2026-08-03 00:17:18.203184","train",23,0.5917174816131592,0.0008992547979828439,"","","","","",""
7840,"2026-08-03 00:17:19.033530","train",23,0.9151232242584229,0.0009011146504770858,"","","","","",""
7860,"2026-08-03 00:17:19.922016","train",23,1.557782769203186,0.0009029591486270572,"","","","","",""
7880,"2026-08-03 00:17:20.737517","train",23,0.178931325674057,0.0009047882181216303,"","","","","",""
7900,"2026-08-03 00:17:21.654915","train",23,0.2685437500476837,0.0009066017852712663,"","","","","",""
7920,"2026-08-03 00:17:22.442365","train",23,1.072235345840454,0.0009083997770109851,"","","","","",""
7920,"2026-08-03 00:17:38.688847","val",23,"","",0.7922950819672131,0.2945394197441134,0.6779543404343904,0.6758147512864494,0.763459841129744,0.8035162377498564
7940,"2026-08-03 00:17:50.270249","train",24,0.30887025594711304,0.0009101821209033087,"","","","","",""
7960,"2026-08-03 00:17:51.317744","train",24,0.2310105264186859,0.0009119487451411793,"","","","","",""
7980,"2026-08-03 00:17:52.115838","train",24,2.891525983810425,0.0009136995785508522,"","","","","",""
8000,"2026-08-03 00:17:52.960709","train",24,0.48352715373039246,0.0009154345505947639,"","","","","",""
8020,"2026-08-03 00:17:53.925612","train",24,0.3577565550804138,0.0009171535913743734,"","","","","",""
8040,"2026-08-03 00:17:54.860928","train",24,1.5892547369003296,0.0009188566316329779,"","","","","",""
8060,"2026-08-03 00:17:55.728435","train",24,1.189173698425293,0.0009205436027585041,"","","","","",""
8080,"2026-08-03 00:17:56.619680","train",24,0.19129574298858643,0.0009222144367862716,"","","","","",""
8100,"2026-08-03 00:17:57.494138","train",24,0.24405953288078308,0.0009238690664017311,"","","","","",""
8120,"2026-08-03 00:17:58.338822","train",24,0.6056988835334778,0.0009255074249431767,"","","","","",""
8140,"2026-08-03 00:17:59.142849","train",24,0.3464370369911194,0.0009271294464044312,"","","","","",""
8160,"2026-08-03 00:17:59.978965","train",24,0.5090502500534058,0.0009287350654375061,"","","","","",""
8180,"2026-08-03 00:18:00.807890","train",24,0.37517106533050537,0.0009303242173552332,"","","","","",""
8200,"2026-08-03 00:18:01.635698","train",24,0.5767606496810913,0.0009318968381338715,"","","","","",""
8220,"2026-08-03 00:18:02.528479","train",24,0.43199002742767334,0.0009334528644156868,"","","","","",""
8240,"2026-08-03 00:18:03.355803","train",24,0.23595961928367615,0.0009349922335115035,"","","","","",""
8250,"2026-08-03 00:18:20.669823","val",24,"","",0.7757540983606558,0.25486454437092454,0.6445770591908958,0.6380789022298456,0.7722859664607237,0.783931538975259
8260,"2026-08-03 00:18:32.076112","train",25,3.1425652503967285,0.0009365148834032304,"","","","","",""
8280,"2026-08-03 00:18:32.900920","train",25,1.5066678524017334,0.00093802075274636,"","","","","",""
8300,"2026-08-03 00:18:33.736288","train",25,1.6320176124572754,0.0009395097808724389,"","","","","",""
8320,"2026-08-03 00:18:34.668002","train",25,0.5028706789016724,0.0009409819077915129,"","","","","",""
8340,"2026-08-03 00:18:35.557759","train",25,1.0871641635894775,0.0009424370741945435,"","","","","",""
8360,"2026-08-03 00:18:36.399916","train",25,0.706423282623291,0.0009438752214557969,"","","","","",""
8380,"2026-08-03 00:18:37.185741","train",25,0.2767886817455292,0.000945296291635207,"","","","","",""
8400,"2026-08-03 00:18:38.100588","train",25,0.6930227279663086,0.0009467002274807086,"","","","","",""
8420,"2026-08-03 00:18:38.956549","train",25,1.1164133548736572,0.0009480869724305444,"","","","","",""
8440,"2026-08-03 00:18:39.926220","train",25,0.45738929510116577,0.0009494564706155443,"","","","","",""
8460,"2026-08-03 00:18:40.992482","train",25,2.822899580001831,0.000950808666861375,"","","","","",""
8480,"2026-08-03 00:18:41.837383","train",25,1.7521982192993164,0.0009521435066907642,"","","","","",""
8500,"2026-08-03 00:18:42.737047","train",25,0.7121802568435669,0.0009534609363256944,"","","","","",""
8520,"2026-08-03 00:18:43.677543","train",25,0.7920519113540649,0.0009547609026895703,"","","","","",""
8540,"2026-08-03 00:18:44.623166","train",25,0.5723116397857666,0.0009560433534093561,"","","","","",""
8560,"2026-08-03 00:18:45.524715","train",25,0.48063477873802185,0.0009573082368176868,"","","","","",""
8580,"2026-08-03 00:18:46.522091","train",25,0.3121403157711029,0.0009585555019549487,"","","","","",""
8580,"2026-08-03 00:19:03.788286","val",25,"","",0.7875245901639344,0.2615798952676287,0.6556796891263618,0.7032590051457976,0.7811120917917034,0.7950207339990992
8600,"2026-08-03 00:19:16.047534","train",26,0.4068012237548828,0.000959785098571333,"","","","","",""
8620,"2026-08-03 00:19:17.035674","train",26,0.2723107933998108,0.0009609969771288602,"","","","","",""
8640,"2026-08-03 00:19:17.927718","train",26,0.24865473806858063,0.0009621910888033758,"","","","","",""
8660,"2026-08-03 00:19:18.995681","train",26,2.8971481323242188,0.0009633673854865173,"","","","","",""
8680,"2026-08-03 00:19:19.836135","train",26,0.7173776030540466,0.0009645258197876525,"","","","","",""
8700,"2026-08-03 00:19:20.754828","train",26,0.16571956872940063,0.0009656663450357887,"","","","","",""
8720,"2026-08-03 00:19:21.702685","train",26,0.6925395727157593,0.000966788915281453,"","","","","",""
8740,"2026-08-03 00:19:22.624018","train",26,0.5041758418083191,0.0009678934852985432,"","","","","",""
8760,"2026-08-03 00:19:23.486397","train",26,1.1637887954711914,0.0009689800105861508,"","","","","",""
8780,"2026-08-03 00:19:24.357250","train",26,0.6136072278022766,0.0009700484473703528,"","","","","",""
8800,"2026-08-03 00:19:25.170243","train",26,0.6331421136856079,0.0009710987526059759,"","","","","",""
8820,"2026-08-03 00:19:26.034184","train",26,0.5373431444168091,0.0009721308839783304,"","","","","",""
8840,"2026-08-03 00:19:27.042619","train",26,0.26988357305526733,0.0009731447999049149,"","","","","",""
8860,"2026-08-03 00:19:27.969641","train",26,2.7975428104400635,0.0009741404595370919,"","","","","",""
8880,"2026-08-03 00:19:29.023729","train",26,0.10468605905771255,0.0009751178227617336,"","","","","",""
8900,"2026-08-03 00:19:29.883584","train",26,1.7139979600906372,0.0009760768502028374,"","","","","",""
8910,"2026-08-03 00:19:46.804171","val",26,"","",0.7917049180327869,0.28563412289053064,0.6685171049892443,0.7409948542024014,0.7700794351279787,0.7973969900756364
8920,"2026-08-03 00:19:58.117226","train",27,1.583024263381958,0.0009770175032231124,"","","","","",""
8940,"2026-08-03 00:19:58.946431","train",27,0.2907255291938782,0.0009779397439255372,"","","","","",""
8960,"2026-08-03 00:19:59.813816","train",27,0.3371369242668152,0.0009788435351548845,"","","","","",""
8980,"2026-08-03 00:20:00.678393","train",27,0.34018635749816895,0.0009797288404992202,"","","","","",""
9000,"2026-08-03 00:20:01.667174","train",27,0.94183748960495,0.0009805956242913687,"","","","","",""
9020,"2026-08-03 00:20:02.507918","train",27,1.8000104427337646,0.000981443851610351,"","","","","",""
9040,"2026-08-03 00:20:03.340650","train",27,0.5199551582336426,0.0009822734882827912,"","","","","",""
9060,"2026-08-03 00:20:04.165029","train",27,0.22349801659584045,0.0009830845008842928,"","","","","",""
9080,"2026-08-03 00:20:05.130612","train",27,1.5379074811935425,0.0009838768567407862,"","","","","",""
9100,"2026-08-03 00:20:06.000133","train",27,0.47193238139152527,0.0009846505239298443,"","","","","",""
9120,"2026-08-03 00:20:06.959838","train",27,0.45763295888900757,0.0009854054712819691,"","","","","",""
9140,"2026-08-03 00:20:07.834967","train",27,0.5482622981071472,0.000986141668381847,"","","","","",""
9160,"2026-08-03 00:20:08.765582","train",27,0.2961098551750183,0.000986859085569575,"","","","","",""
9180,"2026-08-03 00:20:09.752290","train",27,0.224307119846344,0.000987557693941854,"","","","","",""
9200,"2026-08-03 00:20:10.564046","train",27,0.44407862424850464,0.0009882374653531554,"","","","","",""
9220,"2026-08-03 00:20:11.452812","train",27,0.37794262170791626,0.0009888983724168536,"","","","","",""
9240,"2026-08-03 00:20:12.245939","train",27,1.214914321899414,0.0009895403885063292,"","","","","",""
9240,"2026-08-03 00:20:28.477068","val",27,"","",0.8064262295081966,0.2557326889946432,0.7017556033585456,0.79073756432247,0.7830979699911739,0.8126485160047836
9260,"2026-08-03 00:20:40.059886","train",28,0.5121363401412964,0.000990163487756043,"","","","","",""
9280,"2026-08-03 00:20:40.926217","train",28,0.4548364281654358,0.000990767645062577,"","","","","",""
9300,"2026-08-03 00:20:41.762485","train",28,0.5017647743225098,0.0009913528360856458,"","","","","",""
9320,"2026-08-03 00:20:42.618002","train",28,0.13830804824829102,0.0009919190372490777,"","","","","",""
9340,"2026-08-03 00:20:43.449967","train",28,0.39128804206848145,0.0009924662257417645,"","","","","",""
9360,"2026-08-03 00:20:44.309339","train",28,1.9483519792556763,0.00099299437951858,"","","","","",""
9380,"2026-08-03 00:20:45.114591","train",28,0.7601429224014282,0.000993503477301269,"","","","","",""
9400,"2026-08-03 00:20:45.981374","train",28,1.8415396213531494,0.0009939934985793034,"","","","","",""
9420,"2026-08-03 00:20:46.954208","train",28,0.11572891473770142,0.0009944644236107097,"","","","","",""
9440,"2026-08-03 00:20:47.756548","train",28,0.4732101857662201,0.0009949162334228635,"","","","","",""
9460,"2026-08-03 00:20:48.580903","train",28,0.40290987491607666,0.0009953489098132543,"","","","","",""
9480,"2026-08-03 00:20:49.389316","train",28,0.7601202130317688,0.0009957624353502193,"","","","","",""
9500,"2026-08-03 00:20:50.344418","train",28,0.11401432752609253,0.0009961567933736441,"","","","","",""
9520,"2026-08-03 00:20:51.243456","train",28,0.5872248411178589,0.0009965319679956358,"","","","","",""
9540,"2026-08-03 00:20:52.149816","train",28,0.16861368715763092,0.000996887944101162,"","","","","",""
9560,"2026-08-03 00:20:52.973602","train",28,1.2105947732925415,0.0009972247073486598,"","","","","",""
9570,"2026-08-03 00:21:09.612221","val",28,"","",0.7739098360655738,0.2622071175270394,0.6357643466796198,0.7049742710120068,0.752206531332745,0.7802196095485112
9580,"2026-08-03 00:21:20.861101","train",29,0.10160048305988312,0.000997542244170614,"","","","","",""
9600,"2026-08-03 00:21:21.754581","train",29,0.5115494728088379,0.0009978405417741035,"","","","","",""
9620,"2026-08-03 00:21:22.668584","train",29,0.5907807350158691,0.0009981195881413165,"","","","","",""
9640,"2026-08-03 00:21:23.528606","train",29,0.6381166577339172,0.000998379372030035,"","","","","",""
9660,"2026-08-03 00:21:24.311747","train",29,1.7587028741836548,0.0009986198829740876,"","","","","",""
9680,"2026-08-03 00:21:25.134787","train",29,2.0746960639953613,0.000998841111283771,"","","","","",""
9700,"2026-08-03 00:21:25.944247","train",29,2.151827812194824,0.0009990430480462408,"","","","","",""
9720,"2026-08-03 00:21:26.837514","train",29,1.3501383066177368,0.0009992256851258704,"","","","","",""
9740,"2026-08-03 00:21:27.655063","train",29,0.7105889320373535,0.0009993890151645782,"","","","","",""
9760,"2026-08-03 00:21:28.527760","train",29,1.7999790906906128,0.0009995330315821247,"","","","","",""
9780,"2026-08-03 00:21:29.345860","train",29,0.13603182137012482,0.0009996577285763775,"","","","","",""
9800,"2026-08-03 00:21:30.263119","train",29,0.21091973781585693,0.0009997631011235454,"","","","","",""
9820,"2026-08-03 00:21:31.117422","train",29,0.46865057945251465,0.0009998491449783797,"","","","","",""
9840,"2026-08-03 00:21:31.966760","train",29,0.8980040550231934,0.0009999158566743461,"","","","","",""
9860,"2026-08-03 00:21:32.922841","train",29,0.7802045345306396,0.0009999632335237645,"","","","","",""
9880,"2026-08-03 00:21:33.765774","train",29,1.5414478778839111,0.0009999912736179167,"","","","","",""
9900,"2026-08-03 00:21:34.728806","train",29,0.11473593860864639,0.0009999999953760402,"","","","","",""
9900,"2026-08-03 00:21:50.905666","val",29,"","",0.8221639344262295,0.30852394411123135,0.7362431475955867,0.7701543739279589,0.7967784642541924,0.8308664792582353
9920,"2026-08-03 00:22:02.480977","train",30,1.3374311923980713,0.0009999979608350798,"","","","","",""
9940,"2026-08-03 00:22:03.348373","train",30,0.4554019570350647,0.0009999922271435838,"","","","","",""
9960,"2026-08-03 00:22:04.276445","train",30,0.40500420331954956,0.0009999827943439723,"","","","","",""
9980,"2026-08-03 00:22:05.103920","train",30,2.4994235038757324,0.0009999696625060323,"","","","","",""
10000,"2026-08-03 00:22:05.993737","train",30,1.579003095626831,0.0009999528317269184,"","","","","",""
10020,"2026-08-03 00:22:06.795718","train",30,0.3598707914352417,0.00099993230213115,"","","","","",""
10040,"2026-08-03 00:22:07.659722","train",30,0.637668251991272,0.000999908073870613,"","","","","",""
10060,"2026-08-03 00:22:08.536705","train",30,1.103739619255066,0.0009998801471245568,"","","","","",""
10080,"2026-08-03 00:22:09.343143","train",30,0.22495388984680176,0.0009998485220995932,"","","","","",""
10100,"2026-08-03 00:22:10.150151","train",30,1.981491208076477,0.0009998131990296957,"","","","","",""
10120,"2026-08-03 00:22:11.080167","train",30,1.5393362045288086,0.0009997741781761975,"","","","","",""
10140,"2026-08-03 00:22:11.958867","train",30,0.5668451189994812,0.0009997314598277885,"","","","","",""
10160,"2026-08-03 00:22:12.805819","train",30,1.1166003942489624,0.0009996850443005146,"","","","","",""
10180,"2026-08-03 00:22:13.597452","train",30,1.4055753946304321,0.0009996349319377745,"","","","","",""
10200,"2026-08-03 00:22:14.517069","train",30,0.160652756690979,0.0009995811231103176,"","","","","",""
10220,"2026-08-03 00:22:15.392644","train",30,0.13798508048057556,0.0009995236182162412,"","","","","",""
10230,"2026-08-03 00:22:32.208687","val",30,"","",0.777,0.23884967114556419,0.6437443619457359,0.6981132075471699,0.7658870255957635,0.7813844409585786
10240,"2026-08-03 00:22:43.431678","train",31,0.9845013618469238,0.0009994624176809872,"","","","","",""
10260,"2026-08-03 00:22:44.286559","train",31,2.050859212875366,0.000999397521957339,"","","","","",""
10280,"2026-08-03 00:22:45.128780","train",31,0.08805438131093979,0.000999328931525419,"","","","","",""
10300,"2026-08-03 00:22:45.986200","train",31,1.470414638519287,0.0009992566468926835,"","","","","",""
10320,"2026-08-03 00:22:46.878887","train",31,0.589568018913269,0.0009991806685939206,"","","","","",""
10340,"2026-08-03 00:22:47.696316","train",31,1.8505730628967285,0.000999100997191245,"","","","","",""
10360,"2026-08-03 00:22:48.545540","train",31,0.7498987913131714,0.0009990176332740947,"","","","","",""
10380,"2026-08-03 00:22:49.464766","train",31,0.30954909324645996,0.000998930577459226,"","","","","",""
10400,"2026-08-03 00:22:50.362506","train",31,0.8057356476783752,0.000998839830390709,"","","","","",""
10420,"2026-08-03 00:22:51.186197","train",31,1.4933894872665405,0.0009987453927399231,"","","","","",""
10440,"2026-08-03 00:22:52.178767","train",31,0.9509454369544983,0.000998647265205553,"","","","","",""
10460,"2026-08-03 00:22:53.144691","train",31,0.2321797013282776,0.0009985454485135804,"","","","","",""
10480,"2026-08-03 00:22:54.072084","train",31,1.3593274354934692,0.000998439943417283,"","","","","",""
10500,"2026-08-03 00:22:55.231345","train",31,1.73527193069458,0.000998330750697225,"","","","","",""
10520,"2026-08-03 00:22:56.363181","train",31,0.43875759840011597,0.0009982178711612538,"","","","","",""
10540,"2026-08-03 00:22:57.359980","train",31,0.13219475746154785,0.0009981013056444927,"","","","","",""
10560,"2026-08-03 00:22:58.163472","train",31,0.3067623972892761,0.0009979810550093354,"","","","","",""
10560,"2026-08-03 00:23:14.369796","val",31,"","",0.7976721311475409,0.2603383174925213,0.6825341752827702,0.7066895368782161,0.7672109443954104,0.807476664544085
10580,"2026-08-03 00:23:26.026564","train",32,0.24789130687713623,0.0009978571201454398,"","","","","",""
10600,"2026-08-03 00:23:27.127937","train",32,0.2993362545967102,0.0009977295019697205,"","","","","",""
10620,"2026-08-03 00:23:27.972885","train",32,1.5005372762680054,0.000997598201426343,"","","","","",""
10640,"2026-08-03 00:23:28.838115","train",32,0.14638376235961914,0.000997463219486716,"","","","","",""
10660,"2026-08-03 00:23:29.782379","train",32,0.27037572860717773,0.0009973245571494845,"","","","","",""
10680,"2026-08-03 00:23:30.720502","train",32,2.267845630645752,0.0009971822154405227,"","","","","",""
10700,"2026-08-03 00:23:31.551370","train",32,0.09060119837522507,0.0009970361954129258,"","","","","",""
10720,"2026-08-03 00:23:32.457873","train",32,1.0520188808441162,0.0009968864981470028,"","","","","",""
10740,"2026-08-03 00:23:33.374117","train",32,1.3717344999313354,0.0009967331247502677,"","","","","",""
10760,"2026-08-03 00:23:34.204534","train",32,0.36974674463272095,0.0009965760763574328,"","","","","",""
10780,"2026-08-03 00:23:35.012535","train",32,0.8500283360481262,0.0009964153541303982,"","","","","",""
10800,"2026-08-03 00:23:35.918273","train",32,0.13075536489486694,0.0009962509592582455,"","","","","",""
10820,"2026-08-03 00:23:36.721038","train",32,0.9125168323516846,0.000996082892957227,"","","","","",""
10840,"2026-08-03 00:23:37.620943","train",32,1.8019245862960815,0.0009959111564707575,"","","","","",""
10860,"2026-08-03 00:23:38.529374","train",32,0.3873739242553711,0.000995735751069406,"","","","","",""
10880,"2026-08-03 00:23:39.422829","train",32,2.506117820739746,0.000995556678050885,"","","","","",""
10890,"2026-08-03 00:23:56.166132","val",32,"","",0.8181065573770491,0.28995991920674014,0.7323572271181736,0.7821612349914236,0.8236981465136805,0.8146364949446316
10900,"2026-08-03 00:24:07.424171","train",33,0.6805535554885864,0.000995373938740041,"","","","","",""
10920,"2026-08-03 00:24:08.246791","train",33,1.7333953380584717,0.0009951875344888454,"","","","","",""
10940,"2026-08-03 00:24:09.061456","train",33,0.922164797782898,0.000994997466676384,"","","","","",""
10960,"2026-08-03 00:24:09.906745","train",33,0.7246479988098145,0.0009948037367088474,"","","","","",""
10980,"2026-08-03 00:24:10.735514","train",33,0.928485095500946,0.0009946063460195196,"","","","","",""
11000,"2026-08-03 00:24:11.554126","train",33,0.5720545649528503,0.000994405296068768,"","","","","",""
11020,"2026-08-03 00:24:12.373760","train",33,0.3596271276473999,0.0009942005883440332,"","","","","",""
11040,"2026-08-03 00:24:13.184330","train",33,0.8194165229797363,0.0009939922243598163,"","","","","",""
11060,"2026-08-03 00:24:14.065348","train",33,1.2619415521621704,0.0009937802056576694,"","","","","",""
11080,"2026-08-03 00:24:15.053020","train",33,1.527360200881958,0.0009935645338061834,"","","","","",""
11100,"2026-08-03 00:24:15.934132","train",33,0.3993561565876007,0.0009933452104009765,"","","","","",""
11120,"2026-08-03 00:24:16.734363","train",33,1.0721536874771118,0.0009931222370646823,"","","","","",""
11140,"2026-08-03 00:24:17.734859","train",33,0.38577982783317566,0.0009928956154469381,"","","","","",""
11160,"2026-08-03 00:24:18.539993","train",33,0.38965654373168945,0.0009926653472243723,"","","","","",""
11180,"2026-08-03 00:24:19.468578","train",33,1.3143948316574097,0.000992431434100592,"","","","","",""
11200,"2026-08-03 00:24:20.378491","train",33,0.7591915130615234,0.0009921938778061719,"","","","","",""
11220,"2026-08-03 00:24:21.296450","train",33,0.23360279202461243,0.0009919526800986382,"","","","","",""
11220,"2026-08-03 00:24:37.396382","val",33,"","",0.7900901639344262,0.25482968285208607,0.6687252793005343,0.7032590051457976,0.7751544571932922,0.7958438815288802
11240,"2026-08-03 00:24:48.904107","train",34,0.3283653259277344,0.0009917078427624589,"","","","","",""
11260,"2026-08-03 00:24:49.796409","train",34,0.6780675649642944,0.0009914593676090288,"","","","","",""
11280,"2026-08-03 00:24:50.854107","train",34,0.14401385188102722,0.0009912072564766572,"","","","","",""
11300,"2026-08-03 00:24:51.723288","train",34,0.3405357003211975,0.0009909515112305528,"","","","","",""
11320,"2026-08-03 00:24:52.539957","train",34,0.18935483694076538,0.0009906921337628112,"","","","","",""
11340,"2026-08-03 00:24:53.352366","train",34,0.2713627815246582,0.0009904291259924011,"","","","","",""
11360,"2026-08-03 00:24:54.313864","train",34,0.41643771529197693,0.000990162489865148,"","","","","",""
11380,"2026-08-03 00:24:55.139757","train",34,0.32664722204208374,0.0009898922273537227,"","","","","",""
11400,"2026-08-03 00:24:56.130703","train",34,0.053082630038261414,0.0009896183404576248,"","","","","",""
11420,"2026-08-03 00:24:56.991241","train",34,1.12123441696167,0.0009893408312031682,"","","","","",""
11440,"2026-08-03 00:24:57.867473","train",34,0.07573981583118439,0.0009890597016434667,"","","","","",""
11460,"2026-08-03 00:24:58.654166","train",34,0.20060031116008759,0.000988774953858418,"","","","","",""
11480,"2026-08-03 00:24:59.490466","train",34,1.0195658206939697,0.000988486589954689,"","","","","",""
11500,"2026-08-03 00:25:00.337286","train",34,0.84529048204422,0.0009881946120657002,"","","","","",""
11520,"2026-08-03 00:25:01.128729","train",34,0.13438355922698975,0.000987899022351609,"","","","","",""
11540,"2026-08-03 00:25:02.010901","train",34,0.7896609306335449,0.000987599822999295,"","","","","",""
11550,"2026-08-03 00:25:18.724409","val",34,"","",0.7975983606557377,0.2606643754610975,0.6814239122892235,0.7152658662092625,0.7888349514563107,0.8012797614425272
11560,"2026-08-03 00:25:29.861303","train",35,1.1515858173370361,0.0009872970162223427,"","","","","",""
11580,"2026-08-03 00:25:30.848645","train",35,4.070972442626953,0.0009869906042610263,"","","","","",""
11600,"2026-08-03 00:25:31.683009","train",35,0.7929991483688354,0.0009866805893822919,"","","","","",""
11620,"2026-08-03 00:25:32.521408","train",35,0.20499801635742188,0.0009863669738797412,"","","","","",""
11640,"2026-08-03 00:25:33.419043","train",35,0.24768495559692383,0.0009860497600736153,"","","","","",""
11660,"2026-08-03 00:25:34.256743","train",35,0.1441272795200348,0.000985728950310776,"","","","","",""
11680,"2026-08-03 00:25:35.195668","train",35,1.9431016445159912,0.0009854045469646897,"","","","","",""
11700,"2026-08-03 00:25:36.106599","train",35,0.7105198502540588,0.0009850765524354096,"","","","","",""
11720,"2026-08-03 00:25:36.945862","train",35,0.695033073425293,0.0009847449691495576,"","","","","",""
11740,"2026-08-03 00:25:37.836971","train",35,2.343677520751953,0.0009844097995603063,"","","","","",""
11760,"2026-08-03 00:25:38.705169","train",35,0.9983746409416199,0.0009840710461473615,"","","","","",""
11780,"2026-08-03 00:25:39.660866","train",35,1.046314001083374,0.0009837287114169428,"","","","","",""
11800,"2026-08-03 00:25:40.545991","train",35,2.283487319946289,0.0009833827979017667,"","","","","",""
11820,"2026-08-03 00:25:41.438781","train",35,0.08787240087985992,0.0009830333081610257,"","","","","",""
11840,"2026-08-03 00:25:42.304086","train",35,0.3383881151676178,0.0009826802447803712,"","","","","",""
11860,"2026-08-03 00:25:43.113118","train",35,0.9520012736320496,0.0009823236103718932,"","","","","",""
11880,"2026-08-03 00:25:43.962621","train",35,1.6328108310699463,0.0009819634075741023,"","","","","",""
11880,"2026-08-03 00:25:59.923439","val",35,"","",0.8129262295081968,0.28028270072569966,0.7129276247311082,0.7478559176672384,0.7877316857899381,0.8182397067731063
11900,"2026-08-03 00:26:11.406690","train",36,0.11173214018344879,0.000981599639051908,"","","","","",""
11920,"2026-08-03 00:26:12.312636","train",36,0.6258325576782227,0.0009812323074966018,"","","","","",""
11940,"2026-08-03 00:26:13.213562","train",36,0.5126456618309021,0.000980861415625835,"","","","","",""
11960,"2026-08-03 00:26:14.082658","train",36,1.0672881603240967,0.0009804869661835989,"","","","","",""
11980,"2026-08-03 00:26:15.004621","train",36,0.5878037214279175,0.0009801089619402062,"","","","","",""
12000,"2026-08-03 00:26:15.948355","train",36,0.9288022518157959,0.0009797274056922685,"","","","","",""
12020,"2026-08-03 00:26:16.779421","train",36,0.5761702060699463,0.0009793423002626767,"","","","","",""
12040,"2026-08-03 00:26:17.623791","train",36,0.5025226473808289,0.0009789536485005795,"","","","","",""
12060,"2026-08-03 00:26:18.516975","train",36,0.6101583242416382,0.0009785614532813632,"","","","","",""
12080,"2026-08-03 00:26:19.385765","train",36,1.5991387367248535,0.000978165717506629,"","","","","",""
12100,"2026-08-03 00:26:20.220560","train",36,0.33888864517211914,0.0009777664441041735,"","","","","",""
12120,"2026-08-03 00:26:21.106665","train",36,0.7622096538543701,0.0009773636360279653,"","","","","",""
12140,"2026-08-03 00:26:21.924835","train",36,0.41654181480407715,0.0009769572962581236,"","","","","",""
12160,"2026-08-03 00:26:22.775633","train",36,0.7877313494682312,0.000976547427800897,"","","","","",""
12180,"2026-08-03 00:26:23.610230","train",36,0.2559063136577606,0.00097613403368864,"","","","","",""
12200,"2026-08-03 00:26:24.518061","train",36,0.2408420741558075,0.0009757171169797916,"","","","","",""
12210,"2026-08-03 00:26:41.210032","val",36,"","",0.794155737704918,0.2631113862622377,0.6847547012698633,0.6963979416809606,0.7610326566637247,0.8034696444934537
12220,"2026-08-03 00:26:52.382638","train",37,0.24156302213668823,0.0009752966807588519,"","","","","",""
12240,"2026-08-03 00:26:53.274743","train",37,0.1102014109492302,0.0009748727281363598,"","","","","",""
12260,"2026-08-03 00:26:54.208081","train",37,0.48821404576301575,0.0009744452622488699,"","","","","",""
12280,"2026-08-03 00:26:55.025119","train",37,0.2865336835384369,0.0009740142862589289,"","","","","",""
12300,"2026-08-03 00:26:55.844647","train",37,2.6521663665771484,0.0009735798033550528,"","","","","",""
12320,"2026-08-03 00:26:56.681469","train",37,0.5111054182052612,0.0009731418167517028,"","","","","",""
12340,"2026-08-03 00:26:57.552230","train",37,0.29826977849006653,0.000972700329689262,"","","","","",""
12360,"2026-08-03 00:26:58.478188","train",37,2.1954052448272705,0.0009722553454340109,"","","","","",""
12380,"2026-08-03 00:26:59.308159","train",37,1.7444682121276855,0.0009718068672781036,"","","","","",""
12400,"2026-08-03 00:27:00.170471","train",37,1.3979134559631348,0.0009713548985395432,"","","","","",""
12420,"2026-08-03 00:27:01.031294","train",37,0.20769383013248444,0.0009708994425621578,"","","","","",""
12440,"2026-08-03 00:27:01.884532","train",37,1.7187141180038452,0.0009704405027155748,"","","","","",""
12460,"2026-08-03 00:27:02.702671","train",37,0.3683927655220032,0.0009699780823951968,"","","","","",""
12480,"2026-08-03 00:27:03.592009","train",37,2.3848111629486084,0.0009695121850221765,"","","","","",""
12500,"2026-08-03 00:27:04.525235","train",37,0.8484600186347961,0.0009690428140433901,"","","","","",""
12520,"2026-08-03 00:27:05.497288","train",37,0.3430423140525818,0.0009685699729314143,"","","","","",""
12540,"2026-08-03 00:27:06.261091","train",37,0.19890795648097992,0.0009680936651844978,"","","","","",""
12540,"2026-08-03 00:27:22.410287","val",37,"","",0.8023688524590165,0.28691902588730733,0.695302199708556,0.7238421955403088,0.7778022947925861,0.8105828816375977
12560,"2026-08-03 00:27:33.956615","train",38,1.770626187324524,0.0009676138943265374,"","","","","",""
12580,"2026-08-03 00:27:34.888830","train",38,2.3201375007629395,0.0009671306639070506,"","","","","",""
12600,"2026-08-03 00:27:35.805442","train",38,0.22742652893066406,0.0009666439775011509,"","","","","",""
12620,"2026-08-03 00:27:36.672420","train",38,0.5113897919654846,0.0009661538387095197,"","","","","",""
12640,"2026-08-03 00:27:37.536685","train",38,0.4271915555000305,0.0009656602511583806,"","","","","",""
12660,"2026-08-03 00:27:38.458587","train",38,0.5495434999465942,0.0009651632184994726,"","","","","",""
12680,"2026-08-03 00:27:39.345221","train",38,1.7119381427764893,0.0009646627444100225,"","","","","",""
12700,"2026-08-03 00:27:40.176081","train",38,0.669182300567627,0.0009641588325927184,"","","","","",""
12720,"2026-08-03 00:27:40.980770","train",38,1.9863909482955933,0.0009636514867756814,"","","","","",""
12740,"2026-08-03 00:27:41.871599","train",38,0.2544161379337311,0.0009631407107124391,"","","","","",""
12760,"2026-08-03 00:27:42.740897","train",38,0.10769069939851761,0.0009626265081818975,"","","","","",""
12780,"2026-08-03 00:27:43.725760","train",38,0.1908416599035263,0.0009621088829883118,"","","","","",""
12800,"2026-08-03 00:27:44.643659","train",38,1.3844940662384033,0.0009615878389612605,"","","","","",""
12820,"2026-08-03 00:27:45.531185","train",38,0.36462512612342834,0.0009610633799556149,"","","","","",""
12840,"2026-08-03 00:27:46.348765","train",38,0.2808510661125183,0.0009605355098515122,"","","","","",""
12860,"2026-08-03 00:27:47.228005","train",38,0.18333065509796143,0.000960004232554326,"","","","","",""
12870,"2026-08-03 00:28:03.905675","val",38,"","",0.8136803278688525,0.3087342238632802,0.7210464228714176,0.7684391080617496,0.778243601059135,0.8218118564306459
12880,"2026-08-03 00:28:15.338084","train",39,0.2657988667488098,0.0009594695519946373,"","","","","",""
12900,"2026-08-03 00:28:16.337489","train",39,0.6466076970100403,0.0009589314721282059,"","","","","",""
12920,"2026-08-03 00:28:17.171354","train",39,1.818615436553955,0.0009583899969359406,"","","","","",""
12940,"2026-08-03 00:28:18.043566","train",39,1.3460853099822998,0.0009578451304238705,"","","","","",""
12960,"2026-08-03 00:28:18.917899","train",39,4.33116340637207,0.0009572968766231145,"","","","","",""
12980,"2026-08-03 00:28:19.772479","train",39,0.4402962028980255,0.0009567452395898524,"","","","","",""
13000,"2026-08-03 00:28:20.572759","train",39,0.365066260099411,0.0009561902234052934,"","","","","",""
13020,"2026-08-03 00:28:21.525123","train",39,0.9288961887359619,0.000955631832175648,"","","","","",""
13040,"2026-08-03 00:28:22.380914","train",39,0.7164523601531982,0.0009550700700320959,"","","","","",""
13060,"2026-08-03 00:28:23.206678","train",39,1.0099878311157227,0.0009545049411307559,"","","","","",""
13080,"2026-08-03 00:28:24.020931","train",39,0.8573165535926819,0.000953936449652656,"","","","","",""
13100,"2026-08-03 00:28:24.948328","train",39,0.17404653131961823,0.0009533645998037009,"","","","","",""
13120,"2026-08-03 00:28:25.930077","train",39,0.05233136564493179,0.0009527893958146422,"","","","","",""
13140,"2026-08-03 00:28:26.848104","train",39,1.5301177501678467,0.0009522108419410466,"","","","","",""
13160,"2026-08-03 00:28:27.705391","train",39,3.4785923957824707,0.0009516289424632647,"","","","","",""
13180,"2026-08-03 00:28:28.564939","train",39,0.7677717208862305,0.0009510437016863984,"","","","","",""
13200,"2026-08-03 00:28:29.489999","train",39,0.07862670719623566,0.0009504551239402702,"","","","","",""
13200,"2026-08-03 00:28:45.894630","val",39,"","",0.8037213114754098,0.2741071499921751,0.6944001110262994,0.7221269296740994,0.7822153574580758,0.8104431018683896
13220,"2026-08-03 00:28:57.452730","train",40,0.3579554259777069,0.0009498632135793907,"","","","","",""
13240,"2026-08-03 00:28:58.324599","train",40,1.1137064695358276,0.0009492679749829264,"","","","","",""
13260,"2026-08-03 00:28:59.126909","train",40,1.328999400138855,0.0009486694125546672,"","","","","",""
13280,"2026-08-03 00:28:59.995296","train",40,0.39906710386276245,0.000948067530722994,"","","","","",""
13300,"2026-08-03 00:29:00.929409","train",40,0.3660581707954407,0.0009474623339408456,"","","","","",""
13320,"2026-08-03 00:29:01.846512","train",40,0.7818806171417236,0.0009468538266856862,"","","","","",""
13340,"2026-08-03 00:29:02.768119","train",40,0.9175043106079102,0.0009462420134594722,"","","","","",""
13360,"2026-08-03 00:29:03.606304","train",40,2.285043239593506,0.0009456268987886185,"","","","","",""
13380,"2026-08-03 00:29:04.540838","train",40,1.502105474472046,0.0009450084872239655,"","","","","",""
13400,"2026-08-03 00:29:05.400452","train",40,1.1966580152511597,0.000944386783340745,"","","","","",""
13420,"2026-08-03 00:29:06.262721","train",40,0.5639879703521729,0.0009437617917385465,"","","","","",""
13440,"2026-08-03 00:29:07.085542","train",40,0.602306604385376,0.0009431335170412836,"","","","","",""
13460,"2026-08-03 00:29:07.916195","train",40,2.5115256309509277,0.0009425019638971592,"","","","","",""
13480,"2026-08-03 00:29:08.718615","train",40,0.15847288072109222,0.0009418671369786314,"","","","","",""
13500,"2026-08-03 00:29:09.600450","train",40,1.60228431224823,0.0009412290409823789,"","","","","",""
13520,"2026-08-03 00:29:10.518060","train",40,0.15800204873085022,0.0009405876806292657,"","","","","",""
13530,"2026-08-03 00:29:26.965243","val",40,"","",0.8126803278688524,0.3011313625778256,0.7283325237665672,0.7461406518010292,0.7824360105913505,0.8220292916271918
13540,"2026-08-03 00:29:38.240156","train",41,0.24097111821174622,0.0009399430606643075,"","","","","",""
13560,"2026-08-03 00:29:39.156892","train",41,0.10756170749664307,0.0009392951858566352,"","","","","",""
13580,"2026-08-03 00:29:40.050780","train",41,0.31815728545188904,0.0009386440609994606,"","","","","",""
13600,"2026-08-03 00:29:40.965162","train",41,1.9744293689727783,0.0009379896909100403,"","","","","",""
13620,"2026-08-03 00:29:41.988420","train",41,2.3904671669006348,0.0009373320804296402,"","","","","",""
13640,"2026-08-03 00:29:42.852236","train",41,0.1373368203639984,0.0009366712344235001,"","","","","",""
13660,"2026-08-03 00:29:43.666066","train",41,4.504303932189941,0.000936007157780797,"","","","","",""
13680,"2026-08-03 00:29:44.576966","train",41,0.4615654945373535,0.0009353398554146096,"","","","","",""
13700,"2026-08-03 00:29:45.621452","train",41,2.324059009552002,0.0009346693322618817,"","","","","",""
13720,"2026-08-03 00:29:46.458448","train",41,1.5719448328018188,0.0009339955932833856,"","","","","",""
13740,"2026-08-03 00:29:47.296218","train",41,2.575434684753418,0.0009333186434636852,"","","","","",""
13760,"2026-08-03 00:29:48.276113","train",41,1.7530921697616577,0.0009326384878110994,"","","","","",""
13780,"2026-08-03 00:29:49.233148","train",41,0.28286609053611755,0.0009319551313576655,"","","","","",""
13800,"2026-08-03 00:29:50.124033","train",41,0.9717780351638794,0.000931268579159101,"","","","","",""
13820,"2026-08-03 00:29:50.977999","train",41,2.1546425819396973,0.0009305788362947666,"","","","","",""
13840,"2026-08-03 00:29:51.871163","train",41,0.4507804811000824,0.000929885907867629,"","","","","",""
13860,"2026-08-03 00:29:52.714623","train",41,4.078513145446777,0.0009291897990042229,"","","","","",""
13860,"2026-08-03 00:30:08.846060","val",41,"","",0.8024180327868853,0.2614719919996371,0.6954409825827493,0.7427101200686106,0.7528684907325685,0.8131921039961483
13880,"2026-08-03 00:30:20.361671","train",42,1.9510847330093384,0.0009284905148546127,"","","","","",""
13900,"2026-08-03 00:30:21.238138","train",42,0.10394740849733353,0.0009277880605923551,"","","","","",""
13920,"2026-08-03 00:30:22.150645","train",42,1.6687214374542236,0.0009270824414144598,"","","","","",""
13940,"2026-08-03 00:30:23.000498","train",42,0.2608107030391693,0.0009263736625413523,"","","","","",""
13960,"2026-08-03 00:30:23.809705","train",42,0.6561500430107117,0.0009256617292168344,"","","","","",""
13980,"2026-08-03 00:30:24.685605","train",42,0.4589393734931946,0.0009249466467080459,"","","","","",""
14000,"2026-08-03 00:30:25.566968","train",42,1.4477609395980835,0.0009242284203054251,"","","","","",""
14020,"2026-08-03 00:30:26.396679","train",42,0.5012462139129639,0.0009235070553226701,"","","","","",""
14040,"2026-08-03 00:30:27.324991","train",42,0.1397494375705719,0.0009227825570966992,"","","","","",""
14060,"2026-08-03 00:30:28.172900","train",42,2.2347655296325684,0.000922054930987612,"","","","","",""
14080,"2026-08-03 00:30:28.991392","train",42,0.6672104597091675,0.0009213241823786488,"","","","","",""
14100,"2026-08-03 00:30:29.863334","train",42,0.5924790501594543,0.0009205903166761517,"","","","","",""
14120,"2026-08-03 00:30:30.773482","train",42,0.8716690540313721,0.0009198533393095235,"","","","","",""
14140,"2026-08-03 00:30:31.605843","train",42,2.847872734069824,0.0009191132557311893,"","","","","",""
14160,"2026-08-03 00:30:32.454463","train",42,0.1632251739501953,0.000918370071416554,"","","","","",""
14180,"2026-08-03 00:30:33.329111","train",42,0.6647109985351562,0.0009176237918639635,"","","","","",""
14190,"2026-08-03 00:30:50.116126","val",42,"","",0.7867213114754098,0.2482573602184442,0.6640760530150579,0.6843910806174957,0.7358781994704324,0.8053644369204963
14200,"2026-08-03 00:31:01.496885","train",43,0.2931545376777649,0.0009168744225946633,"","","","","",""
14220,"2026-08-03 00:31:02.474813","train",43,0.7373846769332886,0.0009161219691527575,"","","","","",""
14240,"2026-08-03 00:31:03.322119","train",43,0.11258713901042938,0.0009153664371051681,"","","","","",""
14260,"2026-08-03 00:31:04.135440","train",43,0.1276533007621765,0.0009146078320415942,"","","","","",""
14280,"2026-08-03 00:31:04.952723","train",43,2.0893609523773193,0.0009138461595744694,"","","","","",""
14300,"2026-08-03 00:31:05.792109","train",43,0.2896290421485901,0.0009130814253389216,"","","","","",""
14320,"2026-08-03 00:31:06.638847","train",43,0.1621163785457611,0.0009123136349927306,"","","","","",""
14340,"2026-08-03 00:31:07.448719","train",43,1.2819995880126953,0.0009115427942162865,"","","","","",""
14360,"2026-08-03 00:31:08.289065","train",43,0.44196292757987976,0.0009107689087125475,"","","","","",""
14380,"2026-08-03 00:31:09.223977","train",43,0.4911298155784607,0.0009099919842069977,"","","","","",""
14400,"2026-08-03 00:31:10.049716","train",43,0.6490694880485535,0.0009092120264476049,"","","","","",""
14420,"2026-08-03 00:31:10.889004","train",43,0.4045867621898651,0.0009084290412047783,"","","","","",""
14440,"2026-08-03 00:31:11.847848","train",43,0.06840276718139648,0.000907643034271325,"","","","","",""
14460,"2026-08-03 00:31:12.734370","train",43,1.1929413080215454,0.0009068540114624081,"","","","","",""
14480,"2026-08-03 00:31:13.643042","train",43,2.0567026138305664,0.0009060619786155029,"","","","","",""
14500,"2026-08-03 00:31:14.457524","train",43,0.6296392679214478,0.0009052669415903542,"","","","","",""
14520,"2026-08-03 00:31:15.292751","train",43,0.19655178487300873,0.0009044689062689329,"","","","","",""
14520,"2026-08-03 00:31:31.381608","val",43,"","",0.8172540983606558,0.3053424431409085,0.7372840191520367,0.7238421955403087,0.7917034421888791,0.8287387205491792
14540,"2026-08-03 00:31:43.055276","train",44,0.596898078918457,0.0009036678785553922,"","","","","",""
14560,"2026-08-03 00:31:43.916590","train",44,0.4321598410606384,0.0009028638643760243,"","","","","",""
14580,"2026-08-03 00:31:44.835763","train",44,0.3730516731739044,0.0009020568696792159,"","","","","",""
14600,"2026-08-03 00:31:45.660698","train",44,1.768659234046936,0.0009012469004354052,"","","","","",""
14620,"2026-08-03 00:31:46.550200","train",44,0.18887117505073547,0.0009004339626370371,"","","","","",""
14640,"2026-08-03 00:31:47.441979","train",44,0.6775569915771484,0.0008996180622985184,"","","","","",""
14660,"2026-08-03 00:31:48.330520","train",44,1.4224772453308105,0.0008987992054561744,"","","","","",""
14680,"2026-08-03 00:31:49.149096","train",44,1.2681875228881836,0.0008979773981682035,"","","","","",""
14700,"2026-08-03 00:31:50.066863","train",44,0.11348257213830948,0.0008971526465146324,"","","","","",""
14720,"2026-08-03 00:31:50.892127","train",44,0.07954167574644089,0.0008963249565972717,"","","","","",""
14740,"2026-08-03 00:31:51.740434","train",44,1.2413277626037598,0.0008954943345396698,"","","","","",""
14760,"2026-08-03 00:31:52.739917","train",44,1.2381494045257568,0.0008946607864870686,"","","","","",""
14780,"2026-08-03 00:31:53.578151","train",44,0.2741106152534485,0.0008938243186063572,"","","","","",""
14800,"2026-08-03 00:31:54.494774","train",44,0.23237264156341553,0.000892984937086027,"","","","","",""
14820,"2026-08-03 00:31:55.299411","train",44,0.32992255687713623,0.0008921426481361253,"","","","","",""
14840,"2026-08-03 00:31:56.141542","train",44,0.2529008090496063,0.0008912974579882096,"","","","","",""
14850,"2026-08-03 00:32:12.629816","val",44,"","",0.8017540983606557,0.2864919286442274,0.7061272638956353,0.7564322469982847,0.7482347749338041,0.818892012362744
14860,"2026-08-03 00:32:23.919474","train",45,0.7407025098800659,0.0008904493728953018,"","","","","",""
14880,"2026-08-03 00:32:24.836287","train",45,1.1588566303253174,0.0008895983991318411,"","","","","",""
14900,"2026-08-03 00:32:25.648622","train",45,0.47450146079063416,0.0008887445429936388,"","","","","",""
14920,"2026-08-03 00:32:26.517389","train",45,0.19514203071594238,0.0008878878107978304,"","","","","",""
14940,"2026-08-03 00:32:27.349323","train",45,1.9697270393371582,0.0008870282088828301,"","","","","",""
14960,"2026-08-03 00:32:28.312828","train",45,0.9845737814903259,0.000886165743608283,"","","","","",""
14980,"2026-08-03 00:32:29.168540","train",45,1.2251784801483154,0.0008853004213550183,"","","","","",""
15000,"2026-08-03 00:32:30.007364","train",45,0.15282070636749268,0.0008844322485250022,"","","","","",""
15020,"2026-08-03 00:32:30.855072","train",45,1.4807450771331787,0.0008835612315412907,"","","","","",""
15040,"2026-08-03 00:32:31.816342","train",45,2.4826502799987793,0.0008826873768479818,"","","","","",""
15060,"2026-08-03 00:32:32.698868","train",45,0.4413411617279053,0.0008818106909101677,"","","","","",""
15080,"2026-08-03 00:32:33.477835","train",45,0.31233853101730347,0.0008809311802138875,"","","","","",""
15100,"2026-08-03 00:32:34.395532","train",45,2.700456142425537,0.0008800488512660785,"","","","","",""
15120,"2026-08-03 00:32:35.296103","train",45,2.457608222961426,0.0008791637105945286,"","","","","",""
15140,"2026-08-03 00:32:36.147807","train",45,0.4376133680343628,0.0008782757647478281,"","","","","",""
15160,"2026-08-03 00:32:37.071089","train",45,0.3907999098300934,0.0008773850202953205,"","","","","",""
15180,"2026-08-03 00:32:37.816624","train",45,0.8952553868293762,0.000876491483827055,"","","","","",""
15180,"2026-08-03 00:32:54.068016","val",45,"","",0.8270655737704918,0.3003682302417855,0.7546318784262022,0.7667238421955402,0.7950132391879964,0.8385077733082765
15200,"2026-08-03 00:33:05.614643","train",46,0.6367607116699219,0.0008755951619537365,"","","","","",""
15220,"2026-08-03 00:33:06.518423","train",46,1.4587059020996094,0.0008746960613066779,"","","","","",""
15240,"2026-08-03 00:33:07.340007","train",46,0.42230233550071716,0.0008737941885377502,"","","","","",""
15260,"2026-08-03 00:33:08.280333","train",46,0.17432987689971924,0.0008728895503193332,"","","","","",""
15280,"2026-08-03 00:33:09.093895","train",46,1.28862464427948,0.0008719821533442674,"","","","","",""
15300,"2026-08-03 00:33:10.051479","train",46,2.2598931789398193,0.0008710720043258027,"","","","","",""
15320,"2026-08-03 00:33:11.015128","train",46,0.33869439363479614,0.0008701591099975499,"","","","","",""
15340,"2026-08-03 00:33:11.843624","train",46,0.21187818050384521,0.000869243477113431,"","","","","",""
15360,"2026-08-03 00:33:12.693902","train",46,1.7137959003448486,0.0008683251124476282,"","","","","",""
15380,"2026-08-03 00:33:13.602675","train",46,1.7677345275878906,0.0008674040227945346,"","","","","",""
15400,"2026-08-03 00:33:14.475921","train",46,0.5477159023284912,0.0008664802149687042,"","","","","",""
15420,"2026-08-03 00:33:15.302964","train",46,1.8453924655914307,0.0008655536958048002,"","","","","",""
15440,"2026-08-03 00:33:16.164712","train",46,0.5737741589546204,0.0008646244721575461,"","","","","",""
15460,"2026-08-03 00:33:16.955863","train",46,1.1647642850875854,0.0008636925509016732,"","","","","",""
15480,"2026-08-03 00:33:17.814658","train",46,1.0740394592285156,0.0008627579389318718,"","","","","",""
15500,"2026-08-03 00:33:18.739921","train",46,1.3343513011932373,0.0008618206431627382,"","","","","",""
15510,"2026-08-03 00:33:35.151903","val",46,"","",0.8168032786885246,0.29550738529565856,0.7313163555617237,0.7478559176672384,0.7839805825242719,0.8274807026263066
15520,"2026-08-03 00:33:46.376082","train",47,0.5275435447692871,0.0008608806705287248,"","","","","",""
15540,"2026-08-03 00:33:47.389459","train",47,1.568616271018982,0.0008599380279840882,"","","","","",""
15560,"2026-08-03 00:33:48.181705","train",47,0.6962463855743408,0.0008589927225028383,"","","","","",""
15580,"2026-08-03 00:33:48.956494","train",47,1.5162403583526611,0.000858044761078686,"","","","","",""
15600,"2026-08-03 00:33:49.919547","train",47,0.4278453290462494,0.000857094150724992,"","","","","",""
15620,"2026-08-03 00:33:50.809318","train",47,1.0842431783676147,0.0008561408984747147,"","","","","",""
15640,"2026-08-03 00:33:51.696430","train",47,0.3815600275993347,0.0008551850113803583,"","","","","",""
15660,"2026-08-03 00:33:52.558436","train",47,0.17575287818908691,0.0008542264965139202,"","","","","",""
15680,"2026-08-03 00:33:53.421377","train",47,0.14574888348579407,0.0008532653609668395,"","","","","",""
15700,"2026-08-03 00:33:54.355025","train",47,1.324473261833191,0.0008523016118499437,"","","","","",""
15720,"2026-08-03 00:33:55.258824","train",47,0.6393146514892578,0.0008513352562933966,"","","","","",""
15740,"2026-08-03 00:33:56.117102","train",47,1.1563217639923096,0.0008503663014466452,"","","","","",""
15760,"2026-08-03 00:33:56.945169","train",47,0.9060975313186646,0.0008493947544783672,"","","","","",""
15780,"2026-08-03 00:33:57.790758","train",47,0.4529193043708801,0.0008484206225764174,"","","","","",""
15800,"2026-08-03 00:33:58.696433","train",47,1.2948193550109863,0.0008474439129477756,"","","","","",""
15820,"2026-08-03 00:33:59.535101","train",47,1.0702255964279175,0.0008464646328184915,"","","","","",""
15840,"2026-08-03 00:34:00.321254","train",47,0.7000530362129211,0.0008454827894336333,"","","","","",""
15840,"2026-08-03 00:34:16.498963","val",47,"","",0.8125000000000001,0.27307670445555166,0.7268059121504407,0.7530017152658662,0.7552956751985878,0.8268128659512013
15860,"2026-08-03 00:34:28.136522","train",48,0.4101436734199524,0.0008444983900572323,"","","","","",""
15880,"2026-08-03 00:34:28.985479","train",48,0.3890301287174225,0.0008435114419722305,"","","","","",""
15900,"2026-08-03 00:34:29.909765","train",48,0.3691043257713318,0.000842521952480426,"","","","","",""
15920,"2026-08-03 00:34:30.703724","train",48,0.5078659057617188,0.000841529928902419,"","","","","",""
15940,"2026-08-03 00:34:31.572718","train",48,2.0661888122558594,0.0008405353785775579,"","","","","",""
15960,"2026-08-03 00:34:32.509843","train",48,0.08435670286417007,0.0008395383088638848,"","","","","",""
15980,"2026-08-03 00:34:33.360963","train",48,0.03522107005119324,0.0008385387271380814,"","","","","",""
16000,"2026-08-03 00:34:34.222378","train",48,0.4417262077331543,0.0008375366407954139,"","","","","",""
16020,"2026-08-03 00:34:35.128482","train",48,0.4681568741798401,0.0008365320572496786,"","","","","",""
16040,"2026-08-03 00:34:35.948163","train",48,0.3134172558784485,0.0008355249839331472,"","","","","",""
16060,"2026-08-03 00:34:36.904549","train",48,1.135378360748291,0.0008345154282965113,"","","","","",""
16080,"2026-08-03 00:34:37.820294","train",48,1.3031340837478638,0.0008335033978088281,"","","","","",""
16100,"2026-08-03 00:34:38.642897","train",48,0.21487507224082947,0.0008324888999574638,"","","","","",""
16120,"2026-08-03 00:34:39.650091","train",48,4.196100234985352,0.0008314719422480401,"","","","","",""
16140,"2026-08-03 00:34:40.514988","train",48,0.22052203118801117,0.0008304525322043768,"","","","","",""
16160,"2026-08-03 00:34:41.485896","train",48,0.32009339332580566,0.0008294306773684374,"","","","","",""
16170,"2026-08-03 00:34:57.906848","val",48,"","",0.8144754098360656,0.27909905720338823,0.7264589549649573,0.758147512864494,0.7705207413945279,0.8258810008231474
16180,"2026-08-03 00:35:09.206832","train",49,0.20413877069950104,0.0008284063853002725,"","","","","",""
16200,"2026-08-03 00:35:10.037958","train",49,0.22225189208984375,0.0008273796635779648,"","","","","",""
16220,"2026-08-03 00:35:10.997705","train",49,1.1158052682876587,0.0008263505197975715,"","","","","",""
16240,"2026-08-03 00:35:11.798126","train",49,0.5837268829345703,0.0008253189615730702,"","","","","",""
16260,"2026-08-03 00:35:12.669669","train",49,1.1622074842453003,0.0008242849965363005,"","","","","",""
16280,"2026-08-03 00:35:13.587152","train",49,0.8115592002868652,0.000823248632336909,"","","","","",""
16300,"2026-08-03 00:35:14.443235","train",49,2.278811454772949,0.000822209876642292,"","","","","",""
16320,"2026-08-03 00:35:15.225784","train",49,3.481956958770752,0.0008211687371375391,"","","","","",""
16340,"2026-08-03 00:35:16.243473","train",49,0.2315378189086914,0.0008201252215253757,"","","","","",""
16360,"2026-08-03 00:35:17.072992","train",49,1.7160604000091553,0.0008190793375261071,"","","","","",""
16380,"2026-08-03 00:35:17.969932","train",49,2.0419342517852783,0.0008180310928775603,"","","","","",""
16400,"2026-08-03 00:35:18.790627","train",49,1.109734058380127,0.0008169804953350277,"","","","","",""
16420,"2026-08-03 00:35:19.616107","train",49,0.3133387863636017,0.0008159275526712089,"","","","","",""
16440,"2026-08-03 00:35:20.441456","train",49,1.745255470275879,0.0008148722726761536,"","","","","",""
16460,"2026-08-03 00:35:21.253960","train",49,0.34864354133605957,0.0008138146631572041,"","","","","",""
16480,"2026-08-03 00:35:22.114223","train",49,0.31395554542541504,0.000812754731938937,"","","","","",""
16500,"2026-08-03 00:35:22.933130","train",49,1.1368975639343262,0.0008116924868631064,"","","","","",""
16500,"2026-08-03 00:35:39.044213","val",49,"","",0.8171311475409837,0.289707519394362,0.721185205745611,0.777015437392796,0.7608120035304501,0.8294531504806871
16520,"2026-08-03 00:35:50.585971","train",50,0.6824207305908203,0.0008106279357885843,"","","","","",""
16540,"2026-08-03 00:35:51.526372","train",50,2.202234983444214,0.0008095610865913037,"","","","","",""
16560,"2026-08-03 00:35:52.486631","train",50,0.41939693689346313,0.0008084919471642,"","","","","",""
16580,"2026-08-03 00:35:53.326902","train",50,2.628478527069092,0.0008074205254171526,"","","","","",""
16600,"2026-08-03 00:35:54.263987","train",50,1.3775568008422852,0.0008063468292769259,"","","","","",""
16620,"2026-08-03 00:35:55.156263","train",50,1.8501065969467163,0.0008052708666871115,"","","","","",""
16640,"2026-08-03 00:35:56.121579","train",50,1.946879506111145,0.0008041926456080691,"","","","","",""
16660,"2026-08-03 00:35:57.053010","train",50,0.20761343836784363,0.0008031121740168669,"","","","","",""
16680,"2026-08-03 00:35:57.996665","train",50,0.2463538944721222,0.0008020294599072239,"","","","","",""
16700,"2026-08-03 00:35:58.786047","train",50,0.19568820297718048,0.0008009445112894496,"","","","","",""
16720,"2026-08-03 00:35:59.766761","train",50,0.15122908353805542,0.0007998573361903856,"","","","","",""
16740,"2026-08-03 00:36:00.702313","train",50,0.2250104546546936,0.0007987679426533454,"","","","","",""
16760,"2026-08-03 00:36:01.565239","train",50,0.17161308228969574,0.0007976763387380555,"","","","","",""
16780,"2026-08-03 00:36:02.386389","train",50,1.5291773080825806,0.0007965825325205955,"","","","","",""
16800,"2026-08-03 00:36:03.261337","train",50,0.20364922285079956,0.0007954865320933387,"","","","","",""
16820,"2026-08-03 00:36:04.253877","train",50,0.6387448906898499,0.0007943883455648914,"","","","","",""
16830,"2026-08-03 00:36:20.831187","val",50,"","",0.8216967213114754,0.2951514539971602,0.7335368815488169,0.7873070325900514,0.7650044130626655,0.8318294065572243
16840,"2026-08-03 00:36:31.986852","train",51,0.43562230467796326,0.0007932879810600342,"","","","","",""
16860,"2026-08-03 00:36:32.826081","train",51,0.21707883477210999,0.0007921854467196603,"","","","","",""
16880,"2026-08-03 00:36:33.654137","train",51,2.0418405532836914,0.000791080750700717,"","","","","",""
16900,"2026-08-03 00:36:34.467025","train",51,0.2294778823852539,0.0007899739011761438,"","","","","",""
16920,"2026-08-03 00:36:35.505306","train",51,0.1778733879327774,0.000788864906334813,"","","","","",""
16940,"2026-08-03 00:36:36.403172","train",51,0.3399585485458374,0.0007877537743814686,"","","","","",""
16960,"2026-08-03 00:36:37.232023","train",51,0.6346468925476074,0.0007866405135366658,"","","","","",""
16980,"2026-08-03 00:36:38.170712","train",51,0.5376793146133423,0.0007855251320367098,"","","","","",""
17000,"2026-08-03 00:36:38.982948","train",51,0.20404405891895294,0.0007844076381335958,"","","","","",""
17020,"2026-08-03 00:36:39.779932","train",51,0.12323445081710815,0.0007832880400949465,"","","","","",""
17040,"2026-08-03 00:36:40.616805","train",51,1.2020602226257324,0.0007821663462039523,"","","","","",""
17060,"2026-08-03 00:36:41.448244","train",51,0.12767601013183594,0.0007810425647593095,"","","","","",""
17080,"2026-08-03 00:36:42.325098","train",51,0.5445061922073364,0.0007799167040751588,"","","","","",""
17100,"2026-08-03 00:36:43.188809","train",51,0.8042004108428955,0.0007787887724810234,"","","","","",""
17120,"2026-08-03 00:36:44.075824","train",51,0.33818235993385315,0.0007776587783217486,"","","","","",""
17140,"2026-08-03 00:36:44.878196","train",51,0.673582911491394,0.0007765267299574388,"","","","","",""
17160,"2026-08-03 00:36:45.686255","train",51,1.2742729187011719,0.0007753926357633962,"","","","","",""
17160,"2026-08-03 00:37:02.019307","val",51,"","",0.8157540983606557,0.3035543554325765,0.7232669488585108,0.79073756432247,0.7758164165931156,0.8231475297808565
17180,"2026-08-03 00:37:13.624631","train",52,2.3957505226135254,0.0007742565041300591,"","","","","",""
17200,"2026-08-03 00:37:14.527022","train",52,0.7180302143096924,0.0007731183434629391,"","","","","",""
17220,"2026-08-03 00:37:15.489414","train",52,1.8636423349380493,0.0007719781621825595,"","","","","",""
17240,"2026-08-03 00:37:16.304592","train",52,1.3495835065841675,0.0007708359687243929,"","","","","",""
17260,"2026-08-03 00:37:17.132124","train",52,0.2962961494922638,0.0007696917715387988,"","","","","",""
17280,"2026-08-03 00:37:17.997912","train",52,0.5316998362541199,0.0007685455790909605,"","","","","",""
17300,"2026-08-03 00:37:18.873094","train",52,0.43551549315452576,0.0007673973998608237,"","","","","",""
17320,"2026-08-03 00:37:19.777079","train",52,1.4393868446350098,0.0007662472423430322,"","","","","",""
17340,"2026-08-03 00:37:20.708060","train",52,0.18962207436561584,0.0007650951150468667,"","","","","",""
17360,"2026-08-03 00:37:21.527761","train",52,0.3285079598426819,0.0007639410264961805,"","","","","",""
17380,"2026-08-03 00:37:22.327816","train",52,0.4188386797904968,0.0007627849852293374,"","","","","",""
17400,"2026-08-03 00:37:23.192754","train",52,2.3571395874023438,0.0007616269997991476,"","","","","",""
17420,"2026-08-03 00:37:24.131519","train",52,0.2605952024459839,0.0007604670787728049,"","","","","",""
17440,"2026-08-03 00:37:25.031363","train",52,0.7335383892059326,0.0007593052307318242,"","","","","",""
17460,"2026-08-03 00:37:25.882335","train",52,1.0451327562332153,0.000758141464271976,"","","","","",""
17480,"2026-08-03 00:37:26.798144","train",52,0.41857415437698364,0.0007569757880032251,"","","","","",""
17490,"2026-08-03 00:37:43.523101","val",52,"","",0.8197540983606557,0.30083594476722464,0.7272222607730207,0.7770154373927959,0.7879523389232127,0.8273098606861634
17500,"2026-08-03 00:37:54.666368","train",53,0.199835404753685,0.0007558082105496642,"","","","","",""
17520,"2026-08-03 00:37:55.484415","train",53,1.5836658477783203,0.0007546387405494536,"","","","","",""
17540,"2026-08-03 00:37:56.386207","train",53,0.4549151360988617,0.000753467386654754,"","","","","",""
17560,"2026-08-03 00:37:57.186993","train",53,0.6486839056015015,0.000752294157531664,"","","","","",""
17580,"2026-08-03 00:37:58.112552","train",53,1.9516816139221191,0.0007511190618601558,"","","","","",""
17600,"2026-08-03 00:37:59.005424","train",53,0.525583028793335,0.000749942108334012,"","","","","",""
17620,"2026-08-03 00:37:59.800472","train",53,0.3405991196632385,0.0007487633056607588,"","","","","",""
17640,"2026-08-03 00:38:00.660733","train",53,0.3966846466064453,0.0007475826625616039,"","","","","",""
17660,"2026-08-03 00:38:01.491502","train",53,1.6321513652801514,0.0007464001877713711,"","","","","",""
17680,"2026-08-03 00:38:02.396770","train",53,0.22359953820705414,0.0007452158900384354,"","","","","",""
17700,"2026-08-03 00:38:03.285851","train",53,0.2689630687236786,0.0007440297781246589,"","","","","",""
17720,"2026-08-03 00:38:04.240843","train",53,0.15862815082073212,0.0007428418608053254,"","","","","",""
17740,"2026-08-03 00:38:05.158082","train",53,1.2720215320587158,0.000741652146869076,"","","","","",""
17760,"2026-08-03 00:38:05.951852","train",53,0.3802022933959961,0.0007404606451178436,"","","","","",""
17780,"2026-08-03 00:38:06.786171","train",53,0.1506722867488861,0.0007392673643667882,"","","","","",""
17800,"2026-08-03 00:38:07.693009","train",53,0.9547999501228333,0.0007380723134442313,"","","","","",""
17820,"2026-08-03 00:38:08.458478","train",53,0.19570356607437134,0.0007368755011915907,"","","","","",""
17820,"2026-08-03 00:38:24.660168","val",53,"","",0.8222540983606557,0.2854911632395977,0.7286100895149539,0.7650085763293311,0.7747131509267432,0.8323108702067187
17840,"2026-08-03 00:38:36.212196","train",54,1.5017530918121338,0.0007356769364633155,"","","","","",""
17860,"2026-08-03 00:38:37.063797","train",54,0.2801636755466461,0.0007344766281268202,"","","","","",""
17880,"2026-08-03 00:38:38.027926","train",54,0.174843430519104,0.0007332745850624187,"","","","","",""
17900,"2026-08-03 00:38:38.949070","train",54,0.3001132607460022,0.0007320708161632593,"","","","","",""
17920,"2026-08-03 00:38:39.935822","train",54,0.5650421380996704,0.0007308653303352589,"","","","","",""
17940,"2026-08-03 00:38:40.758751","train",54,0.3161996603012085,0.0007296581364970365,"","","","","",""
17960,"2026-08-03 00:38:41.660868","train",54,1.4689651727676392,0.0007284492435798479,"","","","","",""
17980,"2026-08-03 00:38:42.608092","train",54,0.4647093117237091,0.0007272386605275188,"","","","","",""
18000,"2026-08-03 00:38:43.594865","train",54,0.30652981996536255,0.0007260263962963798,"","","","","",""
18020,"2026-08-03 00:38:44.465719","train",54,0.2404658943414688,0.0007248124598551987,"","","","","",""
18040,"2026-08-03 00:38:45.406501","train",54,0.33672967553138733,0.0007235968601851157,"","","","","",""
18060,"2026-08-03 00:38:46.231811","train",54,0.28706204891204834,0.0007223796062795756,"","","","","",""
18080,"2026-08-03 00:38:47.100870","train",54,0.42019203305244446,0.000721160707144262,"","","","","",""
18100,"2026-08-03 00:38:47.946720","train",54,1.6181697845458984,0.0007199401717970308,"","","","","",""
18120,"2026-08-03 00:38:48.832449","train",54,0.16781602799892426,0.0007187180092678426,"","","","","",""
18140,"2026-08-03 00:38:49.657139","train",54,1.0152685642242432,0.0007174942285986969,"","","","","",""
18150,"2026-08-03 00:39:06.102135","val",54,"","",0.8105655737704917,0.2841897011961593,0.7117479703004649,0.7547169811320754,0.7511032656663725,0.8232562473791294
18160,"2026-08-03 00:39:17.280020","train",55,0.33353281021118164,0.0007162688388435649,"","","","","",""
18180,"2026-08-03 00:39:18.256120","train",55,1.9347202777862549,0.0007150418490683215,"","","","","",""
18200,"2026-08-03 00:39:19.121556","train",55,0.2737819254398346,0.0007138132683506806,"","","","","",""
18220,"2026-08-03 00:39:19.938990","train",55,0.9068334102630615,0.0007125831057801255,"","","","","",""
18240,"2026-08-03 00:39:20.789606","train",55,0.5269347429275513,0.0007113513704578422,"","","","","",""
18260,"2026-08-03 00:39:21.576561","train",55,0.2791471481323242,0.0007101180714966537,"","","","","",""
18280,"2026-08-03 00:39:22.400954","train",55,0.35625940561294556,0.0007088832180209505,"","","","","",""
18300,"2026-08-03 00:39:23.296662","train",55,0.5926274657249451,0.0007076468191666243,"","","","","",""
18320,"2026-08-03 00:39:24.182200","train",55,0.13376113772392273,0.0007064088840809997,"","","","","",""
18340,"2026-08-03 00:39:25.188287","train",55,0.6698752641677856,0.0007051694219227674,"","","","","",""
18360,"2026-08-03 00:39:25.985231","train",55,0.8710318207740784,0.0007039284418619156,"","","","","",""
18380,"2026-08-03 00:39:26.961622","train",55,0.3186678886413574,0.0007026859530796627,"","","","","",""
18400,"2026-08-03 00:39:27.847600","train",55,1.4975521564483643,0.0007014419647683888,"","","","","",""
18420,"2026-08-03 00:39:28.746696","train",55,1.6619462966918945,0.0007001964861315686,"","","","","",""
18440,"2026-08-03 00:39:29.585698","train",55,0.16221049427986145,0.0006989495263837024,"","","","","",""
18460,"2026-08-03 00:39:30.403686","train",55,0.5482631921768188,0.0006977010947502481,"","","","","",""
18480,"2026-08-03 00:39:31.195856","train",55,1.209305763244629,0.0006964512004675539,"","","","","",""
18480,"2026-08-03 00:39:47.306924","val",55,"","",0.814295081967213,0.28096422298601204,0.7209076399972243,0.7770154373927958,0.761253309796999,0.8280087595322038
18500,"2026-08-03 00:39:58.821571","train",56,0.6244372725486755,0.0006951998527827879,"","","","","",""
18520,"2026-08-03 00:39:59.657940","train",56,0.7370051145553589,0.0006939470609538729,"","","","","",""
18540,"2026-08-03 00:40:00.529877","train",56,0.9219315052032471,0.0006926928342494139,"","","","","",""
18560,"2026-08-03 00:40:01.392537","train",56,2.447965621948242,0.0006914371819486333,"","","","","",""
18580,"2026-08-03 00:40:02.213871","train",56,0.6936652064323425,0.0006901801133412994,"","","","","",""
18600,"2026-08-03 00:40:03.252550","train",56,0.554747462272644,0.0006889216377276599,"","","","","",""
18620,"2026-08-03 00:40:04.170105","train",56,0.29593807458877563,0.000687661764418371,"","","","","",""
18640,"2026-08-03 00:40:05.015692","train",56,1.3942155838012695,0.0006864005027344305,"","","","","",""
18660,"2026-08-03 00:40:05.860230","train",56,0.8731043934822083,0.000685137862007107,"","","","","",""
18680,"2026-08-03 00:40:06.734742","train",56,0.21975809335708618,0.0006838738515778724,"","","","","",""
18700,"2026-08-03 00:40:07.564050","train",56,0.8955910205841064,0.0006826084807983322,"","","","","",""
18720,"2026-08-03 00:40:08.428313","train",56,1.0354150533676147,0.0006813417590301555,"","","","","",""
18740,"2026-08-03 00:40:09.336469","train",56,0.40637850761413574,0.0006800736956450075,"","","","","",""
18760,"2026-08-03 00:40:10.378204","train",56,0.7700510025024414,0.0006788043000244785,"","","","","",""
18780,"2026-08-03 00:40:11.281461","train",56,0.21947568655014038,0.0006775335815600153,"","","","","",""
18800,"2026-08-03 00:40:12.247861","train",56,1.9973469972610474,0.0006762615496528517,"","","","","",""
18810,"2026-08-03 00:40:28.695590","val",56,"","",0.8150409836065574,0.3079025427711713,0.7170217195198113,0.7701543739279588,0.7524271844660194,0.8319847174118998
18820,"2026-08-03 00:40:39.819687","train",57,0.22917421162128448,0.0006749882137139388,"","","","","",""
18840,"2026-08-03 00:40:40.661329","train",57,1.8789724111557007,0.0006737135831638752,"","","","","",""
18860,"2026-08-03 00:40:41.535992","train",57,0.22423049807548523,0.0006724376674328376,"","","","","",""
18880,"2026-08-03 00:40:42.404028","train",57,0.3934035301208496,0.0006711604759605112,"","","","","",""
18900,"2026-08-03 00:40:43.225606","train",57,0.661827802658081,0.0006698820181960194,"","","","","",""
18920,"2026-08-03 00:40:44.069749","train",57,0.6423157453536987,0.0006686023035978537,"","","","","",""
18940,"2026-08-03 00:40:45.009278","train",57,0.3377867043018341,0.0006673213416338047,"","","","","",""
18960,"2026-08-03 00:40:45.953702","train",57,3.144176483154297,0.0006660391417808913,"","","","","",""
18980,"2026-08-03 00:40:46.803654","train",57,0.060711465775966644,0.0006647557135252904,"","","","","",""
19000,"2026-08-03 00:40:47.622378","train",57,0.12775331735610962,0.0006634710663622678,"","","","","",""
19020,"2026-08-03 00:40:48.468989","train",57,0.11076115816831589,0.0006621852097961063,"","","","","",""
19040,"2026-08-03 00:40:49.497957","train",57,2.1498191356658936,0.000660898153340037,"","","","","",""
19060,"2026-08-03 00:40:50.433715","train",57,0.8939964175224304,0.0006596099065161678,"","","","","",""
19080,"2026-08-03 00:40:51.233309","train",57,0.8970190286636353,0.000658320478855414,"","","","","",""
19100,"2026-08-03 00:40:52.151285","train",57,1.7029626369476318,0.000657029879897426,"","","","","",""
19120,"2026-08-03 00:40:52.974128","train",57,1.01361882686615,0.0006557381191905214,"","","","","",""
19140,"2026-08-03 00:40:53.733372","train",57,2.3357224464416504,0.0006544452062916113,"","","","","",""
19140,"2026-08-03 00:41:09.780028","val",57,"","",0.8160409836065573,0.2872651689303337,0.7232669488585108,0.7598627787307033,0.7676522506619595,0.8281174771304767
19160,"2026-08-03 00:41:21.365599","train",58,0.6979743242263794,0.0006531511507661324,"","","","","",""
19180,"2026-08-03 00:41:22.262553","train",58,0.3669154644012451,0.000651855962187974,"","","","","",""
19200,"2026-08-03 00:41:23.121821","train",58,0.414729505777359,0.0006505596501394087,"","","","","",""
19220,"2026-08-03 00:41:24.031829","train",58,0.1420324295759201,0.000649262224211021,"","","","","",""
19240,"2026-08-03 00:41:24.865167","train",58,2.1301965713500977,0.0006479636940016358,"","","","","",""
19260,"2026-08-03 00:41:25.685891","train",58,1.1683682203292847,0.0006466640691182483,"","","","","",""
19280,"2026-08-03 00:41:26.574046","train",58,0.5458930134773254,0.0006453633591759523,"","","","","",""
19300,"2026-08-03 00:41:27.413230","train",58,0.6016918420791626,0.0006440615737978692,"","","","","",""
19320,"2026-08-03 00:41:28.277025","train",58,1.3744088411331177,0.000642758722615077,"","","","","",""
19340,"2026-08-03 00:41:29.252364","train",58,1.2255980968475342,0.0006414548152665391,"","","","","",""
19360,"2026-08-03 00:41:30.177163","train",58,0.395548015832901,0.0006401498613990322,"","","","","",""
19380,"2026-08-03 00:41:31.050177","train",58,0.3640490174293518,0.0006388438706670764,"","","","","",""
19400,"2026-08-03 00:41:31.928919","train",58,1.5644221305847168,0.0006375368527328617,"","","","","",""
19420,"2026-08-03 00:41:32.823152","train",58,1.4375438690185547,0.000636228817266179,"","","","","",""
19440,"2026-08-03 00:41:33.668252","train",58,0.3962721824645996,0.0006349197739443463,"","","","","",""
19460,"2026-08-03 00:41:34.538727","train",58,0.3519773781299591,0.0006336097324521387,"","","","","",""
19470,"2026-08-03 00:41:51.003546","val",58,"","",0.8260655737704917,0.31505898417602207,0.7370758448407466,0.7924528301886793,0.7833186231244484,0.8364421389410907
19480,"2026-08-03 00:42:02.404831","train",59,0.41591760516166687,0.0006322987024817156,"","","","","",""
19500,"2026-08-03 00:42:03.317377","train",59,0.19776704907417297,0.00063098669373255,"","","","","",""
19520,"2026-08-03 00:42:04.171466","train",59,0.2908182144165039,0.0006296737159113561,"","","","","",""
19540,"2026-08-03 00:42:05.015748","train",59,2.9650957584381104,0.0006283597787320171,"","","","","",""
19560,"2026-08-03 00:42:05.817144","train",59,0.4478469491004944,0.0006270448919155152,"","","","","",""
19580,"2026-08-03 00:42:06.712237","train",59,0.2823770046234131,0.0006257290651898569,"","","","","",""
19600,"2026-08-03 00:42:07.636810","train",59,2.1227667331695557,0.0006244123082900032,"","","","","",""
19620,"2026-08-03 00:42:08.539471","train",59,0.36472421884536743,0.0006230946309577968,"","","","","",""
19640,"2026-08-03 00:42:09.447238","train",59,0.08396492898464203,0.0006217760429418904,"","","","","",""
19660,"2026-08-03 00:42:10.268248","train",59,2.004988193511963,0.0006204565539976736,"","","","","",""
19680,"2026-08-03 00:42:11.088456","train",59,0.415707528591156,0.0006191361738872018,"","","","","",""
19700,"2026-08-03 00:42:11.890942","train",59,0.9211234450340271,0.0006178149123791235,"","","","","",""
19720,"2026-08-03 00:42:12.745990","train",59,0.1525198519229889,0.000616492779248608,"","","","","",""
19740,"2026-08-03 00:42:13.618842","train",59,0.09738852828741074,0.0006151697842772735,"","","","","",""
19760,"2026-08-03 00:42:14.614554","train",59,0.17330408096313477,0.0006138459372531141,"","","","","",""
19780,"2026-08-03 00:42:15.422466","train",59,0.3633783161640167,0.0006125212479704276,"","","","","",""
19800,"2026-08-03 00:42:16.189719","train",59,0.1633254438638687,0.0006111957262297435,"","","","","",""
19800,"2026-08-03 00:42:32.409142","val",59,"","",0.8148032786885245,0.2779223320856032,0.7125112761085282,0.7512864493996569,0.7480141218005296,0.8335222948731887
19820,"2026-08-03 00:42:43.979760","train",60,0.28623372316360474,0.0006098693818377501,"","","","","",""
19840,"2026-08-03 00:42:45.003778","train",60,0.1923900693655014,0.0006085422246072213,"","","","","",""
19860,"2026-08-03 00:42:45.922887","train",60,0.24673449993133545,0.0006072142643569456,"","","","","",""
19880,"2026-08-03 00:42:46.750194","train",60,0.2223065346479416,0.000605885510911652,"","","","","",""
19900,"2026-08-03 00:42:47.548133","train",60,1.3477613925933838,0.000604555974101938,"","","","","",""
19920,"2026-08-03 00:42:48.487511","train",60,0.38240110874176025,0.0006032256637641966,"","","","","",""
19940,"2026-08-03 00:42:49.395861","train",60,0.35872745513916016,0.0006018945897405437,"","","","","",""
19960,"2026-08-03 00:42:50.269937","train",60,0.20613475143909454,0.0006005627618787451,"","","","","",""
19980,"2026-08-03 00:42:51.104243","train",60,0.6938187479972839,0.0005992301900321441,"","","","","",""
20000,"2026-08-03 00:42:51.987763","train",60,0.4295015335083008,0.0005978968840595881,"","","","","",""
20020,"2026-08-03 00:42:52.844762","train",60,2.7754716873168945,0.0005965628538253555,"","","","","",""
20040,"2026-08-03 00:42:53.725291","train",60,0.12749019265174866,0.0005952281091990836,"","","","","",""
20060,"2026-08-03 00:42:54.598842","train",60,0.27872234582901,0.0005938926600556948,"","","","","",""
20080,"2026-08-03 00:42:55.511548","train",60,4.124640941619873,0.0005925565162753236,"","","","","",""
20100,"2026-08-03 00:42:56.385166","train",60,0.5052090287208557,0.0005912196877432438,"","","","","",""
20120,"2026-08-03 00:42:57.192409","train",60,0.19285619258880615,0.0005898821843497954,"","","","","",""
20130,"2026-08-03 00:43:13.830393","val",60,"","",0.8182049180327868,0.29702325505059973,0.7247935604746374,0.7238421955403087,0.7605913503971756,0.8373118797272742
20140,"2026-08-03 00:43:25.150946","train",61,1.313833236694336,0.000588544015990311,"","","","","",""
20160,"2026-08-03 00:43:26.120878","train",61,0.25710242986679077,0.000587205192565043,"","","","","",""
20180,"2026-08-03 00:43:27.014491","train",61,0.4088638126850128,0.0005858657239790902,"","","","","",""
20200,"2026-08-03 00:43:27.952801","train",61,0.5198372602462769,0.0005845256201423246,"","","","","",""
20220,"2026-08-03 00:43:28.753957","train",61,1.422086477279663,0.000583184890969318,"","","","","",""
20240,"2026-08-03 00:43:29.552238","train",61,0.5341470241546631,0.0005818435463792684,"","","","","",""
20260,"2026-08-03 00:43:30.494845","train",61,0.8632627725601196,0.0005805015962959272,"","","","","",""
20280,"2026-08-03 00:43:31.393713","train",61,0.2339545637369156,0.0005791590506475252,"","","","","",""
20300,"2026-08-03 00:43:32.266002","train",61,0.3089021146297455,0.0005778159193666999,"","","","","",""
20320,"2026-08-03 00:43:33.169328","train",61,0.24662120640277863,0.0005764722123904208,"","","","","",""
20340,"2026-08-03 00:43:34.059780","train",61,0.9383992552757263,0.0005751279396599173,"","","","","",""
20360,"2026-08-03 00:43:34.930705","train",61,0.2006569355726242,0.0005737831111206038,"","","","","",""
20380,"2026-08-03 00:43:35.849066","train",61,0.49480733275413513,0.0005724377367220072,"","","","","",""
20400,"2026-08-03 00:43:36.679237","train",61,0.1714279055595398,0.0005710918264176929,"","","","","",""
20420,"2026-08-03 00:43:37.598581","train",61,0.2639371156692505,0.0005697453901651909,"","","","","",""
20440,"2026-08-03 00:43:38.448235","train",61,0.35330134630203247,0.0005683984379259223,"","","","","",""
20460,"2026-08-03 00:43:39.245802","train",61,1.4112054109573364,0.0005670509796651261,"","","","","",""
20460,"2026-08-03 00:43:55.688129","val",61,"","",0.8188524590163935,0.28154639503412326,0.7326347928665603,0.7427101200686106,0.7409532215357458,0.8421731094786213
20480,"2026-08-03 00:44:07.188863","train",62,0.26335152983665466,0.0005657030253517846,"","","","","",""
20500,"2026-08-03 00:44:08.035875","train",62,2.808548927307129,0.00056435458495855,"","","","","",""
20520,"2026-08-03 00:44:08.898616","train",62,0.020584866404533386,0.0005630056684616711,"","","","","",""
20540,"2026-08-03 00:44:09.753018","train",62,0.10329275578260422,0.0005616562858409188,"","","","","",""
20560,"2026-08-03 00:44:10.555648","train",62,1.2827107906341553,0.0005603064470795127,"","","","","",""
20580,"2026-08-03 00:44:11.392590","train",62,1.3037071228027344,0.0005589561621640469,"","","","","",""
20600,"2026-08-03 00:44:12.355767","train",62,2.4323434829711914,0.0005576054410844168,"","","","","",""
20620,"2026-08-03 00:44:13.260569","train",62,0.2183343470096588,0.0005562542938337439,"","","","","",""
20640,"2026-08-03 00:44:14.166701","train",62,1.3237065076828003,0.0005549027304083033,"","","","","",""
20660,"2026-08-03 00:44:14.982450","train",62,0.5830299854278564,0.0005535507608074488,"","","","","",""
20680,"2026-08-03 00:44:15.942973","train",62,0.3832159638404846,0.0005521983950335397,"","","","","",""
20700,"2026-08-03 00:44:16.760140","train",62,0.21755769848823547,0.0005508456430918656,"","","","","",""
20720,"2026-08-03 00:44:17.636392","train",62,1.2460083961486816,0.0005494925149905735,"","","","","",""
20740,"2026-08-03 00:44:18.708601","train",62,0.17728431522846222,0.0005481390207405936,"","","","","",""
20760,"2026-08-03 00:44:19.576648","train",62,0.508303701877594,0.0005467851703555646,"","","","","",""
20780,"2026-08-03 00:44:20.408911","train",62,1.0679411888122559,0.0005454309738517603,"","","","","",""
20790,"2026-08-03 00:44:36.975428","val",62,"","",0.8262131147540983,0.29943539514052203,0.7392963708278398,0.7598627787307033,0.7634598411297441,0.8454967617686799
20800,"2026-08-03 00:44:48.033483","train",63,0.5654596090316772,0.0005440764412480147,"","","","","",""
20820,"2026-08-03 00:44:48.889862","train",63,0.12086959928274155,0.0005427215825656491,"","","","","",""
20840,"2026-08-03 00:44:49.762028","train",63,0.551079273223877,0.000541366407828397,"","","","","",""
20860,"2026-08-03 00:44:50.741811","train",63,0.07633122056722641,0.00054001092706233,"","","","","",""
20880,"2026-08-03 00:44:51.795962","train",63,0.3426055610179901,0.0005386551502957836,"","","","","",""
20900,"2026-08-03 00:44:52.854142","train",63,2.5371906757354736,0.0005372990875592841,"","","","","",""
20920,"2026-08-03 00:44:53.726873","train",63,2.954702377319336,0.0005359427488854725,"","","","","",""
20940,"2026-08-03 00:44:54.578788","train",63,0.2251034528017044,0.0005345861443090319,"","","","","",""
20960,"2026-08-03 00:44:55.487268","train",63,0.32772350311279297,0.0005332292838666125,"","","","","",""
20980,"2026-08-03 00:44:56.325863","train",63,0.552843451499939,0.0005318721775967574,"","","","","",""
21000,"2026-08-03 00:44:57.276645","train",63,0.10947838425636292,0.0005305148355398283,"","","","","",""
21020,"2026-08-03 00:44:58.207992","train",63,1.6247719526290894,0.0005291572677379319,"","","","","",""
21040,"2026-08-03 00:44:59.190935","train",63,1.6844165325164795,0.0005277994842348444,"","","","","",""
21060,"2026-08-03 00:45:00.067538","train",63,1.7700860500335693,0.0005264414950759381,"","","","","",""
21080,"2026-08-03 00:45:00.882638","train",63,3.5106301307678223,0.000525083310308107,"","","","","",""
21100,"2026-08-03 00:45:01.725548","train",63,0.6651186347007751,0.0005237249399796919,"","","","","",""
21120,"2026-08-03 00:45:02.541216","train",63,0.52901291847229,0.0005223663941404067,"","","","","",""
21120,"2026-08-03 00:45:18.623320","val",63,"","",0.8198278688524591,0.3003934466761965,0.7378391506488099,0.7444253859348198,0.7484554280670785,0.8408219050429434
21140,"2026-08-03 00:45:30.464965","train",64,0.2170945703983307,0.0005210076828412637,"","","","","",""
21160,"2026-08-03 00:45:31.334440","train",64,0.5531935095787048,0.0005196488161344995,"","","","","",""
21180,"2026-08-03 00:45:32.226675","train",64,0.2582765221595764,0.0005182898040735002,"","","","","",""
21200,"2026-08-03 00:45:33.105504","train",64,0.5763582587242126,0.0005169306567127274,"","","","","",""
21220,"2026-08-03 00:45:34.016707","train",64,0.4812941253185272,0.0005155713841076438,"","","","","",""
21240,"2026-08-03 00:45:34.996570","train",64,0.930646538734436,0.0005142119963146384,"","","","","",""
21260,"2026-08-03 00:45:35.869944","train",64,1.2307547330856323,0.000512852503390953,"","","","","",""
21280,"2026-08-03 00:45:36.701972","train",64,0.943337619304657,0.0005114929153946065,"","","","","",""
21300,"2026-08-03 00:45:37.525104","train",64,0.8655412793159485,0.0005101332423843213,"","","","","",""
21320,"2026-08-03 00:45:38.321345","train",64,0.31073740124702454,0.0005087734944194495,"","","","","",""
21340,"2026-08-03 00:45:39.261104","train",64,1.317992091178894,0.0005074136815598969,"","","","","",""
21360,"2026-08-03 00:45:40.101694","train",64,0.1987115442752838,0.0005060538138660495,"","","","","",""
21380,"2026-08-03 00:45:40.985667","train",64,1.459892988204956,0.0005046939013986997,"","","","","",""
21400,"2026-08-03 00:45:41.871922","train",64,0.3931683301925659,0.00050333395421897,"","","","","",""
21420,"2026-08-03 00:45:42.690380","train",64,0.11252717673778534,0.0005019739823882409,"","","","","",""
21440,"2026-08-03 00:45:43.550247","train",64,0.8801294565200806,0.0005006139959680745,"","","","","",""
21450,"2026-08-03 00:46:00.226138","val",64,"","",0.8044098360655738,0.2702843952830947,0.7012698632988689,0.7101200686106346,0.7427184466019419,0.8215633590631649
21460,"2026-08-03 00:46:11.347583","train",65,1.5101292133331299,0.0004992540050201411,"","","","","",""
21480,"2026-08-03 00:46:12.279000","train",65,0.18841373920440674,0.0004978940196061446,"","","","","",""
21500,"2026-08-03 00:46:13.222457","train",65,2.407572031021118,0.0004965340497877474,"","","","","",""
21520,"2026-08-03 00:46:14.186918","train",65,0.16410458087921143,0.0004951741056264974,"","","","","",""
21540,"2026-08-03 00:46:15.114768","train",65,1.8881940841674805,0.0004938141971837522,"","","","","",""
21560,"2026-08-03 00:46:15.950829","train",65,0.4175061583518982,0.0004924543345206047,"","","","","",""
21580,"2026-08-03 00:46:16.838049","train",65,1.0013362169265747,0.00049109452769781,"","","","","",""
21600,"2026-08-03 00:46:17.676256","train",65,0.35376328229904175,0.0004897347867757098,"","","","","",""
21620,"2026-08-03 00:46:18.532053","train",65,0.3388592004776001,0.0004883751218141575,"","","","","",""
21640,"2026-08-03 00:46:19.462140","train",65,0.46809419989585876,0.00048701554287244555,"","","","","",""
21660,"2026-08-03 00:46:20.295334","train",65,0.267913281917572,0.0004856560600092295,"","","","","",""
21680,"2026-08-03 00:46:21.199095","train",65,2.4385361671447754,0.000484296683282454,"","","","","",""
21700,"2026-08-03 00:46:22.051033","train",65,0.04314470291137695,0.0004829374227492786,"","","","","",""
21720,"2026-08-03 00:46:22.959882","train",65,0.06441587209701538,0.0004815782884660034,"","","","","",""
21740,"2026-08-03 00:46:23.865984","train",65,0.8839123249053955,0.00048021929048799395,"","","","","",""
21760,"2026-08-03 00:46:24.678057","train",65,2.1538500785827637,0.0004788604388696077,"","","","","",""
21780,"2026-08-03 00:46:25.488185","train",65,0.1396002471446991,0.00047750174366411967,"","","","","",""
21780,"2026-08-03 00:46:41.604739","val",65,"","",0.8177049180327868,0.2863802037361859,0.7280549580181805,0.7684391080617496,0.7391879964695498,0.8374050662400796
