"step","time","part","epoch","loss","lr","auroc","auprc","auroc_age_cond","auroc_age_weighted","accuracy","f_measure","auroc_I0002","auroc_age_cond_I0002","auroc_I0006","auroc_age_cond_I0006","auroc_S0001","auroc_age_cond_S0001"
20,"2026-08-05 17:27:47.589563","train",0,1.2986884117126465,4.0009669118256925e-05,"","","","","","","","","","","",""
40,"2026-08-05 17:27:48.468071","train",0,0.8009536266326904,4.003867608347821e-05,"","","","","","","","","","","",""
60,"2026-08-05 17:27:49.395087","train",0,0.31270816922187805,4.008701972703149e-05,"","","","","","","","","","","",""
80,"2026-08-05 17:27:50.223192","train",0,1.2708462476730347,4.01546981012485e-05,"","","","","","","","","","","",""
100,"2026-08-05 17:27:51.050935","train",0,0.32529881596565247,4.024170847950336e-05,"","","","","","","","","","","",""
120,"2026-08-05 17:27:51.881731","train",0,0.3368929326534271,4.034804735632237e-05,"","","","","","","","","","","",""
140,"2026-08-05 17:27:52.814964","train",0,1.6544208526611328,4.047371044752597e-05,"","","","","","","","","","","",""
160,"2026-08-05 17:27:53.596002","train",0,1.209901213645935,4.0618692690400234e-05,"","","","","","","","","","","",""
180,"2026-08-05 17:27:54.468103","train",0,1.1966183185577393,4.078298824390159e-05,"","","","","","","","","","","",""
200,"2026-08-05 17:27:55.294771","train",0,1.1965755224227905,4.0966590488892185e-05,"","","","","","","","","","","",""
220,"2026-08-05 17:27:56.117973","train",0,0.7663272619247437,4.116949202840584e-05,"","","","","","","","","","","",""
240,"2026-08-05 17:27:57.040829","train",0,0.7877156734466553,4.139168468794696e-05,"","","","","","","","","","","",""
260,"2026-08-05 17:27:57.859107","train",0,1.9422993659973145,4.163315951581951e-05,"","","","","","","","","","","",""
280,"2026-08-05 17:27:58.730946","train",0,0.776107132434845,4.1893906783486826e-05,"","","","","","","","","","","",""
300,"2026-08-05 17:27:59.567459","train",0,0.7622421383857727,4.2173915985965304e-05,"","","","","","","","","","","",""
320,"2026-08-05 17:28:00.365219","train",0,0.7968022227287292,4.247317584224616e-05,"","","","","","","","","","","",""
330,"2026-08-05 17:28:16.543738","val",0,"","",0.6491920725771911,0.14093522250389684,0.5896537221365484,0.5890334106500263,0.07906626506024096,0.1465457083042568,0.5608465608465608,0.5643564356435643,0.6146413972500929,0.5305164319248826,0.6609627378858149,0.6090449271050282
340,"2026-08-05 17:28:27.395993","train",1,0.8061898946762085,4.2791674295750344e-05,"","","","","","","","","","","",""
360,"2026-08-05 17:28:28.301695","train",1,1.5360420942306519,4.312939851481461e-05,"","","","","","","","","","","",""
380,"2026-08-05 17:28:29.232494","train",1,0.8027759194374084,4.3486334893207915e-05,"","","","","","","","","","","",""
400,"2026-08-05 17:28:30.094162","train",1,0.42556697130203247,4.386246905068044e-05,"","","","","","","","","","","",""
420,"2026-08-05 17:28:30.889020","train",1,0.4100201725959778,4.425778583354138e-05,"","","","","","","","","","","",""
440,"2026-08-05 17:28:31.686912","train",1,0.7906022071838379,4.467226931527152e-05,"","","","","","","","","","","",""
460,"2026-08-05 17:28:32.554532","train",1,0.7762860059738159,4.5105902797163235e-05,"","","","","","","","","","","",""
480,"2026-08-05 17:28:33.382592","train",1,0.7808940410614014,4.555866880899377e-05,"","","","","","","","","","","",""
500,"2026-08-05 17:28:34.205827","train",1,1.1283059120178223,4.6030549109729656e-05,"","","","","","","","","","","",""
520,"2026-08-05 17:28:35.073565","train",1,0.7705890536308289,4.65215246882605e-05,"","","","","","","","","","","",""
540,"2026-08-05 17:28:35.866838","train",1,1.1427701711654663,4.703157576416595e-05,"","","","","","","","","","","",""
560,"2026-08-05 17:28:36.779629","train",1,0.40622520446777344,4.756068178851181e-05,"","","","","","","","","","","",""
580,"2026-08-05 17:28:37.630052","train",1,0.7709383964538574,4.8108821444678386e-05,"","","","","","","","","","","",""
600,"2026-08-05 17:28:38.459178","train",1,0.4052443206310272,4.867597264921939e-05,"","","","","","","","","","","",""
620,"2026-08-05 17:28:39.291504","train",1,1.516035556793213,4.9262112552751194e-05,"","","","","","","","","","","",""
640,"2026-08-05 17:28:40.110551","train",1,0.40814289450645447,4.9867217540873325e-05,"","","","","","","","","","","",""
660,"2026-08-05 17:28:40.862544","train",1,0.40889349579811096,5.0491263235120714e-05,"","","","","","","","","","","",""
660,"2026-08-05 17:28:56.840596","val",1,"","",0.6773507767784137,0.1361170238559376,0.6012196831627646,0.6065588633961433,0.07906626506024096,0.1465457083042568,0.5595238095238095,0.5247524752475248,0.6558900037160906,0.5868544600938967,0.6861186630417399,0.6032430824159476
680,"2026-08-05 17:29:08.123382","train",2,1.561995506286621,5.1134224493944907e-05,"","","","","","","","","","","",""
700,"2026-08-05 17:29:09.054324","train",2,1.1477503776550293,5.179607541372735e-05,"","","","","","","","","","","",""
720,"2026-08-05 17:29:09.853193","train",2,0.8011237382888794,5.247678932982294e-05,"","","","","","","","","","","",""
740,"2026-08-05 17:29:10.686873","train",2,1.4416120052337646,5.317633881763437e-05,"","","","","","","","","","","",""
760,"2026-08-05 17:29:11.505215","train",2,0.8151067495346069,5.389469569371701e-05,"","","","","","","","","","","",""
780,"2026-08-05 17:29:12.319675","train",2,1.1261990070343018,5.4631831016914325e-05,"","","","","","","","","","","",""
800,"2026-08-05 17:29:13.192498","train",2,0.4214562773704529,5.538771508952368e-05,"","","","","","","","","","","",""
820,"2026-08-05 17:29:14.013448","train",2,1.4172930717468262,5.616231745849299e-05,"","","","","","","","","","","",""
840,"2026-08-05 17:29:14.829464","train",2,0.40111249685287476,5.6955606916647824e-05,"","","","","","","","","","","",""
860,"2026-08-05 17:29:15.675321","train",2,1.2756637334823608,5.7767551503947996e-05,"","","","","","","","","","","",""
880,"2026-08-05 17:29:16.530542","train",2,0.7090537548065186,5.859811850877602e-05,"","","","","","","","","","","",""
900,"2026-08-05 17:29:17.432358","train",2,1.5485821962356567,5.944727446925452e-05,"","","","","","","","","","","",""
920,"2026-08-05 17:29:18.275712","train",2,0.7810132503509521,6.0314985174594144e-05,"","","","","","","","","","","",""
940,"2026-08-05 17:29:19.117847","train",2,1.165043592453003,6.12012156664724e-05,"","","","","","","","","","","",""
960,"2026-08-05 17:29:19.974808","train",2,0.7617002725601196,6.210593024044177e-05,"","","","","","","","","","","",""
980,"2026-08-05 17:29:20.849483","train",2,0.7893390655517578,6.302909244736783e-05,"","","","","","","","","","","",""
990,"2026-08-05 17:29:37.031770","val",2,"","",0.7008020869836078,0.15303484154600414,0.5482966493761391,0.5513544457379823,0.09186746987951808,0.1483050847457627,0.5714285714285714,0.5445544554455446,0.7075436640654033,0.6150234741784038,0.6999920038381577,0.525290092234454
1000,"2026-08-05 17:29:47.914257","train",3,0.36138230562210083,6.397066509489843e-05,"","","","","","","","","","","",""
1020,"2026-08-05 17:29:48.756879","train",3,0.801946759223938,6.493061024896165e-05,"","","","","","","","","","","",""
1040,"2026-08-05 17:29:49.728999","train",3,0.40469053387641907,6.590888923529385e-05,"","","","","","","","","","","",""
1060,"2026-08-05 17:29:50.596635","train",3,1.1827551126480103,6.690546264099867e-05,"","","","","","","","","","","",""
1080,"2026-08-05 17:29:51.398706","train",3,1.6464097499847412,6.792029031613383e-05,"","","","","","","","","","","",""
1100,"2026-08-05 17:29:52.178165","train",3,0.33700311183929443,6.895333137532905e-05,"","","","","","","","","","","",""
1120,"2026-08-05 17:29:52.997433","train",3,0.7906862497329712,7.000454419943424e-05,"","","","","","","","","","","",""
1140,"2026-08-05 17:29:53.844914","train",3,0.7612643837928772,7.107388643719421e-05,"","","","","","","","","","","",""
1160,"2026-08-05 17:29:54.810448","train",3,0.3467608690261841,7.216131500695699e-05,"","","","","","","","","","","",""
1180,"2026-08-05 17:29:55.601144","train",3,1.3836430311203003,7.326678609840805e-05,"","","","","","","","","","","",""
1200,"2026-08-05 17:29:56.432694","train",3,0.6790258884429932,7.439025517433622e-05,"","","","","","","","","","","",""
1220,"2026-08-05 17:29:57.228252","train",3,1.1230628490447998,7.553167697242744e-05,"","","","","","","","","","","",""
1240,"2026-08-05 17:29:58.047466","train",3,0.3960544168949127,7.669100550708853e-05,"","","","","","","","","","","",""
1260,"2026-08-05 17:29:58.866560","train",3,0.3996428847312927,7.78681940713003e-05,"","","","","","","","","","","",""
1280,"2026-08-05 17:29:59.685640","train",3,0.7121370434761047,7.906319523849799e-05,"","","","","","","","","","","",""
1300,"2026-08-05 17:30:00.543827","train",3,1.1488232612609863,8.027596086448345e-05,"","","","","","","","","","","",""
1320,"2026-08-05 17:30:01.381055","train",3,0.3256649672985077,8.150644208936388e-05,"","","","","","","","","","","",""
1320,"2026-08-05 17:30:17.065221","val",3,"","",0.7118872405871588,0.16373578298297467,0.5894434319360717,0.5974875228195813,0.35918674698795183,0.18251681075888568,0.593915343915344,0.5346534653465347,0.6965811965811965,0.6103286384976526,0.7154965616504078,0.5734900327283546
1340,"2026-08-05 17:30:28.270717","train",4,1.7190495729446411,8.275458933952075e-05,"","","","","","","","","","","",""
1360,"2026-08-05 17:30:29.129937","train",4,1.3848271369934082,8.402035232960643e-05,"","","","","","","","","","","",""
1380,"2026-08-05 17:30:30.023655","train",4,0.7467247247695923,8.530368006457107e-05,"","","","","","","","","","","",""
1400,"2026-08-05 17:30:30.944539","train",4,0.7437855005264282,8.660452084171611e-05,"","","","","","","","","","","",""
1420,"2026-08-05 17:30:31.841610","train",4,0.3020972013473511,8.792282225277784e-05,"","","","","","","","","","","",""
1440,"2026-08-05 17:30:32.672613","train",4,0.33339327573776245,8.925853118603834e-05,"","","","","","","","","","","",""
1460,"2026-08-05 17:30:33.487359","train",4,1.22746741771698,9.061159382846599e-05,"","","","","","","","","","","",""
1480,"2026-08-05 17:30:34.433230","train",4,0.8463008999824524,9.198195566788303e-05,"","","","","","","","","","","",""
1500,"2026-08-05 17:30:35.257152","train",4,0.32732754945755005,9.336956149516129e-05,"","","","","","","","","","","",""
1520,"2026-08-05 17:30:36.045174","train",4,0.28522932529449463,9.477435540644738e-05,"","","","","","","","","","","",""
1540,"2026-08-05 17:30:36.928935","train",4,0.2740655839443207,9.619628080541462e-05,"","","","","","","","","","","",""
1560,"2026-08-05 17:30:37.765679","train",4,1.738948941230774,9.763528040554253e-05,"","","","","","","","","","","",""
1580,"2026-08-05 17:30:38.571426","train",4,1.3546712398529053,9.9091296232426e-05,"","","","","","","","","","","",""
1600,"2026-08-05 17:30:39.448379","train",4,0.4406766891479492,0.00010056426962610978,"","","","","","","","","","","",""
1620,"2026-08-05 17:30:40.244069","train",4,0.8127623796463013,0.00010205414124345256,"","","","","","","","","","","",""
1640,"2026-08-05 17:30:41.215851","train",4,0.7791849374771118,0.00010356085106051735,"","","","","","","","","","","",""
1650,"2026-08-05 17:30:57.252835","val",4,"","",0.7509714597204377,0.19228311038852383,0.6225991868778915,0.6437643397843045,0.3200301204819277,0.18575293056807934,0.5833333333333333,0.44554455445544555,0.7090301003344482,0.594679186228482,0.7718055333439949,0.6324010711097887
1660,"2026-08-05 17:31:08.161739","train",5,0.6696596741676331,0.00010508433837499,"","","","","","","","","","","",""
1680,"2026-08-05 17:31:09.045654","train",5,1.6014022827148438,0.00010662454180862481,"","","","","","","","","","","",""
1700,"2026-08-05 17:31:09.885037","train",5,0.36065781116485596,0.00010818139930971696,"","","","","","","","","","","",""
1720,"2026-08-05 17:31:10.767581","train",5,1.2773258686065674,0.00010975484815560249,"","","","","","","","","","","",""
1740,"2026-08-05 17:31:11.573057","train",5,0.31733739376068115,0.00011134482495518607,"","","","","","","","","","","",""
1760,"2026-08-05 17:31:12.374103","train",5,1.1998142004013062,0.00011295126565149388,"","","","","","","","","","","",""
1780,"2026-08-05 17:31:13.186893","train",5,1.066895842552185,0.00011457410552425469,"","","","","","","","","","","",""
1800,"2026-08-05 17:31:13.972110","train",5,0.532970666885376,0.00011621327919250754,"","","","","","","","","","","",""
1820,"2026-08-05 17:31:14.825109","train",5,1.4039256572723389,0.00011786872061723562,"","","","","","","","","","","",""
1840,"2026-08-05 17:31:15.652108","train",5,0.3744122087955475,0.00011954036310402667,"","","","","","","","","","","",""
1860,"2026-08-05 17:31:16.501524","train",5,0.8823093771934509,0.00012122813930576064,"","","","","","","","","","","",""
1880,"2026-08-05 17:31:17.360925","train",5,0.5613154768943787,0.00012293198122532197,"","","","","","","","","","","",""
1900,"2026-08-05 17:31:18.190793","train",5,0.5490246415138245,0.0001246518202183398,"","","","","","","","","","","",""
1920,"2026-08-05 17:31:19.160065","train",5,1.4470179080963135,0.0001263875869959532,"","","","","","","","","","","",""
1940,"2026-08-05 17:31:20.019232","train",5,1.563431978225708,0.0001281392116276029,"","","","","","","","","","","",""
1960,"2026-08-05 17:31:20.820817","train",5,0.7876622676849365,0.00012990662354384877,"","","","","","","","","","","",""
1980,"2026-08-05 17:31:21.611084","train",5,0.4190734922885895,0.00013168975153921188,"","","","","","","","","","","",""
1980,"2026-08-05 17:31:37.467999","val",5,"","",0.7771288400887747,0.22188406481214185,0.6542829104163747,0.659439404162801,0.27710843373493976,0.17525773195876287,0.5767195767195767,0.40594059405940597,0.7575250836120402,0.6447574334898278,0.7969134815288662,0.6718238619458494
2000,"2026-08-05 17:31:48.633012","train",6,0.3114682137966156,0.00013348852377504468,"","","","","","","","","","","",""
2020,"2026-08-05 17:31:49.627355","train",6,0.7781194448471069,0.00013530286778242438,"","","","","","","","","","","",""
2040,"2026-08-05 17:31:50.459841","train",6,1.5378832817077637,0.00013713271046507294,"","","","","","","","","","","",""
2060,"2026-08-05 17:31:51.273484","train",6,1.505614161491394,0.0001389779781023015,"","","","","","","","","","","",""
2080,"2026-08-05 17:31:52.058558","train",6,0.36239251494407654,0.00014083859635198094,"","","","","","","","","","","",""
2100,"2026-08-05 17:31:52.984636","train",6,0.4956352710723877,0.00014271449025353672,"","","","","","","","","","","",""
2120,"2026-08-05 17:31:53.804653","train",6,0.705338180065155,0.00014460558423096896,"","","","","","","","","","","",""
2140,"2026-08-05 17:31:54.666175","train",6,0.893684446811676,0.00014651180209589718,"","","","","","","","","","","",""
2160,"2026-08-05 17:31:55.484648","train",6,0.5073314309120178,0.00014843306705063003,"","","","","","","","","","","",""
2180,"2026-08-05 17:31:56.306724","train",6,0.6544023752212524,0.0001503693016912589,"","","","","","","","","","","",""
2200,"2026-08-05 17:31:57.137367","train",6,0.8258680105209351,0.0001523204280107765,"","","","","","","","","","","",""
2220,"2026-08-05 17:31:57.971044","train",6,1.4780809879302979,0.0001542863674022201,"","","","","","","","","","","",""
2240,"2026-08-05 17:31:58.764279","train",6,0.35959678888320923,0.00015626704066183759,"","","","","","","","","","","",""
2260,"2026-08-05 17:31:59.684931","train",6,0.39359280467033386,0.00015826236799227906,"","","","","","","","","","","",""
2280,"2026-08-05 17:32:00.522713","train",6,0.8979988098144531,0.0001602722690058116,"","","","","","","","","","","",""
2300,"2026-08-05 17:32:01.342625","train",6,1.630768060684204,0.00016229666272755765,"","","","","","","","","","","",""
2310,"2026-08-05 17:32:17.532904","val",6,"","",0.7832418331191839,0.25007393261605676,0.6292583765596523,0.6440691254700318,0.44728915662650603,0.2039045553145336,0.6164021164021164,0.38613861386138615,0.761984392419175,0.593114241001565,0.7995841995841996,0.6338887235941684
2320,"2026-08-05 17:32:28.488859","train",7,0.5589296817779541,0.00016433546759875794,"","","","","","","","","","","",""
2340,"2026-08-05 17:32:29.459698","train",7,0.5824580788612366,0.00016638860148005636,"","","","","","","","","","","",""
2360,"2026-08-05 17:32:30.275583","train",7,0.7741444706916809,0.00016845598165481004,"","","","","","","","","","","",""
2380,"2026-08-05 17:32:31.095944","train",7,0.8807557225227356,0.00017053752483242178,"","","","","","","","","","","",""
2400,"2026-08-05 17:32:31.985054","train",7,0.4812895357608795,0.00017263314715169475,"","","","","","","","","","","",""
2420,"2026-08-05 17:32:32.821649","train",7,0.34504619240760803,0.0001747427641842124,"","","","","","","","","","","",""
2440,"2026-08-05 17:32:33.656036","train",7,0.6063041090965271,0.0001768662909377391,"","","","","","","","","","","",""
2460,"2026-08-05 17:32:34.571242","train",7,0.3050349950790405,0.00017900364185964416,"","","","","","","","","","","",""
2480,"2026-08-05 17:32:35.423587","train",7,0.3573470711708069,0.0001811547308403494,"","","","","","","","","","","",""
2500,"2026-08-05 17:32:36.255003","train",7,0.5781234502792358,0.0001833194712167976,"","","","","","","","","","","",""
2520,"2026-08-05 17:32:37.073206","train",7,0.3975021541118622,0.0001854977757759441,"","","","","","","","","","","",""
2540,"2026-08-05 17:32:37.911463","train",7,1.3399889469146729,0.00018768955675827067,"","","","","","","","","","","",""
2560,"2026-08-05 17:32:38.726131","train",7,0.6394034624099731,0.00018989472586132105,"","","","","","","","","","","",""
2580,"2026-08-05 17:32:39.576450","train",7,1.6664481163024902,0.00019211319424325835,"","","","","","","","","","","",""
2600,"2026-08-05 17:32:40.397131","train",7,0.3726111650466919,0.0001943448725264446,"","","","","","","","","","","",""
2620,"2026-08-05 17:32:41.195014","train",7,0.8072584271430969,0.00019658967080104118,"","","","","","","","","","","",""
2640,"2026-08-05 17:32:41.974768","train",7,0.4401662349700928,0.0001988474986286317,"","","","","","","","","","","",""
2640,"2026-08-05 17:32:57.739550","val",7,"","",0.7864969045672234,0.2479336259727603,0.6746109631291182,0.6663972290902587,0.608433734939759,0.23976608187134502,0.6375661375661376,0.46534653465346537,0.7445187662578968,0.5461658841940532,0.8095794018870942,0.7224040464147575
2660,"2026-08-05 17:33:09.131950","train",8,0.9478108286857605,0.00020111826504586505,"","","","","","","","","","","",""
2680,"2026-08-05 17:33:09.963430","train",8,0.79700767993927,0.00020340187856812003,"","","","","","","","","","","",""
2700,"2026-08-05 17:33:10.804537","train",8,1.391901969909668,0.00020569824719319195,"","","","","","","","","","","",""
2720,"2026-08-05 17:33:11.637784","train",8,0.7954968214035034,0.00020800727840499813,"","","","","","","","","","","",""
2740,"2026-08-05 17:33:12.519553","train",8,0.5642547607421875,0.0002103288791773058,"","","","","","","","","","","",""
2760,"2026-08-05 17:33:13.341459","train",8,1.079877257347107,0.0002126629559774803,"","","","","","","","","","","",""
2780,"2026-08-05 17:33:14.147521","train",8,0.9234154224395752,0.00021500941477025216,"","","","","","","","","","","",""
2800,"2026-08-05 17:33:14.963784","train",8,0.24681450426578522,0.00021736816102150658,"","","","","","","","","","","",""
2820,"2026-08-05 17:33:15.795714","train",8,0.3339170813560486,0.0002197390997020918,"","","","","","","","","","","",""
2840,"2026-08-05 17:33:16.662383","train",8,0.3746817409992218,0.0002221221352916473,"","","","","","","","","","","",""
2860,"2026-08-05 17:33:17.586669","train",8,0.9132982492446899,0.00022451717178245288,"","","","","","","","","","","",""
2880,"2026-08-05 17:33:18.398846","train",8,0.676506519317627,0.0002269241126832955,"","","","","","","","","","","",""
2900,"2026-08-05 17:33:19.322084","train",8,0.3444922864437103,0.00022934286102335776,"","","","","","","","","","","",""
2920,"2026-08-05 17:33:20.161232","train",8,1.3868409395217896,0.00023177331935612412,"","","","","","","","","","","",""
2940,"2026-08-05 17:33:21.044477","train",8,0.45955026149749756,0.00023421538976330688,"","","","","","","","","","","",""
2960,"2026-08-05 17:33:21.867936","train",8,0.29563578963279724,0.00023666897385879134,"","","","","","","","","","","",""
2970,"2026-08-05 17:33:38.233497","val",8,"","",0.7675037962854807,0.2445466522187697,0.5746530211692135,0.5534435643326705,0.9006024096385542,0.3333333333333333,0.6309523809523809,0.39603960396039606,0.7684875510962468,0.594679186228482,0.7762194146809531,0.5709610235049093
2980,"2026-08-05 17:33:49.145266","train",9,0.6186562776565552,0.00023913397279259896,"","","","","","","","","","","",""
3000,"2026-08-05 17:33:50.143567","train",9,0.26527494192123413,0.0002416102872548709,"","","","","","","","","","","",""
3020,"2026-08-05 17:33:51.068369","train",9,0.44198909401893616,0.00024409781747986796,"","","","","","","","","","","",""
3040,"2026-08-05 17:33:51.876836","train",9,0.9502874612808228,0.0002465964632499904,"","","","","","","","","","","",""
3060,"2026-08-05 17:33:52.753075","train",9,0.6996150016784668,0.0002491061238998159,"","","","","","","","","","","",""
3080,"2026-08-05 17:33:53.592511","train",9,0.5049417018890381,0.0002516266983201542,"","","","","","","","","","","",""
3100,"2026-08-05 17:33:54.391466","train",9,2.1482956409454346,0.0002541580849621214,"","","","","","","","","","","",""
3120,"2026-08-05 17:33:55.378188","train",9,0.5098276138305664,0.00025670018184123077,"","","","","","","","","","","",""
3140,"2026-08-05 17:33:56.195714","train",9,1.0415349006652832,0.00025925288654150196,"","","","","","","","","","","",""
3160,"2026-08-05 17:33:57.012823","train",9,0.24039410054683685,0.0002618160962195861,"","","","","","","","","","","",""
3180,"2026-08-05 17:33:57.847932","train",9,1.7718546390533447,0.0002643897076089108,"","","","","","","","","","","",""
3200,"2026-08-05 17:33:58.682135","train",9,0.3190287947654724,0.0002669736170238388,"","","","","","","","","","","",""
3220,"2026-08-05 17:33:59.554047","train",9,0.3407377004623413,0.00026956772036384634,"","","","","","","","","","","",""
3240,"2026-08-05 17:34:00.363422","train",9,0.3650512993335724,0.00027217191311771716,"","","","","","","","","","","",""
3260,"2026-08-05 17:34:01.231408","train",9,0.7618076801300049,0.0002747860903677523,"","","","","","","","","","","",""
3280,"2026-08-05 17:34:02.047318","train",9,0.30177634954452515,0.0002774101467939977,"","","","","","","","","","","",""
3300,"2026-08-05 17:34:02.764880","train",9,0.2902992367744446,0.0002800439766784871,"","","","","","","","","","","",""
3300,"2026-08-05 17:34:18.480023","val",9,"","",0.7936689639060859,0.2529348584070275,0.6884200196270854,0.6733445218109376,0.7462349397590361,0.310838445807771,0.6494708994708995,0.5148514851485149,0.7621701969528057,0.6071987480438185,0.8141372141372141,0.7249330556382029
3320,"2026-08-05 17:34:29.869142","train",10,0.5166699886322021,0.00028268747390950116,"","","","","","","","","","","",""
3340,"2026-08-05 17:34:30.713260","train",10,0.75013667345047,0.000285340531985843,"","","","","","","","","","","",""
3360,"2026-08-05 17:34:31.632484","train",10,0.24998974800109863,0.00028800304402112767,"","","","","","","","","","","",""
3380,"2026-08-05 17:34:32.452048","train",10,0.5632779002189636,0.00029067490274809014,"","","","","","","","","","","",""
3400,"2026-08-05 17:34:33.378570","train",10,1.6106646060943604,0.0002933560005229049,"","","","","","","","","","","",""
3420,"2026-08-05 17:34:34.247238","train",10,0.6436694860458374,0.00029604622932952456,"","","","","","","","","","","",""
3440,"2026-08-05 17:34:35.038694","train",10,0.7014137506484985,0.0002987454807840304,"","","","","","","","","","","",""
3460,"2026-08-05 17:34:35.931504","train",10,0.3343217372894287,0.0003014536461389993,"","","","","","","","","","","",""
3480,"2026-08-05 17:34:36.728147","train",10,0.992328405380249,0.0003041706162878855,"","","","","","","","","","","",""
3500,"2026-08-05 17:34:37.609101","train",10,1.5394433736801147,0.00030689628176941506,"","","","","","","","","","","",""
3520,"2026-08-05 17:34:38.392845","train",10,0.9548431634902954,0.00030963053277199696,"","","","","","","","","","","",""
3540,"2026-08-05 17:34:39.302918","train",10,0.35213854908943176,0.0003123732591381466,"","","","","","","","","","","",""
3560,"2026-08-05 17:34:40.081022","train",10,1.1273270845413208,0.00031512435036892405,"","","","","","","","","","","",""
3580,"2026-08-05 17:34:41.018649","train",10,0.5262236595153809,0.000317883695628386,"","","","","","","","","","","",""
3600,"2026-08-05 17:34:41.848289","train",10,0.8401768207550049,0.00032065118374805033,"","","","","","","","","","","",""
3620,"2026-08-05 17:34:42.730224","train",10,0.6800763607025146,0.00032342670323137605,"","","","","","","","","","","",""
3630,"2026-08-05 17:34:59.157680","val",10,"","",0.8010902153175252,0.29367390236612156,0.6737698023272115,0.670885765340585,0.7123493975903614,0.30036630036630035,0.6574074074074073,0.5445544554455446,0.7913415087328131,0.6619718309859155,0.8150007996161842,0.6846176733115145
3640,"2026-08-05 17:35:10.068929","train",11,0.3519075810909271,0.0003262101422582543,"","","","","","","","","","","",""
3660,"2026-08-05 17:35:10.884729","train",11,1.5470731258392334,0.0003290013886895136,"","","","","","","","","","","",""
3680,"2026-08-05 17:35:11.701248","train",11,0.2854996919631958,0.00033180033007143843,"","","","","","","","","","","",""
3700,"2026-08-05 17:35:12.568494","train",11,0.4653712511062622,0.0003346068536402983,"","","","","","","","","","","",""
3720,"2026-08-05 17:35:13.469881","train",11,0.5387333631515503,0.0003374208463268921,"","","","","","","","","","","",""
3740,"2026-08-05 17:35:14.412223","train",11,0.9141096472740173,0.00034024219476110334,"","","","","","","","","","","",""
3760,"2026-08-05 17:35:15.196353","train",11,0.41431310772895813,0.00034307078527646615,"","","","","","","","","","","",""
3780,"2026-08-05 17:35:16.128130","train",11,1.0438604354858398,0.00034590650391474694,"","","","","","","","","","","",""
3800,"2026-08-05 17:35:16.925597","train",11,0.6219015121459961,0.00034874923643053355,"","","","","","","","","","","",""
3820,"2026-08-05 17:35:17.765458","train",11,0.785178542137146,0.00035159886829583893,"","","","","","","","","","","",""
3840,"2026-08-05 17:35:18.614080","train",11,1.9330154657363892,0.00035445528470471547,"","","","","","","","","","","",""
3860,"2026-08-05 17:35:19.442390","train",11,0.3176519274711609,0.0003573183705778793,"","","","","","","","","","","",""
3880,"2026-08-05 17:35:20.279852","train",11,0.7487601041793823,0.000360188010567348,"","","","","","","","","","","",""
3900,"2026-08-05 17:35:21.133774","train",11,0.2180698662996292,0.00036306408906108594,"","","","","","","","","","","",""
3920,"2026-08-05 17:35:21.957749","train",11,0.9677128195762634,0.00036594649018766425,"","","","","","","","","","","",""
3940,"2026-08-05 17:35:22.940967","train",11,1.1102992296218872,0.000368835097820927,"","","","","","","","","","","",""
3960,"2026-08-05 17:35:23.807265","train",11,0.2174423336982727,0.00037172979558467063,"","","","","","","","","","","",""
3960,"2026-08-05 17:35:39.770885","val",11,"","",0.8002491920725772,0.2897106643746362,0.6720173839899061,0.6873876178948376,0.7725903614457831,0.3073394495412844,0.6203703703703703,0.45544554455445546,0.7844667409884802,0.6353677621283255,0.8180393411162642,0.6910145789943469
3980,"2026-08-05 17:35:51.106486","train",12,2.0967440605163574,0.000374630466857333,"","","","","","","","","","","",""
4000,"2026-08-05 17:35:51.933659","train",12,1.420467495918274,0.00037753699477669075,"","","","","","","","","","","",""
4020,"2026-08-05 17:35:52.789431","train",12,1.2001298666000366,0.00038044926224456834,"","","","","","","","","","","",""
4040,"2026-08-05 17:35:53.583723","train",12,0.514689564704895,0.0003833671519315548,"","","","","","","","","","","",""
4060,"2026-08-05 17:35:54.478244","train",12,1.2371904850006104,0.00038629054628173216,"","","","","","","","","","","",""
4080,"2026-08-05 17:35:55.402149","train",12,1.2378896474838257,0.0003892193275174098,"","","","","","","","","","","",""
4100,"2026-08-05 17:35:56.244393","train",12,0.25574591755867004,0.0003921533776438704,"","","","","","","","","","","",""
4120,"2026-08-05 17:35:57.119423","train",12,0.5357953310012817,0.000395092578454124,"","","","","","","","","","","",""
4140,"2026-08-05 17:35:57.994351","train",12,0.34701019525527954,0.00039803681153366963,"","","","","","","","","","","",""
4160,"2026-08-05 17:35:58.871159","train",12,0.6472342610359192,0.00040098595826526637,"","","","","","","","","","","",""
4180,"2026-08-05 17:35:59.688486","train",12,0.25258350372314453,0.0004039398998337123,"","","","","","","","","","","",""
4200,"2026-08-05 17:36:00.599490","train",12,0.20765770971775055,0.00040689851723063066,"","","","","","","","","","","",""
4220,"2026-08-05 17:36:01.432581","train",12,0.4041807949542999,0.0004098616912592654,"","","","","","","","","","","",""
4240,"2026-08-05 17:36:02.364817","train",12,0.27612894773483276,0.00041282930253928266,"","","","","","","","","","","",""
4260,"2026-08-05 17:36:03.210190","train",12,1.5599089860916138,0.0004158012315115811,"","","","","","","","","","","",""
4280,"2026-08-05 17:36:04.014072","train",12,0.3363211154937744,0.0004187773584431074,"","","","","","","","","","","",""
4290,"2026-08-05 17:36:20.081578","val",12,"","",0.7931627925086633,0.26168091435003554,0.6816206364783401,0.682321101605588,0.7590361445783133,0.30434782608695654,0.6375661375661376,0.5247524752475248,0.7577108881456708,0.6025039123630673,0.8146809531424916,0.7143707229991074
4300,"2026-08-05 17:36:31.024804","train",13,1.8484021425247192,0.00042175756343168145,"","","","","","","","","","","",""
4320,"2026-08-05 17:36:31.857162","train",13,0.9268398284912109,0.00042474172641082664,"","","","","","","","","","","",""
4340,"2026-08-05 17:36:32.734003","train",13,0.3838716745376587,0.00042772972715460634,"","","","","","","","","","","",""
4360,"2026-08-05 17:36:33.595528","train",13,0.4442843794822693,0.00043072144528246824,"","","","","","","","","","","",""
4380,"2026-08-05 17:36:34.397579","train",13,0.7529410719871521,0.0004337167602640942,"","","","","","","","","","","",""
4400,"2026-08-05 17:36:35.307583","train",13,0.5913723111152649,0.0004367155514242557,"","","","","","","","","","","",""
4420,"2026-08-05 17:36:36.175627","train",13,1.0421284437179565,0.0004397176979476769,"","","","","","","","","","","",""
4440,"2026-08-05 17:36:37.004884","train",13,1.1144160032272339,0.00044272307888389996,"","","","","","","","","","","",""
4460,"2026-08-05 17:36:37.816127","train",13,0.9453098177909851,0.00044573157315215973,"","","","","","","","","","","",""
4480,"2026-08-05 17:36:38.786130","train",13,0.5696389675140381,0.00044874305954626097,"","","","","","","","","","","",""
4500,"2026-08-05 17:36:39.700610","train",13,0.37045881152153015,0.0004517574167394614,"","","","","","","","","","","",""
4520,"2026-08-05 17:36:40.705904","train",13,1.0458903312683105,0.00045477452328936087,"","","","","","","","","","","",""
4540,"2026-08-05 17:36:41.614222","train",13,0.5709036588668823,0.00045779425764279217,"","","","","","","","","","","",""
4560,"2026-08-05 17:36:42.407678","train",13,0.6700012683868408,0.00046081649814071993,"","","","","","","","","","","",""
4580,"2026-08-05 17:36:43.228001","train",13,0.691052258014679,0.0004638411230231406,"","","","","","","","","","","",""
4600,"2026-08-05 17:36:44.084468","train",13,0.5656276941299438,0.0004668680104339891,"","","","","","","","","","","",""
4620,"2026-08-05 17:36:44.782529","train",13,0.4373115003108978,0.00046989703842604744,"","","","","","","","","","","",""
4620,"2026-08-05 17:37:00.653843","val",13,"","",0.7798310166257836,0.26548464222574725,0.6165007710640684,0.6273688435711627,0.5760542168674698,0.24021592442645073,0.6481481481481481,0.5346534653465347,0.7525083612040134,0.5837245696400626,0.7950583719814489,0.6202023207378756
4640,"2026-08-05 17:37:12.005473","train",14,0.5082539319992065,0.00047292808496585766,"","","","","","","","","","","",""
4660,"2026-08-05 17:37:12.820131","train",14,0.4817209839820862,0.00047596102793863893,"","","","","","","","","","","",""
4680,"2026-08-05 17:37:13.686364","train",14,0.3219640254974365,0.0004789957451532067,"","","","","","","","","","","",""
4700,"2026-08-05 17:37:14.578455","train",14,0.5965207815170288,0.00048203211434689607,"","","","","","","","","","","",""
4720,"2026-08-05 17:37:15.530622","train",14,1.1503422260284424,0.00048507001319048667,"","","","","","","","","","","",""
4740,"2026-08-05 17:37:16.472542","train",14,1.5051755905151367,0.0004881093192931322,"","","","","","","","","","","",""
4760,"2026-08-05 17:37:17.253203","train",14,0.6423684358596802,0.0004911499102072906,"","","","","","","","","","","",""
4780,"2026-08-05 17:37:18.108615","train",14,0.4358292818069458,0.0004941916634336568,"","","","","","","","","","","",""
4800,"2026-08-05 17:37:18.900700","train",14,0.5289093852043152,0.0004972344564260994,"","","","","","","","","","","",""
4820,"2026-08-05 17:37:19.707666","train",14,0.32815879583358765,0.0005002781665965958,"","","","","","","","","","","",""
4840,"2026-08-05 17:37:20.516820","train",14,1.4243196249008179,0.0005033226713201733,"","","","","","","","","","","",""
4860,"2026-08-05 17:37:21.348467","train",14,0.7700557708740234,0.0005063678479398478,"","","","","","","","","","","",""
4880,"2026-08-05 17:37:22.251268","train",14,0.473615825176239,0.0005094135737715651,"","","","","","","","","","","",""
4900,"2026-08-05 17:37:23.205699","train",14,0.37648189067840576,0.0005124597261091456,"","","","","","","","","","","",""
4920,"2026-08-05 17:37:24.017187","train",14,0.9158885478973389,0.0005155061822292258,"","","","","","","","","","","",""
4940,"2026-08-05 17:37:24.910574","train",14,0.22067178785800934,0.0005185528193962037,"","","","","","","","","","","",""
4950,"2026-08-05 17:37:41.086623","val",14,"","",0.7980687614375268,0.2603123719338337,0.7160381326230197,0.7253688851753836,0.7838855421686747,0.315035799522673,0.6124338624338624,0.39603960396039606,0.7694165737643999,0.6338028169014085,0.8182312490004797,0.7466527819101458
4960,"2026-08-05 17:37:51.969040","train",15,0.7716332674026489,0.0005215995148671833,"","","","","","","","","","","",""
4980,"2026-08-05 17:37:52.795030","train",15,1.2617789506912231,0.0005246461458969195,"","","","","","","","","","","",""
5000,"2026-08-05 17:37:53.690843","train",15,0.6322576403617859,0.0005276925897427635,"","","","","","","","","","","",""
5020,"2026-08-05 17:37:54.510223","train",15,1.2429819107055664,0.000530738723669608,"","","","","","","","","","","",""
5040,"2026-08-05 17:37:55.346364","train",15,0.7568522691726685,0.0005337844249548311,"","","","","","","","","","","",""
5060,"2026-08-05 17:37:56.219870","train",15,0.5726450681686401,0.0005368295708932417,"","","","","","","","","","","",""
5080,"2026-08-05 17:37:57.010545","train",15,0.34055906534194946,0.0005398740388020224,"","","","","","","","","","","",""
5100,"2026-08-05 17:37:57.919734","train",15,0.48842287063598633,0.0005429177060256725,"","","","","","","","","","","",""
5120,"2026-08-05 17:37:58.760395","train",15,1.2803055047988892,0.0005459604499409485,"","","","","","","","","","","",""
5140,"2026-08-05 17:37:59.639866","train",15,0.7634579539299011,0.0005490021479618057,"","","","","","","","","","","",""
5160,"2026-08-05 17:38:00.434276","train",15,0.6294499635696411,0.0005520426775443366,"","","","","","","","","","","",""
5180,"2026-08-05 17:38:01.264673","train",15,0.2331494241952896,0.0005550819161917074,"","","","","","","","","","","",""
5200,"2026-08-05 17:38:02.062390","train",15,0.6400477886199951,0.0005581197414590931,"","","","","","","","","","","",""
5220,"2026-08-05 17:38:02.881852","train",15,0.5573757886886597,0.000561156030958612,"","","","","","","","","","","",""
5240,"2026-08-05 17:38:03.722291","train",15,0.7177634239196777,0.0005641906623642546,"","","","","","","","","","","",""
5260,"2026-08-05 17:38:04.568351","train",15,1.1372931003570557,0.0005672235134168129,"","","","","","","","","","","",""
5280,"2026-08-05 17:38:05.257660","train",15,0.19599875807762146,0.0005702544619288054,"","","","","","","","","","","",""
5280,"2026-08-05 17:38:21.001733","val",15,"","",0.785982945917533,0.26819221985190567,0.6238609280807514,0.627492535521104,0.8900602409638554,0.33636363636363636,0.6203703703703703,0.3564356435643564,0.7575250836120402,0.539906103286385,0.802862625939549,0.6533769711395419
5300,"2026-08-05 17:38:32.205342","train",16,0.8936396241188049,0.0005732833857894008,"","","","","","","","","","","",""
5320,"2026-08-05 17:38:33.087023","train",16,0.5357961654663086,0.0005763101629693366,"","","","","","","","","","","",""
5340,"2026-08-05 17:38:33.914794","train",16,0.7394236326217651,0.0005793346715258355,"","","","","","","","","","","",""
5360,"2026-08-05 17:38:34.757666","train",16,1.6910181045532227,0.000582356789607519,"","","","","","","","","","","",""
5380,"2026-08-05 17:38:35.586366","train",16,0.3456496596336365,0.0005853763954593158,"","","","","","","","","","","",""
5400,"2026-08-05 17:38:36.482666","train",16,1.2200556993484497,0.000588393367427367,"","","","","","","","","","","",""
5420,"2026-08-05 17:38:37.338699","train",16,0.5389898419380188,0.0005914075839639282,"","","","","","","","","","","",""
5440,"2026-08-05 17:38:38.148347","train",16,0.8263437747955322,0.0005944189236322652,"","","","","","","","","","","",""
5460,"2026-08-05 17:38:39.129966","train",16,0.6373591423034668,0.0005974272651115474,"","","","","","","","","","","",""
5480,"2026-08-05 17:38:40.012178","train",16,1.2081868648529053,0.0006004324872017349,"","","","","","","","","","","",""
5500,"2026-08-05 17:38:40.845066","train",16,0.37651538848876953,0.0006034344688284625,"","","","","","","","","","","",""
5520,"2026-08-05 17:38:41.673478","train",16,0.6057450771331787,0.0006064330890479158,"","","","","","","","","","","",""
5540,"2026-08-05 17:38:42.482213","train",16,0.7867966294288635,0.0006094282270517052,"","","","","","","","","","","",""
5560,"2026-08-05 17:38:43.280720","train",16,0.2749215066432953,0.000612419762171733,"","","","","","","","","","","",""
5580,"2026-08-05 17:38:44.128965","train",16,0.49258333444595337,0.0006154075738850534,"","","","","","","","","","","",""
5600,"2026-08-05 17:38:44.918238","train",16,0.4536922872066498,0.0006183915418187301,"","","","","","","","","","","",""
5610,"2026-08-05 17:39:01.132306","val",16,"","",0.8005840439201027,0.2825262319372975,0.7055937193326791,0.7255828730556511,0.7243975903614458,0.29615384615384616,0.6335978835978836,0.45544554455445546,0.76347082868822,0.6040688575899843,0.8209819286742364,0.7363879797679262
5620,"2026-08-05 17:39:12.191702","train",17,0.873885989189148,0.0006213715457546845,"","","","","","","","","","","",""
5640,"2026-08-05 17:39:12.990645","train",17,0.7796875238418579,0.00062434746563454,"","","","","","","","","","","",""
5660,"2026-08-05 17:39:13.835526","train",17,1.2944073677062988,0.0006273191815644578,"","","","","","","","","","","",""
5680,"2026-08-05 17:39:14.606148","train",17,1.0236668586730957,0.000630286573819968,"","","","","","","","","","","",""
5700,"2026-08-05 17:39:15.480897","train",17,0.6001900434494019,0.0006332495228507935,"","","","","","","","","","","",""
5720,"2026-08-05 17:39:16.357188","train",17,0.636591911315918,0.0006362079092856647,"","","","","","","","","","","",""
5740,"2026-08-05 17:39:17.180832","train",17,0.44639062881469727,0.0006391616139371306,"","","","","","","","","","","",""
5760,"2026-08-05 17:39:18.028885","train",17,1.5486912727355957,0.0006421105178063597,"","","","","","","","","","","",""
5780,"2026-08-05 17:39:18.858262","train",17,0.7907449007034302,0.0006450545020879343,"","","","","","","","","","","",""
5800,"2026-08-05 17:39:19.666956","train",17,0.4184160828590393,0.0006479934481746372,"","","","","","","","","","","",""
5820,"2026-08-05 17:39:20.540787","train",17,1.2253139019012451,0.0006509272376622293,"","","","","","","","","","","",""
5840,"2026-08-05 17:39:21.394978","train",17,0.3576269745826721,0.0006538557523542216,"","","","","","","","","","","",""
5860,"2026-08-05 17:39:22.274564","train",17,0.6199904680252075,0.0006567788742666354,"","","","","","","","","","","",""
5880,"2026-08-05 17:39:23.110269","train",17,0.3491593599319458,0.0006596964856327558,"","","","","","","","","","","",""
5900,"2026-08-05 17:39:23.937196","train",17,0.6238099336624146,0.0006626084689078779,"","","","","","","","","","","",""
5920,"2026-08-05 17:39:24.805094","train",17,1.2609014511108398,0.0006655147067740404,"","","","","","","","","","","",""
5940,"2026-08-05 17:39:25.589660","train",17,0.4971599578857422,0.0006684150821447532,"","","","","","","","","","","",""
5940,"2026-08-05 17:39:41.398503","val",17,"","",0.7918155978662929,0.2760508976149306,0.641315014720314,0.6363058467497272,0.6746987951807228,0.2751677852348993,0.6574074074074074,0.5643564356435643,0.7796358231140841,0.6369327073552425,0.8034863265632497,0.6368640285629277
5960,"2026-08-05 17:39:52.998279","train",18,0.7425478100776672,0.0006713094781697143,"","","","","","","","","","","",""
5980,"2026-08-05 17:39:53.834824","train",18,0.4253442883491516,0.000674197778239518,"","","","","","","","","","","",""
6000,"2026-08-05 17:39:54.788814","train",18,0.42111843824386597,0.0006770798659903522,"","","","","","","","","","","",""
6020,"2026-08-05 17:39:55.580912","train",18,1.2318884134292603,0.0006799556253086858,"","","","","","","","","","","",""
6040,"2026-08-05 17:39:56.424765","train",18,0.2956375479698181,0.0006828249403359489,"","","","","","","","","","","",""
6060,"2026-08-05 17:39:57.225938","train",18,1.0689890384674072,0.0006856876954731983,"","","","","","","","","","","",""
6080,"2026-08-05 17:39:58.126857","train",18,0.8562539219856262,0.0006885437753857758,"","","","","","","","","","","",""
6100,"2026-08-05 17:39:58.953832","train",18,0.6335981488227844,0.0006913930650079547,"","","","","","","","","","","",""
6120,"2026-08-05 17:39:59.732622","train",18,0.8092354536056519,0.0006942354495475756,"","","","","","","","","","","",""
6140,"2026-08-05 17:40:00.652682","train",18,1.2716087102890015,0.0006970708144906705,"","","","","","","","","","","",""
6160,"2026-08-05 17:40:01.437652","train",18,0.6825161576271057,0.000699899045606077,"","","","","","","","","","","",""
6180,"2026-08-05 17:40:02.240194","train",18,0.38612088561058044,0.0007027200289500409,"","","","","","","","","","","",""
6200,"2026-08-05 17:40:03.118242","train",18,0.561255931854248,0.0007055336508708055,"","","","","","","","","","","",""
6220,"2026-08-05 17:40:04.005848","train",18,0.46525344252586365,0.0007083397980131914,"","","","","","","","","","","",""
6240,"2026-08-05 17:40:04.857368","train",18,1.113209843635559,0.0007111383573231628,"","","","","","","","","","","",""
6260,"2026-08-05 17:40:05.756313","train",18,0.7298867702484131,0.0007139292160523827,"","","","","","","","","","","",""
6270,"2026-08-05 17:40:22.066081","val",18,"","",0.7987306778803098,0.26848247873032144,0.6900322444974064,0.7095262432751598,0.7349397590361446,0.30980392156862746,0.6560846560846562,0.5544554455445545,0.7720178372352287,0.6275430359937402,0.8150167919398689,0.7006843201428147
6280,"2026-08-05 17:40:32.852833","train",19,0.8276932239532471,0.0007167122617627547,"","","","","","","","","","","",""
6300,"2026-08-05 17:40:33.656060","train",19,0.73370361328125,0.0007194873823309533,"","","","","","","","","","","",""
6320,"2026-08-05 17:40:34.544469","train",19,0.840167224407196,0.0007222544659529418,"","","","","","","","","","","",""
6340,"2026-08-05 17:40:35.371524","train",19,0.6320598125457764,0.0007250134011484747,"","","","","","","","","","","",""
6360,"2026-08-05 17:40:36.203843","train",19,0.3801487982273102,0.0007277640767655912,"","","","","","","","","","","",""
6380,"2026-08-05 17:40:37.051134","train",19,0.28486168384552,0.0007305063819850921,"","","","","","","","","","","",""
6400,"2026-08-05 17:40:37.839457","train",19,0.9342390298843384,0.0007332402063250042,"","","","","","","","","","","",""
6420,"2026-08-05 17:40:38.674389","train",19,0.32222622632980347,0.0007359654396450327,"","","","","","","","","","","",""
6440,"2026-08-05 17:40:39.521605","train",19,1.9767159223556519,0.0007386819721509973,"","","","","","","","","","","",""
6460,"2026-08-05 17:40:40.370222","train",19,0.5375546216964722,0.0007413896943992565,"","","","","","","","","","","",""
6480,"2026-08-05 17:40:41.254928","train",19,1.4631438255310059,0.0007440884973011153,"","","","","","","","","","","",""
6500,"2026-08-05 17:40:42.118417","train",19,0.35978949069976807,0.0007467782721272225,"","","","","","","","","","","",""
6520,"2026-08-05 17:40:42.899949","train",19,0.7353498935699463,0.0007494589105119494,"","","","","","","","","","","",""
6540,"2026-08-05 17:40:43.773300","train",19,0.8471033573150635,0.000752130304457756,"","","","","","","","","","","",""
6560,"2026-08-05 17:40:44.598544","train",19,1.1828985214233398,0.0007547923463395426,"","","","","","","","","","","",""
6580,"2026-08-05 17:40:45.472892","train",19,0.5151692628860474,0.0007574449289089851,"","","","","","","","","","","",""
6600,"2026-08-05 17:40:46.231745","train",19,0.34537768363952637,0.0007600879452988564,"","","","","","","","","","","",""
6600,"2026-08-05 17:41:02.352372","val",19,"","",0.8090565743877273,0.2797496498426307,0.7084676854058601,0.7202312131418419,0.5850903614457831,0.24829467939972716,0.6600529100529101,0.5643564356435643,0.7759197324414716,0.6056338028169014,0.8268191268191268,0.728503421600714
6620,"2026-08-05 17:41:13.606205","train",20,0.26662975549697876,0.0007627212890273312,"","","","","","","","","","","",""
6640,"2026-08-05 17:41:14.460206","train",20,1.133744716644287,0.0007653448540022764,"","","","","","","","","","","",""
6660,"2026-08-05 17:41:15.308134","train",20,0.66135174036026,0.0007679585345255258,"","","","","","","","","","","",""
6680,"2026-08-05 17:41:16.117821","train",20,0.2822995185852051,0.0007705622252971369,"","","","","","","","","","","",""
6700,"2026-08-05 17:41:16.935717","train",20,0.5729374885559082,0.000773155821419635,"","","","","","","","","","","",""
6720,"2026-08-05 17:41:17.780720","train",20,0.35188913345336914,0.0007757392184022385,"","","","","","","","","","","",""
6740,"2026-08-05 17:41:18.623930","train",20,0.3069716989994049,0.0007783123121650685,"","","","","","","","","","","",""
6760,"2026-08-05 17:41:19.518512","train",20,0.29601091146469116,0.000780874999043342,"","","","","","","","","","","",""
6780,"2026-08-05 17:41:20.398283","train",20,0.40575048327445984,0.0007834271757915487,"","","","","","","","","","","",""
6800,"2026-08-05 17:41:21.181324","train",20,0.41235846281051636,0.0007859687395876106,"","","","","","","","","","","",""
6820,"2026-08-05 17:41:22.120987","train",20,0.39901217818260193,0.0007884995880370235,"","","","","","","","","","","",""
6840,"2026-08-05 17:41:23.017321","train",20,0.7020946145057678,0.0007910196191769837,"","","","","","","","","","","",""
6860,"2026-08-05 17:41:24.046501","train",20,0.6258600354194641,0.0007935287314804948,"","","","","","","","","","","",""
6880,"2026-08-05 17:41:24.967243","train",20,0.2986489236354828,0.0007960268238604589,"","","","","","","","","","","",""
6900,"2026-08-05 17:41:25.885909","train",20,0.7891801595687866,0.0007985137956737479,"","","","","","","","","","","",""
6920,"2026-08-05 17:41:26.712096","train",20,0.5127233266830444,0.0008009895467252596,"","","","","","","","","","","",""
6930,"2026-08-05 17:41:42.918101","val",20,"","",0.7970642058949499,0.29706476849228464,0.6708958362540306,0.6622191937060008,0.7018072289156626,0.2826086956521739,0.6534391534391535,0.5346534653465347,0.7781493868450391,0.6197183098591549,0.8159443467135775,0.6977090151740554
6940,"2026-08-05 17:41:53.872813","train",21,1.1650490760803223,0.0008034539772719539,"","","","","","","","","","","",""
6960,"2026-08-05 17:41:54.691969","train",21,0.24854394793510437,0.0008059069880268701,"","","","","","","","","","","",""
6980,"2026-08-05 17:41:55.512812","train",21,0.4597524404525757,0.0008083484801631296,"","","","","","","","","","","",""
7000,"2026-08-05 17:41:56.342031","train",21,1.1849894523620605,0.0008107783553179145,"","","","","","","","","","","",""
7020,"2026-08-05 17:41:57.180959","train",21,0.4890297055244446,0.0008131965155964323,"","","","","","","","","","","",""
7040,"2026-08-05 17:41:58.040853","train",21,0.6786086559295654,0.000815602863575859,"","","","","","","","","","","",""
7060,"2026-08-05 17:41:58.853928","train",21,1.951219081878662,0.000817997302309265,"","","","","","","","","","","",""
7080,"2026-08-05 17:41:59.650012","train",21,1.2337743043899536,0.00082037973532952,"","","","","","","","","","","",""
7100,"2026-08-05 17:42:00.512490","train",21,1.1644940376281738,0.0008227500666531794,"","","","","","","","","","","",""
7120,"2026-08-05 17:42:01.329409","train",21,0.4214879274368286,0.0008251082007843526,"","","","","","","","","","","",""
7140,"2026-08-05 17:42:02.223524","train",21,0.7368974685668945,0.0008274540427185486,"","","","","","","","","","","",""
7160,"2026-08-05 17:42:03.081186","train",21,0.2536385655403137,0.0008297874979465046,"","","","","","","","","","","",""
7180,"2026-08-05 17:42:03.929750","train",21,0.3841974437236786,0.0008321084724579931,"","","","","","","","","","","",""
7200,"2026-08-05 17:42:04.878095","train",21,1.0634398460388184,0.0008344168727456101,"","","","","","","","","","","",""
7220,"2026-08-05 17:42:05.716598","train",21,0.9355783462524414,0.0008367126058085417,"","","","","","","","","","","",""
7240,"2026-08-05 17:42:06.578894","train",21,1.3417227268218994,0.0008389955791563103,"","","","","","","","","","","",""
7260,"2026-08-05 17:42:07.381909","train",21,0.2910260856151581,0.0008412657008125031,"","","","","","","","","","","",""
7260,"2026-08-05 17:42:23.627928","val",21,"","",0.801051279056185,0.28775019351027326,0.6792373475396046,0.6981673834024726,0.8335843373493976,0.34421364985163205,0.6283068783068783,0.39603960396039606,0.7757339279078409,0.6400625978090767,0.8195426195426195,0.7063373995834573
7280,"2026-08-05 17:42:35.319514","train",22,0.2827340364456177,0.0008435228793184748,"","","","","","","","","","","",""
7300,"2026-08-05 17:42:36.203491","train",22,0.8654667139053345,0.0008457670237370341,"","","","","","","","","","","",""
7320,"2026-08-05 17:42:37.016497","train",22,1.7001758813858032,0.0008479980436561075,"","","","","","","","","","","",""
7340,"2026-08-05 17:42:37.856387","train",22,1.1817505359649658,0.0008502158491923799,"","","","","","","","","","","",""
7360,"2026-08-05 17:42:38.653338","train",22,0.22877639532089233,0.0008524203509949187,"","","","","","","","","","","",""
7380,"2026-08-05 17:42:39.581648","train",22,0.8903199434280396,0.0008546114602487706,"","","","","","","","","","","",""
7400,"2026-08-05 17:42:40.448477","train",22,0.2603306770324707,0.0008567890886785426,"","","","","","","","","","","",""
7420,"2026-08-05 17:42:41.279238","train",22,1.1404757499694824,0.0008589531485519559,"","","","","","","","","","","",""
7440,"2026-08-05 17:42:42.134308","train",22,1.4350589513778687,0.000861103552683382,"","","","","","","","","","","",""
7460,"2026-08-05 17:42:43.014898","train",22,0.29947859048843384,0.0008632402144373552,"","","","","","","","","","","",""
7480,"2026-08-05 17:42:43.851081","train",22,0.657965898513794,0.000865363047732062,"","","","","","","","","","","",""
7500,"2026-08-05 17:42:44.714092","train",22,0.8685142993927002,0.0008674719670428103,"","","","","","","","","","","",""
7520,"2026-08-05 17:42:45.546556","train",22,0.9467580914497375,0.0008695668874054737,"","","","","","","","","","","",""
7540,"2026-08-05 17:42:46.394673","train",22,0.6945669651031494,0.0008716477244199163,"","","","","","","","","","","",""
7560,"2026-08-05 17:42:47.288116","train",22,0.6078594326972961,0.0008737143942533916,"","","","","","","","","","","",""
7580,"2026-08-05 17:42:48.208680","train",22,0.8523081541061401,0.0008757668136439201,"","","","","","","","","","","",""
7590,"2026-08-05 17:43:05.598909","val",22,"","",0.7908811275941285,0.24597836009626084,0.6457311089303238,0.6473067444233123,0.608433734939759,0.25287356321839083,0.6600529100529101,0.5841584158415841,0.7601263470828689,0.6103286384976526,0.8094514632976172,0.6588812853317465
7600,"2026-08-05 17:43:16.784071","train",23,0.3748317360877991,0.0008778048999036446,"","","","","","","","","","","",""
7620,"2026-08-05 17:43:17.723190","train",23,1.5196808576583862,0.0008798285709221603,"","","","","","","","","","","",""
7640,"2026-08-05 17:43:18.689261","train",23,0.7675632238388062,0.0008818377451698242,"","","","","","","","","","","",""
7660,"2026-08-05 17:43:19.535604","train",23,0.803788423538208,0.0008838323417010386,"","","","","","","","","","","",""
7680,"2026-08-05 17:43:20.311687","train",23,1.3822273015975952,0.0008858122801575133,"","","","","","","","","","","",""
7700,"2026-08-05 17:43:21.151428","train",23,0.9628389477729797,0.0008877774807715017,"","","","","","","","","","","",""
7720,"2026-08-05 17:43:22.016913","train",23,0.5615454912185669,0.0008897278643690159,"","","","","","","","","","","",""
7740,"2026-08-05 17:43:22.883549","train",23,1.3096718788146973,0.0008916633523730158,"","","","","","","","","","","",""
7760,"2026-08-05 17:43:23.788256","train",23,0.6116721630096436,0.0008935838668065746,"","","","","","","","","","","",""
7780,"2026-08-05 17:43:24.659910","train",23,1.3006973266601562,0.0008954893302960209,"","","","","","","","","","","",""
7800,"2026-08-05 17:43:25.513627","train",23,0.4028230309486389,0.0008973796660740552,"","","","","","","","","","","",""
7820,"2026-08-05 17:43:26.356130","train",23,0.651576042175293,0.0008992547979828439,"","","","","","","","","","","",""
7840,"2026-08-05 17:43:27.253324","train",23,0.7725649476051331,0.0009011146504770858,"","","","","","","","","","","",""
7860,"2026-08-05 17:43:28.118632","train",23,1.2681081295013428,0.0009029591486270572,"","","","","","","","","","","",""
7880,"2026-08-05 17:43:29.070505","train",23,1.7516024112701416,0.0009047882181216303,"","","","","","","","","","","",""
7900,"2026-08-05 17:43:29.955482","train",23,0.4214574992656708,0.0009066017852712663,"","","","","","","","","","","",""
7920,"2026-08-05 17:43:30.918725","train",23,0.434700608253479,0.0009083997770109851,"","","","","","","","","","","",""
7920,"2026-08-05 17:43:46.938985","val",23,"","",0.7979597399057743,0.26319017852317217,0.6778354128697602,0.6913683237163611,0.7311746987951807,0.3067961165048544,0.6441798941798943,0.4752475247524752,0.7753623188405797,0.6134585289514867,0.8136894290740444,0.6916096399880988
7940,"2026-08-05 17:43:58.250215","train",24,0.6285223364830017,0.0009101821209033087,"","","","","","","","","","","",""
7960,"2026-08-05 17:43:59.055265","train",24,0.3238803744316101,0.0009119487451411793,"","","","","","","","","","","",""
7980,"2026-08-05 17:43:59.971834","train",24,0.490485280752182,0.0009136995785508522,"","","","","","","","","","","",""
8000,"2026-08-05 17:44:00.787416","train",24,0.4883522391319275,0.0009154345505947639,"","","","","","","","","","","",""
8020,"2026-08-05 17:44:01.664775","train",24,0.31643030047416687,0.0009171535913743734,"","","","","","","","","","","",""
8040,"2026-08-05 17:44:02.483482","train",24,0.46533507108688354,0.0009188566316329779,"","","","","","","","","","","",""
8060,"2026-08-05 17:44:03.298535","train",24,0.2654607594013214,0.0009205436027585041,"","","","","","","","","","","",""
8080,"2026-08-05 17:44:04.203579","train",24,1.3272368907928467,0.0009222144367862716,"","","","","","","","","","","",""
8100,"2026-08-05 17:44:05.043951","train",24,1.5836949348449707,0.0009238690664017311,"","","","","","","","","","","",""
8120,"2026-08-05 17:44:05.825583","train",24,0.349475234746933,0.0009255074249431767,"","","","","","","","","","","",""
8140,"2026-08-05 17:44:06.652729","train",24,0.33077311515808105,0.0009271294464044312,"","","","","","","","","","","",""
8160,"2026-08-05 17:44:07.470889","train",24,0.4524136483669281,0.0009287350654375061,"","","","","","","","","","","",""
8180,"2026-08-05 17:44:08.468890","train",24,1.2439446449279785,0.0009303242173552332,"","","","","","","","","","","",""
8200,"2026-08-05 17:44:09.453154","train",24,0.39656010270118713,0.0009318968381338715,"","","","","","","","","","","",""
8220,"2026-08-05 17:44:10.234903","train",24,0.9155064225196838,0.0009334528644156868,"","","","","","","","","","","",""
8240,"2026-08-05 17:44:11.065287","train",24,0.6392183899879456,0.0009349922335115035,"","","","","","","","","","","",""
8250,"2026-08-05 17:44:27.158840","val",24,"","",0.8165790600786513,0.3145769504932737,0.7276741903827282,0.7441273069407308,0.4759036144578313,0.21621621621621623,0.6772486772486772,0.5544554455445545,0.8043478260869564,0.7073552425665102,0.8244842475611708,0.7151145492412972
8260,"2026-08-05 17:44:38.116652","train",25,1.272277593612671,0.0009365148834032304,"","","","","","","","","","","",""
8280,"2026-08-05 17:44:38.984934","train",25,1.1370118856430054,0.00093802075274636,"","","","","","","","","","","",""
8300,"2026-08-05 17:44:39.806796","train",25,0.9332066774368286,0.0009395097808724389,"","","","","","","","","","","",""
8320,"2026-08-05 17:44:40.668375","train",25,2.2395269870758057,0.0009409819077915129,"","","","","","","","","","","",""
8340,"2026-08-05 17:44:41.524391","train",25,0.7594761848449707,0.0009424370741945435,"","","","","","","","","","","",""
8360,"2026-08-05 17:44:42.367172","train",25,1.89689302444458,0.0009438752214557969,"","","","","","","","","","","",""
8380,"2026-08-05 17:44:43.178744","train",25,0.9928181171417236,0.000945296291635207,"","","","","","","","","","","",""
8400,"2026-08-05 17:44:44.010567","train",25,0.822951078414917,0.0009467002274807086,"","","","","","","","","","","",""
8420,"2026-08-05 17:44:44.926715","train",25,0.9867596626281738,0.0009480869724305444,"","","","","","","","","","","",""
8440,"2026-08-05 17:44:45.991870","train",25,0.25636494159698486,0.0009494564706155443,"","","","","","","","","","","",""
8460,"2026-08-05 17:44:46.909220","train",25,1.3921751976013184,0.000950808666861375,"","","","","","","","","","","",""
8480,"2026-08-05 17:44:47.814500","train",25,0.3141345679759979,0.0009521435066907642,"","","","","","","","","","","",""
8500,"2026-08-05 17:44:48.673243","train",25,0.875373363494873,0.0009534609363256944,"","","","","","","","","","","",""
8520,"2026-08-05 17:44:49.498364","train",25,0.7687652707099915,0.0009547609026895703,"","","","","","","","","","","",""
8540,"2026-08-05 17:44:50.392151","train",25,0.21941068768501282,0.0009560433534093561,"","","","","","","","","","","",""
8560,"2026-08-05 17:44:51.298961","train",25,1.5307738780975342,0.0009573082368176868,"","","","","","","","","","","",""
8580,"2026-08-05 17:44:52.073627","train",25,0.2534696161746979,0.0009585555019549487,"","","","","","","","","","","",""
8580,"2026-08-05 17:45:07.764377","val",25,"","",0.8166102090877234,0.2936375893252264,0.7387494742744988,0.7548960851485568,0.7409638554216867,0.312,0.66005291005291,0.5247524752475248,0.775733927907841,0.6463223787167449,0.8361266592035823,0.7652484379648914
8600,"2026-08-05 17:45:19.248381","train",26,0.5863531827926636,0.000959785098571333,"","","","","","","","","","","",""
8620,"2026-08-05 17:45:20.193479","train",26,0.23967990279197693,0.0009609969771288602,"","","","","","","","","","","",""
8640,"2026-08-05 17:45:21.026279","train",26,0.5393111705780029,0.0009621910888033758,"","","","","","","","","","","",""
8660,"2026-08-05 17:45:21.905134","train",26,0.6799120306968689,0.0009633673854865173,"","","","","","","","","","","",""
8680,"2026-08-05 17:45:22.710826","train",26,0.3092958331108093,0.0009645258197876525,"","","","","","","","","","","",""
8700,"2026-08-05 17:45:23.640609","train",26,0.8043079376220703,0.0009656663450357887,"","","","","","","","","","","",""
8720,"2026-08-05 17:45:24.513372","train",26,0.43863481283187866,0.000966788915281453,"","","","","","","","","","","",""
8740,"2026-08-05 17:45:25.345594","train",26,0.25317245721817017,0.0009678934852985432,"","","","","","","","","","","",""
8760,"2026-08-05 17:45:26.133282","train",26,0.2970980107784271,0.0009689800105861508,"","","","","","","","","","","",""
8780,"2026-08-05 17:45:27.138030","train",26,0.36771440505981445,0.0009700484473703528,"","","","","","","","","","","",""
8800,"2026-08-05 17:45:28.014363","train",26,0.4293235242366791,0.0009710987526059759,"","","","","","","","","","","",""
8820,"2026-08-05 17:45:29.000614","train",26,1.1281416416168213,0.0009721308839783304,"","","","","","","","","","","",""
8840,"2026-08-05 17:45:30.036744","train",26,0.2830956280231476,0.0009731447999049149,"","","","","","","","","","","",""
8860,"2026-08-05 17:45:31.020761","train",26,0.7553063631057739,0.0009741404595370919,"","","","","","","","","","","",""
8880,"2026-08-05 17:45:31.980854","train",26,0.31921064853668213,0.0009751178227617336,"","","","","","","","","","","",""
8900,"2026-08-05 17:45:32.914551","train",26,1.57843816280365,0.0009760768502028374,"","","","","","","","","","","",""
8910,"2026-08-05 17:45:49.169554","val",26,"","",0.7959350543160846,0.27249459745015,0.6654983877751297,0.6673855361205906,0.7304216867469879,0.2980392156862745,0.6256613756613756,0.39603960396039606,0.7878112225938314,0.672926447574335,0.8080281464896849,0.6718238619458494
8920,"2026-08-05 17:46:00.133576","train",27,0.7318770885467529,0.0009770175032231124,"","","","","","","","","","","",""
8940,"2026-08-05 17:46:01.055682","train",27,2.1497178077697754,0.0009779397439255372,"","","","","","","","","","","",""
8960,"2026-08-05 17:46:01.866385","train",27,1.5058794021606445,0.0009788435351548845,"","","","","","","","","","","",""
8980,"2026-08-05 17:46:02.706471","train",27,0.6643414497375488,0.0009797288404992202,"","","","","","","","","","","",""
9000,"2026-08-05 17:46:03.549837","train",27,0.41683733463287354,0.0009805956242913687,"","","","","","","","","","","",""
9020,"2026-08-05 17:46:04.362485","train",27,1.3709805011749268,0.000981443851610351,"","","","","","","","","","","",""
9040,"2026-08-05 17:46:05.248595","train",27,0.4148184657096863,0.0009822734882827912,"","","","","","","","","","","",""
9060,"2026-08-05 17:46:06.062850","train",27,0.8468719124794006,0.0009830845008842928,"","","","","","","","","","","",""
9080,"2026-08-05 17:46:06.978331","train",27,0.8332313299179077,0.0009838768567407862,"","","","","","","","","","","",""
9100,"2026-08-05 17:46:07.788675","train",27,0.23496176302433014,0.0009846505239298443,"","","","","","","","","","","",""
9120,"2026-08-05 17:46:08.622969","train",27,0.2890959084033966,0.0009854054712819691,"","","","","","","","","","","",""
9140,"2026-08-05 17:46:09.487902","train",27,0.2655012011528015,0.000986141668381847,"","","","","","","","","","","",""
9160,"2026-08-05 17:46:10.369227","train",27,0.9620850086212158,0.000986859085569575,"","","","","","","","","","","",""
9180,"2026-08-05 17:46:11.308517","train",27,0.292224258184433,0.000987557693941854,"","","","","","","","","","","",""
9200,"2026-08-05 17:46:12.136812","train",27,0.42185330390930176,0.0009882374653531554,"","","","","","","","","","","",""
9220,"2026-08-05 17:46:13.053353","train",27,0.417701780796051,0.0009888983724168536,"","","","","","","","","","","",""
9240,"2026-08-05 17:46:13.838790","train",27,3.1837804317474365,0.0009895403885063292,"","","","","","","","","","","",""
9240,"2026-08-05 17:46:29.694847","val",27,"","",0.8059416734805124,0.2909784793100877,0.7088882658068134,0.7280575468935341,0.8155120481927711,0.3466666666666667,0.6574074074074074,0.5544554455445545,0.7655146785581567,0.6150234741784038,0.825331840716456,0.7234454031538232
9260,"2026-08-05 17:46:40.909297","train",28,0.7842097878456116,0.000990163487756043,"","","","","","","","","","","",""
9280,"2026-08-05 17:46:41.757317","train",28,1.3287978172302246,0.000990767645062577,"","","","","","","","","","","",""
9300,"2026-08-05 17:46:42.630681","train",28,0.3093200922012329,0.0009913528360856458,"","","","","","","","","","","",""
9320,"2026-08-05 17:46:43.431621","train",28,0.19232432544231415,0.0009919190372490777,"","","","","","","","","","","",""
9340,"2026-08-05 17:46:44.208755","train",28,0.4440656006336212,0.0009924662257417645,"","","","","","","","","","","",""
9360,"2026-08-05 17:46:45.117880","train",28,1.3768028020858765,0.00099299437951858,"","","","","","","","","","","",""
9380,"2026-08-05 17:46:45.933210","train",28,0.468144953250885,0.000993503477301269,"","","","","","","","","","","",""
9400,"2026-08-05 17:46:46.758982","train",28,1.1724812984466553,0.0009939934985793034,"","","","","","","","","","","",""
9420,"2026-08-05 17:46:47.641833","train",28,0.281979501247406,0.0009944644236107097,"","","","","","","","","","","",""
9440,"2026-08-05 17:46:48.495487","train",28,0.6288965940475464,0.0009949162334228635,"","","","","","","","","","","",""
9460,"2026-08-05 17:46:49.373054","train",28,0.7386873364448547,0.0009953489098132543,"","","","","","","","","","","",""
9480,"2026-08-05 17:46:50.218254","train",28,0.40446141362190247,0.0009957624353502193,"","","","","","","","","","","",""
9500,"2026-08-05 17:46:51.049690","train",28,0.273357629776001,0.0009961567933736441,"","","","","","","","","","","",""
9520,"2026-08-05 17:46:51.908013","train",28,0.5213809013366699,0.0009965319679956358,"","","","","","","","","","","",""
9540,"2026-08-05 17:46:52.717856","train",28,0.5315237641334534,0.000996887944101162,"","","","","","","","","","","",""
9560,"2026-08-05 17:46:53.478811","train",28,0.19695201516151428,0.0009972247073486598,"","","","","","","","","","","",""
9570,"2026-08-05 17:47:09.594954","val",28,"","",0.799377019818557,0.27688426518384324,0.7022991728585448,0.7193676289334043,0.8719879518072289,0.3359375,0.6455026455026456,0.46534653465346537,0.7630992196209587,0.594679186228482,0.8175435790820407,0.7283546563522761
9580,"2026-08-05 17:47:20.603362","train",29,0.6036521196365356,0.000997542244170614,"","","","","","","","","","","",""
9600,"2026-08-05 17:47:21.522911","train",29,0.7062554359436035,0.0009978405417741035,"","","","","","","","","","","",""
9620,"2026-08-05 17:47:22.328095","train",29,0.45947498083114624,0.0009981195881413165,"","","","","","","","","","","",""
9640,"2026-08-05 17:47:23.124620","train",29,1.11922025680542,0.000998379372030035,"","","","","","","","","","","",""
9660,"2026-08-05 17:47:24.033581","train",29,0.3031696379184723,0.0009986198829740876,"","","","","","","","","","","",""
9680,"2026-08-05 17:47:24.863592","train",29,0.8805348873138428,0.000998841111283771,"","","","","","","","","","","",""
9700,"2026-08-05 17:47:25.682583","train",29,0.8294334411621094,0.0009990430480462408,"","","","","","","","","","","",""
9720,"2026-08-05 17:47:26.556277","train",29,0.4063597321510315,0.0009992256851258704,"","","","","","","","","","","",""
9740,"2026-08-05 17:47:27.431515","train",29,0.9241999387741089,0.0009993890151645782,"","","","","","","","","","","",""
9760,"2026-08-05 17:47:28.401826","train",29,0.6647531986236572,0.0009995330315821247,"","","","","","","","","","","",""
9780,"2026-08-05 17:47:29.259162","train",29,0.42325305938720703,0.0009996577285763775,"","","","","","","","","","","",""
9800,"2026-08-05 17:47:30.187137","train",29,0.8251631259918213,0.0009997631011235454,"","","","","","","","","","","",""
9820,"2026-08-05 17:47:30.991330","train",29,0.8786675930023193,0.0009998491449783797,"","","","","","","","","","","",""
9840,"2026-08-05 17:47:31.761613","train",29,0.9711936712265015,0.0009999158566743461,"","","","","","","","","","","",""
9860,"2026-08-05 17:47:32.653648","train",29,0.3905103802680969,0.0009999632335237645,"","","","","","","","","","","",""
9880,"2026-08-05 17:47:33.464439","train",29,1.2054837942123413,0.0009999912736179167,"","","","","","","","","","","",""
9900,"2026-08-05 17:47:34.296498","train",29,1.1046353578567505,0.0009999999953760402,"","","","","","","","","","","",""
9900,"2026-08-05 17:47:50.239502","val",29,"","",0.8141805863800958,0.2836852934547528,0.7190522921631852,0.7205225862597355,0.7025602409638554,0.2857142857142857,0.6812169312169312,0.5544554455445545,0.7920847268673356,0.6588419405320813,0.8316328162482008,0.7451651294257662
9920,"2026-08-05 17:48:01.555614","train",30,0.7388880848884583,0.0009999979608350798,"","","","","","","","","","","",""
9940,"2026-08-05 17:48:02.416115","train",30,0.2798115313053131,0.0009999922271435838,"","","","","","","","","","","",""
9960,"2026-08-05 17:48:03.210611","train",30,0.4200742244720459,0.0009999827943439723,"","","","","","","","","","","",""
9980,"2026-08-05 17:48:04.115506","train",30,1.0021557807922363,0.0009999696625060323,"","","","","","","","","","","",""
10000,"2026-08-05 17:48:04.931844","train",30,0.32332146167755127,0.0009999528317269184,"","","","","","","","","","","",""
10020,"2026-08-05 17:48:05.734652","train",30,0.7770463228225708,0.00099993230213115,"","","","","","","","","","","",""
10040,"2026-08-05 17:48:06.589794","train",30,0.9304417371749878,0.000999908073870613,"","","","","","","","","","","",""
10060,"2026-08-05 17:48:07.371351","train",30,0.3609854280948639,0.0009998801471245568,"","","","","","","","","","","",""
10080,"2026-08-05 17:48:08.330667","train",30,0.6446343064308167,0.0009998485220995932,"","","","","","","","","","","",""
10100,"2026-08-05 17:48:09.138735","train",30,0.9513363242149353,0.0009998131990296957,"","","","","","","","","","","",""
10120,"2026-08-05 17:48:09.963719","train",30,0.8393604755401611,0.0009997741781761975,"","","","","","","","","","","",""
10140,"2026-08-05 17:48:11.048395","train",30,0.3223521411418915,0.0009997314598277885,"","","","","","","","","","","",""
10160,"2026-08-05 17:48:11.840691","train",30,0.33855244517326355,0.0009996850443005146,"","","","","","","","","","","",""
10180,"2026-08-05 17:48:12.637504","train",30,0.3207257390022278,0.0009996349319377745,"","","","","","","","","","","",""
10200,"2026-08-05 17:48:13.479097","train",30,0.4535948634147644,0.0009995811231103176,"","","","","","","","","","","",""
10220,"2026-08-05 17:48:14.298647","train",30,1.2733029127120972,0.0009995236182162412,"","","","","","","","","","","",""
10230,"2026-08-05 17:48:30.493181","val",30,"","",0.8111591325000974,0.2933262419696165,0.7006869479882237,0.7122181685760954,0.3192771084337349,0.18115942028985507,0.6997354497354498,0.594059405940594,0.8015607580824972,0.6791862284820032,0.8180073564688949,0.7000892591490627
10240,"2026-08-05 17:48:41.493014","train",31,0.8921612501144409,0.0009994624176809872,"","","","","","","","","","","",""
10260,"2026-08-05 17:48:42.306230","train",31,0.3816749155521393,0.000999397521957339,"","","","","","","","","","","",""
10280,"2026-08-05 17:48:43.127741","train",31,0.40245407819747925,0.000999328931525419,"","","","","","","","","","","",""
10300,"2026-08-05 17:48:44.020691","train",31,0.3310268521308899,0.0009992566468926835,"","","","","","","","","","","",""
10320,"2026-08-05 17:48:44.927162","train",31,1.5763566493988037,0.0009991806685939206,"","","","","","","","","","","",""
10340,"2026-08-05 17:48:45.756705","train",31,0.6496027112007141,0.000999100997191245,"","","","","","","","","","","",""
10360,"2026-08-05 17:48:46.552485","train",31,0.7408822774887085,0.0009990176332740947,"","","","","","","","","","","",""
10380,"2026-08-05 17:48:47.368601","train",31,0.4305996894836426,0.000998930577459226,"","","","","","","","","","","",""
10400,"2026-08-05 17:48:48.160727","train",31,0.866309642791748,0.000998839830390709,"","","","","","","","","","","",""
10420,"2026-08-05 17:48:48.976890","train",31,0.6347251534461975,0.0009987453927399231,"","","","","","","","","","","",""
10440,"2026-08-05 17:48:49.786739","train",31,0.4607042968273163,0.000998647265205553,"","","","","","","","","","","",""
10460,"2026-08-05 17:48:50.692305","train",31,0.5926276445388794,0.0009985454485135804,"","","","","","","","","","","",""
10480,"2026-08-05 17:48:51.542007","train",31,0.4476557970046997,0.000998439943417283,"","","","","","","","","","","",""
10500,"2026-08-05 17:48:52.437256","train",31,0.5368633270263672,0.000998330750697225,"","","","","","","","","","","",""
10520,"2026-08-05 17:48:53.330368","train",31,0.9102696180343628,0.0009982178711612538,"","","","","","","","","","","",""
10540,"2026-08-05 17:48:54.195050","train",31,1.4482512474060059,0.0009981013056444927,"","","","","","","","","","","",""
10560,"2026-08-05 17:48:54.980325","train",31,0.30295330286026,0.0009979810550093354,"","","","","","","","","","","",""
10560,"2026-08-05 17:49:10.759474","val",31,"","",0.806899505509481,0.25980712251391247,0.7302677695219403,0.7477085195668971,0.6227409638554217,0.25997045790251105,0.6494708994708995,0.5742574257425742,0.7603121516164995,0.594679186228482,0.8290260674876059,0.7685212734305267
10580,"2026-08-05 17:49:22.033383","train",32,0.5390912294387817,0.0009978571201454398,"","","","","","","","","","","",""
10600,"2026-08-05 17:49:22.934767","train",32,0.8997434973716736,0.0009977295019697205,"","","","","","","","","","","",""
10620,"2026-08-05 17:49:23.776071","train",32,0.6702413558959961,0.000997598201426343,"","","","","","","","","","","",""
10640,"2026-08-05 17:49:24.598582","train",32,0.4819861054420471,0.000997463219486716,"","","","","","","","","","","",""
10660,"2026-08-05 17:49:25.437477","train",32,0.44350767135620117,0.0009973245571494845,"","","","","","","","","","","",""
10680,"2026-08-05 17:49:26.234287","train",32,0.29879456758499146,0.0009971822154405227,"","","","","","","","","","","",""
10700,"2026-08-05 17:49:27.067097","train",32,0.6383142471313477,0.0009970361954129258,"","","","","","","","","","","",""
10720,"2026-08-05 17:49:27.902548","train",32,0.3148760199546814,0.0009968864981470028,"","","","","","","","","","","",""
10740,"2026-08-05 17:49:28.735294","train",32,0.8084467649459839,0.0009967331247502677,"","","","","","","","","","","",""
10760,"2026-08-05 17:49:29.573107","train",32,0.2950296103954315,0.0009965760763574328,"","","","","","","","","","","",""
10780,"2026-08-05 17:49:30.455083","train",32,0.44334176182746887,0.0009964153541303982,"","","","","","","","","","","",""
10800,"2026-08-05 17:49:31.313942","train",32,0.9175055623054504,0.0009962509592582455,"","","","","","","","","","","",""
10820,"2026-08-05 17:49:32.152939","train",32,0.5637893676757812,0.000996082892957227,"","","","","","","","","","","",""
10840,"2026-08-05 17:49:33.005486","train",32,0.25325116515159607,0.0009959111564707575,"","","","","","","","","","","",""
10860,"2026-08-05 17:49:33.799181","train",32,1.3130717277526855,0.000995735751069406,"","","","","","","","","","","",""
10880,"2026-08-05 17:49:34.668308","train",32,0.31835347414016724,0.000995556678050885,"","","","","","","","","","","",""
10890,"2026-08-05 17:49:50.878294","val",32,"","",0.8067515477163882,0.28920027007008725,0.7029300434599748,0.7028380971864576,0.7048192771084337,0.2949640287769784,0.6917989417989419,0.5841584158415841,0.7876254180602007,0.651017214397496,0.8159763313609467,0.7258256471288307
10900,"2026-08-05 17:50:01.809259","train",33,0.9275391101837158,0.000995373938740041,"","","","","","","","","","","",""
10920,"2026-08-05 17:50:02.632273","train",33,0.7645221948623657,0.0009951875344888454,"","","","","","","","","","","",""
10940,"2026-08-05 17:50:03.438784","train",33,0.8831510543823242,0.000994997466676384,"","","","","","","","","","","",""
10960,"2026-08-05 17:50:04.502237","train",33,1.000426173210144,0.0009948037367088474,"","","","","","","","","","","",""
10980,"2026-08-05 17:50:05.318524","train",33,0.5590575337409973,0.0009946063460195196,"","","","","","","","","","","",""
11000,"2026-08-05 17:50:06.130029","train",33,1.3181629180908203,0.000994405296068768,"","","","","","","","","","","",""
11020,"2026-08-05 17:50:06.998538","train",33,0.33488714694976807,0.0009942005883440332,"","","","","","","","","","","",""
11040,"2026-08-05 17:50:07.794352","train",33,0.3475487232208252,0.0009939922243598163,"","","","","","","","","","","",""
11060,"2026-08-05 17:50:08.645036","train",33,1.8505926132202148,0.0009937802056576694,"","","","","","","","","","","",""
11080,"2026-08-05 17:50:09.478764","train",33,0.9634126424789429,0.0009935645338061834,"","","","","","","","","","","",""
11100,"2026-08-05 17:50:10.280500","train",33,0.3935187757015228,0.0009933452104009765,"","","","","","","","","","","",""
11120,"2026-08-05 17:50:11.082091","train",33,1.0027762651443481,0.0009931222370646823,"","","","","","","","","","","",""
11140,"2026-08-05 17:50:11.906018","train",33,0.5536075234413147,0.0009928956154469381,"","","","","","","","","","","",""
11160,"2026-08-05 17:50:12.737840","train",33,0.7896020412445068,0.0009926653472243723,"","","","","","","","","","","",""
11180,"2026-08-05 17:50:13.563712","train",33,0.37838467955589294,0.000992431434100592,"","","","","","","","","","","",""
11200,"2026-08-05 17:50:14.367777","train",33,0.5807545185089111,0.0009921938778061719,"","","","","","","","","","","",""
11220,"2026-08-05 17:50:15.228363","train",33,0.3243900239467621,0.0009919526800986382,"","","","","","","","","","","",""
11220,"2026-08-05 17:50:30.980732","val",33,"","",0.8157068878246312,0.3023875714037835,0.7421842142156175,0.7550424911110722,0.7371987951807228,0.3116370808678501,0.6693121693121693,0.5544554455445545,0.7814938684503903,0.6384976525821596,0.830849192387654,0.7664385599523951
11240,"2026-08-05 17:50:42.199808","train",34,0.6075133681297302,0.0009917078427624589,"","","","","","","","","","","",""
11260,"2026-08-05 17:50:43.030770","train",34,0.4457191824913025,0.0009914593676090288,"","","","","","","","","","","",""
11280,"2026-08-05 17:50:43.891776","train",34,0.7064893245697021,0.0009912072564766572,"","","","","","","","","","","",""
11300,"2026-08-05 17:50:44.697782","train",34,0.27950698137283325,0.0009909515112305528,"","","","","","","","","","","",""
11320,"2026-08-05 17:50:45.544174","train",34,0.45129215717315674,0.0009906921337628112,"","","","","","","","","","","",""
11340,"2026-08-05 17:50:46.426218","train",34,0.26628920435905457,0.0009904291259924011,"","","","","","","","","","","",""
11360,"2026-08-05 17:50:47.211089","train",34,0.2882115840911865,0.000990162489865148,"","","","","","","","","","","",""
11380,"2026-08-05 17:50:48.129055","train",34,0.2323695719242096,0.0009898922273537227,"","","","","","","","","","","",""
11400,"2026-08-05 17:50:48.956276","train",34,0.26004886627197266,0.0009896183404576248,"","","","","","","","","","","",""
11420,"2026-08-05 17:50:49.771446","train",34,0.872347354888916,0.0009893408312031682,"","","","","","","","","","","",""
11440,"2026-08-05 17:50:50.646943","train",34,0.2951923608779907,0.0009890597016434667,"","","","","","","","","","","",""
11460,"2026-08-05 17:50:51.491835","train",34,0.34437626600265503,0.000988774953858418,"","","","","","","","","","","",""
11480,"2026-08-05 17:50:52.359056","train",34,0.5784825086593628,0.000988486589954689,"","","","","","","","","","","",""
11500,"2026-08-05 17:50:53.188820","train",34,0.6010863184928894,0.0009881946120657002,"","","","","","","","","","","",""
11520,"2026-08-05 17:50:53.987666","train",34,1.2082500457763672,0.000987899022351609,"","","","","","","","","","","",""
11540,"2026-08-05 17:50:54.835575","train",34,0.8362281322479248,0.000987599822999295,"","","","","","","","","","","",""
11550,"2026-08-05 17:51:11.092762","val",34,"","",0.8229801814429778,0.3070165774230293,0.745198373755783,0.762733653313094,0.7198795180722891,0.3111111111111111,0.6838624338624338,0.5643564356435643,0.8121516164994427,0.7167449139280125,0.8338557492403647,0.7569175840523654
11560,"2026-08-05 17:51:21.927441","train",35,0.4878007173538208,0.0009872970162223427,"","","","","","","","","","","",""
11580,"2026-08-05 17:51:22.737188","train",35,0.2838362455368042,0.0009869906042610263,"","","","","","","","","","","",""
11600,"2026-08-05 17:51:23.588250","train",35,1.5807381868362427,0.0009866805893822919,"","","","","","","","","","","",""
11620,"2026-08-05 17:51:24.571736","train",35,0.7798194885253906,0.0009863669738797412,"","","","","","","","","","","",""
11640,"2026-08-05 17:51:25.364426","train",35,0.3751434087753296,0.0009860497600736153,"","","","","","","","","","","",""
11660,"2026-08-05 17:51:26.242146","train",35,0.8943042159080505,0.000985728950310776,"","","","","","","","","","","",""
11680,"2026-08-05 17:51:27.069011","train",35,0.6076416969299316,0.0009854045469646897,"","","","","","","","","","","",""
11700,"2026-08-05 17:51:27.954511","train",35,0.7806861400604248,0.0009850765524354096,"","","","","","","","","","","",""
11720,"2026-08-05 17:51:28.811225","train",35,0.23491495847702026,0.0009847449691495576,"","","","","","","","","","","",""
11740,"2026-08-05 17:51:29.653124","train",35,0.5216390490531921,0.0009844097995603063,"","","","","","","","","","","",""
11760,"2026-08-05 17:51:30.452300","train",35,0.6321268081665039,0.0009840710461473615,"","","","","","","","","","","",""
11780,"2026-08-05 17:51:31.285612","train",35,0.5837937593460083,0.0009837287114169428,"","","","","","","","","","","",""
11800,"2026-08-05 17:51:32.158709","train",35,1.5203857421875,0.0009833827979017667,"","","","","","","","","","","",""
11820,"2026-08-05 17:51:33.020097","train",35,1.2927045822143555,0.0009830333081610257,"","","","","","","","","","","",""
11840,"2026-08-05 17:51:33.943464","train",35,0.9715082049369812,0.0009826802447803712,"","","","","","","","","","","",""
11860,"2026-08-05 17:51:34.819477","train",35,0.8446058630943298,0.0009823236103718932,"","","","","","","","","","","",""
11880,"2026-08-05 17:51:35.626039","train",35,1.0510799884796143,0.0009819634075741023,"","","","","","","","","","","",""
11880,"2026-08-05 17:51:51.783774","val",35,"","",0.8081298913678309,0.2904088958827429,0.692766017103603,0.7128213774713456,0.5587349397590361,0.24093264248704663,0.6693121693121693,0.5247524752475248,0.7874396135265702,0.647887323943662,0.8212857828242444,0.7058911038381435
11900,"2026-08-05 17:52:03.071394","train",36,1.1222680807113647,0.000981599639051908,"","","","","","","","","","","",""
11920,"2026-08-05 17:52:03.893126","train",36,0.35942769050598145,0.0009812323074966018,"","","","","","","","","","","",""
11940,"2026-08-05 17:52:04.759204","train",36,0.24636870622634888,0.000980861415625835,"","","","","","","","","","","",""
11960,"2026-08-05 17:52:05.563511","train",36,0.37700310349464417,0.0009804869661835989,"","","","","","","","","","","",""
11980,"2026-08-05 17:52:06.381935","train",36,1.0707553625106812,0.0009801089619402062,"","","","","","","","","","","",""
12000,"2026-08-05 17:52:07.204007","train",36,0.5331270098686218,0.0009797274056922685,"","","","","","","","","","","",""
12020,"2026-08-05 17:52:08.036584","train",36,0.5682809352874756,0.0009793423002626767,"","","","","","","","","","","",""
12040,"2026-08-05 17:52:08.903420","train",36,0.3525388836860657,0.0009789536485005795,"","","","","","","","","","","",""
12060,"2026-08-05 17:52:09.722638","train",36,0.8636192679405212,0.0009785614532813632,"","","","","","","","","","","",""
12080,"2026-08-05 17:52:10.574806","train",36,1.7170908451080322,0.000978165717506629,"","","","","","","","","","","",""
12100,"2026-08-05 17:52:11.390878","train",36,0.31289055943489075,0.0009777664441041735,"","","","","","","","","","","",""
12120,"2026-08-05 17:52:12.181986","train",36,0.744841456413269,0.0009773636360279653,"","","","","","","","","","","",""
12140,"2026-08-05 17:52:13.047234","train",36,0.7065737247467041,0.0009769572962581236,"","","","","","","","","","","",""
12160,"2026-08-05 17:52:13.925399","train",36,0.8005437850952148,0.000976547427800897,"","","","","","","","","","","",""
12180,"2026-08-05 17:52:14.801700","train",36,0.3584387004375458,0.00097613403368864,"","","","","","","","","","","",""
12200,"2026-08-05 17:52:15.626885","train",36,1.546581506729126,0.0009757171169797916,"","","","","","","","","","","",""
12210,"2026-08-05 17:52:31.859219","val",36,"","",0.8003893626134018,0.2815957081724228,0.6830225711481845,0.6937732799245261,0.6935240963855421,0.27450980392156865,0.6759259259259259,0.5148514851485149,0.7749907097733185,0.5899843505477308,0.8150327842635536,0.711841713775662
12220,"2026-08-05 17:52:42.784286","train",37,0.42830440402030945,0.0009752966807588519,"","","","","","","","","","","",""
12240,"2026-08-05 17:52:43.594613","train",37,0.226082444190979,0.0009748727281363598,"","","","","","","","","","","",""
12260,"2026-08-05 17:52:44.487714","train",37,0.29555970430374146,0.0009744452622488699,"","","","","","","","","","","",""
12280,"2026-08-05 17:52:45.328739","train",37,0.4319726824760437,0.0009740142862589289,"","","","","","","","","","","",""
12300,"2026-08-05 17:52:46.151851","train",37,0.43227285146713257,0.0009735798033550528,"","","","","","","","","","","",""
12320,"2026-08-05 17:52:46.956270","train",37,0.9715908765792847,0.0009731418167517028,"","","","","","","","","","","",""
12340,"2026-08-05 17:52:47.769222","train",37,0.8980637192726135,0.000972700329689262,"","","","","","","","","","","",""
12360,"2026-08-05 17:52:48.638283","train",37,0.6435428857803345,0.0009722553454340109,"","","","","","","","","","","",""
12380,"2026-08-05 17:52:49.611469","train",37,0.46081462502479553,0.0009718068672781036,"","","","","","","","","","","",""
12400,"2026-08-05 17:52:50.435215","train",37,0.8990753293037415,0.0009713548985395432,"","","","","","","","","","","",""
12420,"2026-08-05 17:52:51.236916","train",37,0.6157333850860596,0.0009708994425621578,"","","","","","","","","","","",""
12440,"2026-08-05 17:52:52.141487","train",37,0.41841834783554077,0.0009704405027155748,"","","","","","","","","","","",""
12460,"2026-08-05 17:52:52.968059","train",37,0.7325294613838196,0.0009699780823951968,"","","","","","","","","","","",""
12480,"2026-08-05 17:52:53.781045","train",37,0.6050640344619751,0.0009695121850221765,"","","","","","","","","","","",""
12500,"2026-08-05 17:52:54.633574","train",37,0.2875617444515228,0.0009690428140433901,"","","","","","","","","","","",""
12520,"2026-08-05 17:52:55.497897","train",37,0.31249260902404785,0.0009685699729314143,"","","","","","","","","","","",""
12540,"2026-08-05 17:52:56.242311","train",37,0.2958950996398926,0.0009680936651844978,"","","","","","","","","","","",""
12540,"2026-08-05 17:53:11.959761","val",37,"","",0.8208542615738037,0.2841932181333853,0.7345436702649657,0.7475838407278576,0.6679216867469879,0.2852512155591572,0.6878306878306878,0.5445544554455446,0.8225566703827574,0.730829420970266,0.8259075643691027,0.7463552514132699
12560,"2026-08-05 17:53:23.250443","train",38,0.8666328191757202,0.0009676138943265374,"","","","","","","","","","","",""
12580,"2026-08-05 17:53:24.130709","train",38,0.25751060247421265,0.0009671306639070506,"","","","","","","","","","","",""
12600,"2026-08-05 17:53:24.977880","train",38,0.2333519458770752,0.0009666439775011509,"","","","","","","","","","","",""
12620,"2026-08-05 17:53:25.811342","train",38,0.5560829639434814,0.0009661538387095197,"","","","","","","","","","","",""
12640,"2026-08-05 17:53:26.720319","train",38,1.0113496780395508,0.0009656602511583806,"","","","","","","","","","","",""
12660,"2026-08-05 17:53:27.530548","train",38,0.6219806671142578,0.0009651632184994726,"","","","","","","","","","","",""
12680,"2026-08-05 17:53:28.382023","train",38,0.3566192388534546,0.0009646627444100225,"","","","","","","","","","","",""
12700,"2026-08-05 17:53:29.195923","train",38,0.2695457339286804,0.0009641588325927184,"","","","","","","","","","","",""
12720,"2026-08-05 17:53:30.033602","train",38,0.39542391896247864,0.0009636514867756814,"","","","","","","","","","","",""
12740,"2026-08-05 17:53:30.971173","train",38,1.459919810295105,0.0009631407107124391,"","","","","","","","","","","",""
12760,"2026-08-05 17:53:31.755162","train",38,0.7206177711486816,0.0009626265081818975,"","","","","","","","","","","",""
12780,"2026-08-05 17:53:32.565974","train",38,0.3965716063976288,0.0009621088829883118,"","","","","","","","","","","",""
12800,"2026-08-05 17:53:33.399131","train",38,0.4473259150981903,0.0009615878389612605,"","","","","","","","","","","",""
12820,"2026-08-05 17:53:34.239938","train",38,1.0707457065582275,0.0009610633799556149,"","","","","","","","","","","",""
12840,"2026-08-05 17:53:35.074267","train",38,0.9377949833869934,0.0009605355098515122,"","","","","","","","","","","",""
12860,"2026-08-05 17:53:35.884082","train",38,0.24139007925987244,0.000960004232554326,"","","","","","","","","","","",""
12870,"2026-08-05 17:53:52.252008","val",38,"","",0.8237978429311218,0.3220648990455659,0.7308986401233702,0.7629810569553087,0.8260542168674698,0.33810888252148996,0.6679894179894179,0.48514851485148514,0.8156819026384244,0.704225352112676,0.8320965936350552,0.7433799464445106
12880,"2026-08-05 17:54:03.427463","train",39,1.684419870376587,0.0009594695519946373,"","","","","","","","","","","",""
12900,"2026-08-05 17:54:04.430683","train",39,0.8074252009391785,0.0009589314721282059,"","","","","","","","","","","",""
12920,"2026-08-05 17:54:05.353535","train",39,0.5236082673072815,0.0009583899969359406,"","","","","","","","","","","",""
12940,"2026-08-05 17:54:06.421683","train",39,0.5398157835006714,0.0009578451304238705,"","","","","","","","","","","",""
12960,"2026-08-05 17:54:07.260746","train",39,0.5012280941009521,0.0009572968766231145,"","","","","","","","","","","",""
12980,"2026-08-05 17:54:08.149656","train",39,0.28294962644577026,0.0009567452395898524,"","","","","","","","","","","",""
13000,"2026-08-05 17:54:09.092713","train",39,0.9267624616622925,0.0009561902234052934,"","","","","","","","","","","",""
13020,"2026-08-05 17:54:09.943066","train",39,0.7831721305847168,0.000955631832175648,"","","","","","","","","","","",""
13040,"2026-08-05 17:54:10.920793","train",39,0.7274899482727051,0.0009550700700320959,"","","","","","","","","","","",""
13060,"2026-08-05 17:54:11.813730","train",39,0.4367716312408447,0.0009545049411307559,"","","","","","","","","","","",""
13080,"2026-08-05 17:54:12.642381","train",39,0.24707283079624176,0.000953936449652656,"","","","","","","","","","","",""
13100,"2026-08-05 17:54:13.682023","train",39,0.36552345752716064,0.0009533645998037009,"","","","","","","","","","","",""
13120,"2026-08-05 17:54:14.686268","train",39,0.8809655904769897,0.0009527893958146422,"","","","","","","","","","","",""
13140,"2026-08-05 17:54:15.663688","train",39,1.1086827516555786,0.0009522108419410466,"","","","","","","","","","","",""
13160,"2026-08-05 17:54:16.530879","train",39,0.9765285849571228,0.0009516289424632647,"","","","","","","","","","","",""
13180,"2026-08-05 17:54:17.372226","train",39,0.28791847825050354,0.0009510437016863984,"","","","","","","","","","","",""
13200,"2026-08-05 17:54:18.148615","train",39,0.19607020914554596,0.0009504551239402702,"","","","","","","","","","","",""
13200,"2026-08-05 17:54:33.957741","val",39,"","",0.8253319316279252,0.279525630974588,0.753189401373896,0.7761149985198066,0.8945783132530121,0.3805309734513274,0.7195767195767195,0.6435643564356436,0.7998885172798216,0.6854460093896714,0.8330721253798177,0.7634632549836359
13220,"2026-08-05 17:54:45.390780","train",40,0.21567323803901672,0.0009498632135793907,"","","","","","","","","","","",""
13240,"2026-08-05 17:54:46.349612","train",40,0.9578754901885986,0.0009492679749829264,"","","","","","","","","","","",""
13260,"2026-08-05 17:54:47.136490","train",40,0.3493072986602783,0.0009486694125546672,"","","","","","","","","","","",""
13280,"2026-08-05 17:54:47.979475","train",40,0.6249289512634277,0.000948067530722994,"","","","","","","","","","","",""
13300,"2026-08-05 17:54:48.819265","train",40,0.3045946955680847,0.0009474623339408456,"","","","","","","","","","","",""
13320,"2026-08-05 17:54:49.679247","train",40,0.3169000446796417,0.0009468538266856862,"","","","","","","","","","","",""
13340,"2026-08-05 17:54:50.562292","train",40,0.5635454654693604,0.0009462420134594722,"","","","","","","","","","","",""
13360,"2026-08-05 17:54:51.378514","train",40,1.382053256034851,0.0009456268987886185,"","","","","","","","","","","",""
13380,"2026-08-05 17:54:52.262278","train",40,0.5382869243621826,0.0009450084872239655,"","","","","","","","","","","",""
13400,"2026-08-05 17:54:53.111229","train",40,0.6108224391937256,0.000944386783340745,"","","","","","","","","","","",""
13420,"2026-08-05 17:54:53.883481","train",40,0.2500377297401428,0.0009437617917385465,"","","","","","","","","","","",""
13440,"2026-08-05 17:54:54.760804","train",40,0.7744467258453369,0.0009431335170412836,"","","","","","","","","","","",""
13460,"2026-08-05 17:54:55.605210","train",40,0.37514376640319824,0.0009425019638971592,"","","","","","","","","","","",""
13480,"2026-08-05 17:54:56.465117","train",40,1.5873385667800903,0.0009418671369786314,"","","","","","","","","","","",""
13500,"2026-08-05 17:54:57.264605","train",40,0.44261500239372253,0.0009412290409823789,"","","","","","","","","","","",""
13520,"2026-08-05 17:54:58.084077","train",40,0.9346754550933838,0.0009405876806292657,"","","","","","","","","","","",""
13530,"2026-08-05 17:55:14.231922","val",40,"","",0.8110345364638087,0.24955591030869273,0.7142857142857143,0.744964383440693,0.7319277108433735,0.2992125984251969,0.6613756613756614,0.48514851485148514,0.7878112225938313,0.6400625978090767,0.8233487925795618,0.7323713180601011
13540,"2026-08-05 17:55:25.153926","train",41,0.7740018367767334,0.0009399430606643075,"","","","","","","","","","","",""
13560,"2026-08-05 17:55:26.062080","train",41,0.926892101764679,0.0009392951858566352,"","","","","","","","","","","",""
13580,"2026-08-05 17:55:26.865780","train",41,0.9628582000732422,0.0009386440609994606,"","","","","","","","","","","",""
13600,"2026-08-05 17:55:27.771288","train",41,0.5894520282745361,0.0009379896909100403,"","","","","","","","","","","",""
13620,"2026-08-05 17:55:28.747709","train",41,0.9547443389892578,0.0009373320804296402,"","","","","","","","","","","",""
13640,"2026-08-05 17:55:29.579222","train",41,0.35100919008255005,0.0009366712344235001,"","","","","","","","","","","",""
13660,"2026-08-05 17:55:30.421968","train",41,0.6662970781326294,0.000936007157780797,"","","","","","","","","","","",""
13680,"2026-08-05 17:55:31.349476","train",41,1.100385308265686,0.0009353398554146096,"","","","","","","","","","","",""
13700,"2026-08-05 17:55:32.182889","train",41,0.746785581111908,0.0009346693322618817,"","","","","","","","","","","",""
13720,"2026-08-05 17:55:32.999561","train",41,0.7766669988632202,0.0009339955932833856,"","","","","","","","","","","",""
13740,"2026-08-05 17:55:33.810582","train",41,0.33942580223083496,0.0009333186434636852,"","","","","","","","","","","",""
13760,"2026-08-05 17:55:34.630561","train",41,0.5297623872756958,0.0009326384878110994,"","","","","","","","","","","",""
13780,"2026-08-05 17:55:35.477526","train",41,0.3805873394012451,0.0009319551313576655,"","","","","","","","","","","",""
13800,"2026-08-05 17:55:36.267627","train",41,0.5612999200820923,0.000931268579159101,"","","","","","","","","","","",""
13820,"2026-08-05 17:55:37.189992","train",41,0.2908218502998352,0.0009305788362947666,"","","","","","","","","","","",""
13840,"2026-08-05 17:55:38.001195","train",41,0.3214423656463623,0.000929885907867629,"","","","","","","","","","","",""
13860,"2026-08-05 17:55:38.787884","train",41,0.23780323565006256,0.0009291897990042229,"","","","","","","","","","","",""
13860,"2026-08-05 17:55:54.560488","val",41,"","",0.8150839076431882,0.2542328186786705,0.7216458713023973,0.7170985352731133,0.7981927710843374,0.3399014778325123,0.7341269841269842,0.6534653465346535,0.8164251207729469,0.729264475743349,0.8131616823924517,0.7052960428443915
13880,"2026-08-05 17:56:05.882073","train",42,0.7824710607528687,0.0009284905148546127,"","","","","","","","","","","",""
13900,"2026-08-05 17:56:06.775956","train",42,0.9724743366241455,0.0009277880605923551,"","","","","","","","","","","",""
13920,"2026-08-05 17:56:07.586381","train",42,0.4098692834377289,0.0009270824414144598,"","","","","","","","","","","",""
13940,"2026-08-05 17:56:08.478639","train",42,0.7814563512802124,0.0009263736625413523,"","","","","","","","","","","",""
13960,"2026-08-05 17:56:09.390601","train",42,0.6456217169761658,0.0009256617292168344,"","","","","","","","","","","",""
13980,"2026-08-05 17:56:10.266012","train",42,1.6326045989990234,0.0009249466467080459,"","","","","","","","","","","",""
14000,"2026-08-05 17:56:11.131588","train",42,1.258318305015564,0.0009242284203054251,"","","","","","","","","","","",""
14020,"2026-08-05 17:56:12.049086","train",42,0.510736882686615,0.0009235070553226701,"","","","","","","","","","","",""
14040,"2026-08-05 17:56:12.851991","train",42,0.2391994595527649,0.0009227825570966992,"","","","","","","","","","","",""
14060,"2026-08-05 17:56:13.709928","train",42,0.33575403690338135,0.000922054930987612,"","","","","","","","","","","",""
14080,"2026-08-05 17:56:14.523367","train",42,0.4110521078109741,0.0009213241823786488,"","","","","","","","","","","",""
14100,"2026-08-05 17:56:15.423524","train",42,0.25049421191215515,0.0009205903166761517,"","","","","","","","","","","",""
14120,"2026-08-05 17:56:16.285725","train",42,0.4542343020439148,0.0009198533393095235,"","","","","","","","","","","",""
14140,"2026-08-05 17:56:17.066311","train",42,0.5394188761711121,0.0009191132557311893,"","","","","","","","","","","",""
14160,"2026-08-05 17:56:17.886533","train",42,3.3910980224609375,0.000918370071416554,"","","","","","","","","","","",""
14180,"2026-08-05 17:56:18.737604","train",42,0.28264671564102173,0.0009176237918639635,"","","","","","","","","","","",""
14190,"2026-08-05 17:56:34.977889","val",42,"","",0.8218354553595763,0.3081422264625991,0.7440067292864152,0.7530130853071972,0.7590361445783133,0.3191489361702128,0.6613756613756614,0.48514851485148514,0.7946859903381642,0.672926447574335,0.8361266592035823,0.7740255876227313
14200,"2026-08-05 17:56:46.027137","train",43,0.4033135175704956,0.0009168744225946633,"","","","","","","","","","","",""
14220,"2026-08-05 17:56:46.879419","train",43,0.29057884216308594,0.0009161219691527575,"","","","","","","","","","","",""
14240,"2026-08-05 17:56:47.677440","train",43,1.1872305870056152,0.0009153664371051681,"","","","","","","","","","","",""
14260,"2026-08-05 17:56:48.499344","train",43,0.5837957859039307,0.0009146078320415942,"","","","","","","","","","","",""
14280,"2026-08-05 17:56:49.446840","train",43,0.3794499635696411,0.0009138461595744694,"","","","","","","","","","","",""
14300,"2026-08-05 17:56:50.303546","train",43,0.342688649892807,0.0009130814253389216,"","","","","","","","","","","",""
14320,"2026-08-05 17:56:51.151495","train",43,0.6526167988777161,0.0009123136349927306,"","","","","","","","","","","",""
14340,"2026-08-05 17:56:52.108676","train",43,0.42945796251296997,0.0009115427942162865,"","","","","","","","","","","",""
14360,"2026-08-05 17:56:52.880358","train",43,0.3965471386909485,0.0009107689087125475,"","","","","","","","","","","",""
14380,"2026-08-05 17:56:53.871654","train",43,0.5921404957771301,0.0009099919842069977,"","","","","","","","","","","",""
14400,"2026-08-05 17:56:54.759619","train",43,0.37915778160095215,0.0009092120264476049,"","","","","","","","","","","",""
14420,"2026-08-05 17:56:55.543548","train",43,1.0262295007705688,0.0009084290412047783,"","","","","","","","","","","",""
14440,"2026-08-05 17:56:56.425322","train",43,0.4313611686229706,0.000907643034271325,"","","","","","","","","","","",""
14460,"2026-08-05 17:56:57.236228","train",43,1.1263835430145264,0.0009068540114624081,"","","","","","","","","","","",""
14480,"2026-08-05 17:56:58.052371","train",43,0.888202965259552,0.0009060619786155029,"","","","","","","","","","","",""
14500,"2026-08-05 17:56:58.863421","train",43,0.5441586375236511,0.0009052669415903542,"","","","","","","","","","","",""
14520,"2026-08-05 17:56:59.541708","train",43,0.29463452100753784,0.0009044689062689329,"","","","","","","","","","","",""
14520,"2026-08-05 17:57:15.450576","val",43,"","",0.8193435346338045,0.3008189590301807,0.7306182531894013,0.7517652758886323,0.7786144578313253,0.334841628959276,0.6904761904761905,0.5247524752475248,0.7887402452619845,0.6447574334898278,0.8319366703982088,0.7587027670336209
14540,"2026-08-05 17:57:26.784444","train",44,0.28824958205223083,0.0009036678785553922,"","","","","","","","","","","",""
14560,"2026-08-05 17:57:27.590775","train",44,0.7009537816047668,0.0009028638643760243,"","","","","","","","","","","",""
14580,"2026-08-05 17:57:28.462922","train",44,0.28268858790397644,0.0009020568696792159,"","","","","","","","","","","",""
14600,"2026-08-05 17:57:29.257567","train",44,0.34124675393104553,0.0009012469004354052,"","","","","","","","","","","",""
14620,"2026-08-05 17:57:30.110189","train",44,1.1388490200042725,0.0009004339626370371,"","","","","","","","","","","",""
14640,"2026-08-05 17:57:30.979406","train",44,0.28983932733535767,0.0008996180622985184,"","","","","","","","","","","",""
14660,"2026-08-05 17:57:31.861429","train",44,0.5649861693382263,0.0008987992054561744,"","","","","","","","","","","",""
14680,"2026-08-05 17:57:32.749165","train",44,0.4835072457790375,0.0008979773981682035,"","","","","","","","","","","",""
14700,"2026-08-05 17:57:33.573484","train",44,0.4242445230484009,0.0008971526465146324,"","","","","","","","","","","",""
14720,"2026-08-05 17:57:34.400979","train",44,0.2628254294395447,0.0008963249565972717,"","","","","","","","","","","",""
14740,"2026-08-05 17:57:35.226359","train",44,0.27699658274650574,0.0008954943345396698,"","","","","","","","","","","",""
14760,"2026-08-05 17:57:36.040457","train",44,1.863120436668396,0.0008946607864870686,"","","","","","","","","","","",""
14780,"2026-08-05 17:57:36.975470","train",44,1.2519340515136719,0.0008938243186063572,"","","","","","","","","","","",""
14800,"2026-08-05 17:57:37.789825","train",44,0.3189275860786438,0.000892984937086027,"","","","","","","","","","","",""
14820,"2026-08-05 17:57:38.668116","train",44,0.3703160285949707,0.0008921426481361253,"","","","","","","","","","","",""
14840,"2026-08-05 17:57:39.502058","train",44,1.084788203239441,0.0008912974579882096,"","","","","","","","","","","",""
14850,"2026-08-05 17:57:55.820589","val",44,"","",0.8232527352723592,0.29134830242959875,0.731459413991308,0.756842100425058,0.786144578313253,0.3456221198156682,0.6626984126984128,0.504950495049505,0.7937569676700111,0.6604068857589984,0.8375979529825684,0.7439750074382624
14860,"2026-08-05 17:58:06.833755","train",45,0.34941428899765015,0.0008904493728953018,"","","","","","","","","","","",""
14880,"2026-08-05 17:58:07.682722","train",45,1.2704533338546753,0.0008895983991318411,"","","","","","","","","","","",""
14900,"2026-08-05 17:58:08.556482","train",45,0.7978019118309021,0.0008887445429936388,"","","","","","","","","","","",""
14920,"2026-08-05 17:58:09.398601","train",45,0.9760253429412842,0.0008878878107978304,"","","","","","","","","","","",""
14940,"2026-08-05 17:58:10.240761","train",45,0.4186963737010956,0.0008870282088828301,"","","","","","","","","","","",""
14960,"2026-08-05 17:58:11.045109","train",45,0.3003309369087219,0.000886165743608283,"","","","","","","","","","","",""
14980,"2026-08-05 17:58:11.889042","train",45,0.3488140106201172,0.0008853004213550183,"","","","","","","","","","","",""
15000,"2026-08-05 17:58:12.747343","train",45,0.4683230519294739,0.0008844322485250022,"","","","","","","","","","","",""
15020,"2026-08-05 17:58:13.610438","train",45,0.7137296795845032,0.0008835612315412907,"","","","","","","","","","","",""
15040,"2026-08-05 17:58:14.431778","train",45,0.30100178718566895,0.0008826873768479818,"","","","","","","","","","","",""
15060,"2026-08-05 17:58:15.276444","train",45,0.3036312460899353,0.0008818106909101677,"","","","","","","","","","","",""
15080,"2026-08-05 17:58:16.116968","train",45,0.5304298996925354,0.0008809311802138875,"","","","","","","","","","","",""
15100,"2026-08-05 17:58:17.006002","train",45,0.46028566360473633,0.0008800488512660785,"","","","","","","","","","","",""
15120,"2026-08-05 17:58:17.849829","train",45,1.9543638229370117,0.0008791637105945286,"","","","","","","","","","","",""
15140,"2026-08-05 17:58:18.729292","train",45,0.48163509368896484,0.0008782757647478281,"","","","","","","","","","","",""
15160,"2026-08-05 17:58:19.635327","train",45,0.45176437497138977,0.0008773850202953205,"","","","","","","","","","","",""
15180,"2026-08-05 17:58:20.324646","train",45,0.5510808229446411,0.000876491483827055,"","","","","","","","","","","",""
15180,"2026-08-05 17:58:35.971261","val",45,"","",0.8214772417552467,0.3055824946013094,0.7375578298051311,0.7438004034238258,0.7033132530120482,0.298932384341637,0.6759259259259259,0.5247524752475248,0.8071348940914158,0.6838810641627543,0.8355669278746202,0.7622731329961321
15200,"2026-08-05 17:58:47.229737","train",46,0.4078141748905182,0.0008755951619537365,"","","","","","","","","","","",""
15220,"2026-08-05 17:58:48.070644","train",46,0.25602927803993225,0.0008746960613066779,"","","","","","","","","","","",""
15240,"2026-08-05 17:58:48.891533","train",46,0.3175385296344757,0.0008737941885377502,"","","","","","","","","","","",""
15260,"2026-08-05 17:58:49.738367","train",46,1.0965590476989746,0.0008728895503193332,"","","","","","","","","","","",""
15280,"2026-08-05 17:58:50.631905","train",46,1.2876412868499756,0.0008719821533442674,"","","","","","","","","","","",""
15300,"2026-08-05 17:58:51.450139","train",46,1.1238526105880737,0.0008710720043258027,"","","","","","","","","","","",""
15320,"2026-08-05 17:58:52.360525","train",46,1.0084757804870605,0.0008701591099975499,"","","","","","","","","","","",""
15340,"2026-08-05 17:58:53.211934","train",46,0.731633722782135,0.000869243477113431,"","","","","","","","","","","",""
15360,"2026-08-05 17:58:54.050786","train",46,0.6692067980766296,0.0008683251124476282,"","","","","","","","","","","",""
15380,"2026-08-05 17:58:54.897953","train",46,0.514244794845581,0.0008674040227945346,"","","","","","","","","","","",""
15400,"2026-08-05 17:58:55.706869","train",46,1.8339097499847412,0.0008664802149687042,"","","","","","","","","","","",""
15420,"2026-08-05 17:58:56.491638","train",46,0.5386331081390381,0.0008655536958048002,"","","","","","","","","","","",""
15440,"2026-08-05 17:58:57.355117","train",46,0.3493044376373291,0.0008646244721575461,"","","","","","","","","","","",""
15460,"2026-08-05 17:58:58.155354","train",46,0.8041305541992188,0.0008636925509016732,"","","","","","","","","","","",""
15480,"2026-08-05 17:58:59.032682","train",46,0.3410336375236511,0.0008627579389318718,"","","","","","","","","","","",""
15500,"2026-08-05 17:58:59.825076","train",46,0.2968476712703705,0.0008618206431627382,"","","","","","","","","","","",""
15510,"2026-08-05 17:59:15.976230","val",46,"","",0.8188918740022583,0.29459051910704337,0.7522781438384971,0.7738160713698675,0.776355421686747,0.3234624145785877,0.6865079365079365,0.594059405940594,0.7716462281679672,0.6071987480438185,0.8380457380457381,0.7933650699196668
15520,"2026-08-05 17:59:26.915895","train",47,0.30077606439590454,0.0008608806705287248,"","","","","","","","","","","",""
15540,"2026-08-05 17:59:27.859589","train",47,0.44134560227394104,0.0008599380279840882,"","","","","","","","","","","",""
15560,"2026-08-05 17:59:28.725556","train",47,0.9092369079589844,0.0008589927225028383,"","","","","","","","","","","",""
15580,"2026-08-05 17:59:29.498940","train",47,0.27300822734832764,0.000858044761078686,"","","","","","","","","","","",""
15600,"2026-08-05 17:59:30.296138","train",47,0.22858145833015442,0.000857094150724992,"","","","","","","","","","","",""
15620,"2026-08-05 17:59:31.192829","train",47,0.5420665144920349,0.0008561408984747147,"","","","","","","","","","","",""
15640,"2026-08-05 17:59:32.048627","train",47,0.5580357909202576,0.0008551850113803583,"","","","","","","","","","","",""
15660,"2026-08-05 17:59:32.869955","train",47,0.32198968529701233,0.0008542264965139202,"","","","","","","","","","","",""
15680,"2026-08-05 17:59:33.773844","train",47,1.0381128787994385,0.0008532653609668395,"","","","","","","","","","","",""
15700,"2026-08-05 17:59:34.623976","train",47,0.6317723989486694,0.0008523016118499437,"","","","","","","","","","","",""
15720,"2026-08-05 17:59:35.465817","train",47,0.28263765573501587,0.0008513352562933966,"","","","","","","","","","","",""
15740,"2026-08-05 17:59:36.266301","train",47,0.39216646552085876,0.0008503663014466452,"","","","","","","","","","","",""
15760,"2026-08-05 17:59:37.083412","train",47,1.5307453870773315,0.0008493947544783672,"","","","","","","","","","","",""
15780,"2026-08-05 17:59:37.931875","train",47,0.2512274384498596,0.0008484206225764174,"","","","","","","","","","","",""
15800,"2026-08-05 17:59:38.785971","train",47,0.7377070784568787,0.0008474439129477756,"","","","","","","","","","","",""
15820,"2026-08-05 17:59:39.586304","train",47,1.215354561805725,0.0008464646328184915,"","","","","","","","","","","",""
15840,"2026-08-05 17:59:40.409135","train",47,0.3740570545196533,0.0008454827894336333,"","","","","","","","","","","",""
15840,"2026-08-05 17:59:56.381012","val",47,"","",0.8235252891017404,0.3254167167106573,0.745198373755783,0.7613906924531362,0.6980421686746988,0.29525483304042177,0.6970899470899471,0.5643564356435643,0.7872538089929395,0.6572769953051644,0.84078042539581,0.7698601606664683
15860,"2026-08-05 18:00:07.702701","train",48,1.9351099729537964,0.0008444983900572323,"","","","","","","","","","","",""
15880,"2026-08-05 18:00:08.592973","train",48,0.7196402549743652,0.0008435114419722305,"","","","","","","","","","","",""
15900,"2026-08-05 18:00:09.477223","train",48,0.9788092374801636,0.000842521952480426,"","","","","","","","","","","",""
15920,"2026-08-05 18:00:10.387976","train",48,0.2618364095687866,0.000841529928902419,"","","","","","","","","","","",""
15940,"2026-08-05 18:00:11.296424","train",48,1.7661983966827393,0.0008405353785775579,"","","","","","","","","","","",""
15960,"2026-08-05 18:00:12.115146","train",48,0.3240528404712677,0.0008395383088638848,"","","","","","","","","","","",""
15980,"2026-08-05 18:00:12.998758","train",48,1.8415371179580688,0.0008385387271380814,"","","","","","","","","","","",""
16000,"2026-08-05 18:00:13.825728","train",48,0.4265323877334595,0.0008375366407954139,"","","","","","","","","","","",""
16020,"2026-08-05 18:00:14.690568","train",48,0.22678646445274353,0.0008365320572496786,"","","","","","","","","","","",""
16040,"2026-08-05 18:00:15.494428","train",48,1.2331290245056152,0.0008355249839331472,"","","","","","","","","","","",""
16060,"2026-08-05 18:00:16.316111","train",48,0.7060695290565491,0.0008345154282965113,"","","","","","","","","","","",""
16080,"2026-08-05 18:00:17.118667","train",48,0.38259223103523254,0.0008335033978088281,"","","","","","","","","","","",""
16100,"2026-08-05 18:00:17.964502","train",48,0.3363911509513855,0.0008324888999574638,"","","","","","","","","","","",""
16120,"2026-08-05 18:00:18.887120","train",48,0.6572969555854797,0.0008314719422480401,"","","","","","","","","","","",""
16140,"2026-08-05 18:00:19.684378","train",48,0.29666846990585327,0.0008304525322043768,"","","","","","","","","","","",""
16160,"2026-08-05 18:00:20.566580","train",48,0.33646416664123535,0.0008294306773684374,"","","","","","","","","","","",""
16170,"2026-08-05 18:00:36.616963","val",48,"","",0.822388350270607,0.33197054145440175,0.7383989906070377,0.7431909955483782,0.7439759036144579,0.3172690763052209,0.712962962962963,0.5841584158415841,0.8337049424005946,0.7699530516431925,0.822948984487446,0.7481404343945255
16180,"2026-08-05 18:00:47.491423","train",49,0.3847224712371826,0.0008284063853002725,"","","","","","","","","","","",""
16200,"2026-08-05 18:00:48.437217","train",49,1.0074536800384521,0.0008273796635779648,"","","","","","","","","","","",""
16220,"2026-08-05 18:00:49.247290","train",49,0.26991695165634155,0.0008263505197975715,"","","","","","","","","","","",""
16240,"2026-08-05 18:00:50.180607","train",49,0.9061985015869141,0.0008253189615730702,"","","","","","","","","","","",""
16260,"2026-08-05 18:00:51.020973","train",49,0.9726735353469849,0.0008242849965363005,"","","","","","","","","","","",""
16280,"2026-08-05 18:00:51.913111","train",49,0.5457927584648132,0.000823248632336909,"","","","","","","","","","","",""
16300,"2026-08-05 18:00:52.797020","train",49,0.4302462935447693,0.000822209876642292,"","","","","","","","","","","",""
16320,"2026-08-05 18:00:53.580016","train",49,1.6849030256271362,0.0008211687371375391,"","","","","","","","","","","",""
16340,"2026-08-05 18:00:54.526471","train",49,1.3146412372589111,0.0008201252215253757,"","","","","","","","","","","",""
16360,"2026-08-05 18:00:55.387491","train",49,0.29894405603408813,0.0008190793375261071,"","","","","","","","","","","",""
16380,"2026-08-05 18:00:56.175449","train",49,0.7199016213417053,0.0008180310928775603,"","","","","","","","","","","",""
16400,"2026-08-05 18:00:57.051819","train",49,1.0874015092849731,0.0008169804953350277,"","","","","","","","","","","",""
16420,"2026-08-05 18:00:57.881189","train",49,0.553731381893158,0.0008159275526712089,"","","","","","","","","","","",""
16440,"2026-08-05 18:00:58.777563","train",49,1.4128531217575073,0.0008148722726761536,"","","","","","","","","","","",""
16460,"2026-08-05 18:00:59.722508","train",49,1.0828369855880737,0.0008138146631572041,"","","","","","","","","","","",""
16480,"2026-08-05 18:01:00.584455","train",49,0.9478986859321594,0.000812754731938937,"","","","","","","","","","","",""
16500,"2026-08-05 18:01:01.314283","train",49,0.3763272762298584,0.0008116924868631064,"","","","","","","","","","","",""
16500,"2026-08-05 18:01:17.114211","val",49,"","",0.8322470116419421,0.3237817958071009,0.7690312631431375,0.781517285906263,0.8185240963855421,0.370757180156658,0.7063492063492064,0.6138613861386139,0.7924563359345969,0.6682316118935837,0.8468415160722853,0.7955965486462362
16520,"2026-08-05 18:01:28.495211","train",50,0.5781416893005371,0.0008106279357885843,"","","","","","","","","","","",""
16540,"2026-08-05 18:01:29.338626","train",50,3.0029115676879883,0.0008095610865913037,"","","","","","","","","","","",""
16560,"2026-08-05 18:01:30.112182","train",50,0.36449405550956726,0.0008084919471642,"","","","","","","","","","","",""
16580,"2026-08-05 18:01:30.967443","train",50,0.3255910277366638,0.0008074205254171526,"","","","","","","","","","","",""
16600,"2026-08-05 18:01:31.817998","train",50,0.34895408153533936,0.0008063468292769259,"","","","","","","","","","","",""
16620,"2026-08-05 18:01:32.670013","train",50,0.22324779629707336,0.0008052708666871115,"","","","","","","","","","","",""
16640,"2026-08-05 18:01:33.505251","train",50,0.8822381496429443,0.0008041926456080691,"","","","","","","","","","","",""
16660,"2026-08-05 18:01:34.292648","train",50,0.5368353128433228,0.0008031121740168669,"","","","","","","","","","","",""
16680,"2026-08-05 18:01:35.143739","train",50,0.798389732837677,0.0008020294599072239,"","","","","","","","","","","",""
16700,"2026-08-05 18:01:36.117315","train",50,0.9587299227714539,0.0008009445112894496,"","","","","","","","","","","",""
16720,"2026-08-05 18:01:37.015950","train",50,2.1268832683563232,0.0007998573361903856,"","","","","","","","","","","",""
16740,"2026-08-05 18:01:37.859002","train",50,0.2760302722454071,0.0007987679426533454,"","","","","","","","","","","",""
16760,"2026-08-05 18:01:38.704207","train",50,0.2471330463886261,0.0007976763387380555,"","","","","","","","","","","",""
16780,"2026-08-05 18:01:39.548415","train",50,0.24743692576885223,0.0007965825325205955,"","","","","","","","","","","",""
16800,"2026-08-05 18:01:40.380308","train",50,0.35410013794898987,0.0007954865320933387,"","","","","","","","","","","",""
16820,"2026-08-05 18:01:41.223540","train",50,0.33054083585739136,0.0007943883455648914,"","","","","","","","","","","",""
16830,"2026-08-05 18:01:57.538323","val",50,"","",0.8212436241872056,0.3066025530352457,0.7340529931305201,0.7505660021903167,0.661144578313253,0.27884615384615385,0.6666666666666666,0.5148514851485149,0.8366778149386845,0.7809076682316118,0.8256676795138335,0.7401071109788754
16840,"2026-08-05 18:02:08.490452","train",51,0.2807176113128662,0.0007932879810600342,"","","","","","","","","","","",""
16860,"2026-08-05 18:02:09.336880","train",51,0.5689831972122192,0.0007921854467196603,"","","","","","","","","","","",""
16880,"2026-08-05 18:02:10.227566","train",51,1.0060594081878662,0.000791080750700717,"","","","","","","","","","","",""
16900,"2026-08-05 18:02:11.110163","train",51,0.3013038635253906,0.0007899739011761438,"","","","","","","","","","","",""
16920,"2026-08-05 18:02:11.906055","train",51,1.006179690361023,0.000788864906334813,"","","","","","","","","","","",""
16940,"2026-08-05 18:02:12.798431","train",51,0.4780862629413605,0.0007877537743814686,"","","","","","","","","","","",""
16960,"2026-08-05 18:02:13.602825","train",51,1.4548245668411255,0.0007866405135366658,"","","","","","","","","","","",""
16980,"2026-08-05 18:02:14.432245","train",51,0.3909591734409332,0.0007855251320367098,"","","","","","","","","","","",""
17000,"2026-08-05 18:02:15.343040","train",51,0.4464106261730194,0.0007844076381335958,"","","","","","","","","","","",""
17020,"2026-08-05 18:02:16.139314","train",51,0.9617068767547607,0.0007832880400949465,"","","","","","","","","","","",""
17040,"2026-08-05 18:02:16.955681","train",51,0.2841302752494812,0.0007821663462039523,"","","","","","","","","","","",""
17060,"2026-08-05 18:02:17.817322","train",51,0.7481974959373474,0.0007810425647593095,"","","","","","","","","","","",""
17080,"2026-08-05 18:02:18.715565","train",51,0.6279841661453247,0.0007799167040751588,"","","","","","","","","","","",""
17100,"2026-08-05 18:02:19.581821","train",51,1.0152456760406494,0.0007787887724810234,"","","","","","","","","","","",""
17120,"2026-08-05 18:02:20.430642","train",51,0.24368758499622345,0.0007776587783217486,"","","","","","","","","","","",""
17140,"2026-08-05 18:02:21.232335","train",51,0.2544771432876587,0.0007765267299574388,"","","","","","","","","","","",""
17160,"2026-08-05 18:02:22.036809","train",51,1.2687523365020752,0.0007753926357633962,"","","","","","","","","","","",""
17160,"2026-08-05 18:02:37.892530","val",51,"","",0.8128256044854572,0.303118022555582,0.7137950371512688,0.7161762399137837,0.7635542168674698,0.3203463203463203,0.708994708994709,0.6039603960396039,0.7878112225938313,0.6635367762128326,0.8240844394690547,0.7368342755132401
17180,"2026-08-05 18:02:49.069708","train",52,1.2053000926971436,0.0007742565041300591,"","","","","","","","","","","",""
17200,"2026-08-05 18:02:49.880793","train",52,0.4299430847167969,0.0007731183434629391,"","","","","","","","","","","",""
17220,"2026-08-05 18:02:50.710803","train",52,1.169442057609558,0.0007719781621825595,"","","","","","","","","","","",""
17240,"2026-08-05 18:02:51.534672","train",52,0.3921689987182617,0.0007708359687243929,"","","","","","","","","","","",""
17260,"2026-08-05 18:02:52.367916","train",52,0.3410301208496094,0.0007696917715387988,"","","","","","","","","","","",""
17280,"2026-08-05 18:02:53.195993","train",52,0.2794482707977295,0.0007685455790909605,"","","","","","","","","","","",""
17300,"2026-08-05 18:02:54.111101","train",52,1.5088763236999512,0.0007673973998608237,"","","","","","","","","","","",""
17320,"2026-08-05 18:02:54.987979","train",52,0.9999892115592957,0.0007662472423430322,"","","","","","","","","","","",""
17340,"2026-08-05 18:02:55.830293","train",52,0.3207234740257263,0.0007650951150468667,"","","","","","","","","","","",""
17360,"2026-08-05 18:02:56.684429","train",52,0.5694451332092285,0.0007639410264961805,"","","","","","","","","","","",""
17380,"2026-08-05 18:02:57.578169","train",52,0.7928764820098877,0.0007627849852293374,"","","","","","","","","","","",""
17400,"2026-08-05 18:02:58.474891","train",52,0.4368995130062103,0.0007616269997991476,"","","","","","","","","","","",""
17420,"2026-08-05 18:02:59.401461","train",52,0.7616983652114868,0.0007604670787728049,"","","","","","","","","","","",""
17440,"2026-08-05 18:03:00.276099","train",52,0.9690912365913391,0.0007593052307318242,"","","","","","","","","","","",""
17460,"2026-08-05 18:03:01.133987","train",52,0.6373378038406372,0.000758141464271976,"","","","","","","","","","","",""
17480,"2026-08-05 18:03:01.947591","train",52,0.5811293125152588,0.0007569757880032251,"","","","","","","","","","","",""
17490,"2026-08-05 18:03:18.145848","val",52,"","",0.8192111513452479,0.318752147061347,0.7168792934249264,0.7510148559456387,0.7816265060240963,0.3160377358490566,0.6997354497354498,0.5742574257425742,0.8043478260869565,0.6713615023474179,0.8298736606428916,0.7271645343647724
17500,"2026-08-05 18:03:29.018967","train",53,0.29034623503685,0.0007558082105496642,"","","","","","","","","","","",""
17520,"2026-08-05 18:03:29.813162","train",53,1.3182504177093506,0.0007546387405494536,"","","","","","","","","","","",""
17540,"2026-08-05 18:03:30.762706","train",53,1.0873477458953857,0.000753467386654754,"","","","","","","","","","","",""
17560,"2026-08-05 18:03:31.569729","train",53,0.7799304127693176,0.000752294157531664,"","","","","","","","","","","",""
17580,"2026-08-05 18:03:32.400642","train",53,0.31558865308761597,0.0007511190618601558,"","","","","","","","","","","",""
17600,"2026-08-05 18:03:33.213487","train",53,0.30628302693367004,0.000749942108334012,"","","","","","","","","","","",""
17620,"2026-08-05 18:03:34.040803","train",53,0.21866139769554138,0.0007487633056607588,"","","","","","","","","","","",""
17640,"2026-08-05 18:03:34.828912","train",53,0.6929242014884949,0.0007475826625616039,"","","","","","","","","","","",""
17660,"2026-08-05 18:03:35.716399","train",53,0.5068778991699219,0.0007464001877713711,"","","","","","","","","","","",""
17680,"2026-08-05 18:03:36.541804","train",53,1.3270295858383179,0.0007452158900384354,"","","","","","","","","","","",""
17700,"2026-08-05 18:03:37.422413","train",53,0.19953389465808868,0.0007440297781246589,"","","","","","","","","","","",""
17720,"2026-08-05 18:03:38.196824","train",53,0.2404806911945343,0.0007428418608053254,"","","","","","","","","","","",""
17740,"2026-08-05 18:03:39.141007","train",53,0.96077561378479,0.000741652146869076,"","","","","","","","","","","",""
17760,"2026-08-05 18:03:40.042713","train",53,0.7072272896766663,0.0007404606451178436,"","","","","","","","","","","",""
17780,"2026-08-05 18:03:40.862639","train",53,1.3371541500091553,0.0007392673643667882,"","","","","","","","","","","",""
17800,"2026-08-05 18:03:41.712426","train",53,0.3861120343208313,0.0007380723134442313,"","","","","","","","","","","",""
17820,"2026-08-05 18:03:42.520529","train",53,0.7197739481925964,0.0007368755011915907,"","","","","","","","","","","",""
17820,"2026-08-05 18:03:58.472791","val",53,"","",0.8214460927461745,0.3241711706597996,0.7283050609841581,0.7412035601285596,0.6498493975903614,0.2745709828393136,0.7248677248677249,0.6435643564356436,0.8128948346339651,0.7245696400625978,0.8295378218455142,0.7401071109788754
17840,"2026-08-05 18:04:09.775353","train",54,0.6806591749191284,0.0007356769364633155,"","","","","","","","","","","",""
17860,"2026-08-05 18:04:10.674208","train",54,0.9607932567596436,0.0007344766281268202,"","","","","","","","","","","",""
17880,"2026-08-05 18:04:11.591327","train",54,0.49574074149131775,0.0007332745850624187,"","","","","","","","","","","",""
17900,"2026-08-05 18:04:12.447741","train",54,0.5251234173774719,0.0007320708161632593,"","","","","","","","","","","",""
17920,"2026-08-05 18:04:13.312286","train",54,0.2710675001144409,0.0007308653303352589,"","","","","","","","","","","",""
17940,"2026-08-05 18:04:14.232473","train",54,0.6423436403274536,0.0007296581364970365,"","","","","","","","","","","",""
17960,"2026-08-05 18:04:15.093429","train",54,0.8705390691757202,0.0007284492435798479,"","","","","","","","","","","",""
17980,"2026-08-05 18:04:15.985603","train",54,1.700641393661499,0.0007272386605275188,"","","","","","","","","","","",""
18000,"2026-08-05 18:04:16.802805","train",54,0.2448570728302002,0.0007260263962963798,"","","","","","","","","","","",""
18020,"2026-08-05 18:04:17.637967","train",54,0.4690752327442169,0.0007248124598551987,"","","","","","","","","","","",""
18040,"2026-08-05 18:04:18.440674","train",54,0.716073751449585,0.0007235968601851157,"","","","","","","","","","","",""
18060,"2026-08-05 18:04:19.260957","train",54,0.21820208430290222,0.0007223796062795756,"","","","","","","","","","","",""
18080,"2026-08-05 18:04:20.098081","train",54,1.4276008605957031,0.000721160707144262,"","","","","","","","","","","",""
18100,"2026-08-05 18:04:21.117903","train",54,0.4336058795452118,0.0007199401717970308,"","","","","","","","","","","",""
18120,"2026-08-05 18:04:22.125930","train",54,0.9179571866989136,0.0007187180092678426,"","","","","","","","","","","",""
18140,"2026-08-05 18:04:22.960184","train",54,0.8773414492607117,0.0007174942285986969,"","","","","","","","","","","",""
18150,"2026-08-05 18:04:38.975469","val",54,"","",0.8280107464081298,0.32083122516973384,0.7390298612084677,0.7604612361642048,0.7846385542168675,0.33488372093023255,0.6984126984126984,0.6039603960396039,0.8091787439613527,0.7120500782472613,0.8437230129537822,0.7564712883070515
18160,"2026-08-05 18:04:49.987795","train",55,0.46579498052597046,0.0007162688388435649,"","","","","","","","","","","",""
18180,"2026-08-05 18:04:50.821276","train",55,0.5357023477554321,0.0007150418490683215,"","","","","","","","","","","",""
18200,"2026-08-05 18:04:51.605545","train",55,0.2501446008682251,0.0007138132683506806,"","","","","","","","","","","",""
18220,"2026-08-05 18:04:52.417254","train",55,0.563791811466217,0.0007125831057801255,"","","","","","","","","","","",""
18240,"2026-08-05 18:04:53.314655","train",55,0.5961184501647949,0.0007113513704578422,"","","","","","","","","","","",""
18260,"2026-08-05 18:04:54.335349","train",55,0.2790255844593048,0.0007101180714966537,"","","","","","","","","","","",""
18280,"2026-08-05 18:04:55.165499","train",55,0.2931577265262604,0.0007088832180209505,"","","","","","","","","","","",""
18300,"2026-08-05 18:04:56.169842","train",55,2.0366086959838867,0.0007076468191666243,"","","","","","","","","","","",""
18320,"2026-08-05 18:04:57.050372","train",55,1.0713192224502563,0.0007064088840809997,"","","","","","","","","","","",""
18340,"2026-08-05 18:04:58.001309","train",55,1.597754716873169,0.0007051694219227674,"","","","","","","","","","","",""
18360,"2026-08-05 18:04:58.830185","train",55,0.8953723907470703,0.0007039284418619156,"","","","","","","","","","","",""
18380,"2026-08-05 18:04:59.641121","train",55,1.0580135583877563,0.0007026859530796627,"","","","","","","","","","","",""
18400,"2026-08-05 18:05:00.450220","train",55,0.5957275629043579,0.0007014419647683888,"","","","","","","","","","","",""
18420,"2026-08-05 18:05:01.332127","train",55,0.38311779499053955,0.0007001964861315686,"","","","","","","","","","","",""
18440,"2026-08-05 18:05:02.235842","train",55,0.23475520312786102,0.0006989495263837024,"","","","","","","","","","","",""
18460,"2026-08-05 18:05:03.123912","train",55,1.0346041917800903,0.0006977010947502481,"","","","","","","","","","","",""
18480,"2026-08-05 18:05:04.018288","train",55,0.3717135488986969,0.0006964512004675539,"","","","","","","","","","","",""
18480,"2026-08-05 18:05:19.777301","val",55,"","",0.826795935054316,0.3345313347530607,0.7423945044160942,0.7517965564677812,0.6521084337349398,0.2826086956521739,0.7182539682539683,0.6633663366336634,0.8043478260869565,0.6995305164319249,0.8403326403326403,0.7520083308539125
18500,"2026-08-05 18:05:31.178086","train",56,1.677363395690918,0.0006951998527827879,"","","","","","","","","","","",""
18520,"2026-08-05 18:05:32.025913","train",56,0.8443772196769714,0.0006939470609538729,"","","","","","","","","","","",""
18540,"2026-08-05 18:05:32.870171","train",56,0.8476040959358215,0.0006926928342494139,"","","","","","","","","","","",""
18560,"2026-08-05 18:05:33.677222","train",56,0.4096786379814148,0.0006914371819486333,"","","","","","","","","","","",""
18580,"2026-08-05 18:05:34.536781","train",56,0.3299768567085266,0.0006901801133412994,"","","","","","","","","","","",""
18600,"2026-08-05 18:05:35.438100","train",56,0.43083277344703674,0.0006889216377276599,"","","","","","","","","","","",""
18620,"2026-08-05 18:05:36.274551","train",56,0.7356611490249634,0.000687661764418371,"","","","","","","","","","","",""
18640,"2026-08-05 18:05:37.066113","train",56,0.9725787043571472,0.0006864005027344305,"","","","","","","","","","","",""
18660,"2026-08-05 18:05:37.891869","train",56,0.5060787200927734,0.000685137862007107,"","","","","","","","","","","",""
18680,"2026-08-05 18:05:38.670830","train",56,1.13765287399292,0.0006838738515778724,"","","","","","","","","","","",""
18700,"2026-08-05 18:05:39.526245","train",56,0.7405758500099182,0.0006826084807983322,"","","","","","","","","","","",""
18720,"2026-08-05 18:05:40.412906","train",56,0.8608208894729614,0.0006813417590301555,"","","","","","","","","","","",""
18740,"2026-08-05 18:05:41.256989","train",56,0.43270403146743774,0.0006800736956450075,"","","","","","","","","","","",""
18760,"2026-08-05 18:05:42.116507","train",56,0.24264442920684814,0.0006788043000244785,"","","","","","","","","","","",""
18780,"2026-08-05 18:05:42.946884","train",56,1.6846776008605957,0.0006775335815600153,"","","","","","","","","","","",""
18800,"2026-08-05 18:05:43.836079","train",56,0.3737369775772095,0.0006762615496528517,"","","","","","","","","","","",""
18810,"2026-08-05 18:06:00.172609","val",56,"","",0.8281431296966865,0.3316579563719676,0.7596383008551801,0.7727121467248562,0.7093373493975904,0.30324909747292417,0.7248677248677249,0.6435643564356436,0.8010033444816054,0.6932707355242567,0.83926115464577,0.7740255876227313
18820,"2026-08-05 18:06:11.141781","train",57,0.35838034749031067,0.0006749882137139388,"","","","","","","","","","","",""
18840,"2026-08-05 18:06:11.967221","train",57,0.9416999220848083,0.0006737135831638752,"","","","","","","","","","","",""
18860,"2026-08-05 18:06:12.781523","train",57,0.6571733355522156,0.0006724376674328376,"","","","","","","","","","","",""
18880,"2026-08-05 18:06:13.633048","train",57,1.3042527437210083,0.0006711604759605112,"","","","","","","","","","","",""
18900,"2026-08-05 18:06:14.575497","train",57,0.7216834425926208,0.0006698820181960194,"","","","","","","","","","","",""
18920,"2026-08-05 18:06:15.490282","train",57,0.4955666959285736,0.0006686023035978537,"","","","","","","","","","","",""
18940,"2026-08-05 18:06:16.316561","train",57,0.2661455273628235,0.0006673213416338047,"","","","","","","","","","","",""
18960,"2026-08-05 18:06:17.114678","train",57,0.23822088539600372,0.0006660391417808913,"","","","","","","","","","","",""
18980,"2026-08-05 18:06:17.955821","train",57,1.1344623565673828,0.0006647557135252904,"","","","","","","","","","","",""
19000,"2026-08-05 18:06:18.798207","train",57,0.20797547698020935,0.0006634710663622678,"","","","","","","","","","","",""
19020,"2026-08-05 18:06:19.733405","train",57,1.1787248849868774,0.0006621852097961063,"","","","","","","","","","","",""
19040,"2026-08-05 18:06:20.584012","train",57,0.7708097100257874,0.000660898153340037,"","","","","","","","","","","",""
19060,"2026-08-05 18:06:21.479213","train",57,0.2930957078933716,0.0006596099065161678,"","","","","","","","","","","",""
19080,"2026-08-05 18:06:22.362813","train",57,0.4584829807281494,0.000658320478855414,"","","","","","","","","","","",""
19100,"2026-08-05 18:06:23.156016","train",57,1.0309866666793823,0.000657029879897426,"","","","","","","","","","","",""
19120,"2026-08-05 18:06:23.964867","train",57,0.7918005585670471,0.0006557381191905214,"","","","","","","","","","","",""
19140,"2026-08-05 18:06:24.737255","train",57,0.20420891046524048,0.0006544452062916113,"","","","","","","","","","","",""
19140,"2026-08-05 18:06:40.476219","val",57,"","",0.8365455748938986,0.30397416867201543,0.7630730407962989,0.7844598879816098,0.8132530120481928,0.35751295336787564,0.7142857142857143,0.6039603960396039,0.801189149015236,0.6901408450704225,0.8526947065408604,0.7854805117524546
19160,"2026-08-05 18:06:51.758216","train",58,0.9408231973648071,0.0006531511507661324,"","","","","","","","","","","",""
19180,"2026-08-05 18:06:52.671977","train",58,0.6584465503692627,0.000651855962187974,"","","","","","","","","","","",""
19200,"2026-08-05 18:06:53.647051","train",58,0.5082730054855347,0.0006505596501394087,"","","","","","","","","","","",""
19220,"2026-08-05 18:06:54.506159","train",58,0.797778844833374,0.000649262224211021,"","","","","","","","","","","",""
19240,"2026-08-05 18:06:55.390662","train",58,1.1291382312774658,0.0006479636940016358,"","","","","","","","","","","",""
19260,"2026-08-05 18:06:56.244250","train",58,1.284064531326294,0.0006466640691182483,"","","","","","","","","","","",""
19280,"2026-08-05 18:06:57.062127","train",58,0.3721267580986023,0.0006453633591759523,"","","","","","","","","","","",""
19300,"2026-08-05 18:06:57.846887","train",58,0.26567959785461426,0.0006440615737978692,"","","","","","","","","","","",""
19320,"2026-08-05 18:06:58.742636","train",58,1.447646141052246,0.000642758722615077,"","","","","","","","","","","",""
19340,"2026-08-05 18:06:59.563740","train",58,0.5398780703544617,0.0006414548152665391,"","","","","","","","","","","",""
19360,"2026-08-05 18:07:00.438110","train",58,0.6708173751831055,0.0006401498613990322,"","","","","","","","","","","",""
19380,"2026-08-05 18:07:01.363896","train",58,0.29475340247154236,0.0006388438706670764,"","","","","","","","","","","",""
19400,"2026-08-05 18:07:02.169526","train",58,1.110924243927002,0.0006375368527328617,"","","","","","","","","","","",""
19420,"2026-08-05 18:07:02.980359","train",58,0.4146885871887207,0.000636228817266179,"","","","","","","","","","","",""
19440,"2026-08-05 18:07:03.883752","train",58,0.3775472640991211,0.0006349197739443463,"","","","","","","","","","","",""
19460,"2026-08-05 18:07:04.727084","train",58,0.2994111180305481,0.0006336097324521387,"","","","","","","","","","","",""
19470,"2026-08-05 18:07:20.796004","val",58,"","",0.8289296421757584,0.31868442146094456,0.7549418197112014,0.764882860235603,0.740210843373494,0.32748538011695905,0.7208994708994709,0.6732673267326733,0.8184689706428837,0.7183098591549296,0.8397729090036783,0.7768521273430526
19480,"2026-08-05 18:07:31.671026","train",59,0.9574270844459534,0.0006322987024817156,"","","","","","","","","","","",""
19500,"2026-08-05 18:07:32.582519","train",59,0.3461681008338928,0.00063098669373255,"","","","","","","","","","","",""
19520,"2026-08-05 18:07:33.496701","train",59,1.2273828983306885,0.0006296737159113561,"","","","","","","","","","","",""
19540,"2026-08-05 18:07:34.290625","train",59,0.9129886627197266,0.0006283597787320171,"","","","","","","","","","","",""
19560,"2026-08-05 18:07:35.115186","train",59,0.32409098744392395,0.0006270448919155152,"","","","","","","","","","","",""
19580,"2026-08-05 18:07:35.930328","train",59,0.5336380004882812,0.0006257290651898569,"","","","","","","","","","","",""
19600,"2026-08-05 18:07:36.769350","train",59,0.646708607673645,0.0006244123082900032,"","","","","","","","","","","",""
19620,"2026-08-05 18:07:37.590999","train",59,0.7689821124076843,0.0006230946309577968,"","","","","","","","","","","",""
19640,"2026-08-05 18:07:38.506692","train",59,0.2694719433784485,0.0006217760429418904,"","","","","","","","","","","",""
19660,"2026-08-05 18:07:39.355687","train",59,0.6752443313598633,0.0006204565539976736,"","","","","","","","","","","",""
19680,"2026-08-05 18:07:40.152889","train",59,0.283221960067749,0.0006191361738872018,"","","","","","","","","","","",""
19700,"2026-08-05 18:07:40.964076","train",59,0.31937623023986816,0.0006178149123791235,"","","","","","","","","","","",""
19720,"2026-08-05 18:07:41.833691","train",59,0.5218116044998169,0.000616492779248608,"","","","","","","","","","","",""
19740,"2026-08-05 18:07:42.667739","train",59,1.339817762374878,0.0006151697842772735,"","","","","","","","","","","",""
19760,"2026-08-05 18:07:43.515272","train",59,1.0600244998931885,0.0006138459372531141,"","","","","","","","","","","",""
19780,"2026-08-05 18:07:44.375598","train",59,1.0415536165237427,0.0006125212479704276,"","","","","","","","","","","",""
19800,"2026-08-05 18:07:45.214362","train",59,1.3143798112869263,0.0006111957262297435,"","","","","","","","","","","",""
19800,"2026-08-05 18:08:01.250622","val",59,"","",0.8243974613557606,0.3117614690587084,0.7291462217860648,0.7546591191409021,0.6875,0.2905982905982906,0.7354497354497355,0.6237623762376238,0.8073206986250465,0.6948356807511737,0.8347673116903886,0.7359416840226123
19820,"2026-08-05 18:08:12.507402","train",60,1.026976466178894,0.0006098693818377501,"","","","","","","","","","","",""
19840,"2026-08-05 18:08:13.351384","train",60,0.44345805048942566,0.0006085422246072213,"","","","","","","","","","","",""
19860,"2026-08-05 18:08:14.137008","train",60,0.4613889455795288,0.0006072142643569456,"","","","","","","","","","","",""
19880,"2026-08-05 18:08:14.960231","train",60,0.6594147086143494,0.000605885510911652,"","","","","","","","","","","",""
19900,"2026-08-05 18:08:15.941033","train",60,0.30365148186683655,0.000604555974101938,"","","","","","","","","","","",""
19920,"2026-08-05 18:08:16.772701","train",60,0.2446390986442566,0.0006032256637641966,"","","","","","","","","","","",""
19940,"2026-08-05 18:08:17.629066","train",60,0.5423241853713989,0.0006018945897405437,"","","","","","","","","","","",""
19960,"2026-08-05 18:08:18.437977","train",60,0.878455638885498,0.0006005627618787451,"","","","","","","","","","","",""
19980,"2026-08-05 18:08:19.243564","train",60,0.7887495756149292,0.0005992301900321441,"","","","","","","","","","","",""
20000,"2026-08-05 18:08:20.121837","train",60,0.2239338457584381,0.0005978968840595881,"","","","","","","","","","","",""
20020,"2026-08-05 18:08:20.931853","train",60,1.0375194549560547,0.0005965628538253555,"","","","","","","","","","","",""
20040,"2026-08-05 18:08:21.787181","train",60,0.3607596755027771,0.0005952281091990836,"","","","","","","","","","","",""
20060,"2026-08-05 18:08:22.640541","train",60,1.2899374961853027,0.0005938926600556948,"","","","","","","","","","","",""
20080,"2026-08-05 18:08:23.461944","train",60,0.4464860260486603,0.0005925565162753236,"","","","","","","","","","","",""
20100,"2026-08-05 18:08:24.262286","train",60,0.7080752849578857,0.0005912196877432438,"","","","","","","","","","","",""
20120,"2026-08-05 18:08:25.066631","train",60,0.7812681198120117,0.0005898821843497954,"","","","","","","","","","","",""
20130,"2026-08-05 18:08:41.114813","val",60,"","",0.8283689600124596,0.31022422548534184,0.7442871162203841,0.7635445611912391,0.7274096385542169,0.311787072243346,0.7275132275132274,0.6237623762376238,0.8002601263470829,0.6964006259780907,0.8417079801695188,0.7579589407914311
20140,"2026-08-05 18:08:52.067000","train",61,0.3747573494911194,0.000588544015990311,"","","","","","","","","","","",""
20160,"2026-08-05 18:08:52.919223","train",61,0.4021124541759491,0.000587205192565043,"","","","","","","","","","","",""
20180,"2026-08-05 18:08:53.764215","train",61,1.1099505424499512,0.0005858657239790902,"","","","","","","","","","","",""
20200,"2026-08-05 18:08:54.628050","train",61,0.558517575263977,0.0005845256201423246,"","","","","","","","","","","",""
20220,"2026-08-05 18:08:55.526932","train",61,0.4225163459777832,0.000583184890969318,"","","","","","","","","","","",""
20240,"2026-08-05 18:08:56.403856","train",61,0.8499908447265625,0.0005818435463792684,"","","","","","","","","","","",""
20260,"2026-08-05 18:08:57.166081","train",61,0.28208425641059875,0.0005805015962959272,"","","","","","","","","","","",""
20280,"2026-08-05 18:08:58.004926","train",61,0.6579862833023071,0.0005791590506475252,"","","","","","","","","","","",""
20300,"2026-08-05 18:08:58.890309","train",61,1.2312352657318115,0.0005778159193666999,"","","","","","","","","","","",""
20320,"2026-08-05 18:08:59.716976","train",61,0.6004313826560974,0.0005764722123904208,"","","","","","","","","","","",""
20340,"2026-08-05 18:09:00.537759","train",61,0.5997427105903625,0.0005751279396599173,"","","","","","","","","","","",""
20360,"2026-08-05 18:09:01.297292","train",61,0.2465638965368271,0.0005737831111206038,"","","","","","","","","","","",""
20380,"2026-08-05 18:09:02.116069","train",61,0.9790144562721252,0.0005724377367220072,"","","","","","","","","","","",""
20400,"2026-08-05 18:09:03.024785","train",61,0.4110243320465088,0.0005710918264176929,"","","","","","","","","","","",""
20420,"2026-08-05 18:09:03.897471","train",61,1.3988070487976074,0.0005697453901651909,"","","","","","","","","","","",""
20440,"2026-08-05 18:09:04.813014","train",61,1.0806212425231934,0.0005683984379259223,"","","","","","","","","","","",""
20460,"2026-08-05 18:09:05.769213","train",61,0.2801775336265564,0.0005670509796651261,"","","","","","","","","","","",""
20460,"2026-08-05 18:09:21.447847","val",61,"","",0.8334540357434879,0.33513522168661125,0.7555025935791392,0.7809049266930362,0.7439759036144579,0.32270916334661354,0.7195767195767195,0.6237623762376238,0.8160535117056855,0.7230046948356808,0.8449704142011835,0.7655459684617674
20480,"2026-08-05 18:09:32.769928","train",62,0.21233215928077698,0.0005657030253517846,"","","","","","","","","","","",""
20500,"2026-08-05 18:09:33.593709","train",62,1.868434190750122,0.00056435458495855,"","","","","","","","","","","",""
20520,"2026-08-05 18:09:34.445430","train",62,0.9172207713127136,0.0005630056684616711,"","","","","","","","","","","",""
20540,"2026-08-05 18:09:35.276079","train",62,0.6220561265945435,0.0005616562858409188,"","","","","","","","","","","",""
20560,"2026-08-05 18:09:36.118802","train",62,0.5461522936820984,0.0005603064470795127,"","","","","","","","","","","",""
20580,"2026-08-05 18:09:36.972454","train",62,0.6613380312919617,0.0005589561621640469,"","","","","","","","","","","",""
20600,"2026-08-05 18:09:37.765700","train",62,0.4683185815811157,0.0005576054410844168,"","","","","","","","","","","",""
20620,"2026-08-05 18:09:38.606970","train",62,0.305693119764328,0.0005562542938337439,"","","","","","","","","","","",""
20640,"2026-08-05 18:09:39.456747","train",62,0.2347903698682785,0.0005549027304083033,"","","","","","","","","","","",""
20660,"2026-08-05 18:09:40.260956","train",62,0.9354052543640137,0.0005535507608074488,"","","","","","","","","","","",""
20680,"2026-08-05 18:09:41.053149","train",62,1.0540635585784912,0.0005521983950335397,"","","","","","","","","","","",""
20700,"2026-08-05 18:09:42.036156","train",62,1.1781007051467896,0.0005508456430918656,"","","","","","","","","","","",""
20720,"2026-08-05 18:09:42.872761","train",62,1.1757725477218628,0.0005494925149905735,"","","","","","","","","","","",""
20740,"2026-08-05 18:09:43.767439","train",62,0.40103310346603394,0.0005481390207405936,"","","","","","","","","","","",""
20760,"2026-08-05 18:09:44.566820","train",62,0.20693230628967285,0.0005467851703555646,"","","","","","","","","","","",""
20780,"2026-08-05 18:09:45.379860","train",62,0.3124017119407654,0.0005454309738517603,"","","","","","","","","","","",""
20790,"2026-08-05 18:10:01.651817","val",62,"","",0.8287972588872016,0.3278574165542486,0.7329314453946446,0.754275573684726,0.7823795180722891,0.3416856492027335,0.7063492063492064,0.6039603960396039,0.8147528799702712,0.6964006259780907,0.8411642411642412,0.7377268670038679
20800,"2026-08-05 18:10:12.526088","train",63,0.41242361068725586,0.0005440764412480147,"","","","","","","","","","","",""
20820,"2026-08-05 18:10:13.382313","train",63,0.37657350301742554,0.0005427215825656491,"","","","","","","","","","","",""
20840,"2026-08-05 18:10:14.221938","train",63,1.042293906211853,0.000541366407828397,"","","","","","","","","","","",""
20860,"2026-08-05 18:10:15.154503","train",63,0.5026838779449463,0.00054001092706233,"","","","","","","","","","","",""
20880,"2026-08-05 18:10:15.981313","train",63,0.623115062713623,0.0005386551502957836,"","","","","","","","","","","",""
20900,"2026-08-05 18:10:16.822470","train",63,0.41674473881721497,0.0005372990875592841,"","","","","","","","","","","",""
20920,"2026-08-05 18:10:17.738699","train",63,0.47587716579437256,0.0005359427488854725,"","","","","","","","","","","",""
20940,"2026-08-05 18:10:18.531652","train",63,0.4791448712348938,0.0005345861443090319,"","","","","","","","","","","",""
20960,"2026-08-05 18:10:19.430161","train",63,0.7802161574363708,0.0005332292838666125,"","","","","","","","","","","",""
20980,"2026-08-05 18:10:20.267814","train",63,0.6390275359153748,0.0005318721775967574,"","","","","","","","","","","",""
21000,"2026-08-05 18:10:21.083006","train",63,0.6479989290237427,0.0005305148355398283,"","","","","","","","","","","",""
21020,"2026-08-05 18:10:21.989479","train",63,0.27860724925994873,0.0005291572677379319,"","","","","","","","","","","",""
21040,"2026-08-05 18:10:22.850515","train",63,1.0331922769546509,0.0005277994842348444,"","","","","","","","","","","",""
21060,"2026-08-05 18:10:23.661595","train",63,0.7999457716941833,0.0005264414950759381,"","","","","","","","","","","",""
21080,"2026-08-05 18:10:24.533677","train",63,0.21615368127822876,0.000525083310308107,"","","","","","","","","","","",""
21100,"2026-08-05 18:10:25.351140","train",63,0.9127537608146667,0.0005237249399796919,"","","","","","","","","","","",""
21120,"2026-08-05 18:10:26.070079","train",63,0.24853847920894623,0.0005223663941404067,"","","","","","","","","","","",""
21120,"2026-08-05 18:10:41.969506","val",63,"","",0.8363664680917337,0.3223145957650863,0.7590074302537502,0.7810836426494888,0.7838855421686747,0.3462414578587699,0.7367724867724867,0.6138613861386139,0.8205128205128205,0.7417840375586855,0.848072924996002,0.7734305266289795
21140,"2026-08-05 18:10:53.172255","train",64,0.22416572272777557,0.0005210076828412637,"","","","","","","","","","","",""
21160,"2026-08-05 18:10:54.036580","train",64,0.2107078731060028,0.0005196488161344995,"","","","","","","","","","","",""
21180,"2026-08-05 18:10:54.910866","train",64,0.5686893463134766,0.0005182898040735002,"","","","","","","","","","","",""
21200,"2026-08-05 18:10:55.938790","train",64,0.5899035930633545,0.0005169306567127274,"","","","","","","","","","","",""
21220,"2026-08-05 18:10:56.823291","train",64,0.3562599718570709,0.0005155713841076438,"","","","","","","","","","","",""
21240,"2026-08-05 18:10:57.699063","train",64,1.4865708351135254,0.0005142119963146384,"","","","","","","","","","","",""
21260,"2026-08-05 18:10:58.525376","train",64,0.4388284385204315,0.000512852503390953,"","","","","","","","","","","",""
21280,"2026-08-05 18:10:59.324276","train",64,1.1982433795928955,0.0005114929153946065,"","","","","","","","","","","",""
21300,"2026-08-05 18:11:00.141197","train",64,0.7842774987220764,0.0005101332423843213,"","","","","","","","","","","",""
21320,"2026-08-05 18:11:00.935653","train",64,0.9447033405303955,0.0005087734944194495,"","","","","","","","","","","",""
21340,"2026-08-05 18:11:01.830718","train",64,0.4229544699192047,0.0005074136815598969,"","","","","","","","","","","",""
21360,"2026-08-05 18:11:02.666304","train",64,0.7039529085159302,0.0005060538138660495,"","","","","","","","","","","",""
21380,"2026-08-05 18:11:03.518979","train",64,0.3274272084236145,0.0005046939013986997,"","","","","","","","","","","",""
21400,"2026-08-05 18:11:04.354619","train",64,0.37593740224838257,0.00050333395421897,"","","","","","","","","","","",""
21420,"2026-08-05 18:11:05.246544","train",64,0.49713921546936035,0.0005019739823882409,"","","","","","","","","","","",""
21440,"2026-08-05 18:11:06.132733","train",64,0.9751447439193726,0.0005006139959680745,"","","","","","","","","","","",""
21450,"2026-08-05 18:11:22.499818","val",64,"","",0.8382509831405988,0.30123279906884937,0.7584466563858124,0.7846627276932822,0.8433734939759037,0.3772455089820359,0.7129629629629629,0.5841584158415841,0.8078781122259383,0.6870109546165885,0.8547097393251238,0.7817613805415055
21460,"2026-08-05 18:11:33.511851","train",65,0.24477693438529968,0.0004992540050201411,"","","","","","","","","","","",""
21480,"2026-08-05 18:11:34.363290","train",65,0.9293415546417236,0.0004978940196061446,"","","","","","","","","","","",""
21500,"2026-08-05 18:11:35.245038","train",65,1.3935272693634033,0.0004965340497877474,"","","","","","","","","","","",""
21520,"2026-08-05 18:11:36.057977","train",65,0.37956005334854126,0.0004951741056264974,"","","","","","","","","","","",""
21540,"2026-08-05 18:11:36.987562","train",65,0.2998952865600586,0.0004938141971837522,"","","","","","","","","","","",""
21560,"2026-08-05 18:11:37.834252","train",65,0.277545690536499,0.0004924543345206047,"","","","","","","","","","","",""
21580,"2026-08-05 18:11:38.613847","train",65,0.5981141328811646,0.00049109452769781,"","","","","","","","","","","",""
21600,"2026-08-05 18:11:39.637287","train",65,0.24652594327926636,0.0004897347867757098,"","","","","","","","","","","",""
21620,"2026-08-05 18:11:40.487193","train",65,1.0033228397369385,0.0004883751218141575,"","","","","","","","","","","",""
21640,"2026-08-05 18:11:41.412989","train",65,1.4716161489486694,0.00048701554287244555,"","","","","","","","","","","",""
21660,"2026-08-05 18:11:42.292531","train",65,1.0673655271530151,0.0004856560600092295,"","","","","","","","","","","",""
21680,"2026-08-05 18:11:43.080674","train",65,0.9368735551834106,0.000484296683282454,"","","","","","","","","","","",""
21700,"2026-08-05 18:11:43.910985","train",65,1.880922794342041,0.0004829374227492786,"","","","","","","","","","","",""
21720,"2026-08-05 18:11:44.717705","train",65,0.5267652869224548,0.0004815782884660034,"","","","","","","","","","","",""
21740,"2026-08-05 18:11:45.529009","train",65,0.2349037379026413,0.00048021929048799395,"","","","","","","","","","","",""
21760,"2026-08-05 18:11:46.405189","train",65,0.5019423365592957,0.0004788604388696077,"","","","","","","","","","","",""
21780,"2026-08-05 18:11:47.128214","train",65,0.3460332751274109,0.00047750174366411967,"","","","","","","","","","","",""
21780,"2026-08-05 18:12:02.920709","val",65,"","",0.8286181520850368,0.3058473129462741,0.7387494742744988,0.7553104659733343,0.7944277108433735,0.3421686746987952,0.7248677248677249,0.6237623762376238,0.8037904124860648,0.676056338028169,0.8444426675195907,0.7590002975304969
21800,"2026-08-05 18:12:14.206959","train",66,0.9505684971809387,0.00047614321492364664,"","","","","","","","","","","",""
21820,"2026-08-05 18:12:15.170694","train",66,0.284961998462677,0.00047478486269907484,"","","","","","","","","","","",""
21840,"2026-08-05 18:12:16.199623","train",66,0.2283918857574463,0.0004734266970399842,"","","","","","","","","","","",""
21860,"2026-08-05 18:12:17.057103","train",66,0.5397321581840515,0.0004720687279945742,"","","","","","","","","","","",""
21880,"2026-08-05 18:12:18.009750","train",66,0.5562677979469299,0.0004707109656095898,"","","","","","","","","","","",""
21900,"2026-08-05 18:12:18.797531","train",66,0.36939772963523865,0.00046935341993024714,"","","","","","","","","","","",""
21920,"2026-08-05 18:12:19.660802","train",66,1.5060406923294067,0.00046799610100015896,"","","","","","","","","","","",""
21940,"2026-08-05 18:12:20.519358","train",66,1.1614713668823242,0.0004666390188612604,"","","","","","","","","","","",""
21960,"2026-08-05 18:12:21.321278","train",66,0.37768641114234924,0.0004652821835537353,"","","","","","","","","","","",""
21980,"2026-08-05 18:12:22.218646","train",66,0.3285822570323944,0.00046392560511594006,"","","","","","","","","","","",""
22000,"2026-08-05 18:12:23.039674","train",66,0.44321924448013306,0.00046256929358433205,"","","","","","","","","","","",""
22020,"2026-08-05 18:12:23.856164","train",66,0.24881812930107117,0.00046121325899339333,"","","","","","","","","","","",""
22040,"2026-08-05 18:12:24.671043","train",66,0.2020556479692459,0.00045985751137555685,"","","","","","","","","","","",""
22060,"2026-08-05 18:12:25.488383","train",66,0.8161778450012207,0.0004585020607611329,"","","","","","","","","","","",""
22080,"2026-08-05 18:12:26.287185","train",66,0.28952735662460327,0.00045714691717823426,"","","","","","","","","","","",""
22100,"2026-08-05 18:12:27.116642","train",66,0.7722116708755493,0.0004557920906527019,"","","","","","","","","","","",""
22110,"2026-08-05 18:12:43.380523","val",66,"","",0.8262586146478216,0.29625336256841317,0.7348941539324267,0.7626050253235934,0.8870481927710844,0.336283185840708,0.6957671957671958,0.5445544554455446,0.7764771460423634,0.622848200312989,0.8475291859907245,0.7692650996727165
22120,"2026-08-05 18:12:54.266008","train",67,0.2913838326931,0.00045443759120803145,"","","","","","","","","","","",""
22140,"2026-08-05 18:12:55.086946","train",67,1.599022626876831,0.0004530834288652988,"","","","","","","","","","","",""
22160,"2026-08-05 18:12:55.966323","train",67,0.37222325801849365,0.0004517296136430853,"","","","","","","","","","","",""
22180,"2026-08-05 18:12:56.759143","train",67,0.8343319892883301,0.00045037615555740447,"","","","","","","","","","","",""
22200,"2026-08-05 18:12:57.642607","train",67,0.33389952778816223,0.0004490230646216278,"","","","","","","","","","","",""
22220,"2026-08-05 18:12:58.479821","train",67,1.0875961780548096,0.00044767035084641014,"","","","","","","","","","","",""
22240,"2026-08-05 18:12:59.304721","train",67,0.6521923542022705,0.000446318024239616,"","","","","","","","","","","",""
22260,"2026-08-05 18:13:00.290698","train",67,0.7367218732833862,0.000444966094806246,"","","","","","","","","","","",""
22280,"2026-08-05 18:13:01.079293","train",67,0.47487354278564453,0.0004436145725483613,"","","","","","","","","","","",""
22300,"2026-08-05 18:13:01.987896","train",67,0.33168384432792664,0.00044226346746501177,"","","","","","","","","","","",""
22320,"2026-08-05 18:13:02.815265","train",67,0.8799152970314026,0.0004409127895521602,"","","","","","","","","","","",""
22340,"2026-08-05 18:13:03.637130","train",67,0.843318521976471,0.00043956254880260905,"","","","","","","","","","","",""
22360,"2026-08-05 18:13:04.494107","train",67,0.851178765296936,0.0004382127552059268,"","","","","","","","","","","",""
22380,"2026-08-05 18:13:05.299996","train",67,0.8060883283615112,0.0004368634187483733,"","","","","","","","","","","",""
22400,"2026-08-05 18:13:06.189659","train",67,0.5172361731529236,0.0004355145494128266,"","","","","","","","","","","",""
22420,"2026-08-05 18:13:07.005073","train",67,0.9084612131118774,0.00043416615717870906,"","","","","","","","","","","",""
22440,"2026-08-05 18:13:07.763575","train",67,0.260315477848053,0.0004328182520219125,"","","","","","","","","","","",""
22440,"2026-08-05 18:13:23.410550","val",67,"","",0.8279017248763774,0.29943693136858945,0.7350343473994112,0.7559954225360199,0.7816265060240963,0.3378995433789954,0.7116402116402116,0.5841584158415841,0.7733184689706428,0.6588419405320813,0.8462338077722694,0.7472478429038977
22460,"2026-08-05 18:13:34.707118","train",68,0.5575581789016724,0.0004314708439147259,"","","","","","","","","","","",""
22480,"2026-08-05 18:13:35.598513","train",68,0.7118058204650879,0.0004301239428257608,"","","","","","","","","","","",""
22500,"2026-08-05 18:13:36.557157","train",68,0.48971715569496155,0.0004287775587198772,"","","","","","","","","","","",""
22520,"2026-08-05 18:13:37.333494","train",68,0.24746954441070557,0.00042743170155811063,"","","","","","","","","","","",""
22540,"2026-08-05 18:13:38.124591","train",68,0.3152329921722412,0.0004260863812975981,"","","","","","","","","","","",""
22560,"2026-08-05 18:13:39.032765","train",68,1.1800450086593628,0.00042474160789150413,"","","","","","","","","","","",""
22580,"2026-08-05 18:13:39.865792","train",68,0.8620095252990723,0.0004233973912889477,"","","","","","","","","","","",""
22600,"2026-08-05 18:13:40.686859","train",68,0.2527211308479309,0.0004220537414349286,"","","","","","","","","","","",""
22620,"2026-08-05 18:13:41.595350","train",68,0.8152475357055664,0.0004207106682702527,"","","","","","","","","","","",""
22640,"2026-08-05 18:13:42.444276","train",68,0.5281922817230225,0.0004193681817314603,"","","","","","","","","","","",""
22660,"2026-08-05 18:13:43.497642","train",68,1.0723018646240234,0.0004180262917507513,"","","","","","","","","","","",""
22680,"2026-08-05 18:13:44.324183","train",68,0.7104668021202087,0.00041668500825591177,"","","","","","","","","","","",""
22700,"2026-08-05 18:13:45.169457","train",68,0.26262199878692627,0.000415344341170241,"","","","","","","","","","","",""
22720,"2026-08-05 18:13:46.018456","train",68,0.7780243158340454,0.000414004300412478,"","","","","","","","","","","",""
22740,"2026-08-05 18:13:46.874277","train",68,0.4089328646659851,0.00041266489589672766,"","","","","","","","","","","",""
22760,"2026-08-05 18:13:47.739531","train",68,0.6388860940933228,0.0004113261375323879,"","","","","","","","","","","",""
22770,"2026-08-05 18:14:03.854933","val",68,"","",0.8254721021687498,0.31446438065891347,0.7262021589793916,0.7555667071900399,0.7831325301204819,0.3333333333333333,0.7103174603174603,0.594059405940594,0.7842809364548495,0.6557120500782473,0.8434511434511435,0.7357929187741743
22780,"2026-08-05 18:14:14.759193","train",69,1.1069300174713135,0.00040998803522407644,"","","","","","","","","","","",""
22800,"2026-08-05 18:14:15.615122","train",69,0.8205505013465881,0.0004086505988715566,"","","","","","","","","","","",""
22820,"2026-08-05 18:14:16.449034","train",69,0.5726608037948608,0.00040731383836966543,"","","","","","","","","","","",""
22840,"2026-08-05 18:14:17.261629","train",69,0.5823085308074951,0.00040597776360823943,"","","","","","","","","","","",""
22860,"2026-08-05 18:14:18.120713","train",69,1.9689239263534546,0.0004046423844720416,"","","","","","","","","","","",""
22880,"2026-08-05 18:14:18.985890","train",69,0.315439909696579,0.0004033077108406887,"","","","","","","","","","","",""
22900,"2026-08-05 18:14:19.894269","train",69,0.597567081451416,0.0004019737525885781,"","","","","","","","","","","",""
22920,"2026-08-05 18:14:20.702554","train",69,0.5195562839508057,0.000400640519584814,"","","","","","","","","","","",""
22940,"2026-08-05 18:14:21.577655","train",69,0.45951980352401733,0.0003993080216931353,"","","","","","","","","","","",""
22960,"2026-08-05 18:14:22.426223","train",69,0.31982678174972534,0.00039797626877184243,"","","","","","","","","","","",""
22980,"2026-08-05 18:14:23.255103","train",69,0.35727834701538086,0.0003966452706737238,"","","","","","","","","","","",""
23000,"2026-08-05 18:14:24.074238","train",69,1.5927832126617432,0.00039531503724598373,"","","","","","","","","","","",""
23020,"2026-08-05 18:14:24.873844","train",69,0.2613339126110077,0.0003939855783301692,"","","","","","","","","","","",""
23040,"2026-08-05 18:14:25.650059","train",69,0.48501014709472656,0.0003926569037620967,"","","","","","","","","","","",""
23060,"2026-08-05 18:14:26.480311","train",69,0.41551753878593445,0.00039132902337178025,"","","","","","","","","","","",""
23080,"2026-08-05 18:14:27.296801","train",69,1.0853058099746704,0.0003900019469833585,"","","","","","","","","","","",""
23100,"2026-08-05 18:14:28.033389","train",69,0.24527207016944885,0.00038867568441502075,"","","","","","","","","","","",""
23100,"2026-08-05 18:14:43.797865","val",69,"","",0.824888058248647,0.3149339146664603,0.7259918687789149,0.7527315041499778,0.8396084337349398,0.3486238532110092,0.7116402116402116,0.5841584158415841,0.7920847268673357,0.6557120500782473,0.8376299376299376,0.7314787265694733
