"step","time","part","epoch","loss","lr","auroc","auprc","auroc_age_cond","auroc_age_weighted","accuracy","f_measure","auroc_I0002","auroc_age_cond_I0002","auroc_I0006","auroc_age_cond_I0006","auroc_S0001","auroc_age_cond_S0001"
20,"2026-08-05 21:03:56.943396","train",0,0.28603389859199524,4.000990787667231e-05,"","","","","","","","","","","",""
40,"2026-08-05 21:03:57.902646","train",0,0.7986844182014465,4.003963109766389e-05,"","","","","","","","","","","",""
60,"2026-08-05 21:03:58.953226","train",0,0.3030751049518585,4.008916843591646e-05,"","","","","","","","","","","",""
80,"2026-08-05 21:03:59.782364","train",0,0.30838802456855774,4.015851784638924e-05,"","","","","","","","","","","",""
100,"2026-08-05 21:04:00.604955","train",0,0.7998984456062317,4.024767646614274e-05,"","","","","","","","","","","",""
120,"2026-08-05 21:04:01.491638","train",0,1.2811816930770874,4.035664061445793e-05,"","","","","","","","","","","",""
140,"2026-08-05 21:04:02.369429","train",0,1.2450647354125977,4.048540579298747e-05,"","","","","","","","","","","",""
160,"2026-08-05 21:04:03.182236","train",0,0.3354332745075226,4.0633966685941787e-05,"","","","","","","","","","","",""
180,"2026-08-05 21:04:04.013852","train",0,0.7804030776023865,4.0802317160308263e-05,"","","","","","","","","","","",""
200,"2026-08-05 21:04:04.797214","train",0,1.1997733116149902,4.0990450266104755e-05,"","","","","","","","","","","",""
220,"2026-08-05 21:04:05.656333","train",0,0.7769126296043396,4.119835823666624e-05,"","","","","","","","","","","",""
240,"2026-08-05 21:04:06.577795","train",0,0.3948782682418823,4.142603248896552e-05,"","","","","","","","","","","",""
260,"2026-08-05 21:04:07.407993","train",0,1.5178345441818237,4.1673463623967334e-05,"","","","","","","","","","","",""
280,"2026-08-05 21:04:08.294150","train",0,0.39874500036239624,4.1940641427017154e-05,"","","","","","","","","","","",""
300,"2026-08-05 21:04:09.201175","train",0,1.5492454767227173,4.222755486826162e-05,"","","","","","","","","","","",""
320,"2026-08-05 21:04:10.085644","train",0,0.4105865955352783,4.253419210310512e-05,"","","","","","","","","","","",""
326,"2026-08-05 21:04:26.805673","val",0,"","",0.7418834059884318,0.2106177204969611,0.5987141709081168,0.6258884237717679,0.08143074581430745,0.1505981703026038,0.6484848484848484,0.6581196581196581,0.6125840179238238,0.4131455399061033,0.7721987315010571,0.6210227272727272
340,"2026-08-05 21:04:38.212464","train",1,0.4161621332168579,4.286054047269788e-05,"","","","","","","","","","","",""
360,"2026-08-05 21:04:39.135675","train",1,1.4960086345672607,4.320658650445932e-05,"","","","","","","","","","","",""
380,"2026-08-05 21:04:39.973421","train",1,0.414089560508728,4.357231591263348e-05,"","","","","","","","","","","",""
400,"2026-08-05 21:04:40.936996","train",1,1.5298616886138916,4.395771359887927e-05,"","","","","","","","","","","",""
420,"2026-08-05 21:04:41.878674","train",1,1.5045065879821777,4.4362763652893355e-05,"","","","","","","","","","","",""
440,"2026-08-05 21:04:42.769137","train",1,1.1298521757125854,4.4787449353067684e-05,"","","","","","","","","","","",""
460,"2026-08-05 21:04:43.617181","train",1,0.7997026443481445,4.52317531671793e-05,"","","","","","","","","","","",""
480,"2026-08-05 21:04:44.631422","train",1,0.7662087678909302,4.56956567531137e-05,"","","","","","","","","","","",""
500,"2026-08-05 21:04:45.616727","train",1,1.1374123096466064,4.617914095962324e-05,"","","","","","","","","","","",""
520,"2026-08-05 21:04:46.537078","train",1,1.548830270767212,4.668218582711654e-05,"","","","","","","","","","","",""
540,"2026-08-05 21:04:47.470927","train",1,1.164398193359375,4.7204770588483015e-05,"","","","","","","","","","","",""
560,"2026-08-05 21:04:48.435435","train",1,0.41286700963974,4.774687366995061e-05,"","","","","","","","","","","",""
580,"2026-08-05 21:04:49.381849","train",1,0.4134710133075714,4.830847269197557e-05,"","","","","","","","","","","",""
600,"2026-08-05 21:04:50.328983","train",1,1.532456874847412,4.8889544470166746e-05,"","","","","","","","","","","",""
620,"2026-08-05 21:04:51.276812","train",1,1.1383880376815796,4.949006501624284e-05,"","","","","","","","","","","",""
640,"2026-08-05 21:04:52.197928","train",1,0.7687917351722717,5.0110009539022587e-05,"","","","","","","","","","","",""
652,"2026-08-05 21:05:09.636499","val",1,"","",0.7296068881679301,0.19882109833569833,0.6080230377712296,0.6383411674015091,0.08143074581430745,0.1505981703026038,0.6521212121212121,0.6410256410256411,0.6676624346527259,0.5101721439749609,0.7447786533410211,0.6139204545454545
660,"2026-08-05 21:05:20.854584","train",2,0.40529343485832214,5.074935244544815e-05,"","","","","","","","","","","",""
680,"2026-08-05 21:05:21.752050","train",2,1.1589102745056152,5.1408067341641886e-05,"","","","","","","","","","","",""
700,"2026-08-05 21:05:22.694455","train",2,1.1539978981018066,5.2086127033995535e-05,"","","","","","","","","","","",""
720,"2026-08-05 21:05:23.744016","train",2,1.1783589124679565,5.278350353029324e-05,"","","","","","","","","","","",""
740,"2026-08-05 21:05:24.708888","train",2,0.40664732456207275,5.350016804086708e-05,"","","","","","","","","","","",""
760,"2026-08-05 21:05:25.572735","train",2,0.7696507573127747,5.423609097978538e-05,"","","","","","","","","","","",""
780,"2026-08-05 21:05:26.579910","train",2,0.3820968568325043,5.499124196607424e-05,"","","","","","","","","","","",""
800,"2026-08-05 21:05:27.449326","train",2,0.770831823348999,5.5765589824972005e-05,"","","","","","","","","","","",""
820,"2026-08-05 21:05:28.260008","train",2,0.7417268753051758,5.655910258921563e-05,"","","","","","","","","","","",""
840,"2026-08-05 21:05:29.109115","train",2,0.4085926413536072,5.737174750036094e-05,"","","","","","","","","","","",""
860,"2026-08-05 21:05:30.132196","train",2,0.7225138545036316,5.820349101013495e-05,"","","","","","","","","","","",""
880,"2026-08-05 21:05:31.014791","train",2,1.1709717512130737,5.9054298781820256e-05,"","","","","","","","","","","",""
900,"2026-08-05 21:05:31.941582","train",2,1.4335479736328125,5.992413569167344e-05,"","","","","","","","","","","",""
920,"2026-08-05 21:05:32.785059","train",2,0.4170578420162201,6.081296583037416e-05,"","","","","","","","","","","",""
940,"2026-08-05 21:05:33.613740","train",2,1.1640920639038086,6.172075250450849e-05,"","","","","","","","","","","",""
960,"2026-08-05 21:05:34.471350","train",2,0.7913009524345398,6.26474582380831e-05,"","","","","","","","","","","",""
978,"2026-08-05 21:05:51.140037","val",2,"","",0.7143996469194497,0.19433426993945555,0.6253013661934101,0.6569631925593316,0.08143074581430745,0.1505981703026038,0.686060606060606,0.6581196581196581,0.6781179985063481,0.5571205007824727,0.7172144275738356,0.6267045454545455
980,"2026-08-05 21:06:01.707095","train",3,0.405167818069458,6.359304477407217e-05,"","","","","","","","","","","",""
1000,"2026-08-05 21:06:02.558420","train",3,0.8044589161872864,6.455747307599767e-05,"","","","","","","","","","","",""
1020,"2026-08-05 21:06:03.398259","train",3,0.7432515025138855,6.554070332954001e-05,"","","","","","","","","","","",""
1040,"2026-08-05 21:06:04.205603","train",3,0.7204519510269165,6.654269494418222e-05,"","","","","","","","","","","",""
1060,"2026-08-05 21:06:05.036798","train",3,1.1746840476989746,6.756340655488533e-05,"","","","","","","","","","","",""
1080,"2026-08-05 21:06:05.932306","train",3,0.7831284403800964,6.860279602379632e-05,"","","","","","","","","","","",""
1100,"2026-08-05 21:06:06.824263","train",3,0.3429132401943207,6.966082044198695e-05,"","","","","","","","","","","",""
1120,"2026-08-05 21:06:07.665926","train",3,0.7719533443450928,7.073743613122691e-05,"","","","","","","","","","","",""
1140,"2026-08-05 21:06:08.479209","train",3,0.3374865651130676,7.183259864578428e-05,"","","","","","","","","","","",""
1160,"2026-08-05 21:06:09.385032","train",3,1.2532750368118286,7.294626277426334e-05,"","","","","","","","","","","",""
1180,"2026-08-05 21:06:10.331864","train",3,0.7306699752807617,7.407838254146844e-05,"","","","","","","","","","","",""
1200,"2026-08-05 21:06:11.388152","train",3,1.211850881576538,7.522891121030382e-05,"","","","","","","","","","","",""
1220,"2026-08-05 21:06:12.367752","train",3,0.8185857534408569,7.639780128370212e-05,"","","","","","","","","","","",""
1240,"2026-08-05 21:06:13.163370","train",3,1.9031976461410522,7.758500450658567e-05,"","","","","","","","","","","",""
1260,"2026-08-05 21:06:14.008462","train",3,0.7721698880195618,7.879047186785785e-05,"","","","","","","","","","","",""
1280,"2026-08-05 21:06:14.869044","train",3,0.702250599861145,8.001415360242722e-05,"","","","","","","","","","","",""
1300,"2026-08-05 21:06:15.674809","train",3,0.7313419580459595,8.125599919326179e-05,"","","","","","","","","","","",""
1304,"2026-08-05 21:06:31.984314","val",3,"","",0.7194093643775793,0.19694490017232646,0.6369541923386016,0.6707537392194638,0.6073059360730594,0.23668639053254437,0.696969696969697,0.6153846153846154,0.6700896191187453,0.5774647887323944,0.732878467550772,0.6535511363636364
1320,"2026-08-05 21:06:43.107947","train",4,1.008378505706787,8.251595737347414e-05,"","","","","","","","","","","",""
1340,"2026-08-05 21:06:44.002228","train",4,0.34466755390167236,8.379397612843847e-05,"","","","","","","","","","","",""
1360,"2026-08-05 21:06:44.817369","train",4,0.3178144097328186,8.509000269793683e-05,"","","","","","","","","","","",""
1380,"2026-08-05 21:06:45.608171","train",4,0.30285558104515076,8.640398357833844e-05,"","","","","","","","","","","",""
1400,"2026-08-05 21:06:46.523767","train",4,2.638500213623047,8.773586452480789e-05,"","","","","","","","","","","",""
1420,"2026-08-05 21:06:47.346351","train",4,1.5861821174621582,8.908559055354457e-05,"","","","","","","","","","","",""
1440,"2026-08-05 21:06:48.175414","train",4,1.0478323698043823,9.045310594405225e-05,"","","","","","","","","","","",""
1460,"2026-08-05 21:06:49.044197","train",4,0.9219383001327515,9.183835424144045e-05,"","","","","","","","","","","",""
1480,"2026-08-05 21:06:49.925413","train",4,0.7537029385566711,9.324127825875326e-05,"","","","","","","","","","","",""
1500,"2026-08-05 21:06:50.794664","train",4,0.7800037264823914,9.466182007933214e-05,"","","","","","","","","","","",""
1520,"2026-08-05 21:06:51.667638","train",4,1.9667868614196777,9.609992105920524e-05,"","","","","","","","","","","",""
1540,"2026-08-05 21:06:52.512617","train",4,0.6401915550231934,9.755552182950955e-05,"","","","","","","","","","","",""
1560,"2026-08-05 21:06:53.327286","train",4,0.7350112199783325,9.902856229894138e-05,"","","","","","","","","","","",""
1580,"2026-08-05 21:06:54.182394","train",4,0.7976256608963013,0.00010051898165623673,"","","","","","","","","","","",""
1600,"2026-08-05 21:06:54.980641","train",4,0.6877058744430542,0.00010202671837268259,"","","","","","","","","","","",""
1620,"2026-08-05 21:06:55.921063","train",4,0.30739277601242065,0.00010355171020465627,"","","","","","","","","","","",""
1630,"2026-08-05 21:07:12.091198","val",4,"","",0.785921687353367,0.26980631281597683,0.7093490490222342,0.7183641850888736,0.713089802130898,0.27360308285163776,0.7903030303030303,0.7777777777777778,0.744958924570575,0.6588419405320813,0.7850438849381767,0.69375
1640,"2026-08-05 21:07:22.958157","train",5,0.7622181177139282,0.00010509389419619507,"","","","","","","","","","","",""
1660,"2026-08-05 21:07:23.825116","train",5,0.766754686832428,0.00010665320668159584,"","","","","","","","","","","",""
1680,"2026-08-05 21:07:24.708042","train",5,1.6764229536056519,0.00010822958328804259,"","","","","","","","","","","",""
1700,"2026-08-05 21:07:25.574003","train",5,0.8066632747650146,0.00010982295893826471,"","","","","","","","","","","",""
1720,"2026-08-05 21:07:26.381925","train",5,0.7484227418899536,0.00011143326785322276,"","","","","","","","","","","",""
1740,"2026-08-05 21:07:27.249841","train",5,0.8252503871917725,0.00011306044355482439,"","","","","","","","","","","",""
1760,"2026-08-05 21:07:28.077173","train",5,0.7272443771362305,0.00011470441886866911,"","","","","","","","","","","",""
1780,"2026-08-05 21:07:28.888841","train",5,1.3906886577606201,0.00011636512592682062,"","","","","","","","","","","",""
1800,"2026-08-05 21:07:29.819698","train",5,0.4553157687187195,0.00011804249617060954,"","","","","","","","","","","",""
1820,"2026-08-05 21:07:30.681612","train",5,0.6250300407409668,0.00011973646035346255,"","","","","","","","","","","",""
1840,"2026-08-05 21:07:31.569093","train",5,0.7535803914070129,0.0001214469485437623,"","","","","","","","","","","",""
1860,"2026-08-05 21:07:32.386038","train",5,0.9375675916671753,0.00012317389012773364,"","","","","","","","","","","",""
1880,"2026-08-05 21:07:33.225809","train",5,0.3644272983074188,0.00012491721381235887,"","","","","","","","","","","",""
1900,"2026-08-05 21:07:34.101134","train",5,0.6535084247589111,0.0001266768476283211,"","","","","","","","","","","",""
1920,"2026-08-05 21:07:34.871325","train",5,0.7473698854446411,0.00012845271893297504,"","","","","","","","","","","",""
1940,"2026-08-05 21:07:35.762060","train",5,0.5863375663757324,0.00013024475441334642,"","","","","","","","","","","",""
1956,"2026-08-05 21:07:52.387158","val",5,"","",0.7990847780470619,0.2886306037240741,0.7112242164478971,0.7137997374892661,0.3394216133942161,0.19480519480519481,0.743030303030303,0.8034188034188035,0.7696041822255415,0.6604068857589984,0.8019091549746942,0.6974431818181818
1960,"2026-08-05 21:08:02.991981","train",6,0.4274493455886841,0.00013205288008915793,"","","","","","","","","","","",""
1980,"2026-08-05 21:08:03.936502","train",6,0.28892308473587036,0.00013387702131588365,"","","","","","","","","","","",""
2000,"2026-08-05 21:08:04.863014","train",6,0.8267229199409485,0.0001357171027878308,"","","","","","","","","","","",""
2020,"2026-08-05 21:08:05.763331","train",6,0.5159129500389099,0.00013757304854124794,"","","","","","","","","","","",""
2040,"2026-08-05 21:08:06.604198","train",6,0.8568888306617737,0.00013944478195746174,"","","","","","","","","","","",""
2060,"2026-08-05 21:08:07.430674","train",6,0.7052229046821594,0.00014133222576603952,"","","","","","","","","","","",""
2080,"2026-08-05 21:08:08.345424","train",6,0.9030343294143677,0.0001432353020479792,"","","","","","","","","","","",""
2100,"2026-08-05 21:08:09.141870","train",6,0.46870115399360657,0.00014515393223892622,"","","","","","","","","","","",""
2120,"2026-08-05 21:08:10.101875","train",6,0.7711645364761353,0.0001470880371324169,"","","","","","","","","","","",""
2140,"2026-08-05 21:08:10.976334","train",6,0.8949035406112671,0.00014903753688314783,"","","","","","","","","","","",""
2160,"2026-08-05 21:08:11.872081","train",6,0.6080864667892456,0.00015100235101027284,"","","","","","","","","","","",""
2180,"2026-08-05 21:08:12.721158","train",6,0.8444972038269043,0.00015298239840072514,"","","","","","","","","","","",""
2200,"2026-08-05 21:08:13.624233","train",6,0.7078427076339722,0.00015497759731256588,"","","","","","","","","","","",""
2220,"2026-08-05 21:08:14.473265","train",6,0.8034861087799072,0.0001569878653783582,"","","","","","","","","","","",""
2240,"2026-08-05 21:08:15.301383","train",6,0.5850029587745667,0.00015901311960856877,"","","","","","","","","","","",""
2260,"2026-08-05 21:08:16.119144","train",6,0.2666071653366089,0.0001610532763949927,"","","","","","","","","","","",""
2280,"2026-08-05 21:08:17.006510","train",6,0.585463285446167,0.00016310825151420575,"","","","","","","","","","","",""
2282,"2026-08-05 21:08:33.425170","val",6,"","",0.7938350277586355,0.32022153185036645,0.6795472810072328,0.6781380185503607,0.5045662100456622,0.22958579881656804,0.6896969696969697,0.7435897435897436,0.75,0.5446009389671361,0.8111025690306874,0.6981534090909091
2300,"2026-08-05 21:08:44.977826","train",7,0.8375239372253418,0.00016517796013104094,"","","","","","","","","","","",""
2320,"2026-08-05 21:08:45.836751","train",7,1.211609959602356,0.00016726231680209134,"","","","","","","","","","","",""
2340,"2026-08-05 21:08:46.675245","train",7,1.364557147026062,0.0001693612354792365,"","","","","","","","","","","",""
2360,"2026-08-05 21:08:47.487773","train",7,0.7465530633926392,0.00017147462951319593,"","","","","","","","","","","",""
2380,"2026-08-05 21:08:48.322855","train",7,0.6988862752914429,0.0001736024116571048,"","","","","","","","","","","",""
2400,"2026-08-05 21:08:49.224126","train",7,0.6523500680923462,0.00017574449407011753,"","","","","","","","","","","",""
2420,"2026-08-05 21:08:50.051927","train",7,0.4195941686630249,0.0001779007883210322,"","","","","","","","","","","",""
2440,"2026-08-05 21:08:50.925552","train",7,0.6437398195266724,0.00018007120539194257,"","","","","","","","","","","",""
2460,"2026-08-05 21:08:51.814388","train",7,0.59893798828125,0.00018225565568191272,"","","","","","","","","","","",""
2480,"2026-08-05 21:08:52.614792","train",7,0.7225563526153564,0.00018445404901067553,"","","","","","","","","","","",""
2500,"2026-08-05 21:08:53.447934","train",7,0.9498816728591919,0.00018666629462235607,"","","","","","","","","","","",""
2520,"2026-08-05 21:08:54.277532","train",7,0.9993000030517578,0.00018889230118921828,"","","","","","","","","","","",""
2540,"2026-08-05 21:08:55.155989","train",7,0.28944292664527893,0.00019113197681543473,"","","","","","","","","","","",""
2560,"2026-08-05 21:08:56.091330","train",7,1.156725525856018,0.00019338522904088112,"","","","","","","","","","","",""
2580,"2026-08-05 21:08:56.985877","train",7,0.41886579990386963,0.00019565196484495244,"","","","","","","","","","","",""
2600,"2026-08-05 21:08:57.797572","train",7,0.5993271470069885,0.0001979320906504037,"","","","","","","","","","","",""
2608,"2026-08-05 21:09:14.026024","val",7,"","",0.805310145645727,0.328238572170037,0.7155103134208411,0.7280884556310183,0.589041095890411,0.256198347107438,0.7248484848484849,0.7777777777777778,0.7832337565347275,0.6635367762128326,0.8136491767569992,0.7089488636363637
2620,"2026-08-05 21:09:25.001448","train",8,0.9035078287124634,0.00020022551232721304,"","","","","","","","","","","",""
2640,"2026-08-05 21:09:25.903989","train",8,0.7454302310943604,0.00020253213519646747,"","","","","","","","","","","",""
2660,"2026-08-05 21:09:26.700173","train",8,0.4276369512081146,0.00020485186403427114,"","","","","","","","","","","",""
2680,"2026-08-05 21:09:27.589829","train",8,0.9754877090454102,0.00020718460307567763,"","","","","","","","","","","",""
2700,"2026-08-05 21:09:28.432874","train",8,0.5451439023017883,0.00020953025601864192,"","","","","","","","","","","",""
2720,"2026-08-05 21:09:29.360358","train",8,0.37073051929473877,0.0002118887260279972,"","","","","","","","","","","",""
2740,"2026-08-05 21:09:30.231704","train",8,1.0376774072647095,0.00021425991573945178,"","","","","","","","","","","",""
2760,"2026-08-05 21:09:31.008397","train",8,3.527928113937378,0.0002166437272636089,"","","","","","","","","","","",""
2780,"2026-08-05 21:09:31.898765","train",8,0.3089156746864319,0.0002190400621900079,"","","","","","","","","","","",""
2800,"2026-08-05 21:09:32.715032","train",8,1.0690209865570068,0.00022144882159118643,"","","","","","","","","","","",""
2820,"2026-08-05 21:09:33.564971","train",8,1.074655532836914,0.00022386990602676524,"","","","","","","","","","","",""
2840,"2026-08-05 21:09:34.487368","train",8,0.5730962157249451,0.0002263032155475522,"","","","","","","","","","","",""
2860,"2026-08-05 21:09:35.350121","train",8,0.2978162467479706,0.00022874864969967012,"","","","","","","","","","","",""
2880,"2026-08-05 21:09:36.194328","train",8,1.193784475326538,0.00023120610752870216,"","","","","","","","","","","",""
2900,"2026-08-05 21:09:36.994060","train",8,0.2870786488056183,0.00023367548758386036,"","","","","","","","","","","",""
2920,"2026-08-05 21:09:37.779080","train",8,0.9374772310256958,0.00023615668792217393,"","","","","","","","","","","",""
2934,"2026-08-05 21:09:54.201131","val",8,"","",0.7833200411927308,0.31237873080953943,0.6565095097776588,0.6766500465775446,0.5776255707762558,0.24489795918367346,0.6521212121212121,0.6410256410256411,0.7589619118745332,0.6071987480438185,0.8003075148952528,0.6619318181818182
2940,"2026-08-05 21:10:05.202083","train",9,0.3351883292198181,0.0002386496061126972,"","","","","","","","","","","",""
2960,"2026-08-05 21:10:07.012044","train",9,0.28760409355163574,0.00024115413924073823,"","","","","","","","","","","",""
2980,"2026-08-05 21:10:08.347388","train",9,0.19325929880142212,0.0002436701839121084,"","","","","","","","","","","",""
3000,"2026-08-05 21:10:09.373785","train",9,0.24875551462173462,0.00024619763625738963,"","","","","","","","","","","",""
3020,"2026-08-05 21:10:10.624434","train",9,1.2619901895523071,0.0002487363919362232,"","","","","","","","","","","",""
3040,"2026-08-05 21:10:11.528920","train",9,0.5204991102218628,0.00025128634614161643,"","","","","","","","","","","",""
3060,"2026-08-05 21:10:12.985702","train",9,0.567047119140625,0.00025384739360427046,"","","","","","","","","","","",""
3080,"2026-08-05 21:10:13.807701","train",9,0.932321310043335,0.0002564194285969251,"","","","","","","","","","","",""
3100,"2026-08-05 21:10:14.733228","train",9,0.3895941376686096,0.00025900234493872443,"","","","","","","","","","","",""
3120,"2026-08-05 21:10:15.704078","train",9,1.0886270999908447,0.0002615960359995988,"","","","","","","","","","","",""
3140,"2026-08-05 21:10:17.315321","train",9,0.4281981289386749,0.00026420039470466893,"","","","","","","","","","","",""
3160,"2026-08-05 21:10:18.507027","train",9,1.4955230951309204,0.0002668153135386643,"","","","","","","","","","","",""
3180,"2026-08-05 21:10:20.214465","train",9,0.4902759790420532,0.0002694406845503627,"","","","","","","","","","","",""
3200,"2026-08-05 21:10:21.561892","train",9,0.28100907802581787,0.0002720763993570471,"","","","","","","","","","","",""
3220,"2026-08-05 21:10:22.633991","train",9,0.40092119574546814,0.0002747223491489783,"","","","","","","","","","","",""
3240,"2026-08-05 21:10:23.737497","train",9,0.8830274343490601,0.0002773784246938892,"","","","","","","","","","","",""
3260,"2026-08-05 21:10:24.535787","train",9,0.5448617935180664,0.00028004451634149215,"","","","","","","","","","","",""
3260,"2026-08-05 21:10:40.216395","val",9,"","",0.7909546337950739,0.3081765498505965,0.6832976158585587,0.694337869592771,0.693302891933029,0.2892416225749559,0.6642424242424243,0.7008547008547008,0.7765123226288275,0.6025039123630673,0.8041354346851175,0.6967329545454546
3280,"2026-08-05 21:10:51.528009","train",10,0.6867880821228027,0.00028272051402800774,"","","","","","","","","","","",""
3300,"2026-08-05 21:10:52.383016","train",10,0.22816109657287598,0.00028540630728070564,"","","","","","","","","","","",""
3320,"2026-08-05 21:10:53.185060","train",10,0.34820854663848877,0.00028810178522246856,"","","","","","","","","","","",""
3340,"2026-08-05 21:10:54.000095","train",10,2.4439237117767334,0.000290806836576367,"","","","","","","","","","","",""
3360,"2026-08-05 21:10:54.929015","train",10,0.8136310577392578,0.00029352134967025416,"","","","","","","","","","","",""
3380,"2026-08-05 21:10:55.715207","train",10,0.7797992825508118,0.0002962452124413762,"","","","","","","","","","","",""
3400,"2026-08-05 21:10:56.694257","train",10,1.2542574405670166,0.0002989783124409981,"","","","","","","","","","","",""
3420,"2026-08-05 21:10:57.540998","train",10,1.759519100189209,0.0003017205368390459,"","","","","","","","","","","",""
3440,"2026-08-05 21:10:58.414651","train",10,0.4332594573497772,0.0003044717724287648,"","","","","","","","","","","",""
3460,"2026-08-05 21:10:59.258634","train",10,0.37123817205429077,0.0003072319056313927,"","","","","","","","","","","",""
3480,"2026-08-05 21:11:00.116003","train",10,1.036118507385254,0.00031000082250084906,"","","","","","","","","","","",""
3500,"2026-08-05 21:11:00.908471","train",10,0.5292254090309143,0.00031277840872843846,"","","","","","","","","","","",""
3520,"2026-08-05 21:11:01.739257","train",10,0.2442566603422165,0.00031556454964757003,"","","","","","","","","","","",""
3540,"2026-08-05 21:11:02.538327","train",10,0.23728929460048676,0.00031835913023849126,"","","","","","","","","","","",""
3560,"2026-08-05 21:11:03.424560","train",10,0.7369447350502014,0.0003211620351330363,"","","","","","","","","","","",""
3580,"2026-08-05 21:11:04.206186","train",10,0.42962366342544556,0.00032397314861938814,"","","","","","","","","","","",""
3586,"2026-08-05 21:11:20.397672","val",10,"","",0.7947099861400398,0.2972324855031421,0.6899946423787838,0.6944074577692596,0.4779299847792998,0.2151029748283753,0.6933333333333334,0.7094017094017094,0.7824869305451829,0.6338028169014085,0.8041674674867064,0.6938920454545454
3600,"2026-08-05 21:11:31.398550","train",11,1.0464472770690918,0.0003267923546468564,"","","","","","","","","","","",""
3620,"2026-08-05 21:11:32.303336","train",11,0.4056660234928131,0.00032961953683066745,"","","","","","","","","","","",""
3640,"2026-08-05 21:11:33.079588","train",11,1.5419672727584839,0.00033245457845676983,"","","","","","","","","","","",""
3660,"2026-08-05 21:11:33.953312","train",11,0.39997321367263794,0.0003352973624866517,"","","","","","","","","","","",""
3680,"2026-08-05 21:11:34.861328","train",11,1.2590124607086182,0.0003381477715621732,"","","","","","","","","","","",""
3700,"2026-08-05 21:11:35.899763","train",11,0.4393989145755768,0.00034100568801041125,"","","","","","","","","","","",""
3720,"2026-08-05 21:11:36.881634","train",11,0.6473862528800964,0.00034387099384851664,"","","","","","","","","","","",""
3740,"2026-08-05 21:11:37.806074","train",11,0.33290714025497437,0.00034674357078858615,"","","","","","","","","","","",""
3760,"2026-08-05 21:11:38.642926","train",11,0.8132679462432861,0.00034962330024254434,"","","","","","","","","","","",""
3780,"2026-08-05 21:11:39.576794","train",11,1.1775485277175903,0.0003525100633270401,"","","","","","","","","","","",""
3800,"2026-08-05 21:11:40.368381","train",11,0.5904756784439087,0.0003554037408683543,"","","","","","","","","","","",""
3820,"2026-08-05 21:11:41.163752","train",11,1.1893341541290283,0.0003583042134073192,"","","","","","","","","","","",""
3840,"2026-08-05 21:11:42.129387","train",11,0.7800154089927673,0.0003612113612042508,"","","","","","","","","","","",""
3860,"2026-08-05 21:11:42.996079","train",11,0.31679120659828186,0.0003641250642438911,"","","","","","","","","","","",""
3880,"2026-08-05 21:11:43.914229","train",11,1.1067588329315186,0.000367045202240364,"","","","","","","","","","","",""
3900,"2026-08-05 21:11:44.734012","train",11,1.0832613706588745,0.0003699716546421393,"","","","","","","","","","","",""
3912,"2026-08-05 21:12:01.055522","val",11,"","",0.7865178979318462,0.29486539653532473,0.6824270024109296,0.7028790781846996,0.632420091324201,0.2648401826484018,0.6727272727272727,0.7264957264957265,0.7587752053771472,0.6040688575899843,0.8020533025818439,0.6869318181818181
3920,"2026-08-05 21:12:11.843939","train",12,0.6293199062347412,0.00037290430063701124,"","","","","","","","","","","",""
3940,"2026-08-05 21:12:12.763244","train",12,0.7348661422729492,0.0003758430191570844,"","","","","","","","","","","",""
3960,"2026-08-05 21:12:13.623089","train",12,0.8392031788825989,0.0003787876888837726,"","","","","","","","","","","",""
3980,"2026-08-05 21:12:14.631237","train",12,1.183650016784668,0.0003817381882528073,"","","","","","","","","","","",""
4000,"2026-08-05 21:12:15.478218","train",12,0.28947168588638306,0.0003846943954592556,"","","","","","","","","","","",""
4020,"2026-08-05 21:12:16.274561","train",12,0.4419950246810913,0.00038765618846254917,"","","","","","","","","","","",""
4040,"2026-08-05 21:12:17.083820","train",12,1.1284743547439575,0.0003906234449915219,"","","","","","","","","","","",""
4060,"2026-08-05 21:12:17.955385","train",12,0.7630025148391724,0.0003935960425494586,"","","","","","","","","","","",""
4080,"2026-08-05 21:12:18.831673","train",12,0.22765475511550903,0.00039657385841915076,"","","","","","","","","","","",""
4100,"2026-08-05 21:12:19.781956","train",12,0.24540264904499054,0.0003995567696679633,"","","","","","","","","","","",""
4120,"2026-08-05 21:12:20.692042","train",12,0.6050019264221191,0.0004025446531529097,"","","","","","","","","","","",""
4140,"2026-08-05 21:12:21.492879","train",12,0.7364883422851562,0.00040553738552573555,"","","","","","","","","","","",""
4160,"2026-08-05 21:12:22.291207","train",12,1.5235657691955566,0.00040853484323801056,"","","","","","","","","","","",""
4180,"2026-08-05 21:12:23.098270","train",12,0.4631965160369873,0.00041153690254622916,"","","","","","","","","","","",""
4200,"2026-08-05 21:12:23.909228","train",12,1.0412391424179077,0.0004145434395169187,"","","","","","","","","","","",""
4220,"2026-08-05 21:12:24.787175","train",12,0.19700835645198822,0.0004175543300317565,"","","","","","","","","","","",""
4238,"2026-08-05 21:12:41.311620","val",12,"","",0.7871063655157994,0.30507565736537834,0.6615322796678275,0.6845793995134754,0.441400304414003,0.20734341252699784,0.667878787878788,0.7008547008547008,0.7526138909634055,0.5837245696400626,0.8024857454032931,0.6544034090909091
4240,"2026-08-05 21:12:51.945570","train",13,0.3535245656967163,0.00042056944979269265,"","","","","","","","","","","",""
4260,"2026-08-05 21:12:52.768710","train",13,0.7061350345611572,0.0004235886743270828,"","","","","","","","","","","",""
4280,"2026-08-05 21:12:53.633718","train",13,1.6138556003570557,0.00042661187899282517,"","","","","","","","","","","",""
4300,"2026-08-05 21:12:54.477338","train",13,0.7959600687026978,0.0004296389389835076,"","","","","","","","","","","",""
4320,"2026-08-05 21:12:55.271691","train",13,1.271445870399475,0.0004326697293335588,"","","","","","","","","","","",""
4340,"2026-08-05 21:12:56.099480","train",13,0.46422719955444336,0.00043570412492340807,"","","","","","","","","","","",""
4360,"2026-08-05 21:12:56.954245","train",13,1.9974298477172852,0.00043874200048464986,"","","","","","","","","","","",""
4380,"2026-08-05 21:12:57.735325","train",13,0.6092426776885986,0.0004417832306052162,"","","","","","","","","","","",""
4400,"2026-08-05 21:12:58.568339","train",13,0.4909746050834656,0.00044482768973455264,"","","","","","","","","","","",""
4420,"2026-08-05 21:12:59.378655","train",13,0.22127050161361694,0.00044787525218880264,"","","","","","","","","","","",""
4440,"2026-08-05 21:13:00.372616","train",13,0.9329514503479004,0.0004509257921559959,"","","","","","","","","","","",""
4460,"2026-08-05 21:13:01.208997","train",13,0.8770925998687744,0.00045397918370124115,"","","","","","","","","","","",""
4480,"2026-08-05 21:13:02.162068","train",13,0.7452733516693115,0.00045703530077192706,"","","","","","","","","","","",""
4500,"2026-08-05 21:13:02.960610","train",13,0.3702951669692993,0.00046009401720292396,"","","","","","","","","","","",""
4520,"2026-08-05 21:13:03.852561","train",13,0.7097959518432617,0.0004631552067217937,"","","","","","","","","","","",""
4540,"2026-08-05 21:13:04.661878","train",13,0.5998103022575378,0.00046621874295400194,"","","","","","","","","","","",""
4560,"2026-08-05 21:13:05.496125","train",13,1.2696722745895386,0.0004692844994281357,"","","","","","","","","","","",""
4564,"2026-08-05 21:13:21.434392","val",13,"","",0.8023368357478571,0.3379288274687461,0.7037905170104474,0.7128845033775338,0.5646879756468798,0.2413793103448276,0.6993939393939393,0.6923076923076923,0.7804331590739357,0.6384976525821596,0.8165321288999936,0.7211647727272728
4580,"2026-08-05 21:13:32.470537","train",14,0.7937768697738647,0.0004723523495811237,"","","","","","","","","","","",""
4600,"2026-08-05 21:13:33.252567","train",14,1.1417582035064697,0.00047542216676346196,"","","","","","","","","","","",""
4620,"2026-08-05 21:13:34.133097","train",14,0.8348755836486816,0.0004784938242444421,"","","","","","","","","","","",""
4640,"2026-08-05 21:13:34.950099","train",14,1.1053177118301392,0.00048156719521738253,"","","","","","","","","","","",""
4660,"2026-08-05 21:13:35.806335","train",14,0.42972707748413086,0.00048464215280486465,"","","","","","","","","","","",""
4680,"2026-08-05 21:13:36.611892","train",14,1.4306756258010864,0.00048771857006396917,"","","","","","","","","","","",""
4700,"2026-08-05 21:13:37.454071","train",14,1.73446786403656,0.0004907963199915179,"","","","","","","","","","","",""
4720,"2026-08-05 21:13:38.307982","train",14,0.355404794216156,0.0004938752755293163,"","","","","","","","","","","",""
4740,"2026-08-05 21:13:39.114895","train",14,0.3475152850151062,0.0004969553095693986,"","","","","","","","","","","",""
4760,"2026-08-05 21:13:39.986687","train",14,1.5152556896209717,0.0005000362949592757,"","","","","","","","","","","",""
4780,"2026-08-05 21:13:40.875512","train",14,0.8087280988693237,0.0005031181045071839,"","","","","","","","","","","",""
4800,"2026-08-05 21:13:41.698515","train",14,0.35207509994506836,0.0005062006109873359,"","","","","","","","","","","",""
4820,"2026-08-05 21:13:42.494537","train",14,1.1859089136123657,0.0005092836871451734,"","","","","","","","","","","",""
4840,"2026-08-05 21:13:43.364116","train",14,0.23630692064762115,0.0005123672057026198,"","","","","","","","","","","",""
4860,"2026-08-05 21:13:44.159083","train",14,0.7143511772155762,0.0005154510393633352,"","","","","","","","","","","",""
4880,"2026-08-05 21:13:44.990636","train",14,0.5767425298690796,0.0005185350608179712,"","","","","","","","","","","",""
4890,"2026-08-05 21:14:01.180883","val",14,"","",0.7937111398462241,0.3068368402457921,0.7005089740155371,0.7091274406382575,0.5806697108066972,0.24417009602194786,0.6727272727272727,0.717948717948718,0.7694174757281553,0.6071987480438185,0.8084918957011981,0.7136363636363636
4900,"2026-08-05 21:14:12.253333","train",15,0.6245402693748474,0.0005216191427494273,"","","","","","","","","","","",""
4920,"2026-08-05 21:14:13.138704","train",15,0.7658962607383728,0.0005247031578381053,"","","","","","","","","","","",""
4940,"2026-08-05 21:14:13.942264","train",15,0.584132194519043,0.0005277869787671674,"","","","","","","","","","","",""
4960,"2026-08-05 21:14:14.781270","train",15,0.46234893798828125,0.0005308704782277908,"","","","","","","","","","","",""
4980,"2026-08-05 21:14:15.621780","train",15,1.91600501537323,0.0005339535289244242,"","","","","","","","","","","",""
5000,"2026-08-05 21:14:16.465426","train",15,0.763124406337738,0.0005370360035800419,"","","","","","","","","","","",""
5020,"2026-08-05 21:14:17.279170","train",15,0.40765419602394104,0.0005401177749413994,"","","","","","","","","","","",""
5040,"2026-08-05 21:14:18.067004","train",15,0.563984215259552,0.000543198715784286,"","","","","","","","","","","",""
5060,"2026-08-05 21:14:18.954504","train",15,0.3499518632888794,0.0005462786989187769,"","","","","","","","","","","",""
5080,"2026-08-05 21:14:19.825282","train",15,0.5824548006057739,0.0005493575971944844,"","","","","","","","","","","",""
5100,"2026-08-05 21:14:20.607319","train",15,0.6483778953552246,0.000552435283505807,"","","","","","","","","","","",""
5120,"2026-08-05 21:14:21.419138","train",15,1.2951864004135132,0.0005555116307971764,"","","","","","","","","","","",""
5140,"2026-08-05 21:14:22.249015","train",15,0.2831012010574341,0.0005585865120683025,"","","","","","","","","","","",""
5160,"2026-08-05 21:14:23.065503","train",15,0.5578560829162598,0.0005616598003794168,"","","","","","","","","","","",""
5180,"2026-08-05 21:14:23.892796","train",15,0.8829357624053955,0.0005647313688565132,"","","","","","","","","","","",""
5200,"2026-08-05 21:14:24.697584","train",15,0.47237586975097656,0.0005678010906965845,"","","","","","","","","","","",""
5216,"2026-08-05 21:14:41.035486","val",15,"","",0.8001997692587632,0.3132993753078137,0.7153763728904367,0.7206947278053182,0.5684931506849316,0.24701195219123506,0.6545454545454545,0.6324786324786325,0.8032113517550412,0.6917057902973396,0.8121596514831186,0.7357954545454546
5220,"2026-08-05 21:14:51.759234","train",16,0.9602340459823608,0.0005708688391728584,"","","","","","","","","","","",""
5240,"2026-08-05 21:14:52.595873","train",16,0.6558974981307983,0.0005739344876400279,"","","","","","","","","","","",""
5260,"2026-08-05 21:14:53.446485","train",16,0.7408484816551208,0.0005769979095394812,"","","","","","","","","","","",""
5280,"2026-08-05 21:14:54.254714","train",16,0.27196061611175537,0.0005800589784045248,"","","","","","","","","","","",""
5300,"2026-08-05 21:14:55.086051","train",16,1.271396517753601,0.0005831175678656059,"","","","","","","","","","","",""
5320,"2026-08-05 21:14:55.890645","train",16,1.3482340574264526,0.0005861735516555271,"","","","","","","","","","","",""
5340,"2026-08-05 21:14:56.726191","train",16,0.4910070598125458,0.000589226803614662,"","","","","","","","","","","",""
5360,"2026-08-05 21:14:57.654802","train",16,1.2117919921875,0.000592277197696161,"","","","","","","","","","","",""
5380,"2026-08-05 21:14:58.522798","train",16,1.0728743076324463,0.0005953246079711558,"","","","","","","","","","","",""
5400,"2026-08-05 21:14:59.320779","train",16,0.28175726532936096,0.0005983689086339582,"","","","","","","","","","","",""
5420,"2026-08-05 21:15:00.165011","train",16,1.2148075103759766,0.0006014099740072537,"","","","","","","","","","","",""
5440,"2026-08-05 21:15:01.029307","train",16,0.5132763385772705,0.0006044476785472895,"","","","","","","","","","","",""
5460,"2026-08-05 21:15:01.911439","train",16,2.1234664916992188,0.000607481896849057,"","","","","","","","","","","",""
5480,"2026-08-05 21:15:02.742869","train",16,0.4339121878147125,0.0006105125036514705,"","","","","","","","","","","",""
5500,"2026-08-05 21:15:03.580066","train",16,0.33807897567749023,0.0006135393738425361,"","","","","","","","","","","",""
5520,"2026-08-05 21:15:04.396567","train",16,0.30878448486328125,0.0006165623824645183,"","","","","","","","","","","",""
5540,"2026-08-05 21:15:05.183801","train",16,0.25967782735824585,0.0006195814047190976,"","","","","","","","","","","",""
5542,"2026-08-05 21:15:20.981501","val",16,"","",0.7977762119722182,0.3175178680455471,0.7045271899276722,0.6968503449656458,0.7572298325722984,0.31982942430703626,0.686060606060606,0.6837606837606838,0.7731516056758776,0.6431924882629108,0.812944455122045,0.7272727272727273
5560,"2026-08-05 21:15:32.252367","train",17,0.7612852454185486,0.0006225963159725238,"","","","","","","","","","","",""
5580,"2026-08-05 21:15:33.043423","train",17,1.5228209495544434,0.0006256069917607597,"","","","","","","","","","","",""
5600,"2026-08-05 21:15:33.923781","train",17,1.0541460514068604,0.0006286133077946201,"","","","","","","","","","","",""
5620,"2026-08-05 21:15:34.767119","train",17,0.5256576538085938,0.0006316151399649029,"","","","","","","","","","","",""
5640,"2026-08-05 21:15:35.670840","train",17,0.34964680671691895,0.0006346123643475129,"","","","","","","","","","","",""
5660,"2026-08-05 21:15:36.461314","train",17,1.7880470752716064,0.0006376048572085767,"","","","","","","","","","","",""
5680,"2026-08-05 21:15:37.267291","train",17,0.7573213577270508,0.0006405924950095517,"","","","","","","","","","","",""
5700,"2026-08-05 21:15:38.119159","train",17,0.8072138428688049,0.0006435751544123262,"","","","","","","","","","","",""
5720,"2026-08-05 21:15:39.013353","train",17,1.3542605638504028,0.0006465527122843106,"","","","","","","","","","","",""
5740,"2026-08-05 21:15:39.913021","train",17,0.5190218091011047,0.0006495250457035204,"","","","","","","","","","","",""
5760,"2026-08-05 21:15:40.764817","train",17,1.0525829792022705,0.0006524920319636517,"","","","","","","","","","","",""
5780,"2026-08-05 21:15:41.596577","train",17,0.5496689081192017,0.0006554535485791469,"","","","","","","","","","","",""
5800,"2026-08-05 21:15:42.529820","train",17,0.5990918278694153,0.0006584094732902498,"","","","","","","","","","","",""
5820,"2026-08-05 21:15:43.368029","train",17,1.338165521621704,0.0006613596840680542,"","","","","","","","","","","",""
5840,"2026-08-05 21:15:44.200600","train",17,0.852267324924469,0.000664304059119541,"","","","","","","","","","","",""
5860,"2026-08-05 21:15:45.017050","train",17,1.530350685119629,0.000667242476892607,"","","","","","","","","","","",""
5868,"2026-08-05 21:16:01.097646","val",17,"","",0.7843730884482264,0.28757078561066235,0.6661532279667828,0.6653230747302886,0.6248097412480974,0.2608695652173913,0.6363636363636364,0.5726495726495726,0.7443988050784167,0.5336463223787168,0.806858222820168,0.7008522727272727
5880,"2026-08-05 21:16:12.166193","train",18,0.8990399837493896,0.0006701748160810813,"","","","","","","","","","","",""
5900,"2026-08-05 21:16:13.055523","train",18,0.2148095667362213,0.0006731009556297349,"","","","","","","","","","","",""
5920,"2026-08-05 21:16:13.977169","train",18,0.4645203649997711,0.0006760207747392767,"","","","","","","","","","","",""
5940,"2026-08-05 21:16:14.842590","train",18,0.7590606212615967,0.0006789341528713418,"","","","","","","","","","","",""
5960,"2026-08-05 21:16:15.679823","train",18,1.1715421676635742,0.0006818409697534668,"","","","","","","","","","","",""
5980,"2026-08-05 21:16:16.552315","train",18,0.869030237197876,0.0006847411053840548,"","","","","","","","","","","",""
6000,"2026-08-05 21:16:17.350565","train",18,0.3942633271217346,0.0006876344400373305,"","","","","","","","","","","",""
6020,"2026-08-05 21:16:18.159407","train",18,0.38199692964553833,0.0006905208542682815,"","","","","","","","","","","",""
6040,"2026-08-05 21:16:19.000998","train",18,0.4061535894870758,0.0006934002289175903,"","","","","","","","","","","",""
6060,"2026-08-05 21:16:19.871983","train",18,0.23284825682640076,0.0006962724451165529,"","","","","","","","","","","",""
6080,"2026-08-05 21:16:20.781854","train",18,0.4979161024093628,0.0006991373842919868,"","","","","","","","","","","",""
6100,"2026-08-05 21:16:21.699870","train",18,0.36459702253341675,0.0007019949281711251,"","","","","","","","","","","",""
6120,"2026-08-05 21:16:22.599363","train",18,0.33352845907211304,0.0007048449587864996,"","","","","","","","","","","",""
6140,"2026-08-05 21:16:23.542397","train",18,0.2018265724182129,0.0007076873584808108,"","","","","","","","","","","",""
6160,"2026-08-05 21:16:24.478680","train",18,0.6017469167709351,0.0007105220099117858,"","","","","","","","","","","",""
6180,"2026-08-05 21:16:25.427069","train",18,0.43630167841911316,0.000713348796057021,"","","","","","","","","","","",""
6194,"2026-08-05 21:16:41.802658","val",18,"","",0.8040944955051917,0.3049406899333321,0.7166488079292794,0.7281017878358368,0.6659056316590564,0.2838499184339315,0.7066666666666667,0.7777777777777778,0.7897684839432413,0.6901408450704225,0.8122237170862964,0.7058238636363636
6200,"2026-08-05 21:16:52.687861","train",19,0.32022273540496826,0.0007161676002188141,"","","","","","","","","","","",""
6220,"2026-08-05 21:16:53.495850","train",19,0.38373178243637085,0.000718978306028982,"","","","","","","","","","","",""
6240,"2026-08-05 21:16:54.448480","train",19,0.1984868049621582,0.0007217807974536641,"","","","","","","","","","","",""
6260,"2026-08-05 21:16:55.279671","train",19,0.3012641370296478,0.0007245749587981131,"","","","","","","","","","","",""
6280,"2026-08-05 21:16:56.105340","train",19,0.25660964846611023,0.0007273606747114701,"","","","","","","","","","","",""
6300,"2026-08-05 21:16:56.977601","train",19,0.3901349902153015,0.0007301378301915284,"","","","","","","","","","","",""
6320,"2026-08-05 21:16:57.827440","train",19,0.3068621754646301,0.0007329063105894797,"","","","","","","","","","","",""
6340,"2026-08-05 21:16:58.691304","train",19,0.20685452222824097,0.0007356660016146475,"","","","","","","","","","","",""
6360,"2026-08-05 21:16:59.489913","train",19,1.0294207334518433,0.0007384167893392051,"","","","","","","","","","","",""
6380,"2026-08-05 21:17:00.307440","train",19,0.6807574033737183,0.0007411585602028798,"","","","","","","","","","","",""
6400,"2026-08-05 21:17:01.172526","train",19,0.7365481853485107,0.00074389120101764,"","","","","","","","","","","",""
6420,"2026-08-05 21:17:02.009690","train",19,0.7137448787689209,0.0007466145989723681,"","","","","","","","","","","",""
6440,"2026-08-05 21:17:02.830317","train",19,1.1113498210906982,0.0007493286416375179,"","","","","","","","","","","",""
6460,"2026-08-05 21:17:03.641086","train",19,0.47284960746765137,0.0007520332169697564,"","","","","","","","","","","",""
6480,"2026-08-05 21:17:04.457642","train",19,1.2267301082611084,0.0007547282133165884,"","","","","","","","","","","",""
6500,"2026-08-05 21:17:05.319824","train",19,0.5942790508270264,0.0007574135194209658,"","","","","","","","","","","",""
6520,"2026-08-05 21:17:06.236809","train",19,1.1827577352523804,0.0007600890244258818,"","","","","","","","","","","",""
6520,"2026-08-05 21:17:22.162123","val",19,"","",0.801895485059892,0.3222330238103624,0.7007098848111438,0.7184677827293854,0.773972602739726,0.31724137931034485,0.6509090909090909,0.5982905982905983,0.8075056011949217,0.7183098591549296,0.814530078800692,0.6998579545454545
6540,"2026-08-05 21:17:33.275181","train",20,0.28332698345184326,0.0007627546178789465,"","","","","","","","","","","",""
6560,"2026-08-05 21:17:34.173847","train",20,0.6912518739700317,0.0007654101897369462,"","","","","","","","","","","",""
6580,"2026-08-05 21:17:35.017692","train",20,0.800229012966156,0.0007680556303703873,"","","","","","","","","","","",""
6600,"2026-08-05 21:17:35.881857","train",20,0.9640832543373108,0.000770690830568022,"","","","","","","","","","","",""
6620,"2026-08-05 21:17:36.721495","train",20,0.27334892749786377,0.0007733156815413565,"","","","","","","","","","","",""
6640,"2026-08-05 21:17:37.575894","train",20,0.7037765979766846,0.0007759300749291412,"","","","","","","","","","","",""
6660,"2026-08-05 21:17:38.447010","train",20,0.875523030757904,0.0007785339028018463,"","","","","","","","","","","",""
6680,"2026-08-05 21:17:39.269910","train",20,0.3583889603614807,0.000781127057666116,"","","","","","","","","","","",""
6700,"2026-08-05 21:17:40.130789","train",20,1.3653017282485962,0.0007837094324692057,"","","","","","","","","","","",""
6720,"2026-08-05 21:17:40.960301","train",20,0.7053574323654175,0.000786280920603403,"","","","","","","","","","","",""
6740,"2026-08-05 21:17:41.791370","train",20,0.6170423626899719,0.0007888414159104272,"","","","","","","","","","","",""
6760,"2026-08-05 21:17:42.685460","train",20,0.6640887260437012,0.0007913908126858131,"","","","","","","","","","","",""
6780,"2026-08-05 21:17:43.617543","train",20,0.8087056875228882,0.0007939290056832736,"","","","","","","","","","","",""
6800,"2026-08-05 21:17:44.525638","train",20,0.5300247669219971,0.0007964558901190456,"","","","","","","","","","","",""
6820,"2026-08-05 21:17:45.365485","train",20,0.4138796329498291,0.000798971361676215,"","","","","","","","","","","",""
6840,"2026-08-05 21:17:46.155762","train",20,0.5942407846450806,0.0008014753165090237,"","","","","","","","","","","",""
6846,"2026-08-05 21:18:02.248953","val",20,"","",0.7838852797931071,0.2889427536831056,0.661666220198232,0.6561688727885837,0.8820395738203958,0.3724696356275304,0.629090909090909,0.6239316239316239,0.7615758028379388,0.5602503912363067,0.8022935485937599,0.6721590909090909
6860,"2026-08-05 21:18:13.267164","train",21,0.774429976940155,0.0008039676512471563,"","","","","","","","","","","",""
6880,"2026-08-05 21:18:14.158096","train",21,0.8415451645851135,0.0008064482630000078,"","","","","","","","","","","",""
6900,"2026-08-05 21:18:15.026303","train",21,1.6041364669799805,0.0008089170493609311,"","","","","","","","","","","",""
6920,"2026-08-05 21:18:15.849921","train",21,0.9351403713226318,0.0008113739084114644,"","","","","","","","","","","",""
6940,"2026-08-05 21:18:16.718736","train",21,0.4985758066177368,0.0008138187387255393,"","","","","","","","","","","",""
6960,"2026-08-05 21:18:17.615944","train",21,0.6944823265075684,0.0008162514393736672,"","","","","","","","","","","",""
6980,"2026-08-05 21:18:18.525170","train",21,1.1520287990570068,0.0008186719099271063,"","","","","","","","","","","",""
7000,"2026-08-05 21:18:19.364547","train",21,0.5305757522583008,0.0008210800504620079,"","","","","","","","","","","",""
7020,"2026-08-05 21:18:20.189742","train",21,0.41739246249198914,0.0008234757615635409,"","","","","","","","","","","",""
7040,"2026-08-05 21:18:21.058098","train",21,0.3668113052845001,0.0008258589443299964,"","","","","","","","","","","",""
7060,"2026-08-05 21:18:21.844987","train",21,1.236613392829895,0.0008282295003768706,"","","","","","","","","","","",""
7080,"2026-08-05 21:18:22.848089","train",21,0.7810230255126953,0.0008305873318409262,"","","","","","","","","","","",""
7100,"2026-08-05 21:18:23.796399","train",21,0.9736853837966919,0.0008329323413842325,"","","","","","","","","","","",""
7120,"2026-08-05 21:18:24.586657","train",21,0.2628190219402313,0.0008352644321981838,"","","","","","","","","","","",""
7140,"2026-08-05 21:18:25.451879","train",21,0.3333885669708252,0.000837583508007496,"","","","","","","","","","","",""
7160,"2026-08-05 21:18:26.260302","train",21,0.40944182872772217,0.0008398894730741813,"","","","","","","","","","","",""
7172,"2026-08-05 21:18:42.613759","val",21,"","",0.7801144414590898,0.3018763229192958,0.6464639699973211,0.6509620205774925,0.6765601217656012,0.2659758203799655,0.6448484848484848,0.7008547008547008,0.75,0.5774647887323944,0.7980972515856236,0.6373579545454545
7180,"2026-08-05 21:18:53.408746","train",22,0.9638614058494568,0.0008421822322015002,"","","","","","","","","","","",""
7200,"2026-08-05 21:18:54.266264","train",22,0.7905299663543701,0.0008444616907378912,"","","","","","","","","","","",""
7220,"2026-08-05 21:18:55.102185","train",22,1.3592594861984253,0.0008467277545808794,"","","","","","","","","","","",""
7240,"2026-08-05 21:18:55.878025","train",22,1.252917766571045,0.0008489803301809601,"","","","","","","","","","","",""
7260,"2026-08-05 21:18:56.674831","train",22,0.56060791015625,0.0008512193245454615,"","","","","","","","","","","",""
7280,"2026-08-05 21:18:57.488140","train",22,0.4522910416126251,0.0008534446452423837,"","","","","","","","","","","",""
7300,"2026-08-05 21:18:58.308420","train",22,0.7859426736831665,0.0008556562004042137,"","","","","","","","","","","",""
7320,"2026-08-05 21:18:59.103186","train",22,0.6412766575813293,0.0008578538987317195,"","","","","","","","","","","",""
7340,"2026-08-05 21:18:59.890995","train",22,0.5484461784362793,0.0008600376494977171,"","","","","","","","","","","",""
7360,"2026-08-05 21:19:00.673037","train",22,0.825914740562439,0.0008622073625508185,"","","","","","","","","","","",""
7380,"2026-08-05 21:19:01.546711","train",22,0.42264866828918457,0.0008643629483191512,"","","","","","","","","","","",""
7400,"2026-08-05 21:19:02.402652","train",22,1.126387596130371,0.0008665043178140573,"","","","","","","","","","","",""
7420,"2026-08-05 21:19:03.276774","train",22,0.40177541971206665,0.000868631382633766,"","","","","","","","","","","",""
7440,"2026-08-05 21:19:04.162582","train",22,0.9593983292579651,0.0008707440549670447,"","","","","","","","","","","",""
7460,"2026-08-05 21:19:04.995194","train",22,0.9776012897491455,0.000872842247596823,"","","","","","","","","","","",""
7480,"2026-08-05 21:19:05.876902","train",22,0.3412638008594513,0.0008749258739037931,"","","","","","","","","","","",""
7498,"2026-08-05 21:19:22.364884","val",22,"","",0.7696536558548653,0.2760236800604745,0.6040717921242968,0.6018798873231629,0.6430745814307458,0.2543720190779014,0.6339393939393939,0.6068376068376068,0.7429051530993279,0.5743348982785602,0.789320263950285,0.6143465909090909
7500,"2026-08-05 21:19:32.920549","train",23,0.850147545337677,0.0008769948478699863,"","","","","","","","","","","",""
7520,"2026-08-05 21:19:33.712953","train",23,1.0246418714523315,0.0008790490840823242,"","","","","","","","","","","",""
7540,"2026-08-05 21:19:34.521086","train",23,0.8750255107879639,0.0008810884977361439,"","","","","","","","","","","",""
7560,"2026-08-05 21:19:35.364429","train",23,0.2222808450460434,0.0008831130046386995,"","","","","","","","","","","",""
7580,"2026-08-05 21:19:36.214365","train",23,1.692903757095337,0.0008851225212126385,"","","","","","","","","","","",""
7600,"2026-08-05 21:19:37.033344","train",23,1.0365748405456543,0.0008871169644994507,"","","","","","","","","","","",""
7620,"2026-08-05 21:19:37.887289","train",23,0.602837085723877,0.0008890962521628939,"","","","","","","","","","","",""
7640,"2026-08-05 21:19:38.667889","train",23,0.2738513946533203,0.0008910603024923926,"","","","","","","","","","","",""
7660,"2026-08-05 21:19:39.466037","train",23,0.6994203329086304,0.0008930090344064121,"","","","","","","","","","","",""
7680,"2026-08-05 21:19:40.306698","train",23,1.4001834392547607,0.0008949423674558045,"","","","","","","","","","","",""
7700,"2026-08-05 21:19:41.161984","train",23,0.5136042833328247,0.0008968602218271304,"","","","","","","","","","","",""
7720,"2026-08-05 21:19:42.040663","train",23,0.4412103593349457,0.0008987625183459538,"","","","","","","","","","","",""
7740,"2026-08-05 21:19:42.840922","train",23,0.3397955894470215,0.0009006491784801117,"","","","","","","","","","","",""
7760,"2026-08-05 21:19:43.679371","train",23,2.064687728881836,0.0009025201243429535,"","","","","","","","","","","",""
7780,"2026-08-05 21:19:44.540114","train",23,0.6373485326766968,0.0009043752786965594,"","","","","","","","","","","",""
7800,"2026-08-05 21:19:45.498763","train",23,0.46398603916168213,0.000906214564954927,"","","","","","","","","","","",""
7820,"2026-08-05 21:19:46.284748","train",23,1.4277150630950928,0.000908037907187134,"","","","","","","","","","","",""
7824,"2026-08-05 21:20:02.307591","val",23,"","",0.7832503542419995,0.29653009509124506,0.6583846772033217,0.6629128165501992,0.6270928462709284,0.25757575757575757,0.6545454545454545,0.6239316239316239,0.741411501120239,0.4945226917057903,0.8055929271574092,0.7034090909090909
7840,"2026-08-05 21:20:13.407164","train",24,2.0220377445220947,0.0009098452301204718,"","","","","","","","","","","",""
7860,"2026-08-05 21:20:14.307331","train",24,1.1214035749435425,0.0009116364591435541,"","","","","","","","","","","",""
7880,"2026-08-05 21:20:15.142324","train",24,0.5124709606170654,0.000913411520309397,"","","","","","","","","","","",""
7900,"2026-08-05 21:20:16.005695","train",24,1.0459403991699219,0.0009151703403384701,"","","","","","","","","","","",""
7920,"2026-08-05 21:20:16.888221","train",24,0.9649742841720581,0.0009169128466217242,"","","","","","","","","","","",""
7940,"2026-08-05 21:20:17.665688","train",24,0.31625354290008545,0.0009186389672235868,"","","","","","","","","","","",""
7960,"2026-08-05 21:20:18.525467","train",24,0.5178589224815369,0.0009203486308849327,"","","","","","","","","","","",""
7980,"2026-08-05 21:20:19.418624","train",24,2.655381441116333,0.0009220417670260257,"","","","","","","","","","","",""
8000,"2026-08-05 21:20:20.244177","train",24,1.0161352157592773,0.0009237183057494321,"","","","","","","","","","","",""
8020,"2026-08-05 21:20:21.112131","train",24,1.9166591167449951,0.0009253781778429063,"","","","","","","","","","","",""
8040,"2026-08-05 21:20:21.934895","train",24,0.8183127641677856,0.0009270213147822488,"","","","","","","","","","","",""
8060,"2026-08-05 21:20:22.781205","train",24,0.5093598365783691,0.0009286476487341334,"","","","","","","","","","","",""
8080,"2026-08-05 21:20:23.594492","train",24,0.2522822916507721,0.0009302571125589094,"","","","","","","","","","","",""
8100,"2026-08-05 21:20:24.499711","train",24,1.0661182403564453,0.0009318496398133724,"","","","","","","","","","","",""
8120,"2026-08-05 21:20:25.381382","train",24,0.6356990337371826,0.0009334251647535073,"","","","","","","","","","","",""
8140,"2026-08-05 21:20:26.206333","train",24,0.9741762280464172,0.0009349836223372021,"","","","","","","","","","","",""
8150,"2026-08-05 21:20:42.306872","val",24,"","",0.7871915384555822,0.303656082727967,0.6634074470934905,0.6607469997832857,0.6598173515981736,0.2731707317073171,0.6254545454545454,0.5641025641025641,0.7742718446601943,0.6416275430359938,0.8051124351335768,0.6767045454545455
8160,"2026-08-05 21:20:53.166825","train",25,0.4389152526855469,0.000936524948226934,"","","","","","","","","","","",""
8180,"2026-08-05 21:20:54.007667","train",25,0.4645019471645355,0.0009380490787924245,"","","","","","","","","","","",""
8200,"2026-08-05 21:20:54.869278","train",25,0.24433723092079163,0.0009395559511132664,"","","","","","","","","","","",""
8220,"2026-08-05 21:20:55.657838","train",25,1.1343822479248047,0.000941045502981522,"","","","","","","","","","","",""
8240,"2026-08-05 21:20:56.519042","train",25,0.8797044157981873,0.0009425176729042906,"","","","","","","","","","","",""
8260,"2026-08-05 21:20:57.400060","train",25,0.5274285674095154,0.0009439724001062465,"","","","","","","","","","","",""
8280,"2026-08-05 21:20:58.208560","train",25,0.6742609739303589,0.0009454096245321497,"","","","","","","","","","","",""
8300,"2026-08-05 21:20:59.006769","train",25,0.42645999789237976,0.0009468292868493234,"","","","","","","","","","","",""
8320,"2026-08-05 21:20:59.858702","train",25,1.0725133419036865,0.0009482313284501047,"","","","","","","","","","","",""
8340,"2026-08-05 21:21:00.657203","train",25,0.6202425956726074,0.0009496156914542632,"","","","","","","","","","","",""
8360,"2026-08-05 21:21:01.577248","train",25,0.2765040397644043,0.0009509823187113909,"","","","","","","","","","","",""
8380,"2026-08-05 21:21:02.393795","train",25,0.6109799146652222,0.0009523311538032615,"","","","","","","","","","","",""
8400,"2026-08-05 21:21:03.239229","train",25,0.511044979095459,0.0009536621410461592,"","","","","","","","","","","",""
8420,"2026-08-05 21:21:04.083164","train",25,0.5398879051208496,0.0009549752254931783,"","","","","","","","","","","",""
8440,"2026-08-05 21:21:04.898044","train",25,0.6297035217285156,0.0009562703529364905,"","","","","","","","","","","",""
8460,"2026-08-05 21:21:05.752913","train",25,0.3709765672683716,0.0009575474699095832,"","","","","","","","","","","",""
8476,"2026-08-05 21:21:22.344205","val",25,"","",0.8034440839650325,0.3397923063841155,0.7023171711759979,0.699846231827777,0.7617960426179604,0.32397408207343414,0.7018181818181818,0.7094017094017094,0.7714712471994024,0.6807511737089202,0.8207764751105131,0.7271306818181819
8480,"2026-08-05 21:21:32.932289","train",26,0.9107180833816528,0.0009588065236894673,"","","","","","","","","","","",""
8500,"2026-08-05 21:21:33.767409","train",26,1.16288423538208,0.0009600474622988525,"","","","","","","","","","","",""
8520,"2026-08-05 21:21:34.706167","train",26,0.7809622287750244,0.0009612702345082946,"","","","","","","","","","","",""
8540,"2026-08-05 21:21:35.596023","train",26,0.927525520324707,0.0009624747898383089,"","","","","","","","","","","",""
8560,"2026-08-05 21:21:36.398042","train",26,0.3670758008956909,0.0009636610785614553,"","","","","","","","","","","",""
8580,"2026-08-05 21:21:37.223248","train",26,0.6697049736976624,0.0009648290517043906,"","","","","","","","","","","",""
8600,"2026-08-05 21:21:38.073901","train",26,0.22668148577213287,0.0009659786610498906,"","","","","","","","","","","",""
8620,"2026-08-05 21:21:38.875119","train",26,0.24879993498325348,0.0009671098591388399,"","","","","","","","","","","",""
8640,"2026-08-05 21:21:39.667714","train",26,0.5229812860488892,0.0009682225992721922,"","","","","","","","","","","",""
8660,"2026-08-05 21:21:40.619056","train",26,0.666256308555603,0.0009693168355128975,"","","","","","","","","","","",""
8680,"2026-08-05 21:21:41.399079","train",26,1.8336858749389648,0.0009703925226877984,"","","","","","","","","","","",""
8700,"2026-08-05 21:21:42.225015","train",26,0.7596545219421387,0.0009714496163894956,"","","","","","","","","","","",""
8720,"2026-08-05 21:21:43.070801","train",26,0.3335447311401367,0.0009724880729781807,"","","","","","","","","","","",""
8740,"2026-08-05 21:21:43.904547","train",26,0.29114434123039246,0.0009735078495834379,"","","","","","","","","","","",""
8760,"2026-08-05 21:21:44.727913","train",26,0.922150194644928,0.0009745089041060134,"","","","","","","","","","","",""
8780,"2026-08-05 21:21:45.581835","train",26,1.3298137187957764,0.0009754911952195543,"","","","","","","","","","","",""
8800,"2026-08-05 21:21:46.428208","train",26,0.28072255849838257,0.0009764546823723138,"","","","","","","","","","","",""
8802,"2026-08-05 21:22:02.088942","val",26,"","",0.7941989485013435,0.2959614372608489,0.6790115188856148,0.6990830394916501,0.7207001522070016,0.2982791586998088,0.6993939393939393,0.7094017094017094,0.7585884988797611,0.6275430359937402,0.8047120251137164,0.6678977272727272
8820,"2026-08-05 21:22:13.326049","train",27,1.0625689029693604,0.0009773993257888257,"","","","","","","","","","","",""
8840,"2026-08-05 21:22:14.173061","train",27,0.4181874990463257,0.0009783250864715467,"","","","","","","","","","","",""
8860,"2026-08-05 21:22:15.025806","train",27,1.4176623821258545,0.000979231926202465,"","","","","","","","","","","",""
8880,"2026-08-05 21:22:15.929127","train",27,0.3361991047859192,0.0009801198075446804,"","","","","","","","","","","",""
8900,"2026-08-05 21:22:16.752395","train",27,1.1630314588546753,0.0009809886938439475,"","","","","","","","","","","",""
8920,"2026-08-05 21:22:17.574880","train",27,0.8592671751976013,0.0009818385492301898,"","","","","","","","","","","",""
8940,"2026-08-05 21:22:18.426049","train",27,0.41827327013015747,0.0009826693386189812,"","","","","","","","","","","",""
8960,"2026-08-05 21:22:19.234301","train",27,0.576545000076294,0.000983481027712993,"","","","","","","","","","","",""
8980,"2026-08-05 21:22:20.042602","train",27,0.9944887161254883,0.000984273583003411,"","","","","","","","","","","",""
9000,"2026-08-05 21:22:20.874667","train",27,0.7583240270614624,0.0009850469717713184,"","","","","","","","","","","",""
9020,"2026-08-05 21:22:21.708540","train",27,0.3638070821762085,0.0009858011620890463,"","","","","","","","","","","",""
9040,"2026-08-05 21:22:22.612240","train",27,0.7546958923339844,0.0009865361228214916,"","","","","","","","","","","",""
9060,"2026-08-05 21:22:23.413015","train",27,0.6984464526176453,0.0009872518236274034,"","","","","","","","","","","",""
9080,"2026-08-05 21:22:24.215313","train",27,0.311270147562027,0.0009879482349606345,"","","","","","","","","","","",""
9100,"2026-08-05 21:22:25.025699","train",27,0.7431513071060181,0.0009886253280713617,"","","","","","","","","","","",""
9120,"2026-08-05 21:22:25.830633","train",27,1.2807364463806152,0.0009892830750072718,"","","","","","","","","","","",""
9128,"2026-08-05 21:22:42.035343","val",27,"","",0.8149734028138043,0.3306578612028339,0.7306455933565497,0.7451763231400865,0.8333333333333334,0.35398230088495575,0.7006060606060606,0.7606837606837606,0.7961165048543689,0.7151799687010955,0.8240117880709846,0.7267045454545454
9140,"2026-08-05 21:22:53.033881","train",28,0.9655645489692688,0.0009899214486147174,"","","","","","","","","","","",""
9160,"2026-08-05 21:22:53.857321","train",28,1.0164602994918823,0.0009905404225398356,"","","","","","","","","","","",""
9180,"2026-08-05 21:22:54.750700","train",28,0.44694623351097107,0.000991139971229638,"","","","","","","","","","","",""
9200,"2026-08-05 21:22:55.553549","train",28,0.8258061408996582,0.0009917200699330643,"","","","","","","","","","","",""
9220,"2026-08-05 21:22:56.354831","train",28,0.9856926798820496,0.0009922806947020042,"","","","","","","","","","","",""
9240,"2026-08-05 21:22:57.192227","train",28,0.4669768214225769,0.0009928218223922865,"","","","","","","","","","","",""
9260,"2026-08-05 21:22:57.986653","train",28,0.4438464045524597,0.0009933434306646346,"","","","","","","","","","","",""
9280,"2026-08-05 21:22:58.868887","train",28,0.8919016122817993,0.0009938454979855885,"","","","","","","","","","","",""
9300,"2026-08-05 21:22:59.681660","train",28,0.41700994968414307,0.0009943280036283934,"","","","","","","","","","","",""
9320,"2026-08-05 21:23:00.499718","train",28,0.4669364094734192,0.000994790927673856,"","","","","","","","","","","",""
9340,"2026-08-05 21:23:01.311805","train",28,0.3056653141975403,0.0009952342510111667,"","","","","","","","","","","",""
9360,"2026-08-05 21:23:02.118700","train",28,0.7425833940505981,0.0009956579553386882,"","","","","","","","","","","",""
9380,"2026-08-05 21:23:03.017588","train",28,1.496093511581421,0.0009960620231647109,"","","","","","","","","","","",""
9400,"2026-08-05 21:23:03.939964","train",28,1.5192441940307617,0.0009964464378081758,"","","","","","","","","","","",""
9420,"2026-08-05 21:23:04.750196","train",28,0.5576381683349609,0.0009968111833993628,"","","","","","","","","","","",""
9440,"2026-08-05 21:23:05.585234","train",28,0.3510713577270508,0.0009971562448805452,"","","","","","","","","","","",""
9454,"2026-08-05 21:23:21.670437","val",28,"","",0.7956623744667013,0.28137351042030284,0.690061612643986,0.699455873822757,0.7633181126331812,0.31947483588621445,0.6715151515151515,0.6495726495726496,0.786034353995519,0.7323943661971831,0.8088442565186751,0.6863636363636364
9460,"2026-08-05 21:23:32.475300","train",29,0.853937566280365,0.0009974816080066124,"","","","","","","","","","","",""
9480,"2026-08-05 21:23:33.294865","train",29,0.5129110813140869,0.0009977872593456573,"","","","","","","","","","","",""
9500,"2026-08-05 21:23:34.104122","train",29,0.342408686876297,0.0009980731862795306,"","","","","","","","","","","",""
9520,"2026-08-05 21:23:34.964480","train",29,0.23374292254447937,0.0009983393770043624,"","","","","","","","","","","",""
9540,"2026-08-05 21:23:35.792063","train",29,0.3883294463157654,0.0009985858205310489,"","","","","","","","","","","",""
9560,"2026-08-05 21:23:36.653243","train",29,0.7390292286872864,0.0009988125066857068,"","","","","","","","","","","",""
9580,"2026-08-05 21:23:37.586247","train",29,1.1277122497558594,0.0009990194261100924,"","","","","","","","","","","",""
9600,"2026-08-05 21:23:38.375992","train",29,0.23992908000946045,0.0009992065702619883,"","","","","","","","","","","",""
9620,"2026-08-05 21:23:39.230282","train",29,1.1194980144500732,0.0009993739314155562,"","","","","","","","","","","",""
9640,"2026-08-05 21:23:40.039961","train",29,1.1427311897277832,0.0009995215026616562,"","","","","","","","","","","",""
9660,"2026-08-05 21:23:40.907911","train",29,0.6063698530197144,0.0009996492779081308,"","","","","","","","","","","",""
9680,"2026-08-05 21:23:41.719157","train",29,0.7237011194229126,0.0009997572518800578,"","","","","","","","","","","",""
9700,"2026-08-05 21:23:42.596842","train",29,0.3558655381202698,0.000999845420119967,"","","","","","","","","","","",""
9720,"2026-08-05 21:23:43.419972","train",29,1.3559606075286865,0.0009999137789880254,"","","","","","","","","","","",""
9740,"2026-08-05 21:23:44.232313","train",29,0.3725305199623108,0.0009999623256621854,"","","","","","","","","","","",""
9760,"2026-08-05 21:23:45.078305","train",29,1.066411018371582,0.000999991058138304,"","","","","","","","","","","",""
9780,"2026-08-05 21:23:45.854354","train",29,0.4693138599395752,0.0009999999952618726,"","","","","","","","","","","",""
9780,"2026-08-05 21:24:01.501724","val",29,"","",0.8023368357478572,0.3207079544259276,0.7116260380391106,0.7110383364997496,0.5692541856925418,0.24533333333333332,0.6872727272727274,0.7094017094017094,0.7862210604929051,0.6901408450704225,0.8161637516817222,0.720028409090909
9800,"2026-08-05 21:24:12.793665","train",30,0.6140347123146057,0.0009999979104872588,"","","","","","","","","","","",""
9820,"2026-08-05 21:24:13.628927","train",30,0.2977544367313385,0.0009999920352289362,"","","","","","","","","","","",""
9840,"2026-08-05 21:24:14.482726","train",30,0.21968820691108704,0.0009999823695314455,"","","","","","","","","","","",""
9860,"2026-08-05 21:24:15.350731","train",30,0.5459586977958679,0.0009999689134680626,"","","","","","","","","","","",""
9880,"2026-08-05 21:24:16.108644","train",30,1.0635311603546143,0.0009999516671407983,"","","","","","","","","","","",""
9900,"2026-08-05 21:24:16.949101","train",30,0.2581072449684143,0.0009999306306803977,"","","","","","","","","","","",""
9920,"2026-08-05 21:24:17.761131","train",30,0.5263277292251587,0.0009999058042463383,"","","","","","","","","","","",""
9940,"2026-08-05 21:24:18.657649","train",30,1.5211310386657715,0.0009998771880268306,"","","","","","","","","","","",""
9960,"2026-08-05 21:24:19.501634","train",30,1.003316879272461,0.0009998447822388145,"","","","","","","","","","","",""
9980,"2026-08-05 21:24:20.351488","train",30,0.5946682691574097,0.0009998085871279598,"","","","","","","","","","","",""
10000,"2026-08-05 21:24:21.165811","train",30,0.28986668586730957,0.000999768602968662,"","","","","","","","","","","",""
10020,"2026-08-05 21:24:22.006212","train",30,0.508482038974762,0.000999724830064043,"","","","","","","","","","","",""
10040,"2026-08-05 21:24:22.828867","train",30,2.3898367881774902,0.0009996772687459459,"","","","","","","","","","","",""
10060,"2026-08-05 21:24:23.628774","train",30,0.4177141785621643,0.0009996259193749346,"","","","","","","","","","","",""
10080,"2026-08-05 21:24:24.441666","train",30,0.8503270149230957,0.00099957078234029,"","","","","","","","","","","",""
10100,"2026-08-05 21:24:25.320069","train",30,0.6825823783874512,0.000999511858060008,"","","","","","","","","","","",""
10106,"2026-08-05 21:24:41.214209","val",30,"","",0.7994486987897699,0.3242458116423077,0.6885212965443344,0.7010479616983105,0.6621004566210046,0.2815533980582524,0.6557575757575758,0.6239316239316239,0.7682972367438387,0.651017214397496,0.8165801781023768,0.6938920454545454
10120,"2026-08-05 21:24:52.398123","train",31,0.407572478055954,0.000999449146980795,"","","","","","","","","","","",""
10140,"2026-08-05 21:24:53.218098","train",31,0.6875917911529541,0.0009993826495780659,"","","","","","","","","","","",""
10160,"2026-08-05 21:24:54.040050","train",31,0.2559727430343628,0.0009993123663559387,"","","","","","","","","","","",""
10180,"2026-08-05 21:24:54.826502","train",31,1.3313148021697998,0.0009992382978472334,"","","","","","","","","","","",""
10200,"2026-08-05 21:24:55.637858","train",31,0.27560189366340637,0.0009991604446134652,"","","","","","","","","","","",""
10220,"2026-08-05 21:24:56.515481","train",31,0.6561019420623779,0.0009990788072448415,"","","","","","","","","","","",""
10240,"2026-08-05 21:24:57.321014","train",31,1.0471510887145996,0.0009989933863602581,"","","","","","","","","","","",""
10260,"2026-08-05 21:24:58.134617","train",31,0.5883615612983704,0.000998904182607293,"","","","","","","","","","","",""
10280,"2026-08-05 21:24:58.950758","train",31,1.0494420528411865,0.0009988111966622024,"","","","","","","","","","","",""
10300,"2026-08-05 21:24:59.759116","train",31,0.5221946239471436,0.0009987144292299157,"","","","","","","","","","","",""
10320,"2026-08-05 21:25:00.691705","train",31,0.29211199283599854,0.0009986138810440294,"","","","","","","","","","","",""
10340,"2026-08-05 21:25:01.558393","train",31,0.2846031188964844,0.0009985095528668023,"","","","","","","","","","","",""
10360,"2026-08-05 21:25:02.380564","train",31,0.3365614414215088,0.0009984014454891494,"","","","","","","","","","","",""
10380,"2026-08-05 21:25:03.201298","train",31,1.469161868095398,0.000998289559730636,"","","","","","","","","","","",""
10400,"2026-08-05 21:25:03.990545","train",31,0.3085590600967407,0.0009981738964394713,"","","","","","","","","","","",""
10420,"2026-08-05 21:25:04.842812","train",31,1.010754108428955,0.0009980544564925022,"","","","","","","","","","","",""
10432,"2026-08-05 21:25:21.223777","val",31,"","",0.7977374969995896,0.3096973448836192,0.6917358692740423,0.6973588031516764,0.7115677321156774,0.29158878504672897,0.6424242424242425,0.5811965811965812,0.7871545929798357,0.672926447574335,0.812015503875969,0.7048295454545455
10440,"2026-08-05 21:25:31.938664","train",32,1.2266954183578491,0.0009979312407952061,"","","","","","","","","","","",""
10460,"2026-08-05 21:25:32.858000","train",32,0.27991876006126404,0.0009978042502816855,"","","","","","","","","","","",""
10480,"2026-08-05 21:25:33.678595","train",32,0.2642582058906555,0.0009976734859146585,"","","","","","","","","","","",""
10500,"2026-08-05 21:25:34.496809","train",32,0.5440351963043213,0.0009975389486854538,"","","","","","","","","","","",""
10520,"2026-08-05 21:25:35.336219","train",32,0.48261916637420654,0.0009974006396140025,"","","","","","","","","","","",""
10540,"2026-08-05 21:25:36.149254","train",32,1.0197713375091553,0.0009972585597488293,"","","","","","","","","","","",""
10560,"2026-08-05 21:25:36.986496","train",32,0.5006304383277893,0.000997112710167046,"","","","","","","","","","","",""
10580,"2026-08-05 21:25:37.793841","train",32,0.24579450488090515,0.0009969630919743424,"","","","","","","","","","","",""
10600,"2026-08-05 21:25:38.635288","train",32,0.5897763967514038,0.0009968097063049787,"","","","","","","","","","","",""
10620,"2026-08-05 21:25:39.464110","train",32,0.7606744766235352,0.000996652554321776,"","","","","","","","","","","",""
10640,"2026-08-05 21:25:40.304810","train",32,0.3102937340736389,0.0009964916372161082,"","","","","","","","","","","",""
10660,"2026-08-05 21:25:41.142165","train",32,0.8791679739952087,0.0009963269562078927,"","","","","","","","","","","",""
10680,"2026-08-05 21:25:41.960562","train",32,0.3772240877151489,0.0009961585125455807,"","","","","","","","","","","",""
10700,"2026-08-05 21:25:42.811416","train",32,1.103846549987793,0.000995986307506149,"","","","","","","","","","","",""
10720,"2026-08-05 21:25:43.697157","train",32,0.5258956551551819,0.0009958103423950888,"","","","","","","","","","","",""
10740,"2026-08-05 21:25:44.486520","train",32,0.3951904773712158,0.0009956306185463968,"","","","","","","","","","","",""
10758,"2026-08-05 21:26:01.023305","val",32,"","",0.8123640136586424,0.36419118107206905,0.7045271899276722,0.719642577658386,0.647640791476408,0.27543035993740217,0.7236363636363636,0.7264957264957265,0.8067587752053771,0.7276995305164319,0.8123518482926517,0.6740056818181818
10760,"2026-08-05 21:26:11.585124","train",33,0.3935893177986145,0.0009954471373225648,"","","","","","","","","","","",""
10780,"2026-08-05 21:26:12.471713","train",33,0.27224910259246826,0.0009952599001145693,"","","","","","","","","","","",""
10800,"2026-08-05 21:26:13.335732","train",33,0.8114222884178162,0.0009950689083418616,"","","","","","","","","","","",""
10820,"2026-08-05 21:26:14.102989","train",33,0.2897234559059143,0.0009948741634523551,"","","","","","","","","","","",""
10840,"2026-08-05 21:26:14.940113","train",33,1.6330664157867432,0.000994675666922417,"","","","","","","","","","","",""
10860,"2026-08-05 21:26:15.746040","train",33,0.38179510831832886,0.0009944734202568556,"","","","","","","","","","","",""
10880,"2026-08-05 21:26:16.534416","train",33,0.5291192531585693,0.000994267424988908,"","","","","","","","","","","",""
10900,"2026-08-05 21:26:17.396665","train",33,0.4464014172554016,0.0009940576826802314,"","","","","","","","","","","",""
10920,"2026-08-05 21:26:18.196142","train",33,0.6051180362701416,0.0009938441949208876,"","","","","","","","","","","",""
10940,"2026-08-05 21:26:19.084517","train",33,0.872560977935791,0.0009936269633293341,"","","","","","","","","","","",""
10960,"2026-08-05 21:26:19.950222","train",33,0.24918422102928162,0.0009934059895524098,"","","","","","","","","","","",""
10980,"2026-08-05 21:26:20.786667","train",33,1.6167752742767334,0.0009931812752653232,"","","","","","","","","","","",""
11000,"2026-08-05 21:26:21.616442","train",33,0.5535187125205994,0.0009929528221716403,"","","","","","","","","","","",""
11020,"2026-08-05 21:26:22.504374","train",33,0.9731599688529968,0.0009927206320032704,"","","","","","","","","","","",""
11040,"2026-08-05 21:26:23.284771","train",33,0.37241148948669434,0.0009924847065204542,"","","","","","","","","","","",""
11060,"2026-08-05 21:26:24.118100","train",33,0.8422818779945374,0.0009922450475117496,"","","","","","","","","","","",""
11080,"2026-08-05 21:26:24.898198","train",33,0.2548174560070038,0.0009920016567940189,"","","","","","","","","","","",""
11084,"2026-08-05 21:26:40.790396","val",33,"","",0.7897467266490642,0.3302089045271078,0.6676935440664346,0.6830388361201205,0.8774733637747336,0.3686274509803922,0.6363636363636365,0.5555555555555556,0.7641896938013443,0.6150234741784038,0.8088923057210583,0.6872159090909091
11100,"2026-08-05 21:26:51.786978","train",34,0.20794036984443665,0.0009917545362124137,"","","","","","","","","","","",""
11120,"2026-08-05 21:26:52.691727","train",34,0.30499619245529175,0.000991503687640363,"","","","","","","","","","","",""
11140,"2026-08-05 21:26:53.543276","train",34,0.28224942088127136,0.000991249112979557,"","","","","","","","","","","",""
11160,"2026-08-05 21:26:54.335572","train",34,0.3540405333042145,0.0009909908141599335,"","","","","","","","","","","",""
11180,"2026-08-05 21:26:55.180008","train",34,0.2613399624824524,0.0009907287931396635,"","","","","","","","","","","",""
11200,"2026-08-05 21:26:56.054600","train",34,0.4833396375179291,0.0009904630519051365,"","","","","","","","","","","",""
11220,"2026-08-05 21:26:56.871514","train",34,0.738236665725708,0.0009901935924709442,"","","","","","","","","","","",""
11240,"2026-08-05 21:26:57.837950","train",34,0.27425241470336914,0.0009899204168798664,"","","","","","","","","","","",""
11260,"2026-08-05 21:26:58.652487","train",34,1.4675997495651245,0.0009896435272028555,"","","","","","","","","","","",""
11280,"2026-08-05 21:26:59.495039","train",34,0.31090497970581055,0.0009893629255390203,"","","","","","","","","","","",""
11300,"2026-08-05 21:27:00.410632","train",34,1.543256163597107,0.0009890786140156103,"","","","","","","","","","","",""
11320,"2026-08-05 21:27:01.204546","train",34,0.4822946786880493,0.0009887905947879995,"","","","","","","","","","","",""
11340,"2026-08-05 21:27:02.037338","train",34,0.7870726585388184,0.00098849887003967,"","","","","","","","","","","",""
11360,"2026-08-05 21:27:02.878690","train",34,0.8268216848373413,0.0009882034419821958,"","","","","","","","","","","",""
11380,"2026-08-05 21:27:03.763967","train",34,0.35364317893981934,0.0009879043128552258,"","","","","","","","","","","",""
11400,"2026-08-05 21:27:04.606123","train",34,0.8392417430877686,0.0009876014849264664,"","","","","","","","","","","",""
11410,"2026-08-05 21:27:20.630528","val",34,"","",0.8025923545672052,0.349654731469859,0.6950843825341548,0.7043250345649613,0.5441400304414004,0.2427307206068268,0.6727272727272727,0.6410256410256411,0.7851008215085885,0.6651017214397497,0.8115189954513422,0.6974431818181818
11420,"2026-08-05 21:27:31.424913","train",35,0.6834728717803955,0.0009872949604916655,"","","","","","","","","","","",""
11440,"2026-08-05 21:27:32.364055","train",35,0.6110145449638367,0.0009869847418745934,"","","","","","","","","","","",""
11460,"2026-08-05 21:27:33.207166","train",35,0.8210792541503906,0.0009866708314270269,"","","","","","","","","","","",""
11480,"2026-08-05 21:27:34.019910","train",35,0.36692965030670166,0.0009863532315287301,"","","","","","","","","","","",""
11500,"2026-08-05 21:27:34.939562","train",35,0.47839879989624023,0.0009860319445874374,"","","","","","","","","","","",""
11520,"2026-08-05 21:27:35.751298","train",35,0.37883830070495605,0.0009857069730388344,"","","","","","","","","","","",""
11540,"2026-08-05 21:27:36.603539","train",35,0.598433256149292,0.00098537831934654,"","","","","","","","","","","",""
11560,"2026-08-05 21:27:37.405524","train",35,0.24074116349220276,0.0009850459860020874,"","","","","","","","","","","",""
11580,"2026-08-05 21:27:38.225362","train",35,1.133988380432129,0.0009847099755249057,"","","","","","","","","","","",""
11600,"2026-08-05 21:27:39.034066","train",35,0.48222601413726807,0.0009843702904623003,"","","","","","","","","","","",""
11620,"2026-08-05 21:27:39.818890","train",35,0.4382303059101105,0.0009840269333894333,"","","","","","","","","","","",""
11640,"2026-08-05 21:27:40.630172","train",35,1.0942773818969727,0.0009836799069093047,"","","","","","","","","","","",""
11660,"2026-08-05 21:27:41.593117","train",35,0.5636883974075317,0.000983329213652733,"","","","","","","","","","","",""
11680,"2026-08-05 21:27:42.378943","train",35,0.894690215587616,0.0009829748562783336,"","","","","","","","","","","",""
11700,"2026-08-05 21:27:43.253503","train",35,0.2654178738594055,0.0009826168374725004,"","","","","","","","","","","",""
11720,"2026-08-05 21:27:44.072505","train",35,0.3268831968307495,0.0009822551599493843,"","","","","","","","","","","",""
11736,"2026-08-05 21:28:00.675459","val",35,"","",0.7959798372422551,0.3362092138449127,0.6862443075274578,0.6882123272400003,0.6407914764079148,0.2693498452012384,0.696969696969697,0.6837606837606838,0.7507468259895445,0.5978090766823161,0.8109103722211545,0.6938920454545454
11740,"2026-08-05 21:28:11.222596","train",36,0.28324413299560547,0.0009818898264508736,"","","","","","","","","","","",""
11760,"2026-08-05 21:28:12.031181","train",36,0.3090227544307709,0.000981520839746572,"","","","","","","","","","","",""
11780,"2026-08-05 21:28:12.957058","train",36,0.8553931713104248,0.0009811482026337787,"","","","","","","","","","","",""
11800,"2026-08-05 21:28:13.906105","train",36,1.2335364818572998,0.0009807719179374666,"","","","","","","","","","","",""
11820,"2026-08-05 21:28:14.707843","train",36,0.381219744682312,0.000980391988510261,"","","","","","","","","","","",""
11840,"2026-08-05 21:28:15.515630","train",36,0.46071702241897583,0.0009800084172324182,"","","","","","","","","","","",""
11860,"2026-08-05 21:28:16.355655","train",36,0.8815793991088867,0.000979621207011803,"","","","","","","","","","","",""
11880,"2026-08-05 21:28:17.164290","train",36,0.9609712362289429,0.000979230360783868,"","","","","","","","","","","",""
11900,"2026-08-05 21:28:17.988329","train",36,1.5461432933807373,0.0009788358815116295,"","","","","","","","","","","",""
11920,"2026-08-05 21:28:18.913915","train",36,0.3629087805747986,0.0009784377721856468,"","","","","","","","","","","",""
11940,"2026-08-05 21:28:19.788592","train",36,0.7501122355461121,0.0009780360358239981,"","","","","","","","","","","",""
11960,"2026-08-05 21:28:20.573133","train",36,0.5140454769134521,0.0009776306754722588,"","","","","","","","","","","",""
11980,"2026-08-05 21:28:21.396500","train",36,0.38631200790405273,0.0009772216942034776,"","","","","","","","","","","",""
12000,"2026-08-05 21:28:22.247711","train",36,0.31922513246536255,0.0009768090951181535,"","","","","","","","","","","",""
12020,"2026-08-05 21:28:23.055830","train",36,1.1236886978149414,0.0009763928813442122,"","","","","","","","","","","",""
12040,"2026-08-05 21:28:23.908827","train",36,0.5988849401473999,0.0009759730560369829,"","","","","","","","","","","",""
12060,"2026-08-05 21:28:24.674123","train",36,0.8039963841438293,0.0009755496223791732,"","","","","","","","","","","",""
12062,"2026-08-05 21:28:40.456416","val",36,"","",0.7929445833881795,0.3446341087707485,0.6719126707741763,0.6718845810652455,0.7899543378995434,0.3235294117647059,0.7175757575757576,0.7264957264957265,0.7884615384615385,0.704225352112676,0.7926997245179063,0.6447443181818182
12080,"2026-08-05 21:28:51.811693","train",37,0.26497045159339905,0.0009751225835808464,"","","","","","","","","","","",""
12100,"2026-08-05 21:28:52.635317","train",37,0.4714535176753998,0.0009746919428793963,"","","","","","","","","","","",""
12120,"2026-08-05 21:28:53.584866","train",37,0.3575608432292938,0.0009742577035395224,"","","","","","","","","","","",""
12140,"2026-08-05 21:28:54.429537","train",37,0.863499641418457,0.000973819868853206,"","","","","","","","","","","",""
12160,"2026-08-05 21:28:55.386645","train",37,0.5705050826072693,0.0009733784421396848,"","","","","","","","","","","",""
12180,"2026-08-05 21:28:56.190759","train",37,0.21141940355300903,0.0009729334267454278,"","","","","","","","","","","",""
12200,"2026-08-05 21:28:56.972934","train",37,0.856525182723999,0.0009724848260441095,"","","","","","","","","","","",""
12220,"2026-08-05 21:28:57.848498","train",37,0.7426758408546448,0.0009720326434365854,"","","","","","","","","","","",""
12240,"2026-08-05 21:28:58.753413","train",37,0.7865827679634094,0.0009715768823508649,"","","","","","","","","","","",""
12260,"2026-08-05 21:28:59.556032","train",37,0.9858344793319702,0.0009711175462420861,"","","","","","","","","","","",""
12280,"2026-08-05 21:29:00.352056","train",37,0.6947814226150513,0.00097065463859249,"","","","","","","","","","","",""
12300,"2026-08-05 21:29:01.303242","train",37,0.21389912068843842,0.0009701881629113927,"","","","","","","","","","","",""
12320,"2026-08-05 21:29:02.113772","train",37,0.5460715889930725,0.0009697181227351602,"","","","","","","","","","","",""
12340,"2026-08-05 21:29:02.935483","train",37,0.5370486974716187,0.0009692445216271809,"","","","","","","","","","","",""
12360,"2026-08-05 21:29:03.729469","train",37,0.2191585898399353,0.0009687673631778388,"","","","","","","","","","","",""
12380,"2026-08-05 21:29:04.567689","train",37,0.5361943244934082,0.000968286651004486,"","","","","","","","","","","",""
12388,"2026-08-05 21:29:20.884296","val",37,"","",0.8041951544340258,0.349953221796529,0.693811947495312,0.6992539468500343,0.5312024353120244,0.23573200992555832,0.6909090909090909,0.6923076923076923,0.7740851381628081,0.6463223787167449,0.8156352104555065,0.6971590909090909
12400,"2026-08-05 21:29:31.893158","train",38,0.3276633620262146,0.0009678023887514155,"","","","","","","","","","","",""
12420,"2026-08-05 21:29:32.755418","train",38,0.9142671823501587,0.0009673145800898341,"","","","","","","","","","","",""
12440,"2026-08-05 21:29:33.558272","train",38,0.3541072905063629,0.0009668232287178334,"","","","","","","","","","","",""
12460,"2026-08-05 21:29:34.373549","train",38,0.28064611554145813,0.0009663283383603628,"","","","","","","","","","","",""
12480,"2026-08-05 21:29:35.220034","train",38,0.4038386046886444,0.0009658299127692001,"","","","","","","","","","","",""
12500,"2026-08-05 21:29:36.032771","train",38,0.32562971115112305,0.000965327955722925,"","","","","","","","","","","",""
12520,"2026-08-05 21:29:36.795629","train",38,0.70653235912323,0.0009648224710268883,"","","","","","","","","","","",""
12540,"2026-08-05 21:29:37.593323","train",38,0.4581667184829712,0.0009643134625131846,"","","","","","","","","","","",""
12560,"2026-08-05 21:29:38.504449","train",38,1.3740280866622925,0.0009638009340406221,"","","","","","","","","","","",""
12580,"2026-08-05 21:29:39.365788","train",38,0.3616437613964081,0.0009632848894946944,"","","","","","","","","","","",""
12600,"2026-08-05 21:29:40.164349","train",38,1.0129846334457397,0.0009627653327875503,"","","","","","","","","","","",""
12620,"2026-08-05 21:29:41.004242","train",38,0.41064518690109253,0.0009622422678579647,"","","","","","","","","","","",""
12640,"2026-08-05 21:29:41.812968","train",38,0.7596482038497925,0.000961715698671308,"","","","","","","","","","","",""
12660,"2026-08-05 21:29:42.649772","train",38,0.931727409362793,0.0009611856292195169,"","","","","","","","","","","",""
12680,"2026-08-05 21:29:43.534361","train",38,0.9955521821975708,0.0009606520635210633,"","","","","","","","","","","",""
12700,"2026-08-05 21:29:44.382380","train",38,1.020587682723999,0.0009601150056209245,"","","","","","","","","","","",""
12714,"2026-08-05 21:30:00.862060","val",38,"","",0.8109857606330673,0.3212761621544467,0.7207339941066166,0.7423552568385895,0.6598173515981736,0.2825040128410915,0.7054545454545454,0.717948717948718,0.7656833457804331,0.6275430359937402,0.8296815939522071,0.7373579545454545
12720,"2026-08-05 21:30:11.748540","train",39,0.513861894607544,0.0009595744595905523,"","","","","","","","","","","",""
12740,"2026-08-05 21:30:12.605039","train",39,0.28462302684783936,0.0009590304295278423,"","","","","","","","","","","",""
12760,"2026-08-05 21:30:13.433401","train",39,0.512805163860321,0.0009584829195571019,"","","","","","","","","","","",""
12780,"2026-08-05 21:30:14.264338","train",39,0.4275423288345337,0.0009579319338290205,"","","","","","","","","","","",""
12800,"2026-08-05 21:30:15.120221","train",39,0.7090907692909241,0.0009573774765206374,"","","","","","","","","","","",""
12820,"2026-08-05 21:30:15.922509","train",39,1.4310884475708008,0.0009568195518353094,"","","","","","","","","","","",""
12840,"2026-08-05 21:30:16.819833","train",39,0.8843262195587158,0.0009562581640026802,"","","","","","","","","","","",""
12860,"2026-08-05 21:30:17.647776","train",39,0.40775519609451294,0.0009556933172786473,"","","","","","","","","","","",""
12880,"2026-08-05 21:30:18.440247","train",39,0.7359338402748108,0.0009551250159453304,"","","","","","","","","","","",""
12900,"2026-08-05 21:30:19.340931","train",39,0.7893961668014526,0.0009545532643110387,"","","","","","","","","","","",""
12920,"2026-08-05 21:30:20.216489","train",39,0.45010095834732056,0.0009539780667102381,"","","","","","","","","","","",""
12940,"2026-08-05 21:30:21.112965","train",39,0.2677256464958191,0.0009533994275035185,"","","","","","","","","","","",""
12960,"2026-08-05 21:30:21.935423","train",39,0.9821533560752869,0.0009528173510775608,"","","","","","","","","","","",""
12980,"2026-08-05 21:30:22.748623","train",39,1.2078109979629517,0.0009522318418451035,"","","","","","","","","","","",""
13000,"2026-08-05 21:30:23.658582","train",39,1.335999846458435,0.0009516429042449094,"","","","","","","","","","","",""
13020,"2026-08-05 21:30:24.453098","train",39,0.5517752170562744,0.0009510505427417316,"","","","","","","","","","","",""
13040,"2026-08-05 21:30:25.298485","train",39,0.2905583381652832,0.0009504547618262802,"","","","","","","","","","","",""
13040,"2026-08-05 21:30:41.247026","val",39,"","",0.7951203648499019,0.30961169530393856,0.674792392177873,0.6960129228011374,0.7252663622526636,0.29902912621359223,0.6993939393939393,0.717948717948718,0.7830470500373412,0.676056338028169,0.8011403677365623,0.6598011363636364
13060,"2026-08-05 21:30:52.709072","train",40,0.599272608757019,0.0009498555660151877,"","","","","","","","","","","",""
13080,"2026-08-05 21:30:53.693692","train",40,1.0899651050567627,0.0009492529598509755,"","","","","","","","","","","",""
13100,"2026-08-05 21:30:54.546826","train",40,0.5053532123565674,0.0009486469479020183,"","","","","","","","","","","",""
13120,"2026-08-05 21:30:55.458150","train",40,2.813662052154541,0.0009480375347625108,"","","","","","","","","","","",""
13140,"2026-08-05 21:30:56.289757","train",40,0.374144971370697,0.0009474247250524318,"","","","","","","","","","","",""
13160,"2026-08-05 21:30:57.143110","train",40,1.1786773204803467,0.0009468085234175099,"","","","","","","","","","","",""
13180,"2026-08-05 21:30:58.112369","train",40,1.4548397064208984,0.0009461889345291876,"","","","","","","","","","","",""
13200,"2026-08-05 21:30:58.903885","train",40,0.2880154252052307,0.0009455659630845864,"","","","","","","","","","","",""
13220,"2026-08-05 21:30:59.765635","train",40,0.3865019679069519,0.0009449396138064715,"","","","","","","","","","","",""
13240,"2026-08-05 21:31:00.562153","train",40,0.35969480872154236,0.0009443098914432149,"","","","","","","","","","","",""
13260,"2026-08-05 21:31:01.389477","train",40,0.22278738021850586,0.0009436768007687607,"","","","","","","","","","","",""
13280,"2026-08-05 21:31:02.245410","train",40,1.0504475831985474,0.0009430403465825875,"","","","","","","","","","","",""
13300,"2026-08-05 21:31:03.090313","train",40,0.5084243416786194,0.0009424005337096736,"","","","","","","","","","","",""
13320,"2026-08-05 21:31:03.989831","train",40,0.2533358931541443,0.0009417573670004591,"","","","","","","","","","","",""
13340,"2026-08-05 21:31:04.810852","train",40,2.1793956756591797,0.0009411108513308097,"","","","","","","","","","","",""
13360,"2026-08-05 21:31:05.605694","train",40,0.9323585629463196,0.0009404609916019796,"","","","","","","","","","","",""
13366,"2026-08-05 21:31:21.752688","val",40,"","",0.802491695638371,0.3058264762374996,0.6970265202250201,0.7064898318594737,0.5898021308980214,0.25034770514603616,0.6593939393939394,0.6324786324786325,0.7832337565347274,0.6776212832550861,0.8190467038247166,0.712215909090909
13380,"2026-08-05 21:31:32.941252","train",41,0.3794238567352295,0.0009398077927405748,"","","","","","","","","","","",""
13400,"2026-08-05 21:31:33.847824","train",41,0.27544066309928894,0.0009391512596985147,"","","","","","","","","","","",""
13420,"2026-08-05 21:31:34.712676","train",41,0.669194221496582,0.000938491397452996,"","","","","","","","","","","",""
13440,"2026-08-05 21:31:35.586992","train",41,1.5112196207046509,0.0009378282110064537,"","","","","","","","","","","",""
13460,"2026-08-05 21:31:36.394414","train",41,0.576379656791687,0.0009371617053865234,"","","","","","","","","","","",""
13480,"2026-08-05 21:31:37.290518","train",41,0.5991665124893188,0.0009364918856460044,"","","","","","","","","","","",""
13500,"2026-08-05 21:31:38.267000","train",41,1.7289479970932007,0.0009358187568628196,"","","","","","","","","","","",""
13520,"2026-08-05 21:31:39.148461","train",41,0.4610164761543274,0.000935142324139978,"","","","","","","","","","","",""
13540,"2026-08-05 21:31:39.956636","train",41,0.8056199550628662,0.0009344625926055359,"","","","","","","","","","","",""
13560,"2026-08-05 21:31:40.745468","train",41,0.9637155532836914,0.0009337795674125585,"","","","","","","","","","","",""
13580,"2026-08-05 21:31:41.550238","train",41,0.32359203696250916,0.0009330932537390794,"","","","","","","","","","","",""
13600,"2026-08-05 21:31:42.344990","train",41,0.7017676830291748,0.0009324036567880631,"","","","","","","","","","","",""
13620,"2026-08-05 21:31:43.194904","train",41,1.02097749710083,0.0009317107817873641,"","","","","","","","","","","",""
13640,"2026-08-05 21:31:43.999847","train",41,1.1470773220062256,0.0009310146339896884,"","","","","","","","","","","",""
13660,"2026-08-05 21:31:44.830746","train",41,0.43864119052886963,0.000930315218672553,"","","","","","","","","","","",""
13680,"2026-08-05 21:31:45.834411","train",41,0.8042265176773071,0.0009296125411382456,"","","","","","","","","","","",""
13692,"2026-08-05 21:32:01.894602","val",41,"","",0.8018799990708406,0.3209718195456134,0.6982319849986606,0.7112317633016781,0.6103500761035008,0.2622478386167147,0.6387878787878788,0.5811965811965812,0.7931292008961912,0.702660406885759,0.8190787366263054,0.7149147727272728
13700,"2026-08-05 21:32:12.677103","train",42,1.2929341793060303,0.0009289066067137855,"","","","","","","","","","","",""
13720,"2026-08-05 21:32:13.497156","train",42,0.5915427207946777,0.0009281974207508824,"","","","","","","","","","","",""
13740,"2026-08-05 21:32:14.281291","train",42,0.6765495538711548,0.0009274849886258959,"","","","","","","","","","","",""
13760,"2026-08-05 21:32:15.188680","train",42,1.0909571647644043,0.0009267693157397949,"","","","","","","","","","","",""
13780,"2026-08-05 21:32:16.001829","train",42,0.2770499587059021,0.0009260504075181166,"","","","","","","","","","","",""
13800,"2026-08-05 21:32:16.980698","train",42,0.4498046636581421,0.0009253282694109254,"","","","","","","","","","","",""
13820,"2026-08-05 21:32:17.850908","train",42,0.34815657138824463,0.0009246029068927716,"","","","","","","","","","","",""
13840,"2026-08-05 21:32:18.681513","train",42,1.6778661012649536,0.0009238743254626495,"","","","","","","","","","","",""
13860,"2026-08-05 21:32:19.508584","train",42,0.7599586248397827,0.0009231425306439567,"","","","","","","","","","","",""
13880,"2026-08-05 21:32:20.446852","train",42,0.6912227869033813,0.0009224075279844512,"","","","","","","","","","","",""
13900,"2026-08-05 21:32:21.294685","train",42,0.3224788308143616,0.0009216693230562097,"","","","","","","","","","","",""
13920,"2026-08-05 21:32:22.107421","train",42,0.2991964817047119,0.0009209279214555853,"","","","","","","","","","","",""
13940,"2026-08-05 21:32:22.920082","train",42,0.3753931522369385,0.0009201833288031657,"","","","","","","","","","","",""
13960,"2026-08-05 21:32:23.766805","train",42,1.2582778930664062,0.0009194355507437294,"","","","","","","","","","","",""
13980,"2026-08-05 21:32:24.589497","train",42,0.2300269603729248,0.0009186845929462041,"","","","","","","","","","","",""
14000,"2026-08-05 21:32:25.454627","train",42,0.9860637784004211,0.000917930461103623,"","","","","","","","","","","",""
14018,"2026-08-05 21:32:42.062950","val",42,"","",0.7985195394466856,0.31610068486328285,0.6772702919903563,0.6967707459753646,0.8493150684931506,0.34,0.673939393939394,0.6410256410256411,0.7783793876026887,0.6854460093896714,0.8119033890704082,0.6789772727272727
14020,"2026-08-05 21:32:52.571722","train",43,1.0756621360778809,0.0009171731609330815,"","","","","","","","","","","",""
14040,"2026-08-05 21:32:53.478864","train",43,0.775189220905304,0.0009164126981756946,"","","","","","","","","","","",""
14060,"2026-08-05 21:32:54.330525","train",43,1.6305451393127441,0.0009156490785965531,"","","","","","","","","","","",""
14080,"2026-08-05 21:32:55.138679","train",43,0.6613132953643799,0.0009148823079846791,"","","","","","","","","","","",""
14100,"2026-08-05 21:32:55.966326","train",43,0.358532190322876,0.0009141123921529834,"","","","","","","","","","","",""
14120,"2026-08-05 21:32:56.810775","train",43,0.3423937261104584,0.0009133393369382205,"","","","","","","","","","","",""
14140,"2026-08-05 21:32:57.631072","train",43,0.6163324117660522,0.0009125631482009447,"","","","","","","","","","","",""
14160,"2026-08-05 21:32:58.469659","train",43,0.6160981059074402,0.0009117838318254658,"","","","","","","","","","","",""
14180,"2026-08-05 21:32:59.288449","train",43,0.25256508588790894,0.0009110013937198041,"","","","","","","","","","","",""
14200,"2026-08-05 21:33:00.170393","train",43,0.8836802840232849,0.0009102158398156457,"","","","","","","","","","","",""
14220,"2026-08-05 21:33:00.972410","train",43,0.424416720867157,0.000909427176068298,"","","","","","","","","","","",""
14240,"2026-08-05 21:33:01.821081","train",43,0.3185180425643921,0.0009086354084566444,"","","","","","","","","","","",""
14260,"2026-08-05 21:33:02.684371","train",43,0.9124107360839844,0.000907840542983098,"","","","","","","","","","","",""
14280,"2026-08-05 21:33:03.520813","train",43,0.5760235786437988,0.0009070425856735573,"","","","","","","","","","","",""
14300,"2026-08-05 21:33:04.325652","train",43,0.41927704215049744,0.0009062415425773605,"","","","","","","","","","","",""
14320,"2026-08-05 21:33:05.118269","train",43,1.0388765335083008,0.0009054374197672388,"","","","","","","","","","","",""
14340,"2026-08-05 21:33:05.916219","train",43,0.8063494563102722,0.0009046302233392708,"","","","","","","","","","","",""
14344,"2026-08-05 21:33:21.964393","val",43,"","",0.8093907037607724,0.32153258104158733,0.7111572461826949,0.7130338119456018,0.6506849315068494,0.27488151658767773,0.6484848484848484,0.6153846153846154,0.8071321882001493,0.7261345852895149,0.8231949516304696,0.715625
14360,"2026-08-05 21:33:33.040155","train",44,0.3912268877029419,0.0009038199594128364,"","","","","","","","","","","",""
14380,"2026-08-05 21:33:33.888308","train",44,0.5277469754219055,0.0009030066341305702,"","","","","","","","","","","",""
14400,"2026-08-05 21:33:34.714180","train",44,0.35336554050445557,0.0009021902536583151,"","","","","","","","","","","",""
14420,"2026-08-05 21:33:35.547710","train",44,0.4577389657497406,0.0009013708241850756,"","","","","","","","","","","",""
14440,"2026-08-05 21:33:36.364720","train",44,2.1394076347351074,0.0009005483519229706,"","","","","","","","","","","",""
14460,"2026-08-05 21:33:37.233940","train",44,0.7055512070655823,0.0008997228431071864,"","","","","","","","","","","",""
14480,"2026-08-05 21:33:38.066738","train",44,0.3427668809890747,0.0008988943039959298,"","","","","","","","","","","",""
14500,"2026-08-05 21:33:39.000529","train",44,0.6845271587371826,0.0008980627408703801,"","","","","","","","","","","",""
14520,"2026-08-05 21:33:39.828399","train",44,1.209784984588623,0.0008972281600346417,"","","","","","","","","","","",""
14540,"2026-08-05 21:33:40.745031","train",44,0.3072975277900696,0.0008963905678156968,"","","","","","","","","","","",""
14560,"2026-08-05 21:33:41.540950","train",44,0.9456459283828735,0.0008955499705633562,"","","","","","","","","","","",""
14580,"2026-08-05 21:33:42.348600","train",44,0.46247825026512146,0.0008947063746502128,"","","","","","","","","","","",""
14600,"2026-08-05 21:33:43.237288","train",44,0.27317774295806885,0.0008938597864715916,"","","","","","","","","","","",""
14620,"2026-08-05 21:33:44.097787","train",44,0.3006711006164551,0.0008930102124455032,"","","","","","","","","","","",""
14640,"2026-08-05 21:33:44.912446","train",44,0.2586280405521393,0.0008921576590125926,"","","","","","","","","","","",""
14660,"2026-08-05 21:33:45.785116","train",44,0.8022006750106812,0.0008913021326360928,"","","","","","","","","","","",""
14670,"2026-08-05 21:34:01.951932","val",44,"","",0.8192707647755694,0.3454835634162844,0.7364050361639433,0.7445011061949498,0.8249619482496194,0.3611111111111111,0.673939393939394,0.6239316239316239,0.8071321882001494,0.7355242566510172,0.8353513998334294,0.75625
14680,"2026-08-05 21:34:12.836575","train",45,0.5938287377357483,0.0008904436398017743,"","","","","","","","","","","",""
14700,"2026-08-05 21:34:13.637507","train",45,0.5552340745925903,0.0008895821870178965,"","","","","","","","","","","",""
14720,"2026-08-05 21:34:14.471513","train",45,1.299591064453125,0.0008887177808151586,"","","","","","","","","","","",""
14740,"2026-08-05 21:34:15.297707","train",45,0.9234820604324341,0.0008878504277466491,"","","","","","","","","","","",""
14760,"2026-08-05 21:34:16.098081","train",45,1.2275396585464478,0.0008869801343877973,"","","","","","","","","","","",""
14780,"2026-08-05 21:34:16.950808","train",45,1.460181474685669,0.0008861069073363228,"","","","","","","","","","","",""
14800,"2026-08-05 21:34:17.801951","train",45,0.26864299178123474,0.0008852307532121854,"","","","","","","","","","","",""
14820,"2026-08-05 21:34:18.655799","train",45,0.407696008682251,0.0008843516786575356,"","","","","","","","","","","",""
14840,"2026-08-05 21:34:19.458586","train",45,0.7223299741744995,0.0008834696903366632,"","","","","","","","","","","",""
14860,"2026-08-05 21:34:20.264451","train",45,0.5032246708869934,0.0008825847949359476,"","","","","","","","","","","",""
14880,"2026-08-05 21:34:21.137521","train",45,0.952094554901123,0.0008816969991638069,"","","","","","","","","","","",""
14900,"2026-08-05 21:34:22.043242","train",45,0.8235479593276978,0.0008808063097506473,"","","","","","","","","","","",""
14920,"2026-08-05 21:34:22.941047","train",45,0.8820723295211792,0.0008799127334488109,"","","","","","","","","","","",""
14940,"2026-08-05 21:34:23.785541","train",45,0.2637479603290558,0.0008790162770325261,"","","","","","","","","","","",""
14960,"2026-08-05 21:34:24.660941","train",45,0.908221423625946,0.0008781169472978557,"","","","","","","","","","","",""
14980,"2026-08-05 21:34:25.653565","train",45,0.33389198780059814,0.0008772147510626447,"","","","","","","","","","","",""
14996,"2026-08-05 21:34:41.979950","val",45,"","",0.8191546198576838,0.3479322222809684,0.7306455933565497,0.7388351530018388,0.8333333333333334,0.37249283667621774,0.673939393939394,0.6581196581196581,0.822068707991038,0.7605633802816901,0.8313953488372092,0.7372159090909091
15000,"2026-08-05 21:34:52.617474","train",46,1.867822289466858,0.0008763096951664689,"","","","","","","","","","","",""
15020,"2026-08-05 21:34:53.498167","train",46,0.754247784614563,0.0008754017864705843,"","","","","","","","","","","",""
15040,"2026-08-05 21:34:54.347154","train",46,0.47670817375183105,0.0008744910318578731,"","","","","","","","","","","",""
15060,"2026-08-05 21:34:55.257336","train",46,0.30704784393310547,0.0008735774382327929,"","","","","","","","","","","",""
15080,"2026-08-05 21:34:56.049962","train",46,1.5568454265594482,0.0008726610125213238,"","","","","","","","","","","",""
15100,"2026-08-05 21:34:56.851386","train",46,0.7160155177116394,0.0008717417616709162,"","","","","","","","","","","",""
15120,"2026-08-05 21:34:57.701446","train",46,0.19666481018066406,0.0008708196926504378,"","","","","","","","","","","",""
15140,"2026-08-05 21:34:58.566503","train",46,0.32825034856796265,0.0008698948124501208,"","","","","","","","","","","",""
15160,"2026-08-05 21:34:59.422211","train",46,0.22286361455917358,0.0008689671280815094,"","","","","","","","","","","",""
15180,"2026-08-05 21:35:00.245011","train",46,1.0404105186462402,0.0008680366465774061,"","","","","","","","","","","",""
15200,"2026-08-05 21:35:01.139219","train",46,0.33739471435546875,0.0008671033749918183,"","","","","","","","","","","",""
15220,"2026-08-05 21:35:01.974390","train",46,0.9834129810333252,0.0008661673203999057,"","","","","","","","","","","",""
15240,"2026-08-05 21:35:02.790834","train",46,0.4379657804965973,0.0008652284898979256,"","","","","","","","","","","",""
15260,"2026-08-05 21:35:03.660134","train",46,0.4091573655605316,0.0008642868906031794,"","","","","","","","","","","",""
15280,"2026-08-05 21:35:04.533182","train",46,0.2568824887275696,0.0008633425296539595,"","","","","","","","","","","",""
15300,"2026-08-05 21:35:05.415075","train",46,0.7017642259597778,0.0008623954142094937,"","","","","","","","","","","",""
15320,"2026-08-05 21:35:06.216481","train",46,0.9357622861862183,0.0008614455514498922,"","","","","","","","","","","",""
15322,"2026-08-05 21:35:22.167840","val",46,"","",0.8190229889507468,0.34190441002269806,0.725622823466381,0.740258586469539,0.7427701674277016,0.324,0.6921212121212121,0.6923076923076923,0.813293502613891,0.758998435054773,0.8291530527259914,0.7274147727272727
15340,"2026-08-05 21:35:33.361366","train",47,0.24966281652450562,0.0008604929485760925,"","","","","","","","","","","",""
15360,"2026-08-05 21:35:34.201779","train",47,0.7787859439849854,0.000859537612809805,"","","","","","","","","","","",""
15380,"2026-08-05 21:35:35.012585","train",47,0.4888078272342682,0.0008585795513934582,"","","","","","","","","","","",""
15400,"2026-08-05 21:35:35.844078","train",47,1.131365180015564,0.000857618771590144,"","","","","","","","","","","",""
15420,"2026-08-05 21:35:36.657620","train",47,0.607467532157898,0.0008566552806835623,"","","","","","","","","","","",""
15440,"2026-08-05 21:35:37.483455","train",47,0.26834189891815186,0.0008556890859779659,"","","","","","","","","","","",""
15460,"2026-08-05 21:35:38.379215","train",47,0.6046876907348633,0.0008547201947981055,"","","","","","","","","","","",""
15480,"2026-08-05 21:35:39.201556","train",47,0.22575533390045166,0.0008537486144891736,"","","","","","","","","","","",""
15500,"2026-08-05 21:35:40.010706","train",47,2.045837879180908,0.000852774352416749,"","","","","","","","","","","",""
15520,"2026-08-05 21:35:40.856523","train",47,0.5836337804794312,0.0008517974159667411,"","","","","","","","","","","",""
15540,"2026-08-05 21:35:41.648263","train",47,0.8481689691543579,0.000850817812545334,"","","","","","","","","","","",""
15560,"2026-08-05 21:35:42.450498","train",47,1.5837970972061157,0.0008498355495789302,"","","","","","","","","","","",""
15580,"2026-08-05 21:35:43.318598","train",47,0.7872451543807983,0.0008488506345140937,"","","","","","","","","","","",""
15600,"2026-08-05 21:35:44.193113","train",47,0.3567873239517212,0.000847863074817495,"","","","","","","","","","","",""
15620,"2026-08-05 21:35:44.994362","train",47,0.2798663079738617,0.0008468728779758531,"","","","","","","","","","","",""
15640,"2026-08-05 21:35:45.790910","train",47,0.28142911195755005,0.0008458800514958793,"","","","","","","","","","","",""
15648,"2026-08-05 21:36:01.832974","val",47,"","",0.8123640136586423,0.34170655660204813,0.7173185105813019,0.7210268156215018,0.821917808219178,0.3709677419354839,0.6848484848484848,0.6837606837606838,0.803024645257655,0.7183098591549296,0.8279998718687938,0.7397727272727272
15660,"2026-08-05 21:36:12.749405","train",48,0.7884606719017029,0.0008448846029042204,"","","","","","","","","","","",""
15680,"2026-08-05 21:36:13.605491","train",48,0.3162049353122711,0.0008438865397474016,"","","","","","","","","","","",""
15700,"2026-08-05 21:36:14.547738","train",48,0.6483099460601807,0.0008428858695917689,"","","","","","","","","","","",""
15720,"2026-08-05 21:36:15.395060","train",48,0.25938400626182556,0.0008418826000234323,"","","","","","","","","","","",""
15740,"2026-08-05 21:36:16.309405","train",48,0.7072179317474365,0.0008408767386482077,"","","","","","","","","","","",""
15760,"2026-08-05 21:36:17.170926","train",48,1.1757593154907227,0.0008398682930915599,"","","","","","","","","","","",""
15780,"2026-08-05 21:36:17.979198","train",48,0.5642935037612915,0.0008388572709985445,"","","","","","","","","","","",""
15800,"2026-08-05 21:36:18.827514","train",48,0.2692377269268036,0.0008378436800337495,"","","","","","","","","","","",""
15820,"2026-08-05 21:36:19.655038","train",48,1.2628467082977295,0.0008368275278812379,"","","","","","","","","","","",""
15840,"2026-08-05 21:36:20.581559","train",48,0.9612122774124146,0.0008358088222444892,"","","","","","","","","","","",""
15860,"2026-08-05 21:36:21.422752","train",48,0.749584436416626,0.0008347875708463408,"","","","","","","","","","","",""
15880,"2026-08-05 21:36:22.253820","train",48,1.5965545177459717,0.0008337637814289292,"","","","","","","","","","","",""
15900,"2026-08-05 21:36:23.147033","train",48,0.527030348777771,0.0008327374617536327,"","","","","","","","","","","",""
15920,"2026-08-05 21:36:23.950960","train",48,0.5322638750076294,0.0008317086196010104,"","","","","","","","","","","",""
15940,"2026-08-05 21:36:24.796591","train",48,1.1199450492858887,0.0008306772627707453,"","","","","","","","","","","",""
15960,"2026-08-05 21:36:25.638503","train",48,1.0913034677505493,0.0008296433990815839,"","","","","","","","","","","",""
15974,"2026-08-05 21:36:42.106583","val",48,"","",0.8078188758720547,0.33342022870080085,0.6993035092418965,0.7225149016912634,0.7351598173515982,0.31225296442687744,0.6872727272727273,0.6837606837606838,0.7740851381628081,0.6463223787167449,0.8237074764558909,0.7089488636363637
15980,"2026-08-05 21:36:52.929716","train",49,1.1304513216018677,0.0008286070363712768,"","","","","","","","","","","",""
16000,"2026-08-05 21:36:53.750515","train",49,1.2258166074752808,0.0008275681824965206,"","","","","","","","","","","",""
16020,"2026-08-05 21:36:54.567852","train",49,1.2980382442474365,0.0008265268453328971,"","","","","","","","","","","",""
16040,"2026-08-05 21:36:55.385904","train",49,0.571111798286438,0.0008254830327748138,"","","","","","","","","","","",""
16060,"2026-08-05 21:36:56.280431","train",49,1.2818444967269897,0.0008244367527354445,"","","","","","","","","","","",""
16080,"2026-08-05 21:36:57.082498","train",49,1.6381199359893799,0.000823388013146669,"","","","","","","","","","","",""
16100,"2026-08-05 21:36:57.945361","train",49,0.32390254735946655,0.0008223368219590127,"","","","","","","","","","","",""
16120,"2026-08-05 21:36:58.858727","train",49,0.4467352032661438,0.0008212831871415874,"","","","","","","","","","","",""
16140,"2026-08-05 21:36:59.648244","train",49,0.417691171169281,0.0008202271166820293,"","","","","","","","","","","",""
16160,"2026-08-05 21:37:00.446848","train",49,0.2431158721446991,0.0008191686185864397,"","","","","","","","","","","",""
16180,"2026-08-05 21:37:01.321639","train",49,0.3555927872657776,0.0008181077008793238,"","","","","","","","","","","",""
16200,"2026-08-05 21:37:02.167134","train",49,0.9876840710639954,0.00081704437160353,"","","","","","","","","","","",""
16220,"2026-08-05 21:37:03.056322","train",49,1.1765934228897095,0.0008159786388201889,"","","","","","","","","","","",""
16240,"2026-08-05 21:37:03.912524","train",49,0.6739634275436401,0.000814910510608652,"","","","","","","","","","","",""
16260,"2026-08-05 21:37:04.763873","train",49,0.9135342240333557,0.0008138399950664306,"","","","","","","","","","","",""
16280,"2026-08-05 21:37:05.579125","train",49,0.44985005259513855,0.0008127671003091346,"","","","","","","","","","","",""
16300,"2026-08-05 21:37:06.343030","train",49,1.0682477951049805,0.0008116918344704109,"","","","","","","","","","","",""
16300,"2026-08-05 21:37:22.132534","val",49,"","",0.8099869143392515,0.3230491949069683,0.6978971336726494,0.7174618210533148,0.7496194824961948,0.324435318275154,0.7115151515151515,0.7094017094017094,0.7985436893203883,0.7245696400625978,0.8190467038247164,0.6855113636363637
16320,"2026-08-05 21:37:33.459797","train",50,0.4191713333129883,0.0008106142057018813,"","","","","","","","","","","",""
16340,"2026-08-05 21:37:34.303674","train",50,0.9598134160041809,0.0008095342221730809,"","","","","","","","","","","",""
16360,"2026-08-05 21:37:35.103007","train",50,0.6018255352973938,0.0008084518920713973,"","","","","","","","","","","",""
16380,"2026-08-05 21:37:35.916111","train",50,0.21557602286338806,0.0008073672236020062,"","","","","","","","","","","",""
16400,"2026-08-05 21:37:36.749294","train",50,0.2986310124397278,0.0008062802249878115,"","","","","","","","","","","",""
16420,"2026-08-05 21:37:37.595300","train",50,0.4927370846271515,0.0008051909044693816,"","","","","","","","","","","",""
16440,"2026-08-05 21:37:38.442513","train",50,0.6100999116897583,0.0008040992703048875,"","","","","","","","","","","",""
16460,"2026-08-05 21:37:39.305683","train",50,1.0830975770950317,0.0008030053307700397,"","","","","","","","","","","",""
16480,"2026-08-05 21:37:40.150896","train",50,0.5647878050804138,0.0008019090941580263,"","","","","","","","","","","",""
16500,"2026-08-05 21:37:40.982683","train",50,0.30452245473861694,0.0008008105687794491,"","","","","","","","","","","",""
16520,"2026-08-05 21:37:41.884083","train",50,1.8391413688659668,0.0007997097629622613,"","","","","","","","","","","",""
16540,"2026-08-05 21:37:42.717282","train",50,1.185773491859436,0.0007986066850517043,"","","","","","","","","","","",""
16560,"2026-08-05 21:37:43.553151","train",50,0.30178654193878174,0.000797501343410244,"","","","","","","","","","","",""
16580,"2026-08-05 21:37:44.485697","train",50,0.23541933298110962,0.0007963937464175082,"","","","","","","","","","","",""
16600,"2026-08-05 21:37:45.350862","train",50,0.8801319599151611,0.0007952839024702222,"","","","","","","","","","","",""
16620,"2026-08-05 21:37:46.185888","train",50,1.185483694076538,0.0007941718199821453,"","","","","","","","","","","",""
16626,"2026-08-05 21:38:02.198750","val",50,"","",0.81112513453453,0.3496908268381586,0.7117599785695151,0.7252613794736706,0.678082191780822,0.28907563025210087,0.6933333333333334,0.6837606837606838,0.7977968633308439,0.7261345852895149,0.8223620987891601,0.7134943181818182
16640,"2026-08-05 21:38:13.128939","train",51,0.3223204016685486,0.0007930575073840081,"","","","","","","","","","","",""
16660,"2026-08-05 21:38:14.006835","train",51,0.21632245182991028,0.0007919409731234469,"","","","","","","","","","","",""
16680,"2026-08-05 21:38:14.808017","train",51,0.3304467797279358,0.0007908222256649406,"","","","","","","","","","","",""
16700,"2026-08-05 21:38:15.600229","train",51,0.9915047287940979,0.000789701273489747,"","","","","","","","","","","",""
16720,"2026-08-05 21:38:16.398016","train",51,0.49707865715026855,0.0007885781250958373,"","","","","","","","","","","",""
16740,"2026-08-05 21:38:17.249977","train",51,0.33506113290786743,0.0007874527889978326,"","","","","","","","","","","",""
16760,"2026-08-05 21:38:18.072154","train",51,0.7531854510307312,0.0007863252737269386,"","","","","","","","","","","",""
16780,"2026-08-05 21:38:18.909403","train",51,0.47658950090408325,0.0007851955878308823,"","","","","","","","","","","",""
16800,"2026-08-05 21:38:19.726712","train",51,0.7146453857421875,0.0007840637398738456,"","","","","","","","","","","",""
16820,"2026-08-05 21:38:20.545020","train",51,0.9421406984329224,0.0007829297384364006,"","","","","","","","","","","",""
16840,"2026-08-05 21:38:21.390410","train",51,0.5450016260147095,0.0007817935921154464,"","","","","","","","","","","",""
16860,"2026-08-05 21:38:22.283146","train",51,1.428946852684021,0.000780655309524141,"","","","","","","","","","","",""
16880,"2026-08-05 21:38:23.189747","train",51,0.47420620918273926,0.0007795148992918387,"","","","","","","","","","","",""
16900,"2026-08-05 21:38:24.088661","train",51,0.26674333214759827,0.0007783723700640229,"","","","","","","","","","","",""
16920,"2026-08-05 21:38:24.883386","train",51,0.8851127624511719,0.000777227730502241,"","","","","","","","","","","",""
16940,"2026-08-05 21:38:25.805192","train",51,0.9371143579483032,0.0007760809892840394,"","","","","","","","","","","",""
16952,"2026-08-05 21:38:41.960022","val",51,"","",0.8111406205235813,0.3471330746893185,0.7052638628448968,0.7238018108972741,0.6864535768645358,0.28222996515679444,0.6545454545454545,0.6239316239316239,0.8119865571321883,0.7605633802816901,0.8263181497853802,0.720028409090909
16960,"2026-08-05 21:38:52.828934","train",52,0.6549291610717773,0.0007749321551028972,"","","","","","","","","","","",""
16980,"2026-08-05 21:38:53.631878","train",52,1.222401738166809,0.0007737812366681599,"","","","","","","","","","","",""
17000,"2026-08-05 21:38:54.449500","train",52,0.3124367594718933,0.0007726282427049741,"","","","","","","","","","","",""
17020,"2026-08-05 21:38:55.303862","train",52,1.0833379030227661,0.0007714731819542208,"","","","","","","","","","","",""
17040,"2026-08-05 21:38:56.108061","train",52,1.3151273727416992,0.0007703160631724499,"","","","","","","","","","","",""
17060,"2026-08-05 21:38:56.903861","train",52,1.6887873411178589,0.0007691568951318124,"","","","","","","","","","","",""
17080,"2026-08-05 21:38:57.752945","train",52,1.2814228534698486,0.0007679956866199958,"","","","","","","","","","","",""
17100,"2026-08-05 21:38:58.649227","train",52,0.45403212308883667,0.0007668324464401558,"","","","","","","","","","","",""
17120,"2026-08-05 21:38:59.494047","train",52,1.4106591939926147,0.0007656671834108505,"","","","","","","","","","","",""
17140,"2026-08-05 21:39:00.313299","train",52,0.2564258575439453,0.0007644999063659732,"","","","","","","","","","","",""
17160,"2026-08-05 21:39:01.108702","train",52,0.7003377676010132,0.0007633306241546853,"","","","","","","","","","","",""
17180,"2026-08-05 21:39:02.024298","train",52,0.7221616506576538,0.00076215934564135,"","","","","","","","","","","",""
17200,"2026-08-05 21:39:02.958698","train",52,0.8979530334472656,0.000760986079705464,"","","","","","","","","","","",""
17220,"2026-08-05 21:39:03.880201","train",52,0.6990021467208862,0.0007598108352415906,"","","","","","","","","","","",""
17240,"2026-08-05 21:39:04.735990","train",52,0.24023142457008362,0.0007586336211592933,"","","","","","","","","","","",""
17260,"2026-08-05 21:39:05.624050","train",52,0.568301260471344,0.0007574544463830661,"","","","","","","","","","","",""
17278,"2026-08-05 21:39:22.183912","val",52,"","",0.8143075052845936,0.34957029766765024,0.7160460755424591,0.7245912989648341,0.6552511415525114,0.27751196172248804,0.6654545454545454,0.6581196581196581,0.7989171023151607,0.7276995305164319,0.8321160868729579,0.7332386363636364
17280,"2026-08-05 21:39:32.704362","train",53,0.609828531742096,0.000756273319852268,"","","","","","","","","","","",""
17300,"2026-08-05 21:39:33.597906","train",53,1.2530633211135864,0.0007550902505210539,"","","","","","","","","","","",""
17320,"2026-08-05 21:39:34.452058","train",53,0.6066851615905762,0.0007539052473583071,"","","","","","","","","","","",""
17340,"2026-08-05 21:39:35.327368","train",53,0.22736406326293945,0.0007527183193475716,"","","","","","","","","","","",""
17360,"2026-08-05 21:39:36.155077","train",53,0.22159108519554138,0.0007515294754869836,"","","","","","","","","","","",""
17380,"2026-08-05 21:39:36.990108","train",53,0.3542749881744385,0.0007503387247892032,"","","","","","","","","","","",""
17400,"2026-08-05 21:39:37.777740","train",53,0.21851001679897308,0.0007491460762813466,"","","","","","","","","","","",""
17420,"2026-08-05 21:39:38.623287","train",53,0.628449559211731,0.0007479515390049173,"","","","","","","","","","","",""
17440,"2026-08-05 21:39:39.496199","train",53,0.48833686113357544,0.0007467551220157372,"","","","","","","","","","","",""
17460,"2026-08-05 21:39:40.335568","train",53,0.40219956636428833,0.0007455568343838791,"","","","","","","","","","","",""
17480,"2026-08-05 21:39:41.261608","train",53,1.046596646308899,0.0007443566851935966,"","","","","","","","","","","",""
17500,"2026-08-05 21:39:42.058758","train",53,1.170431137084961,0.0007431546835432562,"","","","","","","","","","","",""
17520,"2026-08-05 21:39:42.860046","train",53,0.5244379043579102,0.0007419508385452675,"","","","","","","","","","","",""
17540,"2026-08-05 21:39:43.726005","train",53,0.3074776828289032,0.000740745159326015,"","","","","","","","","","","",""
17560,"2026-08-05 21:39:44.530715","train",53,0.8714011311531067,0.0007395376550257882,"","","","","","","","","","","",""
17580,"2026-08-05 21:39:45.397729","train",53,0.32802873849868774,0.000738328334798713,"","","","","","","","","","","",""
17600,"2026-08-05 21:39:46.207863","train",53,0.27339839935302734,0.0007371172078126815,"","","","","","","","","","","",""
17604,"2026-08-05 21:40:02.169704","val",53,"","",0.807602072025335,0.35164065544420914,0.6987007768550764,0.7121530782138187,0.7876712328767124,0.33729216152019004,0.6436363636363637,0.6324786324786325,0.784167289021658,0.6948356807511737,0.8278397078608495,0.7181818181818181
17620,"2026-08-05 21:40:13.277114","train",54,0.5392920970916748,0.0007359042832492829,"","","","","","","","","","","",""
17640,"2026-08-05 21:40:14.084952","train",54,0.5451610088348389,0.000734689570303734,"","","","","","","","","","","",""
17660,"2026-08-05 21:40:15.018932","train",54,0.26931673288345337,0.0007334730781848095,"","","","","","","","","","","",""
17680,"2026-08-05 21:40:15.827443","train",54,1.0216257572174072,0.0007322548161147721,"","","","","","","","","","","",""
17700,"2026-08-05 21:40:16.682599","train",54,1.116879940032959,0.0007310347933293021,"","","","","","","","","","","",""
17720,"2026-08-05 21:40:17.495350","train",54,0.556719183921814,0.0007298130190774282,"","","","","","","","","","","",""
17740,"2026-08-05 21:40:18.297342","train",54,0.6545533537864685,0.000728589502621457,"","","","","","","","","","","",""
17760,"2026-08-05 21:40:19.224016","train",54,0.42557644844055176,0.000727364253236903,"","","","","","","","","","","",""
17780,"2026-08-05 21:40:20.105022","train",54,0.345498263835907,0.0007261372802124173,"","","","","","","","","","","",""
17800,"2026-08-05 21:40:20.988078","train",54,1.0406947135925293,0.0007249085928497189,"","","","","","","","","","","",""
17820,"2026-08-05 21:40:21.846038","train",54,0.5605823397636414,0.0007236782004635226,"","","","","","","","","","","",""
17840,"2026-08-05 21:40:22.659563","train",54,0.6445501446723938,0.0007224461123814695,"","","","","","","","","","","",""
17860,"2026-08-05 21:40:23.595886","train",54,0.549773097038269,0.0007212123379440557,"","","","","","","","","","","",""
17880,"2026-08-05 21:40:24.360695","train",54,0.3728843927383423,0.000719976886504561,"","","","","","","","","","","",""
17900,"2026-08-05 21:40:25.166039","train",54,0.5492879748344421,0.0007187397674289797,"","","","","","","","","","","",""
17920,"2026-08-05 21:40:25.989201","train",54,0.9738901257514954,0.0007175009900959474,"","","","","","","","","","","",""
17930,"2026-08-05 21:40:42.216430","val",54,"","",0.8128982802809159,0.3509335697420595,0.7123627109563354,0.724790427187903,0.7519025875190258,0.32644628099173556,0.6593939393939394,0.5811965811965812,0.8071321882001493,0.7245696400625978,0.828208085079121,0.7329545454545454
17940,"2026-08-05 21:40:53.154824","train",55,0.6219291687011719,0.0007162605638966719,"","","","","","","","","","","",""
17960,"2026-08-05 21:40:54.025761","train",55,0.2389870136976242,0.0007150184982348606,"","","","","","","","","","","",""
17980,"2026-08-05 21:40:54.911463","train",55,0.17884108424186707,0.0007137748025266498,"","","","","","","","","","","",""
18000,"2026-08-05 21:40:55.709728","train",55,0.22217056155204773,0.0007125294862005332,"","","","","","","","","","","",""
18020,"2026-08-05 21:40:56.496256","train",55,0.5509821176528931,0.0007112825586972907,"","","","","","","","","","","",""
18040,"2026-08-05 21:40:57.303437","train",55,0.40108415484428406,0.0007100340294699161,"","","","","","","","","","","",""
18060,"2026-08-05 21:40:58.102522","train",55,0.6995633244514465,0.0007087839079835465,"","","","","","","","","","","",""
18080,"2026-08-05 21:40:58.944516","train",55,1.2863706350326538,0.0007075322037153895,"","","","","","","","","","","",""
18100,"2026-08-05 21:40:59.758374","train",55,0.6733881235122681,0.000706278926154652,"","","","","","","","","","","",""
18120,"2026-08-05 21:41:00.608356","train",55,0.3423333168029785,0.0007050240848024681,"","","","","","","","","","","",""
18140,"2026-08-05 21:41:01.444455","train",55,0.4138895869255066,0.0007037676891718268,"","","","","","","","","","","",""
18160,"2026-08-05 21:41:02.342163","train",55,0.895963191986084,0.0007025097487875008,"","","","","","","","","","","",""
18180,"2026-08-05 21:41:03.154255","train",55,0.4237040579319,0.0007012502731859727,"","","","","","","","","","","",""
18200,"2026-08-05 21:41:04.006064","train",55,0.34678149223327637,0.0006999892719153645,"","","","","","","","","","","",""
18220,"2026-08-05 21:41:04.825049","train",55,0.2302871197462082,0.0006987267545353635,"","","","","","","","","","","",""
18240,"2026-08-05 21:41:05.648245","train",55,0.4824380576610565,0.0006974627306171516,"","","","","","","","","","","",""
18256,"2026-08-05 21:41:22.006037","val",55,"","",0.8149424308357014,0.32876372138653776,0.7131663541387624,0.7306458460274305,0.6461187214611872,0.2745709828393136,0.646060606060606,0.5982905982905983,0.8075056011949217,0.7089201877934272,0.8325325132936127,0.7373579545454545
18260,"2026-08-05 21:41:32.520493","train",56,0.3209512233734131,0.0006961972097433308,"","","","","","","","","","","",""
18280,"2026-08-05 21:41:33.476659","train",56,0.2842046022415161,0.0006949302015078526,"","","","","","","","","","","",""
18300,"2026-08-05 21:41:34.292080","train",56,0.20603814721107483,0.0006936617155159433,"","","","","","","","","","","",""
18320,"2026-08-05 21:41:35.103245","train",56,0.8426434397697449,0.0006923917613840325,"","","","","","","","","","","",""
18340,"2026-08-05 21:41:35.927605","train",56,0.20189319550991058,0.0006911203487396802,"","","","","","","","","","","",""
18360,"2026-08-05 21:41:36.750375","train",56,0.32969462871551514,0.000689847487221503,"","","","","","","","","","","",""
18380,"2026-08-05 21:41:37.611464","train",56,0.3748554289340973,0.0006885731864791012,"","","","","","","","","","","",""
18400,"2026-08-05 21:41:38.413329","train",56,0.20573554933071136,0.0006872974561729863,"","","","","","","","","","","",""
18420,"2026-08-05 21:41:39.269237","train",56,0.9255440831184387,0.0006860203059745076,"","","","","","","","","","","",""
18440,"2026-08-05 21:41:40.059548","train",56,0.34129980206489563,0.0006847417455657782,"","","","","","","","","","","",""
18460,"2026-08-05 21:41:40.876819","train",56,0.32481133937835693,0.000683461784639602,"","","","","","","","","","","",""
18480,"2026-08-05 21:41:41.691898","train",56,1.8180400133132935,0.0006821804328994006,"","","","","","","","","","","",""
18500,"2026-08-05 21:41:42.499459","train",56,1.5828313827514648,0.000680897700059139,"","","","","","","","","","","",""
18520,"2026-08-05 21:41:43.307459","train",56,0.5779869556427002,0.0006796135958432531,"","","","","","","","","","","",""
18540,"2026-08-05 21:41:44.099711","train",56,0.8890175819396973,0.0006783281299865743,"","","","","","","","","","","",""
18560,"2026-08-05 21:41:44.995331","train",56,1.1610867977142334,0.0006770413122342571,"","","","","","","","","","","",""
18580,"2026-08-05 21:41:45.794948","train",56,2.3395938873291016,0.000675753152341705,"","","","","","","","","","","",""
18582,"2026-08-05 21:42:01.506937","val",56,"","",0.8039628645982546,0.3074248194694184,0.684971872488615,0.7125555747397544,0.860730593607306,0.37542662116040953,0.6387878787878788,0.6324786324786325,0.7852875280059746,0.6384976525821596,0.8217855083605612,0.7026988636363637
18600,"2026-08-05 21:42:12.735522","train",57,1.9863446950912476,0.0006744636600744959,"","","","","","","","","","","",""
18620,"2026-08-05 21:42:13.634391","train",57,0.32524949312210083,0.0006731728452083087,"","","","","","","","","","","",""
18640,"2026-08-05 21:42:14.463370","train",57,0.9157382845878601,0.0006718807175288486,"","","","","","","","","","","",""
18660,"2026-08-05 21:42:15.261899","train",57,0.3280794620513916,0.0006705872868317741,"","","","","","","","","","","",""
18680,"2026-08-05 21:42:16.124104","train",57,1.6788798570632935,0.0006692925629226207,"","","","","","","","","","","",""
18700,"2026-08-05 21:42:16.930693","train",57,0.23154518008232117,0.000667996555616729,"","","","","","","","","","","",""
18720,"2026-08-05 21:42:17.732627","train",57,0.20807090401649475,0.0006666992747391682,"","","","","","","","","","","",""
18740,"2026-08-05 21:42:18.583950","train",57,0.2690044939517975,0.0006654007301246629,"","","","","","","","","","","",""
18760,"2026-08-05 21:42:19.410255","train",57,0.30915170907974243,0.0006641009316175181,"","","","","","","","","","","",""
18780,"2026-08-05 21:42:20.218285","train",57,0.2498670220375061,0.0006627998890715445,"","","","","","","","","","","",""
18800,"2026-08-05 21:42:21.032911","train",57,0.8312484622001648,0.0006614976123499838,"","","","","","","","","","","",""
18820,"2026-08-05 21:42:21.854427","train",57,0.7179689407348633,0.0006601941113254342,"","","","","","","","","","","",""
18840,"2026-08-05 21:42:22.691670","train",57,0.6847288012504578,0.0006588893958797754,"","","","","","","","","","","",""
18860,"2026-08-05 21:42:23.519173","train",57,0.3580229878425598,0.0006575834759040935,"","","","","","","","","","","",""
18880,"2026-08-05 21:42:24.394233","train",57,0.4742955267429352,0.0006562763612986064,"","","","","","","","","","","",""
18900,"2026-08-05 21:42:25.237887","train",57,1.007054090499878,0.0006549680619725881,"","","","","","","","","","","",""
18908,"2026-08-05 21:42:41.301806","val",57,"","",0.8108696157151816,0.34860388743292964,0.7140369675863917,0.7340281048968461,0.7815829528158296,0.32786885245901637,0.6654545454545454,0.6495726495726496,0.7907020164301718,0.6619718309859155,0.8279838554679992,0.7231534090909091
18920,"2026-08-05 21:42:52.282572","train",58,0.7607797980308533,0.0006536585878442946,"","","","","","","","","","","",""
18940,"2026-08-05 21:42:53.144967","train",58,0.29267796874046326,0.0006523479488408875,"","","","","","","","","","","",""
18960,"2026-08-05 21:42:53.930833","train",58,0.9349520206451416,0.0006510361548983599,"","","","","","","","","","","",""
18980,"2026-08-05 21:42:54.845117","train",58,0.7363988161087036,0.0006497232159614601,"","","","","","","","","","","",""
19000,"2026-08-05 21:42:55.705309","train",58,0.5582348108291626,0.000648409141983617,"","","","","","","","","","","",""
19020,"2026-08-05 21:42:56.543389","train",58,0.6482727527618408,0.000647093942926864,"","","","","","","","","","","",""
19040,"2026-08-05 21:42:57.383361","train",58,0.2346312552690506,0.0006457776287617637,"","","","","","","","","","","",""
19060,"2026-08-05 21:42:58.185793","train",58,0.7917749881744385,0.0006444602094673327,"","","","","","","","","","","",""
19080,"2026-08-05 21:42:59.055575","train",58,0.26276859641075134,0.0006431416950309654,"","","","","","","","","","","",""
19100,"2026-08-05 21:43:00.051614","train",58,0.8533991575241089,0.0006418220954483583,"","","","","","","","","","","",""
19120,"2026-08-05 21:43:00.947527","train",58,1.3875676393508911,0.0006405014207234352,"","","","","","","","","","","",""
19140,"2026-08-05 21:43:01.766220","train",58,0.2668635845184326,0.0006391796808682695,"","","","","","","","","","","",""
19160,"2026-08-05 21:43:02.539891","train",58,0.8604261875152588,0.00063785688590301,"","","","","","","","","","","",""
19180,"2026-08-05 21:43:03.351598","train",58,0.8764301538467407,0.0006365330458558047,"","","","","","","","","","","",""
19200,"2026-08-05 21:43:04.149007","train",58,0.2381916642189026,0.0006352081707627235,"","","","","","","","","","","",""
19220,"2026-08-05 21:43:04.951052","train",58,0.3016062378883362,0.0006338822706676837,"","","","","","","","","","","",""
19234,"2026-08-05 21:43:21.553935","val",58,"","",0.8124569295929508,0.3481870118576803,0.7121618001607286,0.7251831476239985,0.8105022831050228,0.369620253164557,0.6484848484848484,0.6410256410256411,0.8254294249439881,0.7621283255086072,0.8243000832852841,0.7194602272727273
19240,"2026-08-05 21:43:32.205330","train",59,0.5811418294906616,0.0006325553556223726,"","","","","","","","","","","",""
19260,"2026-08-05 21:43:33.028360","train",59,0.7615440487861633,0.0006312274356861726,"","","","","","","","","","","",""
19280,"2026-08-05 21:43:33.829742","train",59,0.7633146643638611,0.0006298985209260838,"","","","","","","","","","","",""
19300,"2026-08-05 21:43:34.668723","train",59,0.2928956151008606,0.0006285686214166477,"","","","","","","","","","","",""
19320,"2026-08-05 21:43:35.575262","train",59,0.7871010899543762,0.000627237747239872,"","","","","","","","","","","",""
19340,"2026-08-05 21:43:36.391965","train",59,0.33023780584335327,0.0006259059084851527,"","","","","","","","","","","",""
19360,"2026-08-05 21:43:37.235612","train",59,0.3837701678276062,0.000624573115249199,"","","","","","","","","","","",""
19380,"2026-08-05 21:43:38.068314","train",59,0.43054521083831787,0.0006232393776359552,"","","","","","","","","","","",""
19400,"2026-08-05 21:43:38.871753","train",59,0.5389494299888611,0.0006219047057565255,"","","","","","","","","","","",""
19420,"2026-08-05 21:43:39.764558","train",59,0.3071379065513611,0.0006205691097290968,"","","","","","","","","","","",""
19440,"2026-08-05 21:43:40.565702","train",59,0.3407754600048065,0.0006192325996788618,"","","","","","","","","","","",""
19460,"2026-08-05 21:43:41.373967","train",59,0.5457392334938049,0.0006178951857379426,"","","","","","","","","","","",""
19480,"2026-08-05 21:43:42.224628","train",59,0.32375115156173706,0.0006165568780453136,"","","","","","","","","","","",""
19500,"2026-08-05 21:43:43.032182","train",59,0.7192338705062866,0.0006152176867467246,"","","","","","","","","","","",""
19520,"2026-08-05 21:43:43.989489","train",59,0.3176550567150116,0.0006138776219946245,"","","","","","","","","","","",""
19540,"2026-08-05 21:43:44.819393","train",59,0.917025625705719,0.0006125366939480837,"","","","","","","","","","","",""
19560,"2026-08-05 21:43:45.592532","train",59,0.4142245352268219,0.0006111949127727168,"","","","","","","","","","","",""
19560,"2026-08-05 21:44:01.441714","val",59,"","",0.8060070151530403,0.3454080359146128,0.6936110366997054,0.7025878023802758,0.7168949771689498,0.30597014925373134,0.646060606060606,0.5726495726495726,0.8209484690067215,0.7636932707355243,0.8156672432570953,0.696875
