"step","time","part","epoch","loss","lr","auroc","auprc","auroc_age_cond","auroc_age_weighted","accuracy","f_measure","auroc_I0002","auroc_age_cond_I0002","auroc_I0006","auroc_age_cond_I0006","auroc_S0001","auroc_age_cond_S0001"
20,"2026-08-05 16:48:25.121348","train",0,0.7944378852844238,4.000961077716325e-05,"","","","","","","","","","","",""
40,"2026-08-05 16:48:26.013960","train",0,0.32581061124801636,4.00384427237903e-05,"","","","","","","","","","","",""
60,"2026-08-05 16:48:26.979193","train",0,0.3319859504699707,4.008649468530861e-05,"","","","","","","","","","","",""
80,"2026-08-05 16:48:27.781656","train",0,1.713724136352539,4.01537647374818e-05,"","","","","","","","","","","",""
100,"2026-08-05 16:48:28.586116","train",0,0.34430962800979614,4.024025018648739e-05,"","","","","","","","","","","",""
120,"2026-08-05 16:48:29.445680","train",0,1.217453122138977,4.034594756902347e-05,"","","","","","","","","","","",""
140,"2026-08-05 16:48:30.247629","train",0,0.8040879964828491,4.047085265244867e-05,"","","","","","","","","","","",""
160,"2026-08-05 16:48:31.066912","train",0,1.2095301151275635,4.061496043495044e-05,"","","","","","","","","","","",""
180,"2026-08-05 16:48:31.895969","train",0,0.80180823802948,4.077826514574693e-05,"","","","","","","","","","","",""
200,"2026-08-05 16:48:32.770109","train",0,0.7824699282646179,4.096076024531585e-05,"","","","","","","","","","","",""
220,"2026-08-05 16:48:33.626113","train",0,0.7690372467041016,4.11624384256587e-05,"","","","","","","","","","","",""
240,"2026-08-05 16:48:34.458493","train",0,0.768581211566925,4.138329161059199e-05,"","","","","","","","","","","",""
260,"2026-08-05 16:48:35.371051","train",0,0.8114847540855408,4.162331095607075e-05,"","","","","","","","","","","",""
280,"2026-08-05 16:48:36.298940","train",0,1.1374900341033936,4.188248685054331e-05,"","","","","","","","","","","",""
300,"2026-08-05 16:48:37.211941","train",0,0.8030501008033752,4.2160808915335285e-05,"","","","","","","","","","","",""
320,"2026-08-05 16:48:38.059873","train",0,0.42365318536758423,4.245826600506649e-05,"","","","","","","","","","","",""
331,"2026-08-05 16:48:54.161795","val",0,"","",0.6595182335229174,0.16867977799631872,0.5523656407900781,0.5349548425302372,0.07435508345978756,0.1384180790960452,0.7884615384615384,0.7037037037037037,0.6480331262939958,0.5504950495049505,0.647830611229245,0.5291323180103396
340,"2026-08-05 16:49:05.018804","train",1,1.2107750177383423,4.277484620809587e-05,"","","","","","","","","","","",""
360,"2026-08-05 16:49:05.911249","train",1,1.1304302215576172,4.311053684699932e-05,"","","","","","","","","","","",""
380,"2026-08-05 16:49:06.768845","train",1,1.5213781595230103,4.3465324479077306e-05,"","","","","","","","","","","",""
400,"2026-08-05 16:49:07.635949","train",1,0.42800232768058777,4.383919489689262e-05,"","","","","","","","","","","",""
420,"2026-08-05 16:49:08.559343","train",1,1.1848704814910889,4.423213312884015e-05,"","","","","","","","","","","",""
440,"2026-08-05 16:49:09.472464","train",1,0.8056554794311523,4.4644123439745663e-05,"","","","","","","","","","","",""
460,"2026-08-05 16:49:10.294464","train",1,1.1518383026123047,4.5075149331496385e-05,"","","","","","","","","","","",""
480,"2026-08-05 16:49:11.131841","train",1,1.1764531135559082,4.55251935437015e-05,"","","","","","","","","","","",""
500,"2026-08-05 16:49:11.915085","train",1,0.7666153311729431,4.599423805438333e-05,"","","","","","","","","","","",""
520,"2026-08-05 16:49:12.730890","train",1,1.1372056007385254,4.648226408069918e-05,"","","","","","","","","","","",""
540,"2026-08-05 16:49:13.615193","train",1,0.4201161563396454,4.698925207969316e-05,"","","","","","","","","","","",""
560,"2026-08-05 16:49:14.481552","train",1,0.7612428665161133,4.7515181749079255e-05,"","","","","","","","","","","",""
580,"2026-08-05 16:49:15.321744","train",1,0.41941526532173157,4.8060032028053655e-05,"","","","","","","","","","","",""
600,"2026-08-05 16:49:16.265679","train",1,0.7374600768089294,4.8623781098138886e-05,"","","","","","","","","","","",""
620,"2026-08-05 16:49:17.125853","train",1,0.4041563868522644,4.9206406384057146e-05,"","","","","","","","","","","",""
640,"2026-08-05 16:49:17.970444","train",1,0.775566816329956,4.98078845546342e-05,"","","","","","","","","","","",""
660,"2026-08-05 16:49:18.729465","train",1,1.503919243812561,5.042819152373398e-05,"","","","","","","","","","","",""
662,"2026-08-05 16:49:34.601622","val",1,"","",0.6631565741050518,0.1740117061242206,0.5698208543867708,0.5571984148111053,0.07435508345978756,0.1384180790960452,0.8269230769230769,0.7407407407407407,0.6542443064182195,0.5386138613861386,0.6501530712271335,0.5496716501327372
680,"2026-08-05 16:49:45.783140","train",2,0.8142395615577698,5.106730245122294e-05,"","","","","","","","","","","",""
700,"2026-08-05 16:49:46.746189","train",2,1.5334258079528809,5.172519174396475e-05,"","","","","","","","","","","",""
720,"2026-08-05 16:49:47.512450","train",2,0.4088089168071747,5.240183305684528e-05,"","","","","","","","","","","",""
740,"2026-08-05 16:49:48.350781","train",2,0.7770990133285522,5.3097199293827856e-05,"","","","","","","","","","","",""
760,"2026-08-05 16:49:49.175832","train",2,0.762824296951294,5.3811262609037235e-05,"","","","","","","","","","","",""
780,"2026-08-05 16:49:49.974091","train",2,0.43227118253707886,5.4543994407876134e-05,"","","","","","","","","","","",""
800,"2026-08-05 16:49:50.806337","train",2,0.41953355073928833,5.529536534816916e-05,"","","","","","","","","","","",""
820,"2026-08-05 16:49:51.617340","train",2,0.7848453521728516,5.6065345341338967e-05,"","","","","","","","","","","",""
840,"2026-08-05 16:49:52.457576","train",2,0.7980509996414185,5.685390355360969e-05,"","","","","","","","","","","",""
860,"2026-08-05 16:49:53.321794","train",2,0.4043927788734436,5.766100840724254e-05,"","","","","","","","","","","",""
880,"2026-08-05 16:49:54.115880","train",2,1.1921732425689697,5.8486627581800935e-05,"","","","","","","","","","","",""
900,"2026-08-05 16:49:55.130485","train",2,0.7733224034309387,5.9330728015443194e-05,"","","","","","","","","","","",""
920,"2026-08-05 16:49:55.954464","train",2,1.0660805702209473,6.019327590624799e-05,"","","","","","","","","","","",""
940,"2026-08-05 16:49:56.808138","train",2,1.1769119501113892,6.107423671356709e-05,"","","","","","","","","","","",""
960,"2026-08-05 16:49:57.710924","train",2,0.764771580696106,6.19735751594087e-05,"","","","","","","","","","","",""
980,"2026-08-05 16:49:58.503209","train",2,0.8159278631210327,6.289125522985031e-05,"","","","","","","","","","","",""
993,"2026-08-05 16:50:14.779500","val",2,"","",0.6946846771495484,0.18884885697571616,0.586357372531006,0.5753007786558939,0.07435508345978756,0.1384180790960452,0.8269230769230769,0.7037037037037037,0.7011732229123534,0.5623762376237624,0.6744257943868857,0.5720273857761632
1000,"2026-08-05 16:50:25.519768","train",3,0.7941656112670898,6.382724017648094e-05,"","","","","","","","","","","",""
1020,"2026-08-05 16:50:26.411452","train",3,1.2065531015396118,6.478149251787249e-05,"","","","","","","","","","","",""
1040,"2026-08-05 16:50:27.303291","train",3,0.8099662065505981,6.575397404108042e-05,"","","","","","","","","","","",""
1060,"2026-08-05 16:50:28.141857","train",3,0.7611954212188721,6.674464580317513e-05,"","","","","","","","","","","",""
1080,"2026-08-05 16:50:29.098905","train",3,1.2251754999160767,6.775346813279993e-05,"","","","","","","","","","","",""
1100,"2026-08-05 16:50:29.904664","train",3,1.1245944499969482,6.878040063176068e-05,"","","","","","","","","","","",""
1120,"2026-08-05 16:50:30.813033","train",3,0.3968684673309326,6.982540217664304e-05,"","","","","","","","","","","",""
1140,"2026-08-05 16:50:31.642663","train",3,1.0074195861816406,7.088843092045976e-05,"","","","","","","","","","","",""
1160,"2026-08-05 16:50:32.435355","train",3,0.7947118282318115,7.196944429432579e-05,"","","","","","","","","","","",""
1180,"2026-08-05 16:50:33.315163","train",3,0.7339736223220825,7.306839900916373e-05,"","","","","","","","","","","",""
1200,"2026-08-05 16:50:34.138322","train",3,0.40226462483406067,7.418525105743617e-05,"","","","","","","","","","","",""
1220,"2026-08-05 16:50:34.945029","train",3,0.3568004369735718,7.531995571490946e-05,"","","","","","","","","","","",""
1240,"2026-08-05 16:50:35.770712","train",3,1.58126699924469,7.64724675424433e-05,"","","","","","","","","","","",""
1260,"2026-08-05 16:50:36.610851","train",3,1.10818350315094,7.764274038781144e-05,"","","","","","","","","","","",""
1280,"2026-08-05 16:50:37.668341","train",3,0.32615822553634644,7.883072738754896e-05,"","","","","","","","","","","",""
1300,"2026-08-05 16:50:38.543648","train",3,0.9490878582000732,8.003638096882963e-05,"","","","","","","","","","","",""
1320,"2026-08-05 16:50:39.366271","train",3,1.6867666244506836,8.125965285137049e-05,"","","","","","","","","","","",""
1324,"2026-08-05 16:50:55.245471","val",3,"","",0.7431833389093343,0.25896263094736177,0.6036594702189557,0.5908934326240562,0.4408194233687405,0.18921892189218922,0.7331730769230769,0.5185185185185185,0.7639751552795031,0.6099009900990099,0.7359483629673198,0.6069582227190163
1340,"2026-08-05 16:51:06.228987","train",4,1.8569810390472412,8.250049404936522e-05,"","","","","","","","","","","",""
1360,"2026-08-05 16:51:07.155221","train",4,0.8219445943832397,8.375885487344641e-05,"","","","","","","","","","","",""
1380,"2026-08-05 16:51:08.065364","train",4,0.7783331871032715,8.503468493267449e-05,"","","","","","","","","","","",""
1400,"2026-08-05 16:51:08.912606","train",4,1.926317811012268,8.632793313655585e-05,"","","","","","","","","","","",""
1420,"2026-08-05 16:51:09.790662","train",4,0.3477858901023865,8.763854769708974e-05,"","","","","","","","","","","",""
1440,"2026-08-05 16:51:10.612991","train",4,0.9815313816070557,8.896647613084049e-05,"","","","","","","","","","","",""
1460,"2026-08-05 16:51:11.405219","train",4,1.0407006740570068,9.03116652610403e-05,"","","","","","","","","","","",""
1480,"2026-08-05 16:51:12.237575","train",4,0.6409780383110046,9.167406121971856e-05,"","","","","","","","","","","",""
1500,"2026-08-05 16:51:13.034920","train",4,0.25430160760879517,9.30536094498587e-05,"","","","","","","","","","","",""
1520,"2026-08-05 16:51:13.921633","train",4,0.2884701192378998,9.445025470758309e-05,"","","","","","","","","","","",""
1540,"2026-08-05 16:51:14.830605","train",4,1.1125195026397705,9.586394106436528e-05,"","","","","","","","","","","",""
1560,"2026-08-05 16:51:15.641894","train",4,0.4267745614051819,9.729461190926961e-05,"","","","","","","","","","","",""
1580,"2026-08-05 16:51:16.511447","train",4,0.3726227581501007,9.874220995121838e-05,"","","","","","","","","","","",""
1600,"2026-08-05 16:51:17.407633","train",4,1.088801383972168,0.0001002066772212856,"","","","","","","","","","","",""
1620,"2026-08-05 16:51:18.286374","train",4,0.3268754482269287,0.00010168795507501868,"","","","","","","","","","","",""
1640,"2026-08-05 16:51:19.281656","train",4,1.0816612243652344,0.00010318598419478719,"","","","","","","","","","","",""
1655,"2026-08-05 16:51:35.522192","val",4,"","",0.7492305118768819,0.2616903373351808,0.6178226917776757,0.6125600826609726,0.4339908952959029,0.19088937093275488,0.7067307692307692,0.5185185185185185,0.7791580400276052,0.6613861386138614,0.7413473284169569,0.6140841134553584
1660,"2026-08-05 16:51:46.163925","train",5,2.345416784286499,0.0001047007045921574,"","","","","","","","","","","",""
1680,"2026-08-05 16:51:47.135171","train",5,0.346172034740448,0.00010623205561029517,"","","","","","","","","","","",""
1700,"2026-08-05 16:51:48.051131","train",5,1.084901213645935,0.00010777997592639472,"","","","","","","","","","","",""
1720,"2026-08-05 16:51:48.942998","train",5,0.6194103360176086,0.00010934440355413416,"","","","","","","","","","","",""
1740,"2026-08-05 16:51:49.752772","train",5,0.43307027220726013,0.0001109252758461582,"","","","","","","","","","","",""
1760,"2026-08-05 16:51:50.571977","train",5,1.3286343812942505,0.00011252252949658611,"","","","","","","","","","","",""
1780,"2026-08-05 16:51:51.441050","train",5,1.1752222776412964,0.00011413610054354759,"","","","","","","","","","","",""
1800,"2026-08-05 16:51:52.284359","train",5,1.0930818319320679,0.00011576592437174352,"","","","","","","","","","","",""
1820,"2026-08-05 16:51:53.091818","train",5,0.5023072361946106,0.00011741193571503388,"","","","","","","","","","","",""
1840,"2026-08-05 16:51:53.929453","train",5,0.8930000066757202,0.00011907406865905104,"","","","","","","","","","","",""
1860,"2026-08-05 16:51:54.761112","train",5,0.510179877281189,0.00012075225664383922,"","","","","","","","","","","",""
1880,"2026-08-05 16:51:55.539436","train",5,0.31384366750717163,0.0001224464324665205,"","","","","","","","","","","",""
1900,"2026-08-05 16:51:56.333737","train",5,1.2659538984298706,0.00012415652828398518,"","","","","","","","","","","",""
1920,"2026-08-05 16:51:57.306637","train",5,0.28832411766052246,0.00012588247561560887,"","","","","","","","","","","",""
1940,"2026-08-05 16:51:58.347105","train",5,0.3437165319919586,0.0001276242053459951,"","","","","","","","","","","",""
1960,"2026-08-05 16:51:59.198541","train",5,0.4291415810585022,0.00012938164772774235,"","","","","","","","","","","",""
1980,"2026-08-05 16:52:00.052458","train",5,1.646690845489502,0.00013115473238423786,"","","","","","","","","","","",""
1986,"2026-08-05 16:52:15.990707","val",5,"","",0.789452994312479,0.27615181203266176,0.6246363497167355,0.6548448385716239,0.47268588770864944,0.2020665901262916,0.7427884615384616,0.5185185185185185,0.8118242466068553,0.6435643564356436,0.7862281138307018,0.6288947883191282
2000,"2026-08-05 16:52:27.089384","train",6,0.3961283266544342,0.000132943388312475,"","","","","","","","","","","",""
2020,"2026-08-05 16:52:27.884585","train",6,0.8507342338562012,0.00013474754388589764,"","","","","","","","","","","",""
2040,"2026-08-05 16:52:28.737386","train",6,0.54497230052948,0.0001365671268572673,"","","","","","","","","","","",""
2060,"2026-08-05 16:52:29.606849","train",6,1.6463364362716675,0.00013840206436155724,"","","","","","","","","","","",""
2080,"2026-08-05 16:52:30.413583","train",6,1.0516835451126099,0.00014025228291886943,"","","","","","","","","","","",""
2100,"2026-08-05 16:52:31.245224","train",6,1.4819735288619995,0.00014211770843737786,"","","","","","","","","","","",""
2120,"2026-08-05 16:52:32.011069","train",6,0.5790218114852905,0.00014399826621629543,"","","","","","","","","","","",""
2140,"2026-08-05 16:52:32.845907","train",6,0.4274197220802307,0.00014589388094886433,"","","","","","","","","","","",""
2160,"2026-08-05 16:52:33.705793","train",6,0.49925917387008667,0.00014780447672537356,"","","","","","","","","","","",""
2180,"2026-08-05 16:52:34.556281","train",6,0.9992907643318176,0.00014972997703619644,"","","","","","","","","","","",""
2200,"2026-08-05 16:52:35.400039","train",6,0.4821396470069885,0.00015167030477485663,"","","","","","","","","","","",""
2220,"2026-08-05 16:52:36.206567","train",6,0.32056283950805664,0.00015362538224111442,"","","","","","","","","","","",""
2240,"2026-08-05 16:52:37.057092","train",6,0.2831250727176666,0.0001555951311440787,"","","","","","","","","","","",""
2260,"2026-08-05 16:52:37.903675","train",6,0.31947287917137146,0.00015757947260534194,"","","","","","","","","","","",""
2280,"2026-08-05 16:52:38.738982","train",6,0.5441731810569763,0.00015957832716213913,"","","","","","","","","","","",""
2300,"2026-08-05 16:52:39.617522","train",6,0.43037572503089905,0.00016159161477052994,"","","","","","","","","","","",""
2317,"2026-08-05 16:52:56.090136","val",6,"","",0.8178487788558046,0.30305958022883095,0.6851936916245598,0.7129023471946319,0.6312594840667678,0.254601226993865,0.798076923076923,0.6481481481481481,0.847941108810674,0.7168316831683168,0.8158319383492436,0.7012714824647198
2320,"2026-08-05 16:53:06.635267","train",7,0.5168131589889526,0.00016361925480860352,"","","","","","","","","","","",""
2340,"2026-08-05 16:53:07.427330","train",7,0.8014015555381775,0.0001656611660797077,"","","","","","","","","","","",""
2360,"2026-08-05 16:53:08.270732","train",7,1.2590394020080566,0.00016771726681569948,"","","","","","","","","","","",""
2380,"2026-08-05 16:53:09.214840","train",7,0.768549919128418,0.00016978747468022104,"","","","","","","","","","","",""
2400,"2026-08-05 16:53:10.124088","train",7,0.45489105582237244,0.00017187170677199508,"","","","","","","","","","","",""
2420,"2026-08-05 16:53:10.954584","train",7,0.3884783387184143,0.00017396987962814598,"","","","","","","","","","","",""
2440,"2026-08-05 16:53:11.752216","train",7,0.3617764711380005,0.00017608190922754115,"","","","","","","","","","","",""
2460,"2026-08-05 16:53:12.614318","train",7,1.1249932050704956,0.00017820771099415645,"","","","","","","","","","","",""
2480,"2026-08-05 16:53:13.469727","train",7,0.9952304363250732,0.0001803471998004624,"","","","","","","","","","","",""
2500,"2026-08-05 16:53:14.315959","train",7,1.3915379047393799,0.00018250028997083341,"","","","","","","","","","","",""
2520,"2026-08-05 16:53:15.247830","train",7,1.1235382556915283,0.0001846668952849782,"","","","","","","","","","","",""
2540,"2026-08-05 16:53:16.155518","train",7,0.8448259234428406,0.00018684692898139328,"","","","","","","","","","","",""
2560,"2026-08-05 16:53:17.055485","train",7,1.6480823755264282,0.00018904030376083682,"","","","","","","","","","","",""
2580,"2026-08-05 16:53:17.871718","train",7,0.7078356146812439,0.0001912469317898244,"","","","","","","","","","","",""
2600,"2026-08-05 16:53:18.702926","train",7,0.41545361280441284,0.0001934667247041464,"","","","","","","","","","","",""
2620,"2026-08-05 16:53:19.571374","train",7,0.6192090511322021,0.00019569959361240708,"","","","","","","","","","","",""
2640,"2026-08-05 16:53:20.367608","train",7,1.224542260169983,0.0001979454490995834,"","","","","","","","","","","",""
2648,"2026-08-05 16:53:36.414459","val",7,"","",0.7864084978253597,0.24759496079266421,0.620042872454448,0.6366224085880546,0.6092564491654021,0.23703703703703705,0.685096153846154,0.3148148148148148,0.8060731538992408,0.592079207920792,0.7873591820114917,0.6515299706580969
2660,"2026-08-05 16:53:47.431230","train",8,1.0121052265167236,0.0002002042012306059,"","","","","","","","","","","",""
2680,"2026-08-05 16:53:48.415302","train",8,0.48274052143096924,0.00020247575955396045,"","","","","","","","","","","",""
2700,"2026-08-05 16:53:49.198154","train",8,2.268252372741699,0.00020476003310531028,"","","","","","","","","","","",""
2720,"2026-08-05 16:53:49.976974","train",8,1.6575027704238892,0.00020705693041113838,"","","","","","","","","","","",""
2740,"2026-08-05 16:53:50.809538","train",8,0.8601095676422119,0.00020936635949241067,"","","","","","","","","","","",""
2760,"2026-08-05 16:53:51.621936","train",8,0.982190728187561,0.00021168822786825912,"","","","","","","","","","","",""
2780,"2026-08-05 16:53:52.528174","train",8,0.580879271030426,0.00021402244255968586,"","","","","","","","","","","",""
2800,"2026-08-05 16:53:53.352107","train",8,0.3541983366012573,0.00021636891009328555,"","","","","","","","","","","",""
2820,"2026-08-05 16:53:54.155389","train",8,0.36735671758651733,0.00021872753650498903,"","","","","","","","","","","",""
2840,"2026-08-05 16:53:55.048692","train",8,0.45556920766830444,0.00022109822734382625,"","","","","","","","","","","",""
2860,"2026-08-05 16:53:55.898889","train",8,0.8969583511352539,0.00022348088767570786,"","","","","","","","","","","",""
2880,"2026-08-05 16:53:56.783036","train",8,0.4027538299560547,0.00022587542208722786,"","","","","","","","","","","",""
2900,"2026-08-05 16:53:57.726131","train",8,0.6890454292297363,0.0002282817346894836,"","","","","","","","","","","",""
2920,"2026-08-05 16:53:58.509546","train",8,0.30838465690612793,0.00023069972912191552,"","","","","","","","","","","",""
2940,"2026-08-05 16:53:59.384899","train",8,0.31909918785095215,0.00023312930855616694,"","","","","","","","","","","",""
2960,"2026-08-05 16:54:00.236774","train",8,0.6816124320030212,0.00023557037569996078,"","","","","","","","","","","",""
2979,"2026-08-05 16:54:16.834429","val",8,"","",0.8133907661425226,0.27620343195144637,0.6619200734956362,0.7009809551153892,0.5204855842185129,0.21588089330024815,0.7379807692307693,0.2962962962962963,0.8281573498964803,0.6574257425742575,0.8159525856218612,0.7002934190303199
2980,"2026-08-05 16:54:27.384225","train",9,0.5088523030281067,0.00023802283280099522,"","","","","","","","","","","",""
3000,"2026-08-05 16:54:28.170077","train",9,0.34584319591522217,0.00024048658165085914,"","","","","","","","","","","",""
3020,"2026-08-05 16:54:29.030300","train",9,0.7665624022483826,0.00024296152358896416,"","","","","","","","","","","",""
3040,"2026-08-05 16:54:29.865627","train",9,0.9140650033950806,0.000245447559506496,"","","","","","","","","","","",""
3060,"2026-08-05 16:54:30.669902","train",9,0.41774535179138184,0.0002479445898503829,"","","","","","","","","","","",""
3080,"2026-08-05 16:54:31.483786","train",9,1.0083439350128174,0.00025045251462728227,"","","","","","","","","","","",""
3100,"2026-08-05 16:54:32.317849","train",9,1.1801711320877075,0.0002529712334075852,"","","","","","","","","","","",""
3120,"2026-08-05 16:54:33.196966","train",9,0.9910760521888733,0.00025550064532943754,"","","","","","","","","","","",""
3140,"2026-08-05 16:54:34.050965","train",9,0.6759017109870911,0.00025804064910277984,"","","","","","","","","","","",""
3160,"2026-08-05 16:54:34.862745","train",9,0.8335764408111572,0.00026059114301340235,"","","","","","","","","","","",""
3180,"2026-08-05 16:54:35.760371","train",9,0.3512025475502014,0.00026315202492701955,"","","","","","","","","","","",""
3200,"2026-08-05 16:54:36.660511","train",9,2.0514256954193115,0.0002657231922933586,"","","","","","","","","","","",""
3220,"2026-08-05 16:54:37.524384","train",9,0.9298134446144104,0.00026830454215026687,"","","","","","","","","","","",""
3240,"2026-08-05 16:54:38.355762","train",9,1.001787781715393,0.0002708959711278352,"","","","","","","","","","","",""
3260,"2026-08-05 16:54:39.162548","train",9,0.6834462881088257,0.0002734973754525365,"","","","","","","","","","","",""
3280,"2026-08-05 16:54:39.905212","train",9,0.2904050052165985,0.0002761086509513826,"","","","","","","","","","","",""
3300,"2026-08-05 16:54:40.687804","train",9,0.8058884739875793,0.0002787296930560941,"","","","","","","","","","","",""
3310,"2026-08-05 16:54:56.831471","val",9,"","",0.8148293743726999,0.3176200457476694,0.6681978257540958,0.6981638636254297,0.6684370257966616,0.2630691399662732,0.8004807692307693,0.6851851851851852,0.8226363008971704,0.6673267326732674,0.8112473419897751,0.6782171300824368
3320,"2026-08-05 16:55:07.757696","train",10,0.838727593421936,0.00028136039680728964,"","","","","","","","","","","",""
3340,"2026-08-05 16:55:08.535320","train",10,1.534935712814331,0.0002840006568586875,"","","","","","","","","","","",""
3360,"2026-08-05 16:55:09.462908","train",10,0.27967482805252075,0.0002866503674813256,"","","","","","","","","","","",""
3380,"2026-08-05 16:55:10.322892","train",10,1.3400864601135254,0.000289309422567794,"","","","","","","","","","","",""
3400,"2026-08-05 16:55:11.102742","train",10,1.1030759811401367,0.00029197771563648455,"","","","","","","","","","","",""
3420,"2026-08-05 16:55:11.980987","train",10,0.5223929286003113,0.00029465513983585536,"","","","","","","","","","","",""
3440,"2026-08-05 16:55:12.798805","train",10,0.4838624596595764,0.00029734158794870915,"","","","","","","","","","","",""
3460,"2026-08-05 16:55:13.617732","train",10,0.40944480895996094,0.0003000369523964869,"","","","","","","","","","","",""
3480,"2026-08-05 16:55:14.511754","train",10,0.40321505069732666,0.00030274112524357596,"","","","","","","","","","","",""
3500,"2026-08-05 16:55:15.324808","train",10,0.5564110279083252,0.0003054539982016316,"","","","","","","","","","","",""
3520,"2026-08-05 16:55:16.133240","train",10,0.6663663387298584,0.0003081754626339145,"","","","","","","","","","","",""
3540,"2026-08-05 16:55:16.990270","train",10,0.7290230393409729,0.0003109054095596404,"","","","","","","","","","","",""
3560,"2026-08-05 16:55:17.803996","train",10,1.9113255739212036,0.00031364372965834444,"","","","","","","","","","","",""
3580,"2026-08-05 16:55:18.664010","train",10,1.1561329364776611,0.0003163903132742591,"","","","","","","","","","","",""
3600,"2026-08-05 16:55:19.492535","train",10,0.4147208333015442,0.00031914505042070446,"","","","","","","","","","","",""
3620,"2026-08-05 16:55:20.314882","train",10,0.38176047801971436,0.0003219078307844937,"","","","","","","","","","","",""
3640,"2026-08-05 16:55:21.093262","train",10,0.7361404299736023,0.00032467854373035003,"","","","","","","","","","","",""
3641,"2026-08-05 16:55:36.881168","val",10,"","",0.8213198394111743,0.3011747392181904,0.7111468381564845,0.7460059823999975,0.507587253414264,0.2190132370637786,0.7908653846153846,0.6296296296296297,0.8313779618127445,0.6772277227722773,0.820175240163477,0.7493363140980858
3660,"2026-08-05 16:55:48.123221","train",11,0.2527344226837158,0.0003274570783053372,"","","","","","","","","","","",""
3680,"2026-08-05 16:55:48.974576","train",11,0.5232365131378174,0.0003302433232433027,"","","","","","","","","","","",""
3700,"2026-08-05 16:55:49.828040","train",11,0.4631258249282837,0.0003330371669693329,"","","","","","","","","","","",""
3720,"2026-08-05 16:55:50.647877","train",11,0.8427697420120239,0.0003358384976042217,"","","","","","","","","","","",""
3740,"2026-08-05 16:55:51.569289","train",11,1.1081206798553467,0.0003386472029689503,"","","","","","","","","","","",""
3760,"2026-08-05 16:55:52.508034","train",11,1.1460444927215576,0.0003414631705891799,"","","","","","","","","","","",""
3780,"2026-08-05 16:55:53.412575","train",11,0.3630406856536865,0.0003442862876997547,"","","","","","","","","","","",""
3800,"2026-08-05 16:55:54.239101","train",11,1.0478754043579102,0.000347116441249219,"","","","","","","","","","","",""
3820,"2026-08-05 16:55:55.074356","train",11,1.0582941770553589,0.00034995351790434296,"","","","","","","","","","","",""
3840,"2026-08-05 16:55:55.852913","train",11,0.8610877990722656,0.0003527974040546621,"","","","","","","","","","","",""
3860,"2026-08-05 16:55:56.681454","train",11,0.4409901797771454,0.00035564798581702584,"","","","","","","","","","","",""
3880,"2026-08-05 16:55:57.547891","train",11,1.096864938735962,0.00035850514904015897,"","","","","","","","","","","",""
3900,"2026-08-05 16:55:58.370031","train",11,1.066072702407837,0.0003613687793092321,"","","","","","","","","","","",""
3920,"2026-08-05 16:55:59.202978","train",11,0.855009913444519,0.0003642387619504436,"","","","","","","","","","","",""
3940,"2026-08-05 16:56:00.012259","train",11,0.24389465153217316,0.00036711498203561145,"","","","","","","","","","","",""
3960,"2026-08-05 16:56:00.864581","train",11,1.1440179347991943,0.0003699973243867762,"","","","","","","","","","","",""
3972,"2026-08-05 16:56:17.309337","val",11,"","",0.8220725995316158,0.3107469777459914,0.688409125708161,0.7251578051276903,0.40743550834597875,0.1956745623069001,0.8173076923076923,0.7592592592592593,0.8210259949390384,0.6673267326732674,0.8221206774344357,0.7037865027246053
3980,"2026-08-05 16:56:28.103986","train",12,1.2093576192855835,0.00037288567358081275,"","","","","","","","","","","",""
4000,"2026-08-05 16:56:28.993106","train",12,0.933156430721283,0.0003757799139540523,"","","","","","","","","","","",""
4020,"2026-08-05 16:56:29.832350","train",12,0.6027613878250122,0.0003786799296069146,"","","","","","","","","","","",""
4040,"2026-08-05 16:56:30.683939","train",12,0.5341960191726685,0.00038158560440854864,"","","","","","","","","","","",""
4060,"2026-08-05 16:56:31.471123","train",12,0.5054588913917542,0.0003844968220014836,"","","","","","","","","","","",""
4080,"2026-08-05 16:56:32.297977","train",12,0.3075123429298401,0.00038741346580628804,"","","","","","","","","","","",""
4100,"2026-08-05 16:56:33.124617","train",12,0.5096224546432495,0.0003903354190262381,"","","","","","","","","","","",""
4120,"2026-08-05 16:56:33.933360","train",12,0.579361081123352,0.0003932625646519954,"","","","","","","","","","","",""
4140,"2026-08-05 16:56:34.850555","train",12,1.1479110717773438,0.0003961947854662915,"","","","","","","","","","","",""
4160,"2026-08-05 16:56:35.757939","train",12,0.7771321535110474,0.0003991319640486234,"","","","","","","","","","","",""
4180,"2026-08-05 16:56:36.668573","train",12,1.4342759847640991,0.00040207398277995385,"","","","","","","","","","","",""
4200,"2026-08-05 16:56:37.473066","train",12,0.6766877174377441,0.00040502072384742294,"","","","","","","","","","","",""
4220,"2026-08-05 16:56:38.402845","train",12,0.31833982467651367,0.00040797206924906486,"","","","","","","","","","","",""
4240,"2026-08-05 16:56:39.213654","train",12,0.5347170233726501,0.0004109279007985338,"","","","","","","","","","","",""
4260,"2026-08-05 16:56:40.017306","train",12,0.47923821210861206,0.0004138881001298369,"","","","","","","","","","","",""
4280,"2026-08-05 16:56:40.833305","train",12,0.7279802560806274,0.00041685254870207325,"","","","","","","","","","","",""
4300,"2026-08-05 16:56:41.642365","train",12,0.21521314978599548,0.0004198211278041821,"","","","","","","","","","","",""
4303,"2026-08-05 16:56:57.551783","val",12,"","",0.8137420541987287,0.2823111961997629,0.6685040575715817,0.694768726981598,0.8854324734446131,0.3406113537117904,0.7524038461538461,0.5370370370370371,0.8408097538532321,0.7267326732673267,0.8144294138050641,0.6836663406455219
4320,"2026-08-05 16:57:08.670646","train",13,0.19604170322418213,0.00042279371855969577,"","","","","","","","","","","",""
4340,"2026-08-05 16:57:09.481835","train",13,0.7784441709518433,0.00042577020193150007,"","","","","","","","","","","",""
4360,"2026-08-05 16:57:10.285476","train",13,0.25768929719924927,0.0004287504587266017,"","","","","","","","","","","",""
4380,"2026-08-05 16:57:11.119121","train",13,3.2496445178985596,0.000431734369600901,"","","","","","","","","","","",""
4400,"2026-08-05 16:57:12.025206","train",13,0.5539513826370239,0.00043472181506397096,"","","","","","","","","","","",""
4420,"2026-08-05 16:57:12.869779","train",13,0.49810877442359924,0.0004377126754838422,"","","","","","","","","","","",""
4440,"2026-08-05 16:57:13.681880","train",13,0.3595948815345764,0.0004407068310917937,"","","","","","","","","","","",""
4460,"2026-08-05 16:57:14.504486","train",13,1.0264976024627686,0.0004437041619871491,"","","","","","","","","","","",""
4480,"2026-08-05 16:57:15.327515","train",13,0.5285080671310425,0.0004467045481420781,"","","","","","","","","","","",""
4500,"2026-08-05 16:57:16.115664","train",13,0.7901978492736816,0.0004497078694064024,"","","","","","","","","","","",""
4520,"2026-08-05 16:57:17.022729","train",13,0.7379825115203857,0.0004527140055124078,"","","","","","","","","","","",""
4540,"2026-08-05 16:57:17.833934","train",13,0.9001607894897461,0.0004557228360796599,"","","","","","","","","","","",""
4560,"2026-08-05 16:57:18.667327","train",13,0.41044411063194275,0.0004587342406198251,"","","","","","","","","","","",""
4580,"2026-08-05 16:57:19.564534","train",13,0.7211129665374756,0.00046174809854149495,"","","","","","","","","","","",""
4600,"2026-08-05 16:57:20.389007","train",13,0.7445626258850098,0.0004647642891550159,"","","","","","","","","","","",""
4620,"2026-08-05 16:57:21.233480","train",13,0.4278252124786377,0.0004677826916773218,"","","","","","","","","","","",""
4634,"2026-08-05 16:57:37.503402","val",13,"","",0.8138842422214787,0.29846025731058745,0.6685040575715817,0.6989644979145327,0.4362670713201821,0.20193340494092374,0.8317307692307693,0.7592592592592593,0.8364389233954451,0.7148514851485148,0.8086534256284968,0.6689953891295235
4640,"2026-08-05 16:57:48.137464","train",14,0.36930420994758606,0.0004708031852367709,"","","","","","","","","","","",""
4660,"2026-08-05 16:57:48.994936","train",14,0.7533880472183228,0.00047382564887798583,"","","","","","","","","","","",""
4680,"2026-08-05 16:57:49.829206","train",14,0.3379189670085907,0.0004768499615666978,"","","","","","","","","","","",""
4700,"2026-08-05 16:57:50.668021","train",14,0.5192832946777344,0.0004798760021945931,"","","","","","","","","","","",""
4720,"2026-08-05 16:57:51.457332","train",14,0.3786492347717285,0.0004829036495841624,"","","","","","","","","","","",""
4740,"2026-08-05 16:57:52.343898","train",14,0.9393393993377686,0.00048593278249355455,"","","","","","","","","","","",""
4760,"2026-08-05 16:57:53.213449","train",14,0.6226063370704651,0.0004889632796214299,"","","","","","","","","","","",""
4780,"2026-08-05 16:57:54.056328","train",14,1.8020009994506836,0.0004919950196118196,"","","","","","","","","","","",""
4800,"2026-08-05 16:57:54.888900","train",14,0.6981977820396423,0.0004950278810589842,"","","","","","","","","","","",""
4820,"2026-08-05 16:57:55.809301","train",14,1.0478583574295044,0.0004980617425122757,"","","","","","","","","","","",""
4840,"2026-08-05 16:57:56.620372","train",14,0.47184503078460693,0.0005010964824810007,"","","","","","","","","","","",""
4860,"2026-08-05 16:57:57.558671","train",14,0.5649946928024292,0.0005041319794392861,"","","","","","","","","","","",""
4880,"2026-08-05 16:57:58.374292","train",14,0.2137100249528885,0.0005071681118309449,"","","","","","","","","","","",""
4900,"2026-08-05 16:57:59.199827","train",14,2.433633327484131,0.0005102047580743444,"","","","","","","","","","","",""
4920,"2026-08-05 16:58:00.011804","train",14,0.9280113577842712,0.0005132417965672748,"","","","","","","","","","","",""
4940,"2026-08-05 16:58:00.804674","train",14,0.23644861578941345,0.0005162791056918187,"","","","","","","","","","","",""
4960,"2026-08-05 16:58:01.589321","train",14,1.1663886308670044,0.000519316563819221,"","","","","","","","","","","",""
4965,"2026-08-05 16:58:17.783502","val",14,"","",0.8204416192706591,0.30753752442553917,0.6877201041188179,0.7223726693888812,0.650227617602428,0.2552504038772213,0.8389423076923077,0.7962962962962963,0.8362088796871405,0.7108910891089109,0.8175511619840444,0.7005728657258627
4980,"2026-08-05 16:58:28.901128","train",15,0.6790782809257507,0.0005223540493147602,"","","","","","","","","","","",""
5000,"2026-08-05 16:58:29.722380","train",15,0.8274968266487122,0.0005253914405426186,"","","","","","","","","","","",""
5020,"2026-08-05 16:58:30.499205","train",15,0.740459144115448,0.0005284286158707533,"","","","","","","","","","","",""
5040,"2026-08-05 16:58:31.378336","train",15,0.2104777842760086,0.0005314654536757677,"","","","","","","","","","","",""
5060,"2026-08-05 16:58:32.205182","train",15,0.3761524260044098,0.0005345018323477805,"","","","","","","","","","","",""
5080,"2026-08-05 16:58:33.071403","train",15,1.2338653802871704,0.0005375376302952969,"","","","","","","","","","","",""
5100,"2026-08-05 16:58:33.903706","train",15,0.49113380908966064,0.0005405727259500768,"","","","","","","","","","","",""
5120,"2026-08-05 16:58:34.732972","train",15,1.1510331630706787,0.0005436069977720037,"","","","","","","","","","","",""
5140,"2026-08-05 16:58:35.618280","train",15,1.6600196361541748,0.0005466403242539509,"","","","","","","","","","","",""
5160,"2026-08-05 16:58:36.478725","train",15,1.2886905670166016,0.0005496725839266485,"","","","","","","","","","","",""
5180,"2026-08-05 16:58:37.373467","train",15,0.3439774215221405,0.0005527036553635459,"","","","","","","","","","","",""
5200,"2026-08-05 16:58:38.243773","train",15,0.42703601717948914,0.0005557334171856765,"","","","","","","","","","","",""
5220,"2026-08-05 16:58:39.100731","train",15,0.41468483209609985,0.0005587617480665157,"","","","","","","","","","","",""
5240,"2026-08-05 16:58:39.901132","train",15,0.35084661841392517,0.0005617885267368421,"","","","","","","","","","","",""
5260,"2026-08-05 16:58:40.716897","train",15,1.6178946495056152,0.0005648136319895916,"","","","","","","","","","","",""
5280,"2026-08-05 16:58:41.554363","train",15,0.7348641753196716,0.0005678369426847122,"","","","","","","","","","","",""
5296,"2026-08-05 16:58:58.026089","val",15,"","",0.8123619939779191,0.27320709854344616,0.6606185882713214,0.7129901572708731,0.629742033383915,0.25153374233128833,0.7475961538461537,0.4074074074074074,0.8028525419829767,0.6396039603960396,0.8229802892518361,0.7051837362023194
5300,"2026-08-05 16:59:08.621853","train",16,0.3781808316707611,0.0005708583377540148,"","","","","","","","","","","",""
5320,"2026-08-05 16:59:09.452594","train",16,0.40597209334373474,0.0005738776962060214,"","","","","","","","","","","",""
5340,"2026-08-05 16:59:10.314716","train",16,1.164897084236145,0.0005768948971308101,"","","","","","","","","","","",""
5360,"2026-08-05 16:59:11.158297","train",16,0.5011386871337891,0.000579909819704857,"","","","","","","","","","","",""
5380,"2026-08-05 16:59:12.041282","train",16,1.227765679359436,0.0005829223431958743,"","","","","","","","","","","",""
5400,"2026-08-05 16:59:12.989330","train",16,0.3235429525375366,0.0005859323469676456,"","","","","","","","","","","",""
5420,"2026-08-05 16:59:13.785174","train",16,0.806308388710022,0.0005889397104848562,"","","","","","","","","","","",""
5440,"2026-08-05 16:59:14.603587","train",16,0.7349115610122681,0.0005919443133179205,"","","","","","","","","","","",""
5460,"2026-08-05 16:59:15.446561","train",16,0.6056491732597351,0.0005949460351478033,"","","","","","","","","","","",""
5480,"2026-08-05 16:59:16.249729","train",16,0.4987732172012329,0.0005979447557708404,"","","","","","","","","","","",""
5500,"2026-08-05 16:59:17.187304","train",16,1.0637894868850708,0.0006009403551035491,"","","","","","","","","","","",""
5520,"2026-08-05 16:59:18.024331","train",16,1.3792998790740967,0.0006039327131874396,"","","","","","","","","","","",""
5540,"2026-08-05 16:59:18.893098","train",16,0.6408453583717346,0.0006069217101938168,"","","","","","","","","","","",""
5560,"2026-08-05 16:59:19.820314","train",16,0.7480968236923218,0.0006099072264285803,"","","","","","","","","","","",""
5580,"2026-08-05 16:59:20.722303","train",16,0.5618578195571899,0.0006128891423370162,"","","","","","","","","","","",""
5600,"2026-08-05 16:59:21.548152","train",16,0.4489890933036804,0.0006158673385085862,"","","","","","","","","","","",""
5620,"2026-08-05 16:59:22.335875","train",16,0.9532694816589355,0.0006188416956817073,"","","","","","","","","","","",""
5627,"2026-08-05 16:59:38.371118","val",16,"","",0.813750418200067,0.29190823139709177,0.6668963405297811,0.7107529196250082,0.5227617602427921,0.2186335403726708,0.7548076923076923,0.4444444444444444,0.8145847711065103,0.6415841584158416,0.8210499328899546,0.6976386754226631
5640,"2026-08-05 16:59:49.448848","train",17,0.8128858804702759,0.0006218120947485303,"","","","","","","","","","","",""
5660,"2026-08-05 16:59:50.282835","train",17,0.6123830676078796,0.0006247784167597067,"","","","","","","","","","","",""
5680,"2026-08-05 16:59:51.145536","train",17,0.3292924761772156,0.0006277405429291541,"","","","","","","","","","","",""
5700,"2026-08-05 16:59:51.970836","train",17,0.28037211298942566,0.0006306983546388118,"","","","","","","","","","","",""
5720,"2026-08-05 16:59:52.836276","train",17,0.44992631673812866,0.0006336517334433909,"","","","","","","","","","","",""
5740,"2026-08-05 16:59:53.639495","train",17,0.42352867126464844,0.000636600561075119,"","","","","","","","","","","",""
5760,"2026-08-05 16:59:54.444413","train",17,0.9475927352905273,0.0006395447194484736,"","","","","","","","","","","",""
5780,"2026-08-05 16:59:55.321936","train",17,0.26401740312576294,0.000642484090664913,"","","","","","","","","","","",""
5800,"2026-08-05 16:59:56.174113","train",17,1.2359271049499512,0.0006454185570175963,"","","","","","","","","","","",""
5820,"2026-08-05 16:59:57.069256","train",17,0.23926937580108643,0.0006483480009960979,"","","","","","","","","","","",""
5840,"2026-08-05 16:59:57.929252","train",17,0.9760079383850098,0.0006512723052911123,"","","","","","","","","","","",""
5860,"2026-08-05 16:59:58.762891","train",17,0.6246191263198853,0.0006541913527991525,"","","","","","","","","","","",""
5880,"2026-08-05 16:59:59.595243","train",17,1.0073513984680176,0.0006571050266272382,"","","","","","","","","","","",""
5900,"2026-08-05 17:00:00.409993","train",17,0.7673962116241455,0.0006600132100975791,"","","","","","","","","","","",""
5920,"2026-08-05 17:00:01.242231","train",17,0.7844544649124146,0.0006629157867522439,"","","","","","","","","","","",""
5940,"2026-08-05 17:00:02.093650","train",17,0.9994577169418335,0.0006658126403578273,"","","","","","","","","","","",""
5958,"2026-08-05 17:00:18.554059","val",17,"","",0.7798009367681498,0.23042739452888888,0.638723013321084,0.6535885196638881,0.7632776934749621,0.2876712328767123,0.6322115384615384,0.37037037037037035,0.7701863354037266,0.5663366336633663,0.7950202838227088,0.6764007265614084
5960,"2026-08-05 17:00:29.240076","train",18,0.2334488183259964,0.0006687036549101022,"","","","","","","","","","","",""
5980,"2026-08-05 17:00:30.068245","train",18,1.3967969417572021,0.0006715887146386658,"","","","","","","","","","","",""
6000,"2026-08-05 17:00:30.873874","train",18,0.8497154712677002,0.0006744677040115756,"","","","","","","","","","","",""
6020,"2026-08-05 17:00:31.765597","train",18,1.601321816444397,0.0006773405077399766,"","","","","","","","","","","",""
6040,"2026-08-05 17:00:32.566078","train",18,0.5183730125427246,0.0006802070107827165,"","","","","","","","","","","",""
6060,"2026-08-05 17:00:33.453373","train",18,0.4918311834335327,0.0006830670983509539,"","","","","","","","","","","",""
6080,"2026-08-05 17:00:34.292577","train",18,0.7062182426452637,0.0006859206559127541,"","","","","","","","","","","",""
6100,"2026-08-05 17:00:35.120149","train",18,0.45919716358184814,0.0006887675691976763,"","","","","","","","","","","",""
6120,"2026-08-05 17:00:35.951944","train",18,0.7741845846176147,0.0006916077242013485,"","","","","","","","","","","",""
6140,"2026-08-05 17:00:36.861365","train",18,0.5432618260383606,0.0006944410071900343,"","","","","","","","","","","",""
6160,"2026-08-05 17:00:37.675634","train",18,0.45214003324508667,0.0006972673047051858,"","","","","","","","","","","",""
6180,"2026-08-05 17:00:38.504848","train",18,0.3956923484802246,0.0007000865035679878,"","","","","","","","","","","",""
6200,"2026-08-05 17:00:39.341439","train",18,0.7223285436630249,0.0007028984908838902,"","","","","","","","","","","",""
6220,"2026-08-05 17:00:40.201320","train",18,0.7019833326339722,0.0007057031540471287,"","","","","","","","","","","",""
6240,"2026-08-05 17:00:41.018945","train",18,0.6915057301521301,0.0007085003807452334,"","","","","","","","","","","",""
6260,"2026-08-05 17:00:41.829544","train",18,0.8611544370651245,0.0007112900589635279,"","","","","","","","","","","",""
6280,"2026-08-05 17:00:42.642339","train",18,0.9243704080581665,0.0007140720769896128,"","","","","","","","","","","",""
6289,"2026-08-05 17:00:58.631396","val",18,"","",0.7895282703245232,0.2656449465887079,0.6237942122186495,0.6291858478164115,0.5204855842185129,0.22167487684729065,0.8365384615384616,0.7592592592592593,0.7851391764435243,0.6237623762376238,0.7819752974709315,0.6167388570630152
6300,"2026-08-05 17:01:09.656524","train",19,1.0745174884796143,0.0007168463234178414,"","","","","","","","","","","",""
6320,"2026-08-05 17:01:10.475438","train",19,0.32921546697616577,0.0007196126871537791,"","","","","","","","","","","",""
6340,"2026-08-05 17:01:11.384887","train",19,0.32172948122024536,0.0007223710574186537,"","","","","","","","","","","",""
6360,"2026-08-05 17:01:12.232177","train",19,0.6604831218719482,0.0007251213237537901,"","","","","","","","","","","",""
6380,"2026-08-05 17:01:13.022554","train",19,0.9995301961898804,0.0007278633760250347,"","","","","","","","","","","",""
6400,"2026-08-05 17:01:13.895901","train",19,0.3083067536354065,0.0007305971044271652,"","","","","","","","","","","",""
6420,"2026-08-05 17:01:14.732097","train",19,0.5834997892379761,0.0007333223994882882,"","","","","","","","","","","",""
6440,"2026-08-05 17:01:15.576192","train",19,0.7109743356704712,0.0007360391520742219,"","","","","","","","","","","",""
6460,"2026-08-05 17:01:16.358566","train",19,0.6028412580490112,0.0007387472533928673,"","","","","","","","","","","",""
6480,"2026-08-05 17:01:17.224349","train",19,1.6168323755264282,0.0007414465949985654,"","","","","","","","","","","",""
6500,"2026-08-05 17:01:18.057278","train",19,1.5873653888702393,0.0007441370687964378,"","","","","","","","","","","",""
6520,"2026-08-05 17:01:18.884509","train",19,1.0611282587051392,0.000746818567046718,"","","","","","","","","","","",""
6540,"2026-08-05 17:01:19.720299","train",19,0.23029187321662903,0.0007494909823690632,"","","","","","","","","","","",""
6560,"2026-08-05 17:01:20.554457","train",19,0.40832048654556274,0.0007521542077468562,"","","","","","","","","","","",""
6580,"2026-08-05 17:01:21.451890","train",19,0.31775373220443726,0.0007548081365314899,"","","","","","","","","","","",""
6600,"2026-08-05 17:01:22.255954","train",19,0.28528714179992676,0.0007574526624466395,"","","","","","","","","","","",""
6620,"2026-08-05 17:01:22.994367","train",19,0.24129685759544373,0.0007600876795925153,"","","","","","","","","","","",""
6620,"2026-08-05 17:01:39.123581","val",19,"","",0.8114419538307125,0.2660442599561552,0.6708773541570969,0.6990444278512442,0.8072837632776935,0.324468085106383,0.7307692307692308,0.48148148148148145,0.8191856452726018,0.6752475247524753,0.817822618347434,0.7072795864188905
6640,"2026-08-05 17:01:50.406839","train",20,0.2542003393173218,0.0007627130824501072,"","","","","","","","","","","",""
6660,"2026-08-05 17:01:51.345916","train",20,1.012568473815918,0.0007653287658854071,"","","","","","","","","","","",""
6680,"2026-08-05 17:01:52.136954","train",20,0.6108018159866333,0.0007679346251536212,"","","","","","","","","","","",""
6700,"2026-08-05 17:01:53.025466","train",20,0.49808764457702637,0.0007705305559033626,"","","","","","","","","","","",""
6720,"2026-08-05 17:01:53.899494","train",20,1.052975058555603,0.0007731164541808317,"","","","","","","","","","","",""
6740,"2026-08-05 17:01:54.733384","train",20,0.7322589159011841,0.0007756922164339781,"","","","","","","","","","","",""
6760,"2026-08-05 17:01:55.551773","train",20,0.8813339471817017,0.0007782577395166472,"","","","","","","","","","","",""
6780,"2026-08-05 17:01:56.394189","train",20,0.4031446874141693,0.0007808129206927114,"","","","","","","","","","","",""
6800,"2026-08-05 17:01:57.276131","train",20,0.27614009380340576,0.0007833576576401837,"","","","","","","","","","","",""
6820,"2026-08-05 17:01:58.093077","train",20,0.8579330444335938,0.0007858918484553148,"","","","","","","","","","","",""
6840,"2026-08-05 17:01:58.891767","train",20,0.35516905784606934,0.0007884153916566754,"","","","","","","","","","","",""
6860,"2026-08-05 17:01:59.694269","train",20,0.5469164848327637,0.0007909281861892175,"","","","","","","","","","","",""
6880,"2026-08-05 17:02:00.505567","train",20,0.48148009181022644,0.0007934301314283233,"","","","","","","","","","","",""
6900,"2026-08-05 17:02:01.292252","train",20,1.0465418100357056,0.0007959211271838338,"","","","","","","","","","","",""
6920,"2026-08-05 17:02:02.105594","train",20,0.6436512470245361,0.0007984010737040611,"","","","","","","","","","","",""
6940,"2026-08-05 17:02:02.988974","train",20,0.407915323972702,0.0008008698716797827,"","","","","","","","","","","",""
6951,"2026-08-05 17:02:19.296401","val",20,"","",0.8181917029106724,0.2999697659242198,0.6894043791149901,0.7346337165292228,0.7716236722306525,0.3112128146453089,0.6995192307692307,0.4444444444444444,0.8203358638141247,0.6772277227722773,0.8329186083337105,0.7441665502305436
6960,"2026-08-05 17:02:30.229106","train",21,0.48741650581359863,0.0008033274222482185,"","","","","","","","","","","",""
6980,"2026-08-05 17:02:31.052379","train",21,0.41836875677108765,0.0008057736269969898,"","","","","","","","","","","",""
7000,"2026-08-05 17:02:31.905198","train",21,1.740013837814331,0.0008082083879680604,"","","","","","","","","","","",""
7020,"2026-08-05 17:02:32.909962","train",21,1.8844411373138428,0.0008106316076616586,"","","","","","","","","","","",""
7040,"2026-08-05 17:02:33.818776","train",21,0.3289383351802826,0.0008130431890401827,"","","","","","","","","","","",""
7060,"2026-08-05 17:02:34.591601","train",21,0.4792187809944153,0.0008154430355320854,"","","","","","","","","","","",""
7080,"2026-08-05 17:02:35.462086","train",21,2.162975311279297,0.0008178310510357429,"","","","","","","","","","","",""
7100,"2026-08-05 17:02:36.414750","train",21,0.46612805128097534,0.000820207139923301,"","","","","","","","","","","",""
7120,"2026-08-05 17:02:37.257859","train",21,0.22449837625026703,0.0008225712070445067,"","","","","","","","","","","",""
7140,"2026-08-05 17:02:38.107025","train",21,0.6398785710334778,0.000824923157730517,"","","","","","","","","","","",""
7160,"2026-08-05 17:02:38.959080","train",21,1.6298878192901611,0.0008272628977976903,"","","","","","","","","","","",""
7180,"2026-08-05 17:02:39.750254","train",21,0.44021642208099365,0.0008295903335513584,"","","","","","","","","","","",""
7200,"2026-08-05 17:02:40.615469","train",21,0.5894750356674194,0.0008319053717895777,"","","","","","","","","","","",""
7220,"2026-08-05 17:02:41.413980","train",21,0.2095906138420105,0.0008342079198068626,"","","","","","","","","","","",""
7240,"2026-08-05 17:02:42.252879","train",21,0.3737432062625885,0.0008364978853978967,"","","","","","","","","","","",""
7260,"2026-08-05 17:02:43.112149","train",21,0.4249292016029358,0.0008387751768612259,"","","","","","","","","","","",""
7280,"2026-08-05 17:02:43.913950","train",21,0.3172336220741272,0.0008410397030029301,"","","","","","","","","","","",""
7282,"2026-08-05 17:02:59.710972","val",21,"","",0.8100535296085648,0.33802477348518306,0.6626856530393508,0.7106840852373373,0.7716236722306525,0.3112128146453089,0.75,0.48148148148148145,0.8318380492293536,0.6613861386138614,0.8136452065330498,0.684364957384379
7300,"2026-08-05 17:03:10.844378","train",22,0.43725061416625977,0.0008432913731402755,"","","","","","","","","","","",""
7320,"2026-08-05 17:03:11.630302","train",22,0.7823596000671387,0.0008455300971053456,"","","","","","","","","","","",""
7340,"2026-08-05 17:03:12.503347","train",22,0.6057920455932617,0.0008477557852486526,"","","","","","","","","","","",""
7360,"2026-08-05 17:03:13.382607","train",22,0.7046802043914795,0.0008499683484427263,"","","","","","","","","","","",""
7380,"2026-08-05 17:03:14.192827","train",22,0.4639749526977539,0.000852167698085684,"","","","","","","","","","","",""
7400,"2026-08-05 17:03:15.049126","train",22,1.2629990577697754,0.0008543537461047787,"","","","","","","","","","","",""
7420,"2026-08-05 17:03:15.860835","train",22,0.779586911201477,0.0008565264049599257,"","","","","","","","","","","",""
7440,"2026-08-05 17:03:16.747404","train",22,0.688585102558136,0.0008586855876472072,"","","","","","","","","","","",""
7460,"2026-08-05 17:03:17.625355","train",22,0.34011176228523254,0.0008608312077023587,"","","","","","","","","","","",""
7480,"2026-08-05 17:03:18.457019","train",22,1.8663685321807861,0.0008629631792042288,"","","","","","","","","","","",""
7500,"2026-08-05 17:03:19.347675","train",22,0.8656684756278992,0.0008650814167782218,"","","","","","","","","","","",""
7520,"2026-08-05 17:03:20.170879","train",22,0.5883957743644714,0.0008671858355997154,"","","","","","","","","","","",""
7540,"2026-08-05 17:03:21.095400","train",22,1.4091341495513916,0.0008692763513974584,"","","","","","","","","","","",""
7560,"2026-08-05 17:03:21.999219","train",22,0.38996076583862305,0.0008713528804569443,"","","","","","","","","","","",""
7580,"2026-08-05 17:03:22.852401","train",22,0.45714882016181946,0.0008734153396237648,"","","","","","","","","","","",""
7600,"2026-08-05 17:03:23.691781","train",22,1.0468978881835938,0.0008754636463069386,"","","","","","","","","","","",""
7613,"2026-08-05 17:03:40.242445","val",22,"","",0.8066912010705922,0.3072257962393121,0.6510488439748889,0.6630216307127058,0.33990895295902884,0.1776937618147448,0.846153846153846,0.8148148148148148,0.8122843340234644,0.6495049504950495,0.7986397020012366,0.6418890596618695
7620,"2026-08-05 17:03:50.934980","train",23,0.4692583978176117,0.0008774977184822196,"","","","","","","","","","","",""
7640,"2026-08-05 17:03:51.807797","train",23,1.0101382732391357,0.0008795174746953809,"","","","","","","","","","","",""
7660,"2026-08-05 17:03:52.616511","train",23,1.4184755086898804,0.0008815228340654773,"","","","","","","","","","","",""
7680,"2026-08-05 17:03:53.488750","train",23,0.9368922710418701,0.0008835137162880836,"","","","","","","","","","","",""
7700,"2026-08-05 17:03:54.336141","train",23,1.0427278280258179,0.0008854900416385106,"","","","","","","","","","","",""
7720,"2026-08-05 17:03:55.252120","train",23,1.471160650253296,0.0008874517309749978,"","","","","","","","","","","",""
7740,"2026-08-05 17:03:56.100342","train",23,0.7301121354103088,0.0008893987057418823,"","","","","","","","","","","",""
7760,"2026-08-05 17:03:56.897981","train",23,0.34818416833877563,0.0008913308879727447,"","","","","","","","","","","",""
7780,"2026-08-05 17:03:57.696945","train",23,1.2559504508972168,0.0008932482002935317,"","","","","","","","","","","",""
7800,"2026-08-05 17:03:58.528503","train",23,2.647484064102173,0.0008951505659256537,"","","","","","","","","","","",""
7820,"2026-08-05 17:03:59.322720","train",23,0.5758516788482666,0.00089703790868906,"","","","","","","","","","","",""
7840,"2026-08-05 17:04:00.167657","train",23,3.598524570465088,0.0008989101530052893,"","","","","","","","","","","",""
7860,"2026-08-05 17:04:00.956418","train",23,0.46820518374443054,0.0009007672239004957,"","","","","","","","","","","",""
7880,"2026-08-05 17:04:01.779003","train",23,0.44038674235343933,0.0009026090470084525,"","","","","","","","","","","",""
7900,"2026-08-05 17:04:02.687724","train",23,0.9283048510551453,0.0009044355485735282,"","","","","","","","","","","",""
7920,"2026-08-05 17:04:03.504919","train",23,0.9299666285514832,0.0009062466554536415,"","","","","","","","","","","",""
7940,"2026-08-05 17:04:04.333717","train",23,0.8381727933883667,0.0009080422951231897,"","","","","","","","","","","",""
7944,"2026-08-05 17:04:20.236611","val",23,"","",0.8201488792238207,0.3136411067954451,0.6926963711529628,0.7339518490358621,0.6031866464339909,0.24964131994261118,0.8365384615384615,0.8333333333333334,0.8095238095238094,0.6415841584158416,0.8197529747093154,0.7104932234176331
7960,"2026-08-05 17:04:31.364680","train",24,0.8586142063140869,0.0009098223956759534,"","","","","","","","","","","",""
7980,"2026-08-05 17:04:32.185808","train",24,0.7241166830062866,0.0009115868858279749,"","","","","","","","","","","",""
8000,"2026-08-05 17:04:33.093004","train",24,0.31833982467651367,0.0009133356949204143,"","","","","","","","","","","",""
8020,"2026-08-05 17:04:33.884980","train",24,1.172359585762024,0.0009150687529223777,"","","","","","","","","","","",""
8040,"2026-08-05 17:04:34.719400","train",24,0.33966755867004395,0.0009167859904337225,"","","","","","","","","","","",""
8060,"2026-08-05 17:04:35.554264","train",24,1.0345321893692017,0.0009184873386878355,"","","","","","","","","","","",""
8080,"2026-08-05 17:04:36.357311","train",24,0.533305287361145,0.0009201727295543884,"","","","","","","","","","","",""
8100,"2026-08-05 17:04:37.214840","train",24,0.3463621139526367,0.0009218420955420638,"","","","","","","","","","","",""
8120,"2026-08-05 17:04:38.107624","train",24,0.3813835680484772,0.0009234953698012599,"","","","","","","","","","","",""
8140,"2026-08-05 17:04:38.922285","train",24,0.28433895111083984,0.0009251324861267662,"","","","","","","","","","","",""
8160,"2026-08-05 17:04:39.766695","train",24,0.6508723497390747,0.0009267533789604151,"","","","","","","","","","","",""
8180,"2026-08-05 17:04:40.650664","train",24,0.2810148596763611,0.0009283579833937074,"","","","","","","","","","","",""
8200,"2026-08-05 17:04:41.432561","train",24,0.9589347243309021,0.0009299462351704114,"","","","","","","","","","","",""
8220,"2026-08-05 17:04:42.310747","train",24,0.33819282054901123,0.0009315180706891356,"","","","","","","","","","","",""
8240,"2026-08-05 17:04:43.211007","train",24,0.6056978702545166,0.0009330734270058764,"","","","","","","","","","","",""
8260,"2026-08-05 17:04:44.181952","train",24,0.2593417167663574,0.0009346122418365379,"","","","","","","","","","","",""
8275,"2026-08-05 17:05:00.400730","val",24,"","",0.8055536968885916,0.3128877340872932,0.6666666666666666,0.7031607492644519,0.6646433990895296,0.26578073089701,0.8173076923076924,0.6481481481481481,0.8030825856912813,0.6415841584158416,0.8053356256315131,0.6896744445996926
8280,"2026-08-05 17:05:11.162025","train",25,0.6392164826393127,0.0009361344535594268,"","","","","","","","","","","",""
8300,"2026-08-05 17:05:12.082144","train",25,0.5991382002830505,0.0009376400012177194,"","","","","","","","","","","",""
8320,"2026-08-05 17:05:12.905958","train",25,0.26557472348213196,0.000939128824521903,"","","","","","","","","","","",""
8340,"2026-08-05 17:05:13.703638","train",25,0.2944514751434326,0.0009406008638521901,"","","","","","","","","","","",""
8360,"2026-08-05 17:05:14.512133","train",25,1.0251731872558594,0.0009420560602609058,"","","","","","","","","","","",""
8380,"2026-08-05 17:05:15.326812","train",25,1.0828402042388916,0.0009434943554748481,"","","","","","","","","","","",""
8400,"2026-08-05 17:05:16.220236","train",25,0.6064735054969788,0.0009449156918976226,"","","","","","","","","","","",""
8420,"2026-08-05 17:05:17.047750","train",25,0.5081842541694641,0.0009463200126119469,"","","","","","","","","","","",""
8440,"2026-08-05 17:05:17.876051","train",25,1.3788906335830688,0.000947707261381932,"","","","","","","","","","","",""
8460,"2026-08-05 17:05:18.699148","train",25,1.2933632135391235,0.0009490773826553327,"","","","","","","","","","","",""
8480,"2026-08-05 17:05:19.548348","train",25,1.0462604761123657,0.0009504303215657731,"","","","","","","","","","","",""
8500,"2026-08-05 17:05:20.386320","train",25,1.2246686220169067,0.000951766023934943,"","","","","","","","","","","",""
8520,"2026-08-05 17:05:21.198484","train",25,1.2446558475494385,0.0009530844362747686,"","","","","","","","","","","",""
8540,"2026-08-05 17:05:22.032983","train",25,0.22268936038017273,0.0009543855057895528,"","","","","","","","","","","",""
8560,"2026-08-05 17:05:22.843018","train",25,0.39414334297180176,0.000955669180378091,"","","","","","","","","","","",""
8580,"2026-08-05 17:05:23.673717","train",25,1.4583778381347656,0.0009569354086357561,"","","","","","","","","","","",""
8600,"2026-08-05 17:05:24.513656","train",25,0.5753448605537415,0.0009581841398565582,"","","","","","","","","","","",""
8606,"2026-08-05 17:05:40.491132","val",25,"","",0.8155988624958179,0.2708392913238859,0.6796815189098148,0.7139103558654881,0.9006069802731411,0.2598870056497175,0.7788461538461539,0.6296296296296297,0.8049229353577179,0.6435643564356436,0.8210499328899546,0.707419309766662
8620,"2026-08-05 17:05:51.471827","train",26,0.3102749288082123,0.0009594153240351745,"","","","","","","","","","","",""
8640,"2026-08-05 17:05:52.280904","train",26,0.7967199087142944,0.0009606289118689515,"","","","","","","","","","","",""
8660,"2026-08-05 17:05:53.198874","train",26,0.5184296369552612,0.0009618248547598799,"","","","","","","","","","","",""
8680,"2026-08-05 17:05:54.018341","train",26,1.042770504951477,0.0009630031048165405,"","","","","","","","","","","",""
8700,"2026-08-05 17:05:54.835999","train",26,1.3833266496658325,0.0009641636148560219,"","","","","","","","","","","",""
8720,"2026-08-05 17:05:55.669767","train",26,0.5613833665847778,0.00096530633840581,"","","","","","","","","","","",""
8740,"2026-08-05 17:05:56.486623","train",26,0.48200130462646484,0.0009664312297056489,"","","","","","","","","","","",""
8760,"2026-08-05 17:05:57.387438","train",26,0.3201541602611542,0.0009675382437093735,"","","","","","","","","","","",""
8780,"2026-08-05 17:05:58.245445","train",26,0.3193666934967041,0.0009686273360867137,"","","","","","","","","","","",""
8800,"2026-08-05 17:05:59.077806","train",26,0.41430842876434326,0.0009696984632250685,"","","","","","","","","","","",""
8820,"2026-08-05 17:05:59.931129","train",26,0.901674747467041,0.0009707515822312537,"","","","","","","","","","","",""
8840,"2026-08-05 17:06:00.730942","train",26,0.6734901666641235,0.000971786650933219,"","","","","","","","","","","",""
8860,"2026-08-05 17:06:01.578519","train",26,0.3708809018135071,0.0009728036278817365,"","","","","","","","","","","",""
8880,"2026-08-05 17:06:02.476772","train",26,1.5361106395721436,0.0009738024723520612,"","","","","","","","","","","",""
8900,"2026-08-05 17:06:03.284783","train",26,0.29437798261642456,0.0009747831443455613,"","","","","","","","","","","",""
8920,"2026-08-05 17:06:04.116832","train",26,0.586053729057312,0.0009757456045913201,"","","","","","","","","","","",""
8937,"2026-08-05 17:06:20.729779","val",26,"","",0.8207009033121446,0.2726835104809988,0.6920839075179911,0.7515467609016763,0.7344461305007587,0.2971887550200803,0.7331730769230769,0.42592592592592593,0.8205659075224293,0.6693069306930693,0.8302492874270461,0.7458432304038005
8940,"2026-08-05 17:06:31.350927","train",27,0.9682488441467285,0.0009766898145477088,"","","","","","","","","","","",""
8960,"2026-08-05 17:06:32.201093","train",27,0.29531073570251465,0.0009776157364039294,"","","","","","","","","","","",""
8980,"2026-08-05 17:06:33.006271","train",27,0.2828904986381531,0.0009785233330815294,"","","","","","","","","","","",""
9000,"2026-08-05 17:06:33.911419","train",27,0.8120890259742737,0.000979412568235886,"","","","","","","","","","","",""
9020,"2026-08-05 17:06:34.692020","train",27,1.064561128616333,0.000980283406257662,"","","","","","","","","","","",""
9040,"2026-08-05 17:06:35.559779","train",27,1.05453360080719,0.0009811358122742322,"","","","","","","","","","","",""
9060,"2026-08-05 17:06:36.400958","train",27,0.4378747344017029,0.0009819697521510783,"","","","","","","","","","","",""
9080,"2026-08-05 17:06:37.239510","train",27,1.2564398050308228,0.0009827851924931572,"","","","","","","","","","","",""
9100,"2026-08-05 17:06:38.215183","train",27,0.2075912058353424,0.0009835821006462383,"","","","","","","","","","","",""
9120,"2026-08-05 17:06:39.062719","train",27,0.9230643510818481,0.0009843604446982104,"","","","","","","","","","","",""
9140,"2026-08-05 17:06:39.879582","train",27,0.7130277156829834,0.00098512019348036,"","","","","","","","","","","",""
9160,"2026-08-05 17:06:40.762111","train",27,0.41802167892456055,0.0009858613165686192,"","","","","","","","","","","",""
9180,"2026-08-05 17:06:41.589165","train",27,0.4770869016647339,0.0009865837842847848,"","","","","","","","","","","",""
9200,"2026-08-05 17:06:42.438132","train",27,0.5136104822158813,0.0009872875676977054,"","","","","","","","","","","",""
9220,"2026-08-05 17:06:43.223976","train",27,0.41735315322875977,0.0009879726386244417,"","","","","","","","","","","",""
9240,"2026-08-05 17:06:44.049580","train",27,0.6044305562973022,0.0009886389696313932,"","","","","","","","","","","",""
9260,"2026-08-05 17:06:44.894766","train",27,0.29713237285614014,0.0009892865340353984,"","","","","","","","","","","",""
9268,"2026-08-05 17:07:01.072564","val",27,"","",0.8150217464034795,0.32053446017112097,0.6830500689021589,0.7183024778981719,0.7185128983308042,0.29063097514340347,0.7908653846153846,0.6111111111111112,0.791810443984357,0.6316831683168317,0.8214721983441161,0.7137068604163755
9280,"2026-08-05 17:07:11.943804","train",28,0.3124527931213379,0.0009899153059048022,"","","","","","","","","","","",""
9300,"2026-08-05 17:07:12.769766","train",28,0.2818180322647095,0.000990525260060495,"","","","","","","","","","","",""
9320,"2026-08-05 17:07:13.611130","train",28,0.6409883499145508,0.0009911163720769207,"","","","","","","","","","","",""
9340,"2026-08-05 17:07:14.469349","train",28,0.8963085412979126,0.0009916886182830546,"","","","","","","","","","","",""
9360,"2026-08-05 17:07:15.290942","train",28,0.4843738079071045,0.0009922419757633523,"","","","","","","","","","","",""
9380,"2026-08-05 17:07:16.187747","train",28,1.224300503730774,0.0009927764223586657,"","","","","","","","","","","",""
9400,"2026-08-05 17:07:16.993235","train",28,0.5225087404251099,0.000993291936667132,"","","","","","","","","","","",""
9420,"2026-08-05 17:07:17.875131","train",28,0.8150274753570557,0.0009937884980450297,"","","","","","","","","","","",""
9440,"2026-08-05 17:07:18.686805","train",28,1.5485548973083496,0.0009942660866076058,"","","","","","","","","","","",""
9460,"2026-08-05 17:07:19.546645","train",28,0.68356853723526,0.0009947246832298715,"","","","","","","","","","","",""
9480,"2026-08-05 17:07:20.384291","train",28,0.8853312134742737,0.000995164269547369,"","","","","","","","","","","",""
9500,"2026-08-05 17:07:21.208183","train",28,0.24833814799785614,0.0009955848279569056,"","","","","","","","","","","",""
9520,"2026-08-05 17:07:22.084245","train",28,0.897216796875,0.0009959863416172602,"","","","","","","","","","","",""
9540,"2026-08-05 17:07:22.973997","train",28,1.0339164733886719,0.0009963687944498565,"","","","","","","","","","","",""
9560,"2026-08-05 17:07:23.844543","train",28,0.9536132216453552,0.0009967321711394069,"","","","","","","","","","","",""
9580,"2026-08-05 17:07:24.701886","train",28,0.7723454833030701,0.0009970764571345266,"","","","","","","","","","","",""
9599,"2026-08-05 17:07:41.380664","val",28,"","",0.8124707259953162,0.30552421989951184,0.6606951462256928,0.7027921959996234,0.8543247344461306,0.3424657534246575,0.8004807692307692,0.6666666666666666,0.8037727168161951,0.6316831683168317,0.8141277956235202,0.6902333379907782
9600,"2026-08-05 17:07:51.899830","train",29,0.7893176078796387,0.0009974016386483156,"","","","","","","","","","","",""
9620,"2026-08-05 17:07:52.711093","train",29,0.44436514377593994,0.0009977077026589113,"","","","","","","","","","","",""
9640,"2026-08-05 17:07:53.488315","train",29,0.3394368886947632,0.0009979946369100096,"","","","","","","","","","","",""
9660,"2026-08-05 17:07:54.411456","train",29,1.1106889247894287,0.0009982624299113554,"","","","","","","","","","","",""
9680,"2026-08-05 17:07:55.256423","train",29,0.7032582759857178,0.0009985110709392038,"","","","","","","","","","","",""
9700,"2026-08-05 17:07:56.165324","train",29,1.06437349319458,0.000998740550036748,"","","","","","","","","","","",""
9720,"2026-08-05 17:07:56.943883","train",29,0.4988882839679718,0.0009989508580145199,"","","","","","","","","","","",""
9740,"2026-08-05 17:07:57.748578","train",29,0.9444131255149841,0.0009991419864507562,"","","","","","","","","","","",""
9760,"2026-08-05 17:07:58.552924","train",29,1.0675984621047974,0.000999313927691737,"","","","","","","","","","","",""
9780,"2026-08-05 17:07:59.379936","train",29,0.36929774284362793,0.0009994666748520916,"","","","","","","","","","","",""
9800,"2026-08-05 17:08:00.250488","train",29,0.37077778577804565,0.0009996002218150746,"","","","","","","","","","","",""
9820,"2026-08-05 17:08:01.076654","train",29,0.30150550603866577,0.0009997145632328103,"","","","","","","","","","","",""
9840,"2026-08-05 17:08:01.920780","train",29,1.0165743827819824,0.0009998096945265079,"","","","","","","","","","","",""
9860,"2026-08-05 17:08:02.814760","train",29,1.2008050680160522,0.0009998856118866436,"","","","","","","","","","","",""
9880,"2026-08-05 17:08:03.624769","train",29,0.27762943506240845,0.000999942312273114,"","","","","","","","","","","",""
9900,"2026-08-05 17:08:04.495958","train",29,0.22130388021469116,0.0009999797934153573,"","","","","","","","","","","",""
9920,"2026-08-05 17:08:05.327767","train",29,0.3943096995353699,0.000999998053812445,"","","","","","","","","","","",""
9930,"2026-08-05 17:08:21.327224","val",29,"","",0.8352960856473737,0.3125083328150491,0.7245444801714899,0.7705174676763246,0.7427921092564491,0.2981366459627329,0.7884615384615385,0.5925925925925926,0.8120542903151599,0.6653465346534654,0.8460239183217965,0.7616319687019701
9940,"2026-08-05 17:08:32.177069","train",30,0.4813185930252075,0.0009999994438765105,"","","","","","","","","","","",""
9960,"2026-08-05 17:08:32.980869","train",30,0.26447194814682007,0.0009999955831902017,"","","","","","","","","","","",""
9980,"2026-08-05 17:08:33.799205","train",30,0.41175350546836853,0.0009999880456884277,"","","","","","","","","","","",""
10000,"2026-08-05 17:08:34.750267","train",30,1.4570436477661133,0.0009999768314266173,"","","","","","","","","","","",""
10020,"2026-08-05 17:08:35.568228","train",30,1.091461420059204,0.0009999619404872366,"","","","","","","","","","","",""
10040,"2026-08-05 17:08:36.393995","train",30,1.0758025646209717,0.00099994337297979,"","","","","","","","","","","",""
10060,"2026-08-05 17:08:37.249448","train",30,0.5053991079330444,0.0009999211290408175,"","","","","","","","","","","",""
10080,"2026-08-05 17:08:38.284003","train",30,0.8770744204521179,0.000999895208833895,"","","","","","","","","","","",""
10100,"2026-08-05 17:08:39.085352","train",30,1.5433380603790283,0.000999865612549633,"","","","","","","","","","","",""
10120,"2026-08-05 17:08:39.988463","train",30,0.8171011209487915,0.000999832340405674,"","","","","","","","","","","",""
10140,"2026-08-05 17:08:40.787965","train",30,1.3612630367279053,0.000999795392646692,"","","","","","","","","","","",""
10160,"2026-08-05 17:08:41.564624","train",30,0.20344558358192444,0.0009997547695443914,"","","","","","","","","","","",""
10180,"2026-08-05 17:08:42.371673","train",30,0.8354631066322327,0.0009997104713975026,"","","","","","","","","","","",""
10200,"2026-08-05 17:08:43.213581","train",30,0.34365737438201904,0.0009996624985317824,"","","","","","","","","","","",""
10220,"2026-08-05 17:08:44.036045","train",30,1.1362144947052002,0.0009996108513000098,"","","","","","","","","","","",""
10240,"2026-08-05 17:08:44.881059","train",30,1.5181939601898193,0.0009995555300819849,"","","","","","","","","","","",""
10260,"2026-08-05 17:08:45.675905","train",30,0.6828809380531311,0.0009994965352845243,"","","","","","","","","","","",""
10261,"2026-08-05 17:09:01.623618","val",30,"","",0.8254014720642354,0.3262887071743372,0.7040269483999387,0.7656379943663981,0.7078907435508346,0.2857142857142857,0.7620192307692307,0.5370370370370371,0.8127444214400735,0.6554455445544555,0.83857394923766,0.7440268268827721
10280,"2026-08-05 17:09:12.837200","train",31,0.7610791921615601,0.0009994338673414596,"","","","","","","","","","","",""
10300,"2026-08-05 17:09:13.686434","train",31,0.30179035663604736,0.0009993675267136336,"","","","","","","","","","","",""
10320,"2026-08-05 17:09:14.519093","train",31,0.3102349638938904,0.000999297513888897,"","","","","","","","","","","",""
10340,"2026-08-05 17:09:15.349130","train",31,0.812397837638855,0.0009992238293821051,"","","","","","","","","","","",""
10360,"2026-08-05 17:09:16.286730","train",31,0.22028937935829163,0.0009991464737351137,"","","","","","","","","","","",""
10380,"2026-08-05 17:09:17.087671","train",31,0.30884239077568054,0.0009990654475167742,"","","","","","","","","","","",""
10400,"2026-08-05 17:09:17.935090","train",31,1.2471697330474854,0.0009989807513229318,"","","","","","","","","","","",""
10420,"2026-08-05 17:09:18.793871","train",31,0.3638085424900055,0.0009988923857764192,"","","","","","","","","","","",""
10440,"2026-08-05 17:09:19.629003","train",31,1.664790391921997,0.0009988003515270518,"","","","","","","","","","","",""
10460,"2026-08-05 17:09:20.524405","train",31,1.0380711555480957,0.0009987046492516245,"","","","","","","","","","","",""
10480,"2026-08-05 17:09:21.444841","train",31,0.535219669342041,0.0009986052796539056,"","","","","","","","","","","",""
10500,"2026-08-05 17:09:22.240074","train",31,0.3216111361980438,0.0009985022434646313,"","","","","","","","","","","",""
10520,"2026-08-05 17:09:23.238339","train",31,0.5884088277816772,0.0009983955414415023,"","","","","","","","","","","",""
10540,"2026-08-05 17:09:24.282832","train",31,1.753352165222168,0.0009982851743691751,"","","","","","","","","","","",""
10560,"2026-08-05 17:09:25.324495","train",31,0.5085640549659729,0.0009981711430592597,"","","","","","","","","","","",""
10580,"2026-08-05 17:09:26.334652","train",31,0.9080895781517029,0.0009980534483503103,"","","","","","","","","","","",""
10592,"2026-08-05 17:09:42.688352","val",31,"","",0.8197474071595852,0.3248956315134294,0.7074720563466544,0.7518100777946886,0.7883156297420334,0.327710843373494,0.7764423076923077,0.5740740740740741,0.7849091327352197,0.6475247524752475,0.8384533019650424,0.7577197149643705
10600,"2026-08-05 17:09:53.481328","train",32,1.2700964212417603,0.0009979320911078216,"","","","","","","","","","","",""
10620,"2026-08-05 17:09:54.330696","train",32,1.1541342735290527,0.000997807072224222,"","","","","","","","","","","",""
10640,"2026-08-05 17:09:55.162253","train",32,0.8235048055648804,0.000997678392618865,"","","","","","","","","","","",""
10660,"2026-08-05 17:09:56.031612","train",32,1.3287477493286133,0.000997546053238026,"","","","","","","","","","","",""
10680,"2026-08-05 17:09:56.941045","train",32,1.0364434719085693,0.000997410055054892,"","","","","","","","","","","",""
10700,"2026-08-05 17:09:57.856666","train",32,0.41667860746383667,0.0009972703990695565,"","","","","","","","","","","",""
10720,"2026-08-05 17:09:58.715186","train",32,0.6829790472984314,0.000997127086309011,"","","","","","","","","","","",""
10740,"2026-08-05 17:09:59.607851","train",32,0.3572866916656494,0.0009969801178271384,"","","","","","","","","","","",""
10760,"2026-08-05 17:10:00.481885","train",32,0.7469967007637024,0.0009968294947047046,"","","","","","","","","","","",""
10780,"2026-08-05 17:10:01.355631","train",32,0.34568947553634644,0.0009966752180493503,"","","","","","","","","","","",""
10800,"2026-08-05 17:10:02.257989","train",32,0.28385233879089355,0.0009965172889955837,"","","","","","","","","","","",""
10820,"2026-08-05 17:10:03.085627","train",32,0.4538946747779846,0.0009963557087047722,"","","","","","","","","","","",""
10840,"2026-08-05 17:10:03.920609","train",32,0.5752484202384949,0.0009961904783651323,"","","","","","","","","","","",""
10860,"2026-08-05 17:10:04.786799","train",32,0.5884425640106201,0.000996021599191723,"","","","","","","","","","","",""
10880,"2026-08-05 17:10:05.673314","train",32,1.5405181646347046,0.000995849072426435,"","","","","","","","","","","",""
10900,"2026-08-05 17:10:06.518155","train",32,1.3182963132858276,0.0009956728993379827,"","","","","","","","","","","",""
10920,"2026-08-05 17:10:07.315444","train",32,0.2715918719768524,0.000995493081221895,"","","","","","","","","","","",""
10923,"2026-08-05 17:10:23.094300","val",32,"","",0.8201572432251588,0.29232187269746557,0.6985913336395652,0.7399590654703345,0.6874051593323217,0.28222996515679444,0.8100961538461539,0.6296296296296297,0.772256728778468,0.6158415841584158,0.8344417801505074,0.7464021237948861
10940,"2026-08-05 17:10:34.357313","train",33,0.48770585656166077,0.0009953096194005046,"","","","","","","","","","","",""
10960,"2026-08-05 17:10:35.186903","train",33,0.7170765995979309,0.0009951225152229392,"","","","","","","","","","","",""
10980,"2026-08-05 17:10:36.007773","train",33,0.2330646812915802,0.0009949317700651118,"","","","","","","","","","","",""
11000,"2026-08-05 17:10:36.858927","train",33,0.9205745458602905,0.0009947373853297099,"","","","","","","","","","","",""
11020,"2026-08-05 17:10:37.774743","train",33,1.0904154777526855,0.0009945393624461855,"","","","","","","","","","","",""
11040,"2026-08-05 17:10:38.600593","train",33,0.47467827796936035,0.0009943377028707441,"","","","","","","","","","","",""
11060,"2026-08-05 17:10:39.403072","train",33,0.6307588219642639,0.0009941324080863353,"","","","","","","","","","","",""
11080,"2026-08-05 17:10:40.212549","train",33,0.3237924873828888,0.0009939234796026402,"","","","","","","","","","","",""
11100,"2026-08-05 17:10:41.043804","train",33,0.9876371622085571,0.0009937109189560617,"","","","","","","","","","","",""
11120,"2026-08-05 17:10:41.879942","train",33,0.1978672295808792,0.0009934947277097125,"","","","","","","","","","","",""
11140,"2026-08-05 17:10:42.719643","train",33,0.672486424446106,0.0009932749074534032,"","","","","","","","","","","",""
11160,"2026-08-05 17:10:43.549301","train",33,1.075659990310669,0.000993051459803632,"","","","","","","","","","","",""
11180,"2026-08-05 17:10:44.373571","train",33,0.33507251739501953,0.0009928243864035713,"","","","","","","","","","","",""
11200,"2026-08-05 17:10:45.208789","train",33,0.5043027997016907,0.0009925936889230564,"","","","","","","","","","","",""
11220,"2026-08-05 17:10:46.026664","train",33,0.3103022873401642,0.0009923593690585738,"","","","","","","","","","","",""
11240,"2026-08-05 17:10:46.924707","train",33,0.3260566294193268,0.0009921214285332468,"","","","","","","","","","","",""
11254,"2026-08-05 17:11:03.262353","val",33,"","",0.8171294747407161,0.3082448509450777,0.6738631143775838,0.7287421073887241,0.7784522003034902,0.3080568720379147,0.8125,0.6481481481481481,0.7954911433172303,0.594059405940594,0.8210650137990319,0.7131479670252899
11260,"2026-08-05 17:11:13.930723","train",34,1.2272628545761108,0.0009918798690968247,"","","","","","","","","","","",""
11280,"2026-08-05 17:11:14.819552","train",34,0.3108062744140625,0.0009916346925256698,"","","","","","","","","","","",""
11300,"2026-08-05 17:11:15.606289","train",34,0.7727987170219421,0.0009913859006227426,"","","","","","","","","","","",""
11320,"2026-08-05 17:11:16.434659","train",34,1.3943078517913818,0.0009911334952175906,"","","","","","","","","","","",""
11340,"2026-08-05 17:11:17.284321","train",34,0.8949134945869446,0.000990877478166334,"","","","","","","","","","","",""
11360,"2026-08-05 17:11:18.120810","train",34,0.5529292821884155,0.0009906178513516518,"","","","","","","","","","","",""
11380,"2026-08-05 17:11:18.942450","train",34,0.32855671644210815,0.0009903546166827681,"","","","","","","","","","","",""
11400,"2026-08-05 17:11:19.795957","train",34,0.4023616909980774,0.0009900877760954387,"","","","","","","","","","","",""
11420,"2026-08-05 17:11:20.602287","train",34,0.9518392086029053,0.0009898173315519357,"","","","","","","","","","","",""
11440,"2026-08-05 17:11:21.408730","train",34,0.44887781143188477,0.000989543285041034,"","","","","","","","","","","",""
11460,"2026-08-05 17:11:22.223760","train",34,0.3361770212650299,0.0009892656385779965,"","","","","","","","","","","",""
11480,"2026-08-05 17:11:23.045007","train",34,0.5576729774475098,0.0009889843942045588,"","","","","","","","","","","",""
11500,"2026-08-05 17:11:23.849323","train",34,0.3355919420719147,0.000988699553988915,"","","","","","","","","","","",""
11520,"2026-08-05 17:11:24.784483","train",34,0.45698806643486023,0.0009884111200257016,"","","","","","","","","","","",""
11540,"2026-08-05 17:11:25.630654","train",34,0.8007134199142456,0.0009881190944359829,"","","","","","","","","","","",""
11560,"2026-08-05 17:11:26.502964","train",34,0.77104651927948,0.0009878234793672348,"","","","","","","","","","","",""
11580,"2026-08-05 17:11:27.405624","train",34,0.47123876214027405,0.0009875242769933294,"","","","","","","","","","","",""
11585,"2026-08-05 17:11:43.223126","val",34,"","",0.8187102709936435,0.26235581863887636,0.6951462256928495,0.730541160512577,0.6555386949924128,0.267741935483871,0.7596153846153846,0.5555555555555556,0.7904301817345295,0.6376237623762376,0.828198283792547,0.7296353220623166
11600,"2026-08-05 17:11:54.311433","train",35,0.6839792728424072,0.0009872214895145187,"","","","","","","","","","","",""
11620,"2026-08-05 17:11:55.195450","train",35,0.9052695631980896,0.0009869151191574184,"","","","","","","","","","","",""
11640,"2026-08-05 17:11:56.125349","train",35,0.2762805223464966,0.0009866051681749924,"","","","","","","","","","","",""
11660,"2026-08-05 17:11:57.089311","train",35,0.3454260230064392,0.0009862916388465345,"","","","","","","","","","","",""
11680,"2026-08-05 17:11:57.931386","train",35,0.23649930953979492,0.000985974533477654,"","","","","","","","","","","",""
11700,"2026-08-05 17:11:58.732246","train",35,0.4449925422668457,0.0009856538544002562,"","","","","","","","","","","",""
11720,"2026-08-05 17:11:59.589033","train",35,0.3258371651172638,0.000985329603972527,"","","","","","","","","","","",""
11740,"2026-08-05 17:12:00.433101","train",35,0.6526544094085693,0.000985001784578915,"","","","","","","","","","","",""
11760,"2026-08-05 17:12:01.271134","train",35,0.9770184755325317,0.000984670398630114,"","","","","","","","","","","",""
11780,"2026-08-05 17:12:02.082971","train",35,0.6409728527069092,0.000984335448563045,"","","","","","","","","","","",""
11800,"2026-08-05 17:12:02.969902","train",35,0.8640017509460449,0.0009839969368408393,"","","","","","","","","","","",""
11820,"2026-08-05 17:12:03.801162","train",35,0.37399452924728394,0.0009836548659528188,"","","","","","","","","","","",""
11840,"2026-08-05 17:12:04.601560","train",35,0.6089878082275391,0.0009833092384144788,"","","","","","","","","","","",""
11860,"2026-08-05 17:12:05.404153","train",35,0.25874000787734985,0.0009829600567674694,"","","","","","","","","","","",""
11880,"2026-08-05 17:12:06.200858","train",35,0.9944030046463013,0.0009826073235795765,"","","","","","","","","","","",""
11900,"2026-08-05 17:12:07.000475","train",35,1.0976098775863647,0.0009822510414447029,"","","","","","","","","","","",""
11916,"2026-08-05 17:12:23.318432","val",35,"","",0.8293576446972231,0.3265662225675312,0.714898177920686,0.7641983006784084,0.7207890743550834,0.2868217054263566,0.8076923076923077,0.6296296296296297,0.7936507936507937,0.6237623762376238,0.8408813283264717,0.7670811792650551
11920,"2026-08-05 17:12:33.915257","train",36,0.8405978679656982,0.0009818912129828496,"","","","","","","","","","","",""
11940,"2026-08-05 17:12:34.724714","train",36,1.7248090505599976,0.0009815278408400966,"","","","","","","","","","","",""
11960,"2026-08-05 17:12:35.563928","train",36,0.9657553434371948,0.0009811609276885824,"","","","","","","","","","","",""
11980,"2026-08-05 17:12:36.473799","train",36,1.0689153671264648,0.0009807904762264856,"","","","","","","","","","","",""
12000,"2026-08-05 17:12:37.295272","train",36,0.36368104815483093,0.0009804164891780048,"","","","","","","","","","","",""
12020,"2026-08-05 17:12:38.110481","train",36,0.4701501727104187,0.0009800389692933376,"","","","","","","","","","","",""
12040,"2026-08-05 17:12:38.891327","train",36,0.2375027984380722,0.000979657919348662,"","","","","","","","","","","",""
12060,"2026-08-05 17:12:39.841373","train",36,0.9562515616416931,0.000979273342146114,"","","","","","","","","","","",""
12080,"2026-08-05 17:12:40.698964","train",36,1.4842164516448975,0.0009788852405137694,"","","","","","","","","","","",""
12100,"2026-08-05 17:12:41.466029","train",36,0.439610093832016,0.0009784936173056205,"","","","","","","","","","","",""
12120,"2026-08-05 17:12:42.351673","train",36,0.27143970131874084,0.0009780984754015568,"","","","","","","","","","","",""
12140,"2026-08-05 17:12:43.155732","train",36,0.2977975308895111,0.0009776998177073437,"","","","","","","","","","","",""
12160,"2026-08-05 17:12:44.004357","train",36,1.4296932220458984,0.0009772976471546001,"","","","","","","","","","","",""
12180,"2026-08-05 17:12:44.781813","train",36,0.4696137309074402,0.0009768919667007777,"","","","","","","","","","","",""
12200,"2026-08-05 17:12:45.578904","train",36,0.6973967552185059,0.0009764827793291393,"","","","","","","","","","","",""
12220,"2026-08-05 17:12:46.405610","train",36,0.2888084053993225,0.0009760700880487366,"","","","","","","","","","","",""
12240,"2026-08-05 17:12:47.207569","train",36,0.2973962426185608,0.0009756538958943874,"","","","","","","","","","","",""
12247,"2026-08-05 17:13:03.329646","val",36,"","",0.8253847440615592,0.3111975373039299,0.7023426734037667,0.7499109501882085,0.8156297420333839,0.3450134770889488,0.7788461538461539,0.5555555555555556,0.8074534161490683,0.6534653465346535,0.8375182856022562,0.7423501467095152
12260,"2026-08-05 17:13:14.338016","train",37,0.6886311173439026,0.0009752342059266548,"","","","","","","","","","","",""
12280,"2026-08-05 17:13:15.142725","train",37,0.5569354295730591,0.0009748110212318236,"","","","","","","","","","","",""
12300,"2026-08-05 17:13:16.060540","train",37,0.2995763421058655,0.0009743843449218776,"","","","","","","","","","","",""
12320,"2026-08-05 17:13:16.974870","train",37,0.7306350469589233,0.0009739541801344773,"","","","","","","","","","","",""
12340,"2026-08-05 17:13:17.824306","train",37,0.8447052836418152,0.0009735205300329363,"","","","","","","","","","","",""
12360,"2026-08-05 17:13:18.697619","train",37,1.3147804737091064,0.0009730833978061985,"","","","","","","","","","","",""
12380,"2026-08-05 17:13:19.617779","train",37,0.5225282311439514,0.000972642786668814,"","","","","","","","","","","",""
12400,"2026-08-05 17:13:20.552370","train",37,1.6363525390625,0.0009721986998609161,"","","","","","","","","","","",""
12420,"2026-08-05 17:13:21.494513","train",37,0.4868413209915161,0.0009717511406481974,"","","","","","","","","","","",""
12440,"2026-08-05 17:13:22.328666","train",37,0.44994550943374634,0.0009713001123218853,"","","","","","","","","","","",""
12460,"2026-08-05 17:13:23.140628","train",37,1.2527251243591309,0.000970845618198718,"","","","","","","","","","","",""
12480,"2026-08-05 17:13:23.940295","train",37,1.2586143016815186,0.0009703876616209208,"","","","","","","","","","","",""
12500,"2026-08-05 17:13:24.797814","train",37,1.2642228603363037,0.0009699262459561803,"","","","","","","","","","","",""
12520,"2026-08-05 17:13:25.589477","train",37,0.7631763815879822,0.0009694613745976206,"","","","","","","","","","","",""
12540,"2026-08-05 17:13:26.435890","train",37,0.2779402732849121,0.0009689930509637781,"","","","","","","","","","","",""
12560,"2026-08-05 17:13:27.282726","train",37,0.38929808139801025,0.000968521278498576,"","","","","","","","","","","",""
12578,"2026-08-05 17:13:43.646702","val",37,"","",0.834994981599197,0.3244410115305863,0.735415709692237,0.7795707569570731,0.7647951441578149,0.3141592920353982,0.7860576923076923,0.6111111111111112,0.8161950770646422,0.6594059405940594,0.8443499374142274,0.7848260444320246
12580,"2026-08-05 17:13:54.419403","train",38,1.6670526266098022,0.0009680460606712997,"","","","","","","","","","","",""
12600,"2026-08-05 17:13:55.202584","train",38,0.453945517539978,0.0009675674009765701,"","","","","","","","","","","",""
12620,"2026-08-05 17:13:56.129656","train",38,0.47782957553863525,0.0009670853029343196,"","","","","","","","","","","",""
12640,"2026-08-05 17:13:57.142476","train",38,0.9146590232849121,0.0009665997700897644,"","","","","","","","","","","",""
12660,"2026-08-05 17:13:57.983198","train",38,0.393650621175766,0.0009661108060133798,"","","","","","","","","","","",""
12680,"2026-08-05 17:13:58.799372","train",38,1.1033351421356201,0.0009656184143008733,"","","","","","","","","","","",""
12700,"2026-08-05 17:13:59.610209","train",38,0.2924385666847229,0.0009651225985731584,"","","","","","","","","","","",""
12720,"2026-08-05 17:14:00.438548","train",38,0.3121388554573059,0.0009646233624763276,"","","","","","","","","","","",""
12740,"2026-08-05 17:14:01.335820","train",38,2.4890265464782715,0.000964120709681626,"","","","","","","","","","","",""
12760,"2026-08-05 17:14:02.185413","train",38,0.8382492065429688,0.0009636146438854244,"","","","","","","","","","","",""
12780,"2026-08-05 17:14:03.062337","train",38,0.9113507270812988,0.0009631051688091915,"","","","","","","","","","","",""
12800,"2026-08-05 17:14:03.841846","train",38,1.9008396863937378,0.0009625922881994671,"","","","","","","","","","","",""
12820,"2026-08-05 17:14:04.668499","train",38,0.47039568424224854,0.0009620760058278342,"","","","","","","","","","","",""
12840,"2026-08-05 17:14:05.536099","train",38,1.2763826847076416,0.0009615563254908915,"","","","","","","","","","","",""
12860,"2026-08-05 17:14:06.407544","train",38,0.23870983719825745,0.0009610332510102259,"","","","","","","","","","","",""
12880,"2026-08-05 17:14:07.228060","train",38,0.4437808394432068,0.0009605067862323829,"","","","","","","","","","","",""
12900,"2026-08-05 17:14:08.097836","train",38,0.6447556018829346,0.0009599769350288401,"","","","","","","","","","","",""
12909,"2026-08-05 17:14:24.381842","val",38,"","",0.8277517564402811,0.33058557018705836,0.7199510029092022,0.7591652094076258,0.8619119878603946,0.34532374100719426,0.7716346153846154,0.48148148148148145,0.82010582010582,0.6871287128712872,0.8368698065119365,0.755484141400028
12920,"2026-08-05 17:14:35.348811","train",39,1.769002914428711,0.0009594437012959778,"","","","","","","","","","","",""
12940,"2026-08-05 17:14:36.237841","train",39,0.9064505696296692,0.0009589070889550502,"","","","","","","","","","","",""
12960,"2026-08-05 17:14:37.119327","train",39,0.31403306126594543,0.000958367101952157,"","","","","","","","","","","",""
12980,"2026-08-05 17:14:37.907117","train",39,0.4373053312301636,0.0009578237442582146,"","","","","","","","","","","",""
13000,"2026-08-05 17:14:38.715503","train",39,1.9120800495147705,0.000957277019868926,"","","","","","","","","","","",""
13020,"2026-08-05 17:14:39.564654","train",39,1.27577805519104,0.0009567269328047523,"","","","","","","","","","","",""
13040,"2026-08-05 17:14:40.458965","train",39,0.4865230619907379,0.0009561734871108825,"","","","","","","","","","","",""
13060,"2026-08-05 17:14:41.306161","train",39,0.4540661871433258,0.0009556166868572042,"","","","","","","","","","","",""
13080,"2026-08-05 17:14:42.158707","train",39,1.0746209621429443,0.0009550565361382738,"","","","","","","","","","","",""
13100,"2026-08-05 17:14:42.995110","train",39,0.2800486087799072,0.0009544930390732855,"","","","","","","","","","","",""
13120,"2026-08-05 17:14:43.843138","train",39,1.0697040557861328,0.0009539261998060421,"","","","","","","","","","","",""
13140,"2026-08-05 17:14:44.663960","train",39,0.3256532847881317,0.0009533560225049236,"","","","","","","","","","","",""
13160,"2026-08-05 17:14:45.462804","train",39,0.4839770495891571,0.0009527825113628578,"","","","","","","","","","","",""
13180,"2026-08-05 17:14:46.331918","train",39,0.2867348790168762,0.0009522056705972876,"","","","","","","","","","","",""
13200,"2026-08-05 17:14:47.155971","train",39,0.994554340839386,0.0009516255044501416,"","","","","","","","","","","",""
13220,"2026-08-05 17:14:48.068502","train",39,0.9034316539764404,0.0009510420171878024,"","","","","","","","","","","",""
13240,"2026-08-05 17:14:49.120934","train",39,0.2288450002670288,0.0009504552131010752,"","","","","","","","","","","",""
13240,"2026-08-05 17:15:05.324210","val",39,"","",0.8291234526597524,0.3264990353769341,0.7142857142857143,0.7696270957875202,0.7185128983308042,0.29063097514340347,0.7764423076923077,0.5555555555555556,0.7927306188175753,0.6217821782178218,0.8421330437798791,0.7627497554841414
13260,"2026-08-05 17:15:16.861959","train",40,0.8809440732002258,0.0009498650965051557,"","","","","","","","","","","",""
13280,"2026-08-05 17:15:17.840399","train",40,0.29802095890045166,0.0009492716717395995,"","","","","","","","","","","",""
13300,"2026-08-05 17:15:18.710964","train",40,0.5541256666183472,0.0009486749431682892,"","","","","","","","","","","",""
13320,"2026-08-05 17:15:19.606432","train",40,0.6182301044464111,0.0009480749151794029,"","","","","","","","","","","",""
13340,"2026-08-05 17:15:20.464135","train",40,0.43129950761795044,0.0009474715921853814,"","","","","","","","","","","",""
13360,"2026-08-05 17:15:21.393437","train",40,1.1960399150848389,0.0009468649786228965,"","","","","","","","","","","",""
13380,"2026-08-05 17:15:22.264007","train",40,0.5593248605728149,0.0009462550789528177,"","","","","","","","","","","",""
13400,"2026-08-05 17:15:23.125238","train",40,0.36977413296699524,0.0009456418976601794,"","","","","","","","","","","",""
13420,"2026-08-05 17:15:23.959549","train",40,0.3604602813720703,0.0009450254392541485,"","","","","","","","","","","",""
13440,"2026-08-05 17:15:24.852804","train",40,0.8598446846008301,0.0009444057082679911,"","","","","","","","","","","",""
13460,"2026-08-05 17:15:25.742865","train",40,1.3981763124465942,0.0009437827092590381,"","","","","","","","","","","",""
13480,"2026-08-05 17:15:26.743412","train",40,0.3892844021320343,0.0009431564468086533,"","","","","","","","","","","",""
13500,"2026-08-05 17:15:27.609831","train",40,0.5272189378738403,0.0009425269255221989,"","","","","","","","","","","",""
13520,"2026-08-05 17:15:28.549733","train",40,1.0721211433410645,0.0009418941500290012,"","","","","","","","","","","",""
13540,"2026-08-05 17:15:29.504676","train",40,0.5629475712776184,0.0009412581249823178,"","","","","","","","","","","",""
13560,"2026-08-05 17:15:30.431482","train",40,0.23118597269058228,0.0009406188550593017,"","","","","","","","","","","",""
13571,"2026-08-05 17:15:47.014731","val",40,"","",0.8255018400802945,0.31106109744298127,0.7095391211146839,0.770084657521636,0.7594840667678301,0.30022075055187636,0.7932692307692308,0.6296296296296297,0.7586841499884978,0.5683168316831683,0.8438522674146798,0.7758837501746542
13580,"2026-08-05 17:15:58.152434","train",41,0.30047693848609924,0.0009399763449609687,"","","","","","","","","","","",""
13600,"2026-08-05 17:15:58.973682","train",41,0.8636054992675781,0.0009393305994121612,"","","","","","","","","","","",""
13620,"2026-08-05 17:15:59.859205","train",41,1.116654872894287,0.0009386816231615149,"","","","","","","","","","","",""
13640,"2026-08-05 17:16:00.926672","train",41,0.3801369071006775,0.0009380294209814227,"","","","","","","","","","","",""
13660,"2026-08-05 17:16:01.815782","train",41,0.9369568824768066,0.0009373739976680003,"","","","","","","","","","","",""
13680,"2026-08-05 17:16:02.739448","train",41,0.6513988971710205,0.0009367153580410509,"","","","","","","","","","","",""
13700,"2026-08-05 17:16:03.601262","train",41,0.8042885065078735,0.0009360535069440291,"","","","","","","","","","","",""
13720,"2026-08-05 17:16:04.473724","train",41,0.21979694068431854,0.0009353884492440061,"","","","","","","","","","","",""
13740,"2026-08-05 17:16:05.304388","train",41,0.5136930346488953,0.0009347201898316339,"","","","","","","","","","","",""
13760,"2026-08-05 17:16:06.185661","train",41,1.2339603900909424,0.0009340487336211081,"","","","","","","","","","","",""
13780,"2026-08-05 17:16:07.050855","train",41,0.7507566213607788,0.0009333740855501337,"","","","","","","","","","","",""
13800,"2026-08-05 17:16:07.895875","train",41,0.4855206310749054,0.0009326962505798869,"","","","","","","","","","","",""
13820,"2026-08-05 17:16:08.795927","train",41,1.5315170288085938,0.0009320152336949803,"","","","","","","","","","","",""
13840,"2026-08-05 17:16:09.599639","train",41,0.5335853099822998,0.0009313310399034245,"","","","","","","","","","","",""
13860,"2026-08-05 17:16:10.582280","train",41,0.3492182493209839,0.0009306436742365932,"","","","","","","","","","","",""
13880,"2026-08-05 17:16:11.732903","train",41,0.4475814700126648,0.0009299531417491844,"","","","","","","","","","","",""
13900,"2026-08-05 17:16:12.685942","train",41,0.3139803409576416,0.0009292594475191842,"","","","","","","","","","","",""
13902,"2026-08-05 17:16:28.884598","val",41,"","",0.8158163265306122,0.3114718144603841,0.6961414790996785,0.74649816563432,0.644916540212443,0.25949367088607594,0.7836538461538463,0.6111111111111112,0.7782378651943869,0.6613861386138614,0.8329487701518647,0.7364817661031158
13920,"2026-08-05 17:16:40.569749","train",42,0.45152097940444946,0.0009285625966478298,"","","","","","","","","","","",""
13940,"2026-08-05 17:16:41.512337","train",42,0.3096563220024109,0.000927862594259571,"","","","","","","","","","","",""
13960,"2026-08-05 17:16:42.454568","train",42,2.928164482116699,0.0009271594455020328,"","","","","","","","","","","",""
13980,"2026-08-05 17:16:43.438770","train",42,0.3154628872871399,0.0009264531555459782,"","","","","","","","","","","",""
14000,"2026-08-05 17:16:44.306679","train",42,0.3726624846458435,0.0009257437295852696,"","","","","","","","","","","",""
14020,"2026-08-05 17:16:45.181796","train",42,0.6366322636604309,0.0009250311728368303,"","","","","","","","","","","",""
14040,"2026-08-05 17:16:46.003013","train",42,0.6717995405197144,0.0009243154905406074,"","","","","","","","","","","",""
14060,"2026-08-05 17:16:46.848829","train",42,0.3379630446434021,0.0009235966879595315,"","","","","","","","","","","",""
14080,"2026-08-05 17:16:47.703362","train",42,0.2877819538116455,0.0009228747703794797,"","","","","","","","","","","",""
14100,"2026-08-05 17:16:48.512038","train",42,0.4145117700099945,0.0009221497431092351,"","","","","","","","","","","",""
14120,"2026-08-05 17:16:49.464231","train",42,0.5259114503860474,0.0009214216114804494,"","","","","","","","","","","",""
14140,"2026-08-05 17:16:50.424330","train",42,0.7800436019897461,0.0009206903808476026,"","","","","","","","","","","",""
14160,"2026-08-05 17:16:51.343020","train",42,1.519147515296936,0.0009199560565879638,"","","","","","","","","","","",""
14180,"2026-08-05 17:16:52.311634","train",42,0.8198187351226807,0.0009192186441015519,"","","","","","","","","","","",""
14200,"2026-08-05 17:16:53.224694","train",42,0.34679514169692993,0.0009184781488110958,"","","","","","","","","","","",""
14220,"2026-08-05 17:16:54.036295","train",42,0.40471935272216797,0.0009177345761619945,"","","","","","","","","","","",""
14233,"2026-08-05 17:17:11.077890","val",42,"","",0.8089076614252259,0.31187400733020204,0.6882560097994181,0.7382926533040961,0.8338391502276176,0.3177570093457944,0.7283653846153846,0.5370370370370371,0.7586841499884978,0.6178217821782178,0.8283943356105506,0.7341064691910019
14240,"2026-08-05 17:17:22.384531","train",43,0.2628699541091919,0.0009169879316222769,"","","","","","","","","","","",""
14260,"2026-08-05 17:17:23.311371","train",43,0.7425001263618469,0.0009162382206825618,"","","","","","","","","","","",""
14280,"2026-08-05 17:17:24.160031","train",43,0.2687298059463501,0.0009154854488560177,"","","","","","","","","","","",""
14300,"2026-08-05 17:17:25.080858","train",43,0.3832288384437561,0.0009147296216783218,"","","","","","","","","","","",""
14320,"2026-08-05 17:17:25.973013","train",43,0.7657387852668762,0.0009139707447076194,"","","","","","","","","","","",""
14340,"2026-08-05 17:17:26.788021","train",43,1.344504475593567,0.0009132088235244833,"","","","","","","","","","","",""
14360,"2026-08-05 17:17:27.595271","train",43,0.5503780245780945,0.0009124438637318727,"","","","","","","","","","","",""
14380,"2026-08-05 17:17:28.441799","train",43,0.2925083041191101,0.0009116758709550918,"","","","","","","","","","","",""
14400,"2026-08-05 17:17:29.288340","train",43,0.8040395975112915,0.0009109048508417484,"","","","","","","","","","","",""
14420,"2026-08-05 17:17:30.144775","train",43,1.0396229028701782,0.0009101308090617127,"","","","","","","","","","","",""
14440,"2026-08-05 17:17:31.043926","train",43,1.529104471206665,0.0009093537513070753,"","","","","","","","","","","",""
14460,"2026-08-05 17:17:31.872229","train",43,0.7376596927642822,0.0009085736832921053,"","","","","","","","","","","",""
14480,"2026-08-05 17:17:32.725903","train",43,0.9528827667236328,0.0009077906107532089,"","","","","","","","","","","",""
14500,"2026-08-05 17:17:33.520646","train",43,0.311493456363678,0.0009070045394488863,"","","","","","","","","","","",""
14520,"2026-08-05 17:17:34.330095","train",43,1.228800892829895,0.00090621547515969,"","","","","","","","","","","",""
14540,"2026-08-05 17:17:35.197899","train",43,1.4743317365646362,0.0009054234236881818,"","","","","","","","","","","",""
14560,"2026-08-05 17:17:35.981846","train",43,0.6703717112541199,0.000904628390858891,"","","","","","","","","","","",""
14564,"2026-08-05 17:17:51.689436","val",43,"","",0.8280026764804284,0.32257180686722486,0.7231664369928036,0.770268514442341,0.6911987860394537,0.27964601769911507,0.7860576923076923,0.6296296296296297,0.7867494824016563,0.6415841584158416,0.843791943778371,0.7693167528293978
14580,"2026-08-05 17:18:02.841760","train",44,0.7022848725318909,0.0009038303825182704,"","","","","","","","","","","",""
14600,"2026-08-05 17:18:03.645272","train",44,0.9347436428070068,0.0009030294045346542,"","","","","","","","","","","",""
14620,"2026-08-05 17:18:04.448718","train",44,0.4229007661342621,0.0009022254627982146,"","","","","","","","","","","",""
14640,"2026-08-05 17:18:05.256483","train",44,0.6181226968765259,0.0009014185632209181,"","","","","","","","","","","",""
14660,"2026-08-05 17:18:06.204099","train",44,0.9571930170059204,0.0009006087117364825,"","","","","","","","","","","",""
14680,"2026-08-05 17:18:07.176603","train",44,0.601048469543457,0.0008997959143003334,"","","","","","","","","","","",""
14700,"2026-08-05 17:18:08.039921","train",44,0.5971963405609131,0.0008989801768895595,"","","","","","","","","","","",""
14720,"2026-08-05 17:18:08.906714","train",44,1.6980044841766357,0.0008981615055028701,"","","","","","","","","","","",""
14740,"2026-08-05 17:18:09.825032","train",44,1.7835907936096191,0.0008973399061605493,"","","","","","","","","","","",""
14760,"2026-08-05 17:18:10.644648","train",44,0.6750209331512451,0.0008965153849044133,"","","","","","","","","","","",""
14780,"2026-08-05 17:18:11.475084","train",44,0.23881706595420837,0.0008956879477977646,"","","","","","","","","","","",""
14800,"2026-08-05 17:18:12.241643","train",44,1.0400182008743286,0.0008948576009253486,"","","","","","","","","","","",""
14820,"2026-08-05 17:18:13.059705","train",44,1.2783417701721191,0.000894024350393308,"","","","","","","","","","","",""
14840,"2026-08-05 17:18:13.853700","train",44,0.34220823645591736,0.0008931882023291385,"","","","","","","","","","","",""
14860,"2026-08-05 17:18:14.707380","train",44,2.3528389930725098,0.0008923491628816432,"","","","","","","","","","","",""
14880,"2026-08-05 17:18:15.546096","train",44,0.31251078844070435,0.0008915072382208876,"","","","","","","","","","","",""
14895,"2026-08-05 17:18:32.123984","val",44,"","",0.8188608230177317,0.28777562714019045,0.6962180370540499,0.7529367055531105,0.84597875569044,0.3514376996805112,0.7283653846153847,0.48148148148148145,0.783068783068783,0.6316831683168317,0.8366134310576242,0.7413720832751153
14900,"2026-08-05 17:18:42.807965","train",45,0.6062697172164917,0.0008906624345381544,"","","","","","","","","","","",""
14920,"2026-08-05 17:18:43.664374","train",45,1.176194429397583,0.0008898147580458979,"","","","","","","","","","","",""
14940,"2026-08-05 17:18:44.494268","train",45,1.2287960052490234,0.0008889642149776983,"","","","","","","","","","","",""
14960,"2026-08-05 17:18:45.404498","train",45,0.43387943506240845,0.0008881108115882154,"","","","","","","","","","","",""
14980,"2026-08-05 17:18:46.201070","train",45,0.8808269500732422,0.0008872545541531435,"","","","","","","","","","","",""
15000,"2026-08-05 17:18:47.135368","train",45,0.3039797842502594,0.0008863954489691645,"","","","","","","","","","","",""
15020,"2026-08-05 17:18:47.923993","train",45,0.2820817530155182,0.0008855335023539018,"","","","","","","","","","","",""
15040,"2026-08-05 17:18:48.729609","train",45,0.30713802576065063,0.0008846687206458744,"","","","","","","","","","","",""
15060,"2026-08-05 17:18:49.536110","train",45,0.804466962814331,0.000883801110204449,"","","","","","","","","","","",""
15080,"2026-08-05 17:18:50.410721","train",45,0.23406760394573212,0.0008829306774097949,"","","","","","","","","","","",""
15100,"2026-08-05 17:18:51.229454","train",45,0.7902810573577881,0.0008820574286628353,"","","","","","","","","","","",""
15120,"2026-08-05 17:18:52.047483","train",45,0.6330515742301941,0.000881181370385202,"","","","","","","","","","","",""
15140,"2026-08-05 17:18:52.889694","train",45,1.4583029747009277,0.0008803025090191867,"","","","","","","","","","","",""
15160,"2026-08-05 17:18:53.769677","train",45,1.0105584859848022,0.0008794208510276945,"","","","","","","","","","","",""
15180,"2026-08-05 17:18:54.670453","train",45,0.4985741078853607,0.0008785364028941962,"","","","","","","","","","","",""
15200,"2026-08-05 17:18:55.521399","train",45,1.2708885669708252,0.0008776491711226802,"","","","","","","","","","","",""
15220,"2026-08-05 17:18:56.310853","train",45,0.5915424227714539,0.0008767591622376055,"","","","","","","","","","","",""
15226,"2026-08-05 17:19:12.253388","val",45,"","",0.8192873870859819,0.2804652823632979,0.6919307916092482,0.7518501460524948,0.6676783004552352,0.27,0.7283653846153846,0.4074074074074074,0.8007821486082356,0.6237623762376238,0.8309580901536744,0.7500349308369428
15240,"2026-08-05 17:19:23.275397","train",46,0.521680474281311,0.0008758663827838528,"","","","","","","","","","","",""
15260,"2026-08-05 17:19:24.093831","train",46,1.1130197048187256,0.000874970839326677,"","","","","","","","","","","",""
15280,"2026-08-05 17:19:24.974442","train",46,0.2139473706483841,0.0008740725384516586,"","","","","","","","","","","",""
15300,"2026-08-05 17:19:25.828369","train",46,0.30486422777175903,0.0008731714867646554,"","","","","","","","","","","",""
15320,"2026-08-05 17:19:26.698226","train",46,0.4100586771965027,0.0008722676908917545,"","","","","","","","","","","",""
15340,"2026-08-05 17:19:27.639729","train",46,0.2676011621952057,0.0008713611574792219,"","","","","","","","","","","",""
15360,"2026-08-05 17:19:28.448937","train",46,0.9530743360519409,0.0008704518931934557,"","","","","","","","","","","",""
15380,"2026-08-05 17:19:29.367016","train",46,0.3762921690940857,0.0008695399047209353,"","","","","","","","","","","",""
15400,"2026-08-05 17:19:30.171197","train",46,1.1582328081130981,0.0008686251987681736,"","","","","","","","","","","",""
15420,"2026-08-05 17:19:30.986561","train",46,0.3097738027572632,0.0008677077820616671,"","","","","","","","","","","",""
15440,"2026-08-05 17:19:31.778433","train",46,0.35380086302757263,0.000866787661347846,"","","","","","","","","","","",""
15460,"2026-08-05 17:19:32.605505","train",46,0.3604436218738556,0.0008658648433930254,"","","","","","","","","","","",""
15480,"2026-08-05 17:19:33.411517","train",46,0.6167623400688171,0.000864939334983355,"","","","","","","","","","","",""
15500,"2026-08-05 17:19:34.224749","train",46,0.3115272521972656,0.0008640111429247693,"","","","","","","","","","","",""
15520,"2026-08-05 17:19:35.141457","train",46,0.6146566867828369,0.000863080274042938,"","","","","","","","","","","",""
15540,"2026-08-05 17:19:35.968853","train",46,0.6343357563018799,0.0008621467351832148,"","","","","","","","","","","",""
15557,"2026-08-05 17:19:52.387025","val",46,"","",0.8204416192706591,0.3267234021930998,0.7098453529321697,0.7525584138342529,0.7807283763277694,0.31678486997635935,0.7716346153846154,0.6111111111111112,0.7685760294455947,0.6475247524752475,0.8418917492346438,0.7614922453541987
15560,"2026-08-05 17:20:02.902335","train",47,0.5602771043777466,0.0008612105332105884,"","","","","","","","","","","",""
15580,"2026-08-05 17:20:03.800300","train",47,0.34386366605758667,0.0008602716750096306,"","","","","","","","","","","",""
15600,"2026-08-05 17:20:04.630322","train",47,0.2610560953617096,0.000859330167484447,"","","","","","","","","","","",""
15620,"2026-08-05 17:20:05.464737","train",47,0.2473330944776535,0.0008583860175586252,"","","","","","","","","","","",""
15640,"2026-08-05 17:20:06.299597","train",47,0.6122010350227356,0.0008574392321751844,"","","","","","","","","","","",""
15660,"2026-08-05 17:20:07.125635","train",47,0.5833345055580139,0.0008564898182965242,"","","","","","","","","","","",""
15680,"2026-08-05 17:20:07.905648","train",47,0.7615084648132324,0.0008555377829043735,"","","","","","","","","","","",""
15700,"2026-08-05 17:20:08.813641","train",47,0.5601961612701416,0.0008545831329997391,"","","","","","","","","","","",""
15720,"2026-08-05 17:20:09.656946","train",47,0.29491573572158813,0.0008536258756028539,"","","","","","","","","","","",""
15740,"2026-08-05 17:20:10.533956","train",47,2.0116748809814453,0.0008526660177531263,"","","","","","","","","","","",""
15760,"2026-08-05 17:20:11.358020","train",47,0.9511086940765381,0.0008517035665090868,"","","","","","","","","","","",""
15780,"2026-08-05 17:20:12.162914","train",47,0.27950215339660645,0.0008507385289483379,"","","","","","","","","","","",""
15800,"2026-08-05 17:20:13.038677","train",47,1.1638753414154053,0.0008497709121675004,"","","","","","","","","","","",""
15820,"2026-08-05 17:20:13.911737","train",47,0.7587218880653381,0.0008488007232821625,"","","","","","","","","","","",""
15840,"2026-08-05 17:20:14.705917","train",47,0.8054598569869995,0.0008478279694268266,"","","","","","","","","","","",""
15860,"2026-08-05 17:20:15.512108","train",47,0.2881282866001129,0.0008468526577548574,"","","","","","","","","","","",""
15880,"2026-08-05 17:20:16.329445","train",47,0.3563297688961029,0.0008458747954384291,"","","","","","","","","","","",""
15888,"2026-08-05 17:20:32.317936","val",47,"","",0.8113332218133155,0.3258955089221424,0.6907058643393048,0.7270691129715704,0.7830045523520486,0.33488372093023255,0.7548076923076923,0.5185185185185185,0.8028525419829767,0.6811881188118812,0.823885143796468,0.7257230683247171
15900,"2026-08-05 17:20:43.231557","train",48,0.2480459362268448,0.0008448943896684724,"","","","","","","","","","","",""
15920,"2026-08-05 17:20:44.044318","train",48,0.737977147102356,0.0008439114476546222,"","","","","","","","","","","",""
15940,"2026-08-05 17:20:44.885257","train",48,0.40761175751686096,0.0008429259766251639,"","","","","","","","","","","",""
15960,"2026-08-05 17:20:45.781649","train",48,0.26672205328941345,0.000841937983826981,"","","","","","","","","","","",""
15980,"2026-08-05 17:20:46.587014","train",48,0.2532193660736084,0.0008409474765255008,"","","","","","","","","","","",""
16000,"2026-08-05 17:20:47.429502","train",48,0.5982376337051392,0.0008399544620046423,"","","","","","","","","","","",""
16020,"2026-08-05 17:20:48.279373","train",48,0.426089882850647,0.0008389589475667611,"","","","","","","","","","","",""
16040,"2026-08-05 17:20:49.186269","train",48,0.2503421902656555,0.0008379609405325971,"","","","","","","","","","","",""
16060,"2026-08-05 17:20:50.095112","train",48,0.40985387563705444,0.00083696044824122,"","","","","","","","","","","",""
16080,"2026-08-05 17:20:50.957813","train",48,0.8378716111183167,0.0008359574780499751,"","","","","","","","","","","",""
16100,"2026-08-05 17:20:51.794777","train",48,0.3886142075061798,0.0008349520373344297,"","","","","","","","","","","",""
16120,"2026-08-05 17:20:52.867975","train",48,0.9555107951164246,0.0008339441334883187,"","","","","","","","","","","",""
16140,"2026-08-05 17:20:53.934387","train",48,0.30455970764160156,0.0008329337739234903,"","","","","","","","","","","",""
16160,"2026-08-05 17:20:54.991882","train",48,1.5310628414154053,0.0008319209660698507,"","","","","","","","","","","",""
16180,"2026-08-05 17:20:55.836437","train",48,0.2396419644355774,0.0008309057173753112,"","","","","","","","","","","",""
16200,"2026-08-05 17:20:56.763289","train",48,0.25251680612564087,0.0008298880353057314,"","","","","","","","","","","",""
16219,"2026-08-05 17:21:14.390794","val",48,"","",0.8212947474071595,0.3491213231703983,0.7015005359056806,0.741265714922394,0.5811836115326252,0.23333333333333334,0.8100961538461537,0.6296296296296297,0.7821486082355646,0.6198019801980198,0.8353013919679079,0.7500349308369428
16220,"2026-08-05 17:21:25.504541","train",49,0.5640828609466553,0.0008288679273448659,"","","","","","","","","","","",""
16240,"2026-08-05 17:21:26.502902","train",49,1.2565261125564575,0.0008278454009943083,"","","","","","","","","","","",""
16260,"2026-08-05 17:21:27.316873","train",49,0.26265770196914673,0.0008268204637734367,"","","","","","","","","","","",""
16280,"2026-08-05 17:21:28.339796","train",49,0.38323459029197693,0.0008257931232193575,"","","","","","","","","","","",""
16300,"2026-08-05 17:21:29.262319","train",49,1.5349719524383545,0.0008247633868868513,"","","","","","","","","","","",""
16320,"2026-08-05 17:21:30.110339","train",49,0.6130737066268921,0.0008237312623483162,"","","","","","","","","","","",""
16340,"2026-08-05 17:21:30.897525","train",49,0.6186131238937378,0.0008226967571937124,"","","","","","","","","","","",""
16360,"2026-08-05 17:21:31.745741","train",49,0.6555455327033997,0.0008216598790305066,"","","","","","","","","","","",""
16380,"2026-08-05 17:21:32.594494","train",49,1.6954944133758545,0.0008206206354836161,"","","","","","","","","","","",""
16400,"2026-08-05 17:21:33.452650","train",49,0.4025315046310425,0.0008195790341953524,"","","","","","","","","","","",""
16420,"2026-08-05 17:21:34.292304","train",49,1.3048851490020752,0.0008185350828253654,"","","","","","","","","","","",""
16440,"2026-08-05 17:21:35.088745","train",49,0.21453270316123962,0.0008174887890505864,"","","","","","","","","","","",""
16460,"2026-08-05 17:21:35.929772","train",49,0.20837005972862244,0.0008164401605651729,"","","","","","","","","","","",""
16480,"2026-08-05 17:21:36.742528","train",49,0.7125083208084106,0.0008153892050804501,"","","","","","","","","","","",""
16500,"2026-08-05 17:21:37.663570","train",49,0.386218786239624,0.0008143359303248564,"","","","","","","","","","","",""
16520,"2026-08-05 17:21:38.499242","train",49,0.4503018856048584,0.000813280344043885,"","","","","","","","","","","",""
16540,"2026-08-05 17:21:39.292945","train",49,0.3254967927932739,0.0008122224540000272,"","","","","","","","","","","",""
16550,"2026-08-05 17:21:55.369103","val",49,"","",0.8167614586818334,0.3141832655048559,0.6946103200122493,0.7469148772200905,0.7253414264036419,0.2901960784313726,0.7548076923076923,0.5,0.7600644122383253,0.592079207920792,0.8379707128745721,0.7498952074891715
16560,"2026-08-05 17:22:06.110988","train",50,0.5884190201759338,0.000811162267972716,"","","","","","","","","","","",""
16580,"2026-08-05 17:22:06.960833","train",50,0.2579304277896881,0.0008100997937582681,"","","","","","","","","","","",""
16600,"2026-08-05 17:22:07.827970","train",50,0.31847482919692993,0.000809035039169827,"","","","","","","","","","","",""
16620,"2026-08-05 17:22:08.704677","train",50,0.9803625345230103,0.0008079680120373057,"","","","","","","","","","","",""
16640,"2026-08-05 17:22:09.602678","train",50,0.3183332085609436,0.0008068987202073284,"","","","","","","","","","","",""
16660,"2026-08-05 17:22:10.467966","train",50,0.2614818811416626,0.0008058271715431735,"","","","","","","","","","","",""
16680,"2026-08-05 17:22:11.290041","train",50,0.5891804695129395,0.0008047533739247155,"","","","","","","","","","","",""
16700,"2026-08-05 17:22:12.108072","train",50,0.35743069648742676,0.0008036773352483672,"","","","","","","","","","","",""
16720,"2026-08-05 17:22:13.069196","train",50,0.3239730894565582,0.0008025990634270216,"","","","","","","","","","","",""
16740,"2026-08-05 17:22:13.979837","train",50,0.2719354033470154,0.000801518566389993,"","","","","","","","","","","",""
16760,"2026-08-05 17:22:14.818652","train",50,1.0686357021331787,0.0008004358520829603,"","","","","","","","","","","",""
16780,"2026-08-05 17:22:15.642343","train",50,0.2502250373363495,0.000799350928467907,"","","","","","","","","","","",""
16800,"2026-08-05 17:22:16.501208","train",50,0.7591732740402222,0.0007982638035230631,"","","","","","","","","","","",""
16820,"2026-08-05 17:22:17.353777","train",50,0.3267805576324463,0.0007971744852428471,"","","","","","","","","","","",""
16840,"2026-08-05 17:22:18.323140","train",50,1.224602222442627,0.0007960829816378061,"","","","","","","","","","","",""
16860,"2026-08-05 17:22:19.212515","train",50,0.9297900199890137,0.0007949893007345582,"","","","","","","","","","","",""
16880,"2026-08-05 17:22:19.979443","train",50,0.4458339810371399,0.0007938934505757319,"","","","","","","","","","","",""
16881,"2026-08-05 17:22:35.786586","val",50,"","",0.8242806958849114,0.3453098232299742,0.7165824529168581,0.7615321607685464,0.6600910470409712,0.2679738562091503,0.8028846153846154,0.6296296296296297,0.7839889579020014,0.6475247524752475,0.8411377037807839,0.7637278189185412
16900,"2026-08-05 17:22:47.192512","train",51,1.2453317642211914,0.0007927954392199085,"","","","","","","","","","","",""
16920,"2026-08-05 17:22:48.218845","train",51,0.45324447751045227,0.0007916952747415618,"","","","","","","","","","","",""
16940,"2026-08-05 17:22:49.086001","train",51,0.38840311765670776,0.0007905929652309992,"","","","","","","","","","","",""
16960,"2026-08-05 17:22:50.096549","train",51,0.6050792336463928,0.000789488518794302,"","","","","","","","","","","",""
16980,"2026-08-05 17:22:50.931701","train",51,0.8117285966873169,0.000788381943553266,"","","","","","","","","","","",""
17000,"2026-08-05 17:22:51.748723","train",51,0.24537983536720276,0.0007872732476453414,"","","","","","","","","","","",""
17020,"2026-08-05 17:22:52.599205","train",51,0.38012510538101196,0.0007861624392235736,"","","","","","","","","","","",""
17040,"2026-08-05 17:22:53.416390","train",51,0.8621495962142944,0.0007850495264565424,"","","","","","","","","","","",""
17060,"2026-08-05 17:22:54.265719","train",51,0.5753108263015747,0.0007839345175283027,"","","","","","","","","","","",""
17080,"2026-08-05 17:22:55.063760","train",51,0.3564876317977905,0.0007828174206383235,"","","","","","","","","","","",""
17100,"2026-08-05 17:22:55.906612","train",51,0.5107980966567993,0.000781698244001429,"","","","","","","","","","","",""
17120,"2026-08-05 17:22:56.714426","train",51,0.5070494413375854,0.0007805769958477366,"","","","","","","","","","","",""
17140,"2026-08-05 17:22:57.551467","train",51,0.5275354981422424,0.0007794536844225971,"","","","","","","","","","","",""
17160,"2026-08-05 17:22:58.337148","train",51,0.9222046136856079,0.000778328317986534,"","","","","","","","","","","",""
17180,"2026-08-05 17:22:59.153232","train",51,1.1980228424072266,0.0007772009048151833,"","","","","","","","","","","",""
17200,"2026-08-05 17:23:00.080772","train",51,1.6131805181503296,0.0007760714531992314,"","","","","","","","","","","",""
17212,"2026-08-05 17:23:16.359661","val",51,"","",0.8168367346938776,0.3210575036443644,0.713902924513857,0.75278738396338,0.776176024279211,0.3123543123543124,0.7788461538461539,0.5740740740740741,0.7658155049459396,0.6396039603960396,0.838724758328432,0.7605141819197988
17220,"2026-08-05 17:23:27.159904","train",52,0.3709721565246582,0.0007749399714443556,"","","","","","","","","","","",""
17240,"2026-08-05 17:23:28.024858","train",52,0.3050880432128906,0.000773806467871162,"","","","","","","","","","","",""
17260,"2026-08-05 17:23:28.910313","train",52,0.40165889263153076,0.000772670950815124,"","","","","","","","","","","",""
17280,"2026-08-05 17:23:29.830043","train",52,0.8061291575431824,0.0007715334286265223,"","","","","","","","","","","",""
17300,"2026-08-05 17:23:30.674377","train",52,0.4592531621456146,0.0007703939096703829,"","","","","","","","","","","",""
17320,"2026-08-05 17:23:31.471906","train",52,0.22000077366828918,0.0007692524023264148,"","","","","","","","","","","",""
17340,"2026-08-05 17:23:32.355859","train",52,0.9976768493652344,0.0007681089149889496,"","","","","","","","","","","",""
17360,"2026-08-05 17:23:33.214282","train",52,1.1382070779800415,0.0007669634560668791,"","","","","","","","","","","",""
17380,"2026-08-05 17:23:34.001583","train",52,1.1252171993255615,0.0007658160339835935,"","","","","","","","","","","",""
17400,"2026-08-05 17:23:34.812397","train",52,1.0574110746383667,0.0007646666571769198,"","","","","","","","","","","",""
17420,"2026-08-05 17:23:35.738944","train",52,0.825029730796814,0.0007635153340990588,"","","","","","","","","","","",""
17440,"2026-08-05 17:23:36.497800","train",52,0.29395592212677,0.0007623620732165247,"","","","","","","","","","","",""
17460,"2026-08-05 17:23:37.495554","train",52,0.8111535906791687,0.000761206883010081,"","","","","","","","","","","",""
17480,"2026-08-05 17:23:38.332149","train",52,1.9363725185394287,0.0007600497719746793,"","","","","","","","","","","",""
17500,"2026-08-05 17:23:39.165469","train",52,0.4679381847381592,0.0007588907486193961,"","","","","","","","","","","",""
17520,"2026-08-05 17:23:39.984659","train",52,0.6532988548278809,0.000757729821467371,"","","","","","","","","","","",""
17540,"2026-08-05 17:23:40.855728","train",52,0.7668044567108154,0.000756566999055743,"","","","","","","","","","","",""
17543,"2026-08-05 17:23:58.414396","val",52,"","",0.82096018735363,0.3028300216865139,0.718419843821773,0.7607869905013424,0.720030349013657,0.283495145631068,0.8004807692307692,0.5740740740740741,0.7780078214860824,0.6673267326732674,0.8385588683285828,0.7593963951376275
17560,"2026-08-05 17:24:10.100042","train",53,0.5459562540054321,0.0007554022899355891,"","","","","","","","","","","",""
17580,"2026-08-05 17:24:10.989770","train",53,0.36275362968444824,0.0007542357026718601,"","","","","","","","","","","",""
17600,"2026-08-05 17:24:11.893255","train",53,0.3085387051105499,0.0007530672458433182,"","","","","","","","","","","",""
17620,"2026-08-05 17:24:12.811468","train",53,0.4926098585128784,0.0007518969280424741,"","","","","","","","","","","",""
17640,"2026-08-05 17:24:13.712043","train",53,0.7403332591056824,0.0007507247578755232,"","","","","","","","","","","",""
17660,"2026-08-05 17:24:14.496632","train",53,1.634191632270813,0.0007495507439622829,"","","","","","","","","","","",""
17680,"2026-08-05 17:24:15.362721","train",53,0.8976086974143982,0.0007483748949361294,"","","","","","","","","","","",""
17700,"2026-08-05 17:24:16.229763","train",53,0.6815617084503174,0.0007471972194439332,"","","","","","","","","","","",""
17720,"2026-08-05 17:24:16.992878","train",53,0.2324354648590088,0.0007460177261459963,"","","","","","","","","","","",""
17740,"2026-08-05 17:24:17.891553","train",53,1.2768133878707886,0.0007448364237159886,"","","","","","","","","","","",""
17760,"2026-08-05 17:24:18.722583","train",53,1.144554853439331,0.0007436533208408836,"","","","","","","","","","","",""
17780,"2026-08-05 17:24:19.555108","train",53,0.8508294820785522,0.0007424684262208947,"","","","","","","","","","","",""
17800,"2026-08-05 17:24:20.382101","train",53,0.5623120069503784,0.0007412817485694115,"","","","","","","","","","","",""
17820,"2026-08-05 17:24:21.271707","train",53,0.31115931272506714,0.0007400932966129356,"","","","","","","","","","","",""
17840,"2026-08-05 17:24:22.163008","train",53,1.3367772102355957,0.0007389030790910161,"","","","","","","","","","","",""
17860,"2026-08-05 17:24:22.973401","train",53,0.3421325087547302,0.0007377111047561859,"","","","","","","","","","","",""
17874,"2026-08-05 17:24:39.558024","val",53,"","",0.8127969220475076,0.30722194315903256,0.697060174552136,0.7273664777001708,0.7572078907435509,0.3133047210300429,0.7596153846153846,0.5370370370370371,0.7853692201518289,0.6752475247524753,0.8288618437919438,0.7335475757999161
17880,"2026-08-05 17:24:50.437843","train",54,0.23195427656173706,0.0007365173823738969,"","","","","","","","","","","",""
17900,"2026-08-05 17:24:51.298230","train",54,0.5122395753860474,0.000735321920722455,"","","","","","","","","","","",""
17920,"2026-08-05 17:24:52.107841","train",54,0.3073163330554962,0.0007341247285929574,"","","","","","","","","","","",""
17940,"2026-08-05 17:24:52.954149","train",54,0.9440637230873108,0.0007329258147892259,"","","","","","","","","","","",""
17960,"2026-08-05 17:24:53.774807","train",54,0.5029826164245605,0.0007317251881277433,"","","","","","","","","","","",""
17980,"2026-08-05 17:24:54.552746","train",54,0.7004960179328918,0.0007305228574375883,"","","","","","","","","","","",""
18000,"2026-08-05 17:24:55.430760","train",54,0.9089566469192505,0.0007293188315603708,"","","","","","","","","","","",""
18020,"2026-08-05 17:24:56.295832","train",54,0.538295328617096,0.0007281131193501657,"","","","","","","","","","","",""
18040,"2026-08-05 17:24:57.089860","train",54,1.2715058326721191,0.0007269057296734499,"","","","","","","","","","","",""
18060,"2026-08-05 17:24:58.011399","train",54,0.2461077868938446,0.0007256966714090354,"","","","","","","","","","","",""
18080,"2026-08-05 17:24:58.907612","train",54,0.2574889659881592,0.0007244859534480044,"","","","","","","","","","","",""
18100,"2026-08-05 17:24:59.732418","train",54,1.5507166385650635,0.0007232735846936441,"","","","","","","","","","","",""
18120,"2026-08-05 17:25:00.680093","train",54,1.054394245147705,0.0007220595740613816,"","","","","","","","","","","",""
18140,"2026-08-05 17:25:01.470593","train",54,0.41309982538223267,0.0007208439304787174,"","","","","","","","","","","",""
18160,"2026-08-05 17:25:02.303390","train",54,0.43149900436401367,0.0007196266628851604,"","","","","","","","","","","",""
18180,"2026-08-05 17:25:03.098419","train",54,0.1976107954978943,0.0007184077802321625,"","","","","","","","","","","",""
18200,"2026-08-05 17:25:03.925778","train",54,0.4447948634624481,0.0007171872914830514,"","","","","","","","","","","",""
18205,"2026-08-05 17:25:20.014236","val",54,"","",0.8191451990632318,0.319355203220066,0.7231664369928036,0.7539597883525138,0.7298937784522003,0.2992125984251969,0.8076923076923077,0.6481481481481481,0.7561536691971473,0.6455445544554456,0.8404741437813872,0.7661031158306553
18220,"2026-08-05 17:25:31.106677","train",55,0.29132431745529175,0.0007159652056129665,"","","","","","","","","","","",""
18240,"2026-08-05 17:25:31.942501","train",55,1.0024007558822632,0.0007147415316087914,"","","","","","","","","","","",""
18260,"2026-08-05 17:25:32.797783","train",55,0.2800808548927307,0.0007135162784690886,"","","","","","","","","","","",""
18280,"2026-08-05 17:25:33.634410","train",55,0.3343575596809387,0.0007122894552040331,"","","","","","","","","","","",""
18300,"2026-08-05 17:25:34.468945","train",55,1.5625752210617065,0.0007110610708353462,"","","","","","","","","","","",""
18320,"2026-08-05 17:25:35.291311","train",55,0.34585365653038025,0.0007098311343962291,"","","","","","","","","","","",""
18340,"2026-08-05 17:25:36.183603","train",55,0.24337360262870789,0.0007085996549312967,"","","","","","","","","","","",""
18360,"2026-08-05 17:25:36.994062","train",55,0.558744490146637,0.0007073666414965105,"","","","","","","","","","","",""
18380,"2026-08-05 17:25:37.817447","train",55,0.26317307353019714,0.0007061321031591127,"","","","","","","","","","","",""
18400,"2026-08-05 17:25:38.797688","train",55,0.31230759620666504,0.000704896048997559,"","","","","","","","","","","",""
18420,"2026-08-05 17:25:39.768181","train",55,0.6513118147850037,0.0007036584881014524,"","","","","","","","","","","",""
18440,"2026-08-05 17:25:40.613982","train",55,0.2843114137649536,0.0007024194295714754,"","","","","","","","","","","",""
18460,"2026-08-05 17:25:41.396764","train",55,2.8028931617736816,0.0007011788825193243,"","","","","","","","","","","",""
18480,"2026-08-05 17:25:42.175847","train",55,0.6921579837799072,0.0006999368560676415,"","","","","","","","","","","",""
18500,"2026-08-05 17:25:43.009392","train",55,0.37549006938934326,0.0006986933593499481,"","","","","","","","","","","",""
18520,"2026-08-05 17:25:43.847346","train",55,0.7615111470222473,0.0006974484015105775,"","","","","","","","","","","",""
18536,"2026-08-05 17:26:00.287541","val",55,"","",0.8251170960187354,0.3053468157233996,0.7193385392742306,0.7540883445465808,0.7481031866464339,0.3140495867768595,0.7788461538461539,0.5740740740740741,0.762364849321371,0.6435643564356436,0.8460540801399509,0.7612127986586559
18540,"2026-08-05 17:26:10.948211","train",56,0.5121265649795532,0.0006962019917046078,"","","","","","","","","","","",""
18560,"2026-08-05 17:26:11.844752","train",56,1.2217135429382324,0.000694954139097794,"","","","","","","","","","","",""
18580,"2026-08-05 17:26:12.757010","train",56,0.468790739774704,0.0006937048528665014,"","","","","","","","","","","",""
18600,"2026-08-05 17:26:13.659734","train",56,0.892536461353302,0.000692454142197638,"","","","","","","","","","","",""
18620,"2026-08-05 17:26:14.455562","train",56,0.8278207182884216,0.0006912020162885866,"","","","","","","","","","","",""
18640,"2026-08-05 17:26:15.336531","train",56,0.8997156023979187,0.000689948484347137,"","","","","","","","","","","",""
18660,"2026-08-05 17:26:16.151986","train",56,0.9956989884376526,0.0006886935555914187,"","","","","","","","","","","",""
18680,"2026-08-05 17:26:16.952535","train",56,0.4825461208820343,0.0006874372392498331,"","","","","","","","","","","",""
18700,"2026-08-05 17:26:17.780486","train",56,0.4883936047554016,0.0006861795445609854,"","","","","","","","","","","",""
18720,"2026-08-05 17:26:18.618605","train",56,0.35172367095947266,0.0006849204807736169,"","","","","","","","","","","",""
18740,"2026-08-05 17:26:19.549204","train",56,0.9924978613853455,0.0006836600571465371,"","","","","","","","","","","",""
18760,"2026-08-05 17:26:20.384356","train",56,0.8006339073181152,0.0006823982829485546,"","","","","","","","","","","",""
18780,"2026-08-05 17:26:21.199701","train",56,0.48305490612983704,0.000681135167458411,"","","","","","","","","","","",""
18800,"2026-08-05 17:26:22.062233","train",56,0.4891375005245209,0.00067987071996471,"","","","","","","","","","","",""
18820,"2026-08-05 17:26:22.850279","train",56,0.2107013761997223,0.0006786049497658512,"","","","","","","","","","","",""
18840,"2026-08-05 17:26:23.651981","train",56,0.5363004207611084,0.0006773378661699611,"","","","","","","","","","","",""
18860,"2026-08-05 17:26:24.481259","train",56,1.6460028886795044,0.0006760694784948246,"","","","","","","","","","","",""
18867,"2026-08-05 17:26:40.511591","val",56,"","",0.8275510204081632,0.31657731428605806,0.7335017608329505,0.7842873350988754,0.7541729893778453,0.31063829787234043,0.8173076923076923,0.7037037037037037,0.7665056360708535,0.6534653465346535,0.8464763455941124,0.7746262400447115
18880,"2026-08-05 17:26:51.545643","train",57,0.3625938296318054,0.0006747997960678155,"","","","","","","","","","","",""
18900,"2026-08-05 17:26:52.390490","train",57,0.5074777007102966,0.0006735288282258306,"","","","","","","","","","","",""
18920,"2026-08-05 17:26:53.207562","train",57,0.33637735247612,0.0006722565843152177,"","","","","","","","","","","",""
18940,"2026-08-05 17:26:54.100623","train",57,0.23511376976966858,0.000670983073691709,"","","","","","","","","","","",""
18960,"2026-08-05 17:26:54.886536","train",57,0.25412100553512573,0.0006697083057203521,"","","","","","","","","","","",""
18980,"2026-08-05 17:26:55.698026","train",57,1.309837818145752,0.0006684322897754402,"","","","","","","","","","","",""
19000,"2026-08-05 17:26:56.597227","train",57,1.7913079261779785,0.0006671550352404442,"","","","","","","","","","","",""
19020,"2026-08-05 17:26:57.427031","train",57,0.34722429513931274,0.0006658765515079432,"","","","","","","","","","","",""
19040,"2026-08-05 17:26:58.312776","train",57,0.5236186981201172,0.0006645968479795551,"","","","","","","","","","","",""
19060,"2026-08-05 17:26:59.138094","train",57,0.6185871958732605,0.0006633159340658682,"","","","","","","","","","","",""
19080,"2026-08-05 17:26:59.944688","train",57,0.7282987833023071,0.0006620338191863716,"","","","","","","","","","","",""
19100,"2026-08-05 17:27:00.735103","train",57,0.4899103343486786,0.0006607505127693862,"","","","","","","","","","","",""
19120,"2026-08-05 17:27:01.547229","train",57,1.0504755973815918,0.0006594660242519943,"","","","","","","","","","","",""
19140,"2026-08-05 17:27:02.492278","train",57,1.0266486406326294,0.0006581803630799722,"","","","","","","","","","","",""
19160,"2026-08-05 17:27:03.300136","train",57,1.4227962493896484,0.0006568935387077187,"","","","","","","","","","","",""
19180,"2026-08-05 17:27:04.133770","train",57,0.24485236406326294,0.0006556055605981868,"","","","","","","","","","","",""
19198,"2026-08-05 17:27:20.731940","val",57,"","",0.8202241552358649,0.2964764072168845,0.7109937222477415,0.756488854772518,0.7397572078907435,0.30985915492957744,0.7836538461538463,0.6111111111111112,0.7547734069473199,0.6198019801980198,0.8438824292328342,0.7553444180522565
