"step","time","part","epoch","loss","lr","auroc","auprc","auroc_age_cond","auroc_age_weighted","accuracy","f_measure","auroc_I0002","auroc_age_cond_I0002","auroc_I0006","auroc_age_cond_I0006","auroc_S0001","auroc_age_cond_S0001"
20,"2026-08-05 18:15:10.746664","train",0,1.3314383029937744,4.000961077716325e-05,"","","","","","","","","","","",""
40,"2026-08-05 18:15:11.664977","train",0,0.29595422744750977,4.00384427237903e-05,"","","","","","","","","","","",""
60,"2026-08-05 18:15:12.508309","train",0,1.2977845668792725,4.008649468530861e-05,"","","","","","","","","","","",""
80,"2026-08-05 18:15:13.369246","train",0,1.2977347373962402,4.01537647374818e-05,"","","","","","","","","","","",""
100,"2026-08-05 18:15:14.297355","train",0,0.7879780530929565,4.024025018648739e-05,"","","","","","","","","","","",""
120,"2026-08-05 18:15:15.082501","train",0,0.32758480310440063,4.034594756902347e-05,"","","","","","","","","","","",""
140,"2026-08-05 18:15:15.949409","train",0,0.7734113931655884,4.047085265244867e-05,"","","","","","","","","","","",""
160,"2026-08-05 18:15:16.829146","train",0,1.6637839078903198,4.061496043495044e-05,"","","","","","","","","","","",""
180,"2026-08-05 18:15:17.690228","train",0,0.7599881887435913,4.077826514574693e-05,"","","","","","","","","","","",""
200,"2026-08-05 18:15:18.528126","train",0,1.1914515495300293,4.096076024531585e-05,"","","","","","","","","","","",""
220,"2026-08-05 18:15:19.348268","train",0,0.3791881799697876,4.11624384256587e-05,"","","","","","","","","","","",""
240,"2026-08-05 18:15:20.145538","train",0,0.3855065703392029,4.138329161059199e-05,"","","","","","","","","","","",""
260,"2026-08-05 18:15:21.054935","train",0,0.7417973279953003,4.162331095607075e-05,"","","","","","","","","","","",""
280,"2026-08-05 18:15:21.894464","train",0,0.3978714942932129,4.188248685054331e-05,"","","","","","","","","","","",""
300,"2026-08-05 18:15:22.727932","train",0,0.3955848813056946,4.2160808915335285e-05,"","","","","","","","","","","",""
320,"2026-08-05 18:15:23.580939","train",0,0.7535576820373535,4.245826600506649e-05,"","","","","","","","","","","",""
331,"2026-08-05 18:15:39.936125","val",0,"","",0.662383291296075,0.15532236456487108,0.5809409888357256,0.5297566595940452,0.07110091743119266,0.13276231263383298,0.7264150943396226,0.8518518518518519,0.6792556102900931,0.5655021834061136,0.6558764413413731,0.5699230988322416
340,"2026-08-05 18:15:50.813582","train",1,0.760335385799408,4.277484620809587e-05,"","","","","","","","","","","",""
360,"2026-08-05 18:15:51.692919","train",1,0.4094178080558777,4.311053684699932e-05,"","","","","","","","","","","",""
380,"2026-08-05 18:15:52.515626","train",1,0.40927982330322266,4.3465324479077306e-05,"","","","","","","","","","","",""
400,"2026-08-05 18:15:53.360182","train",1,1.2019813060760498,4.383919489689262e-05,"","","","","","","","","","","",""
420,"2026-08-05 18:15:54.208345","train",1,0.4053666591644287,4.423213312884015e-05,"","","","","","","","","","","",""
440,"2026-08-05 18:15:55.025211","train",1,0.4084054231643677,4.4644123439745663e-05,"","","","","","","","","","","",""
460,"2026-08-05 18:15:55.811546","train",1,0.4246740937232971,4.5075149331496385e-05,"","","","","","","","","","","",""
480,"2026-08-05 18:15:56.587544","train",1,1.1151313781738281,4.55251935437015e-05,"","","","","","","","","","","",""
500,"2026-08-05 18:15:57.420350","train",1,1.8401812314987183,4.599423805438333e-05,"","","","","","","","","","","",""
520,"2026-08-05 18:15:58.194766","train",1,1.5290789604187012,4.648226408069918e-05,"","","","","","","","","","","",""
540,"2026-08-05 18:15:59.062848","train",1,0.7468740940093994,4.698925207969316e-05,"","","","","","","","","","","",""
560,"2026-08-05 18:15:59.882182","train",1,0.4223809838294983,4.7515181749079255e-05,"","","","","","","","","","","",""
580,"2026-08-05 18:16:00.679049","train",1,0.7689295411109924,4.8060032028053655e-05,"","","","","","","","","","","",""
600,"2026-08-05 18:16:01.519352","train",1,1.1471316814422607,4.8623781098138886e-05,"","","","","","","","","","","",""
620,"2026-08-05 18:16:02.324606","train",1,0.8094717860221863,4.9206406384057146e-05,"","","","","","","","","","","",""
640,"2026-08-05 18:16:03.155356","train",1,0.41310006380081177,4.98078845546342e-05,"","","","","","","","","","","",""
660,"2026-08-05 18:16:03.965896","train",1,0.7818734645843506,5.042819152373398e-05,"","","","","","","","","","","",""
662,"2026-08-05 18:16:20.027590","val",1,"","",0.6775255542280632,0.14550803881540908,0.588755980861244,0.5218775541097298,0.07110091743119266,0.13276231263383298,0.7264150943396226,0.7777777777777778,0.7164750957854407,0.631004366812227,0.6658505992050898,0.5663628595841641
680,"2026-08-05 18:16:31.280522","train",2,1.5488572120666504,5.106730245122294e-05,"","","","","","","","","","","",""
700,"2026-08-05 18:16:32.147585","train",2,0.802147626876831,5.172519174396475e-05,"","","","","","","","","","","",""
720,"2026-08-05 18:16:33.043695","train",2,0.7409281730651855,5.240183305684528e-05,"","","","","","","","","","","",""
740,"2026-08-05 18:16:33.836978","train",2,1.8297557830810547,5.3097199293827856e-05,"","","","","","","","","","","",""
760,"2026-08-05 18:16:34.629711","train",2,0.4259480834007263,5.3811262609037235e-05,"","","","","","","","","","","",""
780,"2026-08-05 18:16:35.442984","train",2,0.8344587087631226,5.4543994407876134e-05,"","","","","","","","","","","",""
800,"2026-08-05 18:16:36.314491","train",2,0.753402590751648,5.529536534816916e-05,"","","","","","","","","","","",""
820,"2026-08-05 18:16:37.124144","train",2,0.7209551930427551,5.6065345341338967e-05,"","","","","","","","","","","",""
840,"2026-08-05 18:16:37.980395","train",2,0.7819761037826538,5.685390355360969e-05,"","","","","","","","","","","",""
860,"2026-08-05 18:16:38.798874","train",2,0.7577075362205505,5.766100840724254e-05,"","","","","","","","","","","",""
880,"2026-08-05 18:16:39.765784","train",2,0.4016699194908142,5.8486627581800935e-05,"","","","","","","","","","","",""
900,"2026-08-05 18:16:40.585636","train",2,1.5166692733764648,5.9330728015443194e-05,"","","","","","","","","","","",""
920,"2026-08-05 18:16:41.389227","train",2,0.8058286905288696,6.019327590624799e-05,"","","","","","","","","","","",""
940,"2026-08-05 18:16:42.291799","train",2,1.2006577253341675,6.107423671356709e-05,"","","","","","","","","","","",""
960,"2026-08-05 18:16:43.089342","train",2,1.1557681560516357,6.19735751594087e-05,"","","","","","","","","","","",""
980,"2026-08-05 18:16:43.923450","train",2,0.7589079737663269,6.289125522985031e-05,"","","","","","","","","","","",""
993,"2026-08-05 18:17:00.277884","val",2,"","",0.6976945882561176,0.15240992588175145,0.608213716108453,0.5317154140338062,0.07110091743119266,0.13276231263383298,0.7735849056603774,0.8888888888888888,0.759168035030104,0.6724890829694323,0.6760363301144006,0.5729136998006266
1000,"2026-08-05 18:17:11.072227","train",3,1.1583703756332397,6.382724017648094e-05,"","","","","","","","","","","",""
1020,"2026-08-05 18:17:11.963980","train",3,0.4140406548976898,6.478149251787249e-05,"","","","","","","","","","","",""
1040,"2026-08-05 18:17:12.799782","train",3,1.068730115890503,6.575397404108042e-05,"","","","","","","","","","","",""
1060,"2026-08-05 18:17:13.626332","train",3,0.6760920286178589,6.674464580317513e-05,"","","","","","","","","","","",""
1080,"2026-08-05 18:17:14.429754","train",3,0.7988216876983643,6.775346813279993e-05,"","","","","","","","","","","",""
1100,"2026-08-05 18:17:15.247712","train",3,1.23628568649292,6.878040063176068e-05,"","","","","","","","","","","",""
1120,"2026-08-05 18:17:16.124029","train",3,1.0059089660644531,6.982540217664304e-05,"","","","","","","","","","","",""
1140,"2026-08-05 18:17:16.908850","train",3,1.2248942852020264,7.088843092045976e-05,"","","","","","","","","","","",""
1160,"2026-08-05 18:17:17.743810","train",3,0.39129555225372314,7.196944429432579e-05,"","","","","","","","","","","",""
1180,"2026-08-05 18:17:18.545850","train",3,0.3602484464645386,7.306839900916373e-05,"","","","","","","","","","","",""
1200,"2026-08-05 18:17:19.450144","train",3,0.7244356274604797,7.418525105743617e-05,"","","","","","","","","","","",""
1220,"2026-08-05 18:17:20.388425","train",3,0.7883113026618958,7.531995571490946e-05,"","","","","","","","","","","",""
1240,"2026-08-05 18:17:21.203118","train",3,0.3468063473701477,7.64724675424433e-05,"","","","","","","","","","","",""
1260,"2026-08-05 18:17:21.996998","train",3,0.34766608476638794,7.764274038781144e-05,"","","","","","","","","","","",""
1280,"2026-08-05 18:17:22.820927","train",3,0.36940181255340576,7.883072738754896e-05,"","","","","","","","","","","",""
1300,"2026-08-05 18:17:23.641803","train",3,1.080731987953186,8.003638096882963e-05,"","","","","","","","","","","",""
1320,"2026-08-05 18:17:24.570812","train",3,0.34891146421432495,8.125965285137049e-05,"","","","","","","","","","","",""
1324,"2026-08-05 18:17:40.612934","val",3,"","",0.7196513120049559,0.17329270051041212,0.5958532695374801,0.5477105269789697,0.2874617737003058,0.16036036036036036,0.7704402515723271,0.9259259259259259,0.7673782156540777,0.6441048034934498,0.7000196460685194,0.5622329820563942
1340,"2026-08-05 18:17:51.680330","train",4,0.7650148868560791,8.250049404936522e-05,"","","","","","","","","","","",""
1360,"2026-08-05 18:17:52.587103","train",4,0.362978458404541,8.375885487344641e-05,"","","","","","","","","","","",""
1380,"2026-08-05 18:17:53.440714","train",4,1.1503725051879883,8.503468493267449e-05,"","","","","","","","","","","",""
1400,"2026-08-05 18:17:54.302637","train",4,1.2411617040634155,8.632793313655585e-05,"","","","","","","","","","","",""
1420,"2026-08-05 18:17:55.205468","train",4,1.1689690351486206,8.763854769708974e-05,"","","","","","","","","","","",""
1440,"2026-08-05 18:17:56.095794","train",4,0.8237809538841248,8.896647613084049e-05,"","","","","","","","","","","",""
1460,"2026-08-05 18:17:56.971604","train",4,1.2757841348648071,9.03116652610403e-05,"","","","","","","","","","","",""
1480,"2026-08-05 18:17:57.863822","train",4,0.33073902130126953,9.167406121971856e-05,"","","","","","","","","","","",""
1500,"2026-08-05 18:17:58.686459","train",4,0.3211209177970886,9.30536094498587e-05,"","","","","","","","","","","",""
1520,"2026-08-05 18:17:59.515937","train",4,0.34403395652770996,9.445025470758309e-05,"","","","","","","","","","","",""
1540,"2026-08-05 18:18:00.323908","train",4,0.3434044122695923,9.586394106436528e-05,"","","","","","","","","","","",""
1560,"2026-08-05 18:18:01.155472","train",4,0.7805310487747192,9.729461190926961e-05,"","","","","","","","","","","",""
1580,"2026-08-05 18:18:02.027856","train",4,0.384830504655838,9.874220995121838e-05,"","","","","","","","","","","",""
1600,"2026-08-05 18:18:02.897858","train",4,0.3902954161167145,0.0001002066772212856,"","","","","","","","","","","",""
1620,"2026-08-05 18:18:03.814183","train",4,0.6680722832679749,0.00010168795507501868,"","","","","","","","","","","",""
1640,"2026-08-05 18:18:04.590179","train",4,0.3510791063308716,0.00010318598419478719,"","","","","","","","","","","",""
1655,"2026-08-05 18:18:20.953968","val",4,"","",0.7394397982211602,0.18962458353318884,0.5850079744816586,0.5473820123388012,0.22247706422018348,0.14752724224643754,0.7515723270440251,0.8148148148148148,0.7701149425287356,0.6048034934497817,0.7264511644073687,0.557533466248932
1660,"2026-08-05 18:18:31.751273","train",5,0.8445299863815308,0.0001047007045921574,"","","","","","","","","","","",""
1680,"2026-08-05 18:18:32.682141","train",5,1.1647577285766602,0.00010623205561029517,"","","","","","","","","","","",""
1700,"2026-08-05 18:18:33.553028","train",5,0.7961515188217163,0.00010777997592639472,"","","","","","","","","","","",""
1720,"2026-08-05 18:18:34.363016","train",5,0.8988134860992432,0.00010934440355413416,"","","","","","","","","","","",""
1740,"2026-08-05 18:18:35.203341","train",5,0.39571017026901245,0.0001109252758461582,"","","","","","","","","","","",""
1760,"2026-08-05 18:18:36.041806","train",5,0.3043195605278015,0.00011252252949658611,"","","","","","","","","","","",""
1780,"2026-08-05 18:18:36.845629","train",5,1.1673810482025146,0.00011413610054354759,"","","","","","","","","","","",""
1800,"2026-08-05 18:18:37.679064","train",5,0.4105612337589264,0.00011576592437174352,"","","","","","","","","","","",""
1820,"2026-08-05 18:18:38.489835","train",5,0.37854307889938354,0.00011741193571503388,"","","","","","","","","","","",""
1840,"2026-08-05 18:18:39.281156","train",5,0.6350705623626709,0.00011907406865905104,"","","","","","","","","","","",""
1860,"2026-08-05 18:18:40.088223","train",5,0.8238687515258789,0.00012075225664383922,"","","","","","","","","","","",""
1880,"2026-08-05 18:18:41.006005","train",5,0.4378565549850464,0.0001224464324665205,"","","","","","","","","","","",""
1900,"2026-08-05 18:18:41.836041","train",5,0.6617667078971863,0.00012415652828398518,"","","","","","","","","","","",""
1920,"2026-08-05 18:18:42.645828","train",5,0.6481418609619141,0.00012588247561560887,"","","","","","","","","","","",""
1940,"2026-08-05 18:18:43.551393","train",5,0.44734683632850647,0.0001276242053459951,"","","","","","","","","","","",""
1960,"2026-08-05 18:18:44.461435","train",5,0.5921643972396851,0.00012938164772774235,"","","","","","","","","","","",""
1980,"2026-08-05 18:18:45.278935","train",5,0.8259437680244446,0.00013115473238423786,"","","","","","","","","","","",""
1986,"2026-08-05 18:19:01.623652","val",5,"","",0.7940970839417673,0.27402073991359904,0.6508771929824562,0.5602322366652012,0.386085626911315,0.1747173689619733,0.8553459119496856,0.7407407407407407,0.8286808976464148,0.7205240174672489,0.7772891447915249,0.6116491028197095
2000,"2026-08-05 18:19:12.917289","train",6,0.3213651478290558,0.000132943388312475,"","","","","","","","","","","",""
2020,"2026-08-05 18:19:13.771164","train",6,2.1234350204467773,0.00013474754388589764,"","","","","","","","","","","",""
2040,"2026-08-05 18:19:14.571973","train",6,1.1143560409545898,0.0001365671268572673,"","","","","","","","","","","",""
2060,"2026-08-05 18:19:15.397184","train",6,0.6981207132339478,0.00013840206436155724,"","","","","","","","","","","",""
2080,"2026-08-05 18:19:16.212469","train",6,0.5763536691665649,0.00014025228291886943,"","","","","","","","","","","",""
2100,"2026-08-05 18:19:17.027697","train",6,0.6702026128768921,0.00014211770843737786,"","","","","","","","","","","",""
2120,"2026-08-05 18:19:17.982878","train",6,1.2270091772079468,0.00014399826621629543,"","","","","","","","","","","",""
2140,"2026-08-05 18:19:18.809727","train",6,0.6057842969894409,0.00014589388094886433,"","","","","","","","","","","",""
2160,"2026-08-05 18:19:19.662613","train",6,1.705041766166687,0.00014780447672537356,"","","","","","","","","","","",""
2180,"2026-08-05 18:19:20.601194","train",6,1.189184308052063,0.00014972997703619644,"","","","","","","","","","","",""
2200,"2026-08-05 18:19:21.426004","train",6,0.35012298822402954,0.00015167030477485663,"","","","","","","","","","","",""
2220,"2026-08-05 18:19:22.323210","train",6,0.5889949798583984,0.00015362538224111442,"","","","","","","","","","","",""
2240,"2026-08-05 18:19:23.208784","train",6,1.1999953985214233,0.0001555951311440787,"","","","","","","","","","","",""
2260,"2026-08-05 18:19:24.047341","train",6,0.7840559482574463,0.00015757947260534194,"","","","","","","","","","","",""
2280,"2026-08-05 18:19:24.844444","train",6,0.5538277626037598,0.00015957832716213913,"","","","","","","","","","","",""
2300,"2026-08-05 18:19:25.635956","train",6,1.148391604423523,0.00016159161477052994,"","","","","","","","","","","",""
2317,"2026-08-05 18:19:42.150014","val",6,"","",0.8136112217354751,0.29009990654379686,0.6754385964912281,0.6075942414847102,0.6414373088685015,0.25199362041467305,0.8238993710691824,0.8518518518518519,0.8448275862068966,0.7052401746724891,0.8015293708724365,0.6563657077755625
2320,"2026-08-05 18:19:52.756996","train",7,0.28664225339889526,0.00016361925480860352,"","","","","","","","","","","",""
2340,"2026-08-05 18:19:53.557447","train",7,0.7928586006164551,0.0001656611660797077,"","","","","","","","","","","",""
2360,"2026-08-05 18:19:54.412627","train",7,1.4114412069320679,0.00016771726681569948,"","","","","","","","","","","",""
2380,"2026-08-05 18:19:55.252713","train",7,0.9553589820861816,0.00016978747468022104,"","","","","","","","","","","",""
2400,"2026-08-05 18:19:56.054774","train",7,0.48721078038215637,0.00017187170677199508,"","","","","","","","","","","",""
2420,"2026-08-05 18:19:56.902474","train",7,1.181300163269043,0.00017396987962814598,"","","","","","","","","","","",""
2440,"2026-08-05 18:19:57.709999","train",7,1.0988693237304688,0.00017608190922754115,"","","","","","","","","","","",""
2460,"2026-08-05 18:19:58.540578","train",7,1.4127576351165771,0.00017820771099415645,"","","","","","","","","","","",""
2480,"2026-08-05 18:19:59.381171","train",7,0.7199987769126892,0.0001803471998004624,"","","","","","","","","","","",""
2500,"2026-08-05 18:20:00.293918","train",7,0.45304036140441895,0.00018250028997083341,"","","","","","","","","","","",""
2520,"2026-08-05 18:20:01.119014","train",7,0.7289763689041138,0.0001846668952849782,"","","","","","","","","","","",""
2540,"2026-08-05 18:20:02.033297","train",7,0.5120972394943237,0.00018684692898139328,"","","","","","","","","","","",""
2560,"2026-08-05 18:20:02.798212","train",7,0.2717047929763794,0.00018904030376083682,"","","","","","","","","","","",""
2580,"2026-08-05 18:20:03.639133","train",7,0.48324164748191833,0.0001912469317898244,"","","","","","","","","","","",""
2600,"2026-08-05 18:20:04.440949","train",7,1.5810954570770264,0.0001934667247041464,"","","","","","","","","","","",""
2620,"2026-08-05 18:20:05.293034","train",7,0.4176132082939148,0.00019569959361240708,"","","","","","","","","","","",""
2640,"2026-08-05 18:20:06.166284","train",7,0.9786934852600098,0.0001979454490995834,"","","","","","","","","","","",""
2648,"2026-08-05 18:20:22.377609","val",7,"","",0.8027877339705296,0.2925211252943119,0.6230462519936204,0.5371369316282342,0.6995412844036697,0.27087198515769945,0.8427672955974843,0.7037037037037037,0.8095238095238095,0.5414847161572053,0.7966027413821766,0.6133580176587867
2660,"2026-08-05 18:20:33.382645","train",8,1.344765543937683,0.0002002042012306059,"","","","","","","","","","","",""
2680,"2026-08-05 18:20:34.220229","train",8,0.9995324611663818,0.00020247575955396045,"","","","","","","","","","","",""
2700,"2026-08-05 18:20:35.024994","train",8,0.23614543676376343,0.00020476003310531028,"","","","","","","","","","","",""
2720,"2026-08-05 18:20:35.904453","train",8,0.3106766939163208,0.00020705693041113838,"","","","","","","","","","","",""
2740,"2026-08-05 18:20:36.780197","train",8,0.36097240447998047,0.00020936635949241067,"","","","","","","","","","","",""
2760,"2026-08-05 18:20:37.605028","train",8,0.7141720056533813,0.00021168822786825912,"","","","","","","","","","","",""
2780,"2026-08-05 18:20:38.506572","train",8,0.2630787193775177,0.00021402244255968586,"","","","","","","","","","","",""
2800,"2026-08-05 18:20:39.334076","train",8,0.8881301283836365,0.00021636891009328555,"","","","","","","","","","","",""
2820,"2026-08-05 18:20:40.186469","train",8,0.5885960459709167,0.00021872753650498903,"","","","","","","","","","","",""
2840,"2026-08-05 18:20:41.019429","train",8,0.7251654863357544,0.00022109822734382625,"","","","","","","","","","","",""
2860,"2026-08-05 18:20:41.850303","train",8,0.32068538665771484,0.00022348088767570786,"","","","","","","","","","","",""
2880,"2026-08-05 18:20:42.686115","train",8,0.33958783745765686,0.00022587542208722786,"","","","","","","","","","","",""
2900,"2026-08-05 18:20:43.533328","train",8,0.9371241331100464,0.0002282817346894836,"","","","","","","","","","","",""
2920,"2026-08-05 18:20:44.368101","train",8,1.4654403924942017,0.00023069972912191552,"","","","","","","","","","","",""
2940,"2026-08-05 18:20:45.220828","train",8,0.43617814779281616,0.00023312930855616694,"","","","","","","","","","","",""
2960,"2026-08-05 18:20:46.023180","train",8,0.5486088395118713,0.00023557037569996078,"","","","","","","","","","","",""
2979,"2026-08-05 18:21:02.685472","val",8,"","",0.8034072304084251,0.30280994433957575,0.6291866028708134,0.5726443258928071,0.6574923547400612,0.2582781456953642,0.7987421383647799,0.6666666666666666,0.8163656267104542,0.6091703056768559,0.8010911124208488,0.6162062090572487
2980,"2026-08-05 18:21:13.272217","train",9,1.2512006759643555,0.00023802283280099522,"","","","","","","","","","","",""
3000,"2026-08-05 18:21:14.096161","train",9,0.27811625599861145,0.00024048658165085914,"","","","","","","","","","","",""
3020,"2026-08-05 18:21:14.988384","train",9,2.407369613647461,0.00024296152358896416,"","","","","","","","","","","",""
3040,"2026-08-05 18:21:15.863481","train",9,0.5235419869422913,0.000245447559506496,"","","","","","","","","","","",""
3060,"2026-08-05 18:21:16.706916","train",9,0.7314620614051819,0.0002479445898503829,"","","","","","","","","","","",""
3080,"2026-08-05 18:21:17.542678","train",9,0.7355140447616577,0.00025045251462728227,"","","","","","","","","","","",""
3100,"2026-08-05 18:21:18.352456","train",9,0.9347776174545288,0.0002529712334075852,"","","","","","","","","","","",""
3120,"2026-08-05 18:21:19.176893","train",9,0.3353465795516968,0.00025550064532943754,"","","","","","","","","","","",""
3140,"2026-08-05 18:21:19.996791","train",9,1.6618069410324097,0.00025804064910277984,"","","","","","","","","","","",""
3160,"2026-08-05 18:21:20.910793","train",9,2.093306541442871,0.00026059114301340235,"","","","","","","","","","","",""
3180,"2026-08-05 18:21:21.756925","train",9,1.091242790222168,0.00026315202492701955,"","","","","","","","","","","",""
3200,"2026-08-05 18:21:22.560564","train",9,0.9471215009689331,0.0002657231922933586,"","","","","","","","","","","",""
3220,"2026-08-05 18:21:23.430094","train",9,0.31834909319877625,0.00026830454215026687,"","","","","","","","","","","",""
3240,"2026-08-05 18:21:24.275007","train",9,1.537117600440979,0.0002708959711278352,"","","","","","","","","","","",""
3260,"2026-08-05 18:21:25.104301","train",9,0.5386096239089966,0.0002734973754525365,"","","","","","","","","","","",""
3280,"2026-08-05 18:21:25.978039","train",9,0.8667889833450317,0.0002761086509513826,"","","","","","","","","","","",""
3300,"2026-08-05 18:21:26.877519","train",9,2.0957069396972656,0.0002787296930560941,"","","","","","","","","","","",""
3310,"2026-08-05 18:21:43.196212","val",9,"","",0.814974113898845,0.3148448555744302,0.6768740031897926,0.6179135116032535,0.8111620795107034,0.3081232492997199,0.8238993710691824,0.7037037037037037,0.8081554460864806,0.5524017467248908,0.811337292771758,0.6814297920820279
3320,"2026-08-05 18:21:54.226536","train",10,1.391784906387329,0.00028136039680728964,"","","","","","","","","","","",""
3340,"2026-08-05 18:21:55.103653","train",10,0.4550662636756897,0.0002840006568586875,"","","","","","","","","","","",""
3360,"2026-08-05 18:21:55.962318","train",10,0.9236502647399902,0.0002866503674813256,"","","","","","","","","","","",""
3380,"2026-08-05 18:21:56.867381","train",10,1.4090139865875244,0.000289309422567794,"","","","","","","","","","","",""
3400,"2026-08-05 18:21:57.765083","train",10,1.0385016202926636,0.00029197771563648455,"","","","","","","","","","","",""
3420,"2026-08-05 18:21:58.603190","train",10,0.7542955875396729,0.00029465513983585536,"","","","","","","","","","","",""
3440,"2026-08-05 18:21:59.420191","train",10,0.5396000146865845,0.00029734158794870915,"","","","","","","","","","","",""
3460,"2026-08-05 18:22:00.220897","train",10,0.6123634576797485,0.0003000369523964869,"","","","","","","","","","","",""
3480,"2026-08-05 18:22:01.114444","train",10,0.34726113080978394,0.00030274112524357596,"","","","","","","","","","","",""
3500,"2026-08-05 18:22:01.940362","train",10,0.2931612432003021,0.0003054539982016316,"","","","","","","","","","","",""
3520,"2026-08-05 18:22:02.757223","train",10,0.4481222927570343,0.0003081754626339145,"","","","","","","","","","","",""
3540,"2026-08-05 18:22:03.620871","train",10,0.3485685884952545,0.0003109054095596404,"","","","","","","","","","","",""
3560,"2026-08-05 18:22:04.483598","train",10,0.3588886857032776,0.00031364372965834444,"","","","","","","","","","","",""
3580,"2026-08-05 18:22:05.355920","train",10,0.5214769244194031,0.0003163903132742591,"","","","","","","","","","","",""
3600,"2026-08-05 18:22:06.232214","train",10,0.9789385795593262,0.00031914505042070446,"","","","","","","","","","","",""
3620,"2026-08-05 18:22:07.051028","train",10,0.40334224700927734,0.0003219078307844937,"","","","","","","","","","","",""
3640,"2026-08-05 18:22:07.868937","train",10,0.297016978263855,0.00032467854373035003,"","","","","","","","","","","",""
3641,"2026-08-05 18:22:23.664757","val",10,"","",0.8179565467498562,0.3041246099890037,0.6704944178628389,0.5936770819385722,0.8165137614678899,0.34782608695652173,0.8238993710691824,0.7777777777777778,0.8508483853311439,0.6965065502183406,0.8065768992458933,0.6482483622899459
3660,"2026-08-05 18:22:34.831293","train",11,1.1076560020446777,0.0003274570783053372,"","","","","","","","","","","",""
3680,"2026-08-05 18:22:35.753886","train",11,1.0673983097076416,0.0003302433232433027,"","","","","","","","","","","",""
3700,"2026-08-05 18:22:36.585041","train",11,0.24249660968780518,0.0003330371669693329,"","","","","","","","","","","",""
3720,"2026-08-05 18:22:37.404115","train",11,0.2420552670955658,0.0003358384976042217,"","","","","","","","","","","",""
3740,"2026-08-05 18:22:38.175151","train",11,0.3923512101173401,0.0003386472029689503,"","","","","","","","","","","",""
3760,"2026-08-05 18:22:39.030144","train",11,1.0252829790115356,0.0003414631705891799,"","","","","","","","","","","",""
3780,"2026-08-05 18:22:40.031145","train",11,1.3028442859649658,0.0003442862876997547,"","","","","","","","","","","",""
3800,"2026-08-05 18:22:41.009762","train",11,0.26832908391952515,0.000347116441249219,"","","","","","","","","","","",""
3820,"2026-08-05 18:22:42.002268","train",11,0.5333279967308044,0.00034995351790434296,"","","","","","","","","","","",""
3840,"2026-08-05 18:22:42.998423","train",11,0.6939906477928162,0.0003527974040546621,"","","","","","","","","","","",""
3860,"2026-08-05 18:22:43.806338","train",11,1.5712344646453857,0.00035564798581702584,"","","","","","","","","","","",""
3880,"2026-08-05 18:22:44.646763","train",11,0.38745877146720886,0.00035850514904015897,"","","","","","","","","","","",""
3900,"2026-08-05 18:22:45.532661","train",11,0.5837661027908325,0.0003613687793092321,"","","","","","","","","","","",""
3920,"2026-08-05 18:22:46.342482","train",11,0.6424341201782227,0.0003642387619504436,"","","","","","","","","","","",""
3940,"2026-08-05 18:22:47.160629","train",11,0.33611223101615906,0.00036711498203561145,"","","","","","","","","","","",""
3960,"2026-08-05 18:22:47.988832","train",11,0.747160017490387,0.0003699973243867762,"","","","","","","","","","","",""
3972,"2026-08-05 18:23:04.419760","val",11,"","",0.8170538519403514,0.28276046558408835,0.6668261562998405,0.5839080562249329,0.6001529051987767,0.2364963503649635,0.8207547169811321,0.7037037037037037,0.8680897646414887,0.7489082969432315,0.8038566743739705,0.6394189689547137
3980,"2026-08-05 18:23:15.103357","train",12,0.3828910291194916,0.00037288567358081275,"","","","","","","","","","","",""
4000,"2026-08-05 18:23:16.065883","train",12,0.6340935230255127,0.0003757799139540523,"","","","","","","","","","","",""
4020,"2026-08-05 18:23:16.922963","train",12,1.8100224733352661,0.0003786799296069146,"","","","","","","","","","","",""
4040,"2026-08-05 18:23:17.738887","train",12,0.9068475961685181,0.00038158560440854864,"","","","","","","","","","","",""
4060,"2026-08-05 18:23:18.670074","train",12,0.802227258682251,0.0003844968220014836,"","","","","","","","","","","",""
4080,"2026-08-05 18:23:19.500653","train",12,0.6299810409545898,0.00038741346580628804,"","","","","","","","","","","",""
4100,"2026-08-05 18:23:20.369656","train",12,2.5515999794006348,0.0003903354190262381,"","","","","","","","","","","",""
4120,"2026-08-05 18:23:21.227431","train",12,0.682167112827301,0.0003932625646519954,"","","","","","","","","","","",""
4140,"2026-08-05 18:23:22.088006","train",12,0.26184728741645813,0.0003961947854662915,"","","","","","","","","","","",""
4160,"2026-08-05 18:23:22.943691","train",12,0.4119580090045929,0.0003991319640486234,"","","","","","","","","","","",""
4180,"2026-08-05 18:23:23.768211","train",12,0.8267226815223694,0.00040207398277995385,"","","","","","","","","","","",""
4200,"2026-08-05 18:23:24.651714","train",12,1.7438609600067139,0.00040502072384742294,"","","","","","","","","","","",""
4220,"2026-08-05 18:23:25.557959","train",12,0.8829973340034485,0.00040797206924906486,"","","","","","","","","","","",""
4240,"2026-08-05 18:23:26.371984","train",12,0.29930830001831055,0.0004109279007985338,"","","","","","","","","","","",""
4260,"2026-08-05 18:23:27.217739","train",12,0.8378283381462097,0.0004138881001298369,"","","","","","","","","","","",""
4280,"2026-08-05 18:23:28.203125","train",12,0.24273666739463806,0.00041685254870207325,"","","","","","","","","","","",""
4300,"2026-08-05 18:23:29.196746","train",12,0.2595405578613281,0.0004198211278041821,"","","","","","","","","","","",""
4303,"2026-08-05 18:23:45.029673","val",12,"","",0.8010442939953094,0.2700021089366954,0.6223285486443381,0.5313159385561199,0.8111620795107034,0.3232876712328767,0.7924528301886793,0.6296296296296297,0.8374384236453202,0.6506550218340611,0.7900288646083632,0.6012532042153232
4320,"2026-08-05 18:23:56.364407","train",13,1.4379887580871582,0.00042279371855969577,"","","","","","","","","","","",""
4340,"2026-08-05 18:23:57.180307","train",13,0.4949553310871124,0.00042577020193150007,"","","","","","","","","","","",""
4360,"2026-08-05 18:23:58.008686","train",13,0.27620482444763184,0.0004287504587266017,"","","","","","","","","","","",""
4380,"2026-08-05 18:23:58.809013","train",13,0.38065898418426514,0.000431734369600901,"","","","","","","","","","","",""
4400,"2026-08-05 18:23:59.696156","train",13,1.072967290878296,0.00043472181506397096,"","","","","","","","","","","",""
4420,"2026-08-05 18:24:00.511841","train",13,0.5309151411056519,0.0004377126754838422,"","","","","","","","","","","",""
4440,"2026-08-05 18:24:01.425256","train",13,0.47985851764678955,0.0004407068310917937,"","","","","","","","","","","",""
4460,"2026-08-05 18:24:02.192871","train",13,0.4873528778553009,0.0004437041619871491,"","","","","","","","","","","",""
4480,"2026-08-05 18:24:02.975982","train",13,0.8625868558883667,0.0004467045481420781,"","","","","","","","","","","",""
4500,"2026-08-05 18:24:03.788973","train",13,0.7463720440864563,0.0004497078694064024,"","","","","","","","","","","",""
4520,"2026-08-05 18:24:04.638144","train",13,1.077871561050415,0.0004527140055124078,"","","","","","","","","","","",""
4540,"2026-08-05 18:24:05.423731","train",13,0.2922700047492981,0.0004557228360796599,"","","","","","","","","","","",""
4560,"2026-08-05 18:24:06.259512","train",13,0.5860294103622437,0.0004587342406198251,"","","","","","","","","","","",""
4580,"2026-08-05 18:24:07.124058","train",13,0.5096088647842407,0.00046174809854149495,"","","","","","","","","","","",""
4600,"2026-08-05 18:24:08.095216","train",13,0.7029017210006714,0.0004647642891550159,"","","","","","","","","","","",""
4620,"2026-08-05 18:24:08.926588","train",13,0.6218874454498291,0.0004677826916773218,"","","","","","","","","","","",""
4634,"2026-08-05 18:24:25.137909","val",13,"","",0.7958316739678748,0.2773960113526522,0.6007974481658692,0.5008514518462627,0.6613149847094801,0.25295109612141653,0.7767295597484277,0.6666666666666666,0.8158182813355227,0.5786026200873362,0.7895150443547777,0.5855881515237824
4640,"2026-08-05 18:24:36.094875","train",14,1.2505335807800293,0.0004708031852367709,"","","","","","","","","","","",""
4660,"2026-08-05 18:24:36.928779","train",14,0.9861871004104614,0.00047382564887798583,"","","","","","","","","","","",""
4680,"2026-08-05 18:24:37.852495","train",14,0.24037304520606995,0.0004768499615666978,"","","","","","","","","","","",""
4700,"2026-08-05 18:24:38.648482","train",14,1.594276785850525,0.0004798760021945931,"","","","","","","","","","","",""
4720,"2026-08-05 18:24:39.481533","train",14,0.6226751804351807,0.0004829036495841624,"","","","","","","","","","","",""
4740,"2026-08-05 18:24:40.282287","train",14,0.2514379620552063,0.00048593278249355455,"","","","","","","","","","","",""
4760,"2026-08-05 18:24:41.217170","train",14,0.8511330485343933,0.0004889632796214299,"","","","","","","","","","","",""
4780,"2026-08-05 18:24:42.015482","train",14,0.5435180068016052,0.0004919950196118196,"","","","","","","","","","","",""
4800,"2026-08-05 18:24:42.872120","train",14,0.5457500219345093,0.0004950278810589842,"","","","","","","","","","","",""
4820,"2026-08-05 18:24:43.722588","train",14,0.7599745988845825,0.0004980617425122757,"","","","","","","","","","","",""
4840,"2026-08-05 18:24:44.630096","train",14,0.3585275709629059,0.0005010964824810007,"","","","","","","","","","","",""
4860,"2026-08-05 18:24:45.447474","train",14,0.7362853288650513,0.0005041319794392861,"","","","","","","","","","","",""
4880,"2026-08-05 18:24:46.300647","train",14,0.5179598331451416,0.0005071681118309449,"","","","","","","","","","","",""
4900,"2026-08-05 18:24:47.158261","train",14,1.6515318155288696,0.0005102047580743444,"","","","","","","","","","","",""
4920,"2026-08-05 18:24:48.012371","train",14,0.33209413290023804,0.0005132417965672748,"","","","","","","","","","","",""
4940,"2026-08-05 18:24:48.871877","train",14,0.49161627888679504,0.0005162791056918187,"","","","","","","","","","","",""
4960,"2026-08-05 18:24:49.674981","train",14,0.8858009576797485,0.000519316563819221,"","","","","","","","","","","",""
4965,"2026-08-05 18:25:05.692677","val",14,"","",0.8157263595734324,0.30972595410324005,0.6622807017543859,0.5916718984806975,0.7018348623853211,0.2777777777777778,0.7893081761006289,0.7777777777777778,0.8382594417077176,0.6550218340611353,0.8078765622402563,0.6442608943320991
4980,"2026-08-05 18:25:16.792580","train",15,0.4506050646305084,0.0005223540493147602,"","","","","","","","","","","",""
5000,"2026-08-05 18:25:17.688581","train",15,1.052610158920288,0.0005253914405426186,"","","","","","","","","","","",""
5020,"2026-08-05 18:25:18.519753","train",15,0.521490216255188,0.0005284286158707533,"","","","","","","","","","","",""
5040,"2026-08-05 18:25:19.332267","train",15,0.5311545133590698,0.0005314654536757677,"","","","","","","","","","","",""
5060,"2026-08-05 18:25:20.131275","train",15,0.29659053683280945,0.0005345018323477805,"","","","","","","","","","","",""
5080,"2026-08-05 18:25:20.951422","train",15,0.8443407416343689,0.0005375376302952969,"","","","","","","","","","","",""
5100,"2026-08-05 18:25:21.815104","train",15,0.4918687343597412,0.0005405727259500768,"","","","","","","","","","","",""
5120,"2026-08-05 18:25:22.583922","train",15,0.8910518288612366,0.0005436069977720037,"","","","","","","","","","","",""
5140,"2026-08-05 18:25:23.398247","train",15,0.7952970266342163,0.0005466403242539509,"","","","","","","","","","","",""
5160,"2026-08-05 18:25:24.241279","train",15,1.0564534664154053,0.0005496725839266485,"","","","","","","","","","","",""
5180,"2026-08-05 18:25:25.105292","train",15,1.3733760118484497,0.0005527036553635459,"","","","","","","","","","","",""
5200,"2026-08-05 18:25:25.936832","train",15,1.2167489528656006,0.0005557334171856765,"","","","","","","","","","","",""
5220,"2026-08-05 18:25:26.770539","train",15,0.19986841082572937,0.0005587617480665157,"","","","","","","","","","","",""
5240,"2026-08-05 18:25:27.668621","train",15,0.3428580164909363,0.0005617885267368421,"","","","","","","","","","","",""
5260,"2026-08-05 18:25:28.439288","train",15,0.7595007419586182,0.0005648136319895916,"","","","","","","","","","","",""
5280,"2026-08-05 18:25:29.309928","train",15,0.40362808108329773,0.0005678369426847122,"","","","","","","","","","","",""
5296,"2026-08-05 18:25:45.833285","val",15,"","",0.8085402008938449,0.2936846157074746,0.6224082934609251,0.5329137379383153,0.863914373088685,0.36428571428571427,0.7830188679245284,0.7407407407407407,0.8166392993979201,0.611353711790393,0.8036602136887762,0.6039589860438621
5300,"2026-08-05 18:25:56.516898","train",16,0.617250382900238,0.0005708583377540148,"","","","","","","","","","","",""
5320,"2026-08-05 18:25:57.366087","train",16,0.7711358070373535,0.0005738776962060214,"","","","","","","","","","","",""
5340,"2026-08-05 18:25:58.156364","train",16,0.5190450549125671,0.0005768948971308101,"","","","","","","","","","","",""
5360,"2026-08-05 18:25:59.039286","train",16,0.47847816348075867,0.000579909819704857,"","","","","","","","","","","",""
5380,"2026-08-05 18:25:59.883133","train",16,2.356308937072754,0.0005829223431958743,"","","","","","","","","","","",""
5400,"2026-08-05 18:26:00.756370","train",16,0.9872496128082275,0.0005859323469676456,"","","","","","","","","","","",""
5420,"2026-08-05 18:26:01.599807","train",16,0.34142592549324036,0.0005889397104848562,"","","","","","","","","","","",""
5440,"2026-08-05 18:26:02.431531","train",16,1.0025020837783813,0.0005919443133179205,"","","","","","","","","","","",""
5460,"2026-08-05 18:26:03.375360","train",16,1.127312421798706,0.0005949460351478033,"","","","","","","","","","","",""
5480,"2026-08-05 18:26:04.299450","train",16,1.140113353729248,0.0005979447557708404,"","","","","","","","","","","",""
5500,"2026-08-05 18:26:05.148437","train",16,0.8604204654693604,0.0006009403551035491,"","","","","","","","","","","",""
5520,"2026-08-05 18:26:06.058255","train",16,0.9864776134490967,0.0006039327131874396,"","","","","","","","","","","",""
5540,"2026-08-05 18:26:06.924432","train",16,1.0149028301239014,0.0006069217101938168,"","","","","","","","","","","",""
5560,"2026-08-05 18:26:07.853477","train",16,0.25125253200531006,0.0006099072264285803,"","","","","","","","","","","",""
5580,"2026-08-05 18:26:08.697824","train",16,0.5508090853691101,0.0006128891423370162,"","","","","","","","","","","",""
5600,"2026-08-05 18:26:09.505392","train",16,0.9124672412872314,0.0006158673385085862,"","","","","","","","","","","",""
5620,"2026-08-05 18:26:10.410463","train",16,0.23765166103839874,0.0006188416956817073,"","","","","","","","","","","",""
5627,"2026-08-05 18:26:26.494078","val",16,"","",0.8109650869507501,0.3155524428121021,0.6573365231259968,0.5817732057990092,0.8769113149847095,0.3735408560311284,0.7987421383647799,0.6296296296296297,0.8461959496442255,0.6724890829694323,0.8029045956687976,0.6462546283110225
5640,"2026-08-05 18:26:37.548903","train",17,1.4280200004577637,0.0006218120947485303,"","","","","","","","","","","",""
5660,"2026-08-05 18:26:38.359201","train",17,0.26064568758010864,0.0006247784167597067,"","","","","","","","","","","",""
5680,"2026-08-05 18:26:39.180952","train",17,0.4523710012435913,0.0006277405429291541,"","","","","","","","","","","",""
5700,"2026-08-05 18:26:40.084464","train",17,0.5952931642532349,0.0006306983546388118,"","","","","","","","","","","",""
5720,"2026-08-05 18:26:40.869233","train",17,0.2539820075035095,0.0006336517334433909,"","","","","","","","","","","",""
5740,"2026-08-05 18:26:41.755179","train",17,0.38947534561157227,0.000636600561075119,"","","","","","","","","","","",""
5760,"2026-08-05 18:26:42.666287","train",17,0.8656014800071716,0.0006395447194484736,"","","","","","","","","","","",""
5780,"2026-08-05 18:26:43.507228","train",17,0.3007122278213501,0.000642484090664913,"","","","","","","","","","","",""
5800,"2026-08-05 18:26:44.352454","train",17,0.5997304320335388,0.0006454185570175963,"","","","","","","","","","","",""
5820,"2026-08-05 18:26:45.120931","train",17,0.6396725177764893,0.0006483480009960979,"","","","","","","","","","","",""
5840,"2026-08-05 18:26:46.002683","train",17,0.48134446144104004,0.0006512723052911123,"","","","","","","","","","","",""
5860,"2026-08-05 18:26:46.867630","train",17,1.362928867340088,0.0006541913527991525,"","","","","","","","","","","",""
5880,"2026-08-05 18:26:47.739470","train",17,0.3519495129585266,0.0006571050266272382,"","","","","","","","","","","",""
5900,"2026-08-05 18:26:48.594129","train",17,0.6595045924186707,0.0006600132100975791,"","","","","","","","","","","",""
5920,"2026-08-05 18:26:49.608503","train",17,0.40156200528144836,0.0006629157867522439,"","","","","","","","","","","",""
5940,"2026-08-05 18:26:50.494126","train",17,0.3688306212425232,0.0006658126403578273,"","","","","","","","","","","",""
5958,"2026-08-05 18:27:07.079539","val",17,"","",0.8178857471569538,0.3164809908154784,0.679585326953748,0.6221992679046426,0.5833333333333334,0.22695035460992907,0.8679245283018868,0.8148148148148148,0.8133552271483306,0.665938864628821,0.8140424052832812,0.6810025633722586
5960,"2026-08-05 18:27:17.536028","train",18,0.9735982418060303,0.0006687036549101022,"","","","","","","","","","","",""
5980,"2026-08-05 18:27:18.375773","train",18,0.36230897903442383,0.0006715887146386658,"","","","","","","","","","","",""
6000,"2026-08-05 18:27:19.218335","train",18,0.5833956599235535,0.0006744677040115756,"","","","","","","","","","","",""
6020,"2026-08-05 18:27:20.025140","train",18,0.7740996479988098,0.0006773405077399766,"","","","","","","","","","","",""
6040,"2026-08-05 18:27:20.874427","train",18,0.3537482023239136,0.0006802070107827165,"","","","","","","","","","","",""
6060,"2026-08-05 18:27:21.675749","train",18,0.24430277943611145,0.0006830670983509539,"","","","","","","","","","","",""
6080,"2026-08-05 18:27:22.466599","train",18,0.40335869789123535,0.0006859206559127541,"","","","","","","","","","","",""
6100,"2026-08-05 18:27:23.343063","train",18,0.6196784973144531,0.0006887675691976763,"","","","","","","","","","","",""
6120,"2026-08-05 18:27:24.155518","train",18,0.3671451807022095,0.0006916077242013485,"","","","","","","","","","","",""
6140,"2026-08-05 18:27:25.002805","train",18,1.0695369243621826,0.0006944410071900343,"","","","","","","","","","","",""
6160,"2026-08-05 18:27:25.903984","train",18,0.3703315258026123,0.0006972673047051858,"","","","","","","","","","","",""
6180,"2026-08-05 18:27:26.707211","train",18,0.420362263917923,0.0007000865035679878,"","","","","","","","","","","",""
6200,"2026-08-05 18:27:27.563527","train",18,0.44022223353385925,0.0007028984908838902,"","","","","","","","","","","",""
6220,"2026-08-05 18:27:28.432531","train",18,0.3914688229560852,0.0007057031540471287,"","","","","","","","","","","",""
6240,"2026-08-05 18:27:29.258146","train",18,0.9063976407051086,0.0007085003807452334,"","","","","","","","","","","",""
6260,"2026-08-05 18:27:30.058316","train",18,1.5141178369522095,0.0007112900589635279,"","","","","","","","","","","",""
6280,"2026-08-05 18:27:30.917992","train",18,1.359826922416687,0.0007140720769896128,"","","","","","","","","","","",""
6289,"2026-08-05 18:27:47.183811","val",18,"","",0.7895836098942431,0.2655513720652858,0.6115629984051036,0.5868890932311069,0.7874617737003058,0.31862745098039214,0.7672955974842768,0.6296296296296297,0.8185550082101807,0.5917030567685589,0.7834549878345498,0.6028197094844774
6300,"2026-08-05 18:27:58.137368","train",19,0.49022501707077026,0.0007168463234178414,"","","","","","","","","","","",""
6320,"2026-08-05 18:27:58.994922","train",19,0.6919339895248413,0.0007196126871537791,"","","","","","","","","","","",""
6340,"2026-08-05 18:27:59.892618","train",19,0.45977428555488586,0.0007223710574186537,"","","","","","","","","","","",""
6360,"2026-08-05 18:28:00.673557","train",19,0.37452125549316406,0.0007251213237537901,"","","","","","","","","","","",""
6380,"2026-08-05 18:28:01.678350","train",19,1.9387491941452026,0.0007278633760250347,"","","","","","","","","","","",""
6400,"2026-08-05 18:28:02.555943","train",19,0.7408205270767212,0.0007305971044271652,"","","","","","","","","","","",""
6420,"2026-08-05 18:28:03.507357","train",19,0.3825247585773468,0.0007333223994882882,"","","","","","","","","","","",""
6440,"2026-08-05 18:28:04.403692","train",19,0.6445193290710449,0.0007360391520742219,"","","","","","","","","","","",""
6460,"2026-08-05 18:28:05.236507","train",19,0.7614408135414124,0.0007387472533928673,"","","","","","","","","","","",""
6480,"2026-08-05 18:28:06.054233","train",19,0.8764497637748718,0.0007414465949985654,"","","","","","","","","","","",""
6500,"2026-08-05 18:28:06.888352","train",19,0.4980611205101013,0.0007441370687964378,"","","","","","","","","","","",""
6520,"2026-08-05 18:28:07.753724","train",19,0.4750153422355652,0.000746818567046718,"","","","","","","","","","","",""
6540,"2026-08-05 18:28:08.698185","train",19,0.28407201170921326,0.0007494909823690632,"","","","","","","","","","","",""
6560,"2026-08-05 18:28:09.499752","train",19,0.5221735835075378,0.0007521542077468562,"","","","","","","","","","","",""
6580,"2026-08-05 18:28:10.324000","train",19,0.7885313034057617,0.0007548081365314899,"","","","","","","","","","","",""
6600,"2026-08-05 18:28:11.167883","train",19,1.4226248264312744,0.0007574526624466395,"","","","","","","","","","","",""
6620,"2026-08-05 18:28:11.997368","train",19,0.550700843334198,0.0007600876795925153,"","","","","","","","","","","",""
6620,"2026-08-05 18:28:27.837835","val",19,"","",0.806911810257091,0.2816359203797589,0.6502392344497607,0.6065603157007919,0.6284403669724771,0.24299065420560748,0.7484276729559749,0.7037037037037037,0.825944170771757,0.6637554585152838,0.8052621238911306,0.6387069211050983
6640,"2026-08-05 18:28:39.069852","train",20,0.2103564441204071,0.0007627130824501072,"","","","","","","","","","","",""
6660,"2026-08-05 18:28:40.005677","train",20,1.8023889064788818,0.0007653287658854071,"","","","","","","","","","","",""
6680,"2026-08-05 18:28:40.796581","train",20,0.3642541170120239,0.0007679346251536212,"","","","","","","","","","","",""
6700,"2026-08-05 18:28:41.678223","train",20,0.7096985578536987,0.0007705305559033626,"","","","","","","","","","","",""
6720,"2026-08-05 18:28:42.645342","train",20,0.608842670917511,0.0007731164541808317,"","","","","","","","","","","",""
6740,"2026-08-05 18:28:43.518227","train",20,0.3694872260093689,0.0007756922164339781,"","","","","","","","","","","",""
6760,"2026-08-05 18:28:44.308291","train",20,0.2215244472026825,0.0007782577395166472,"","","","","","","","","","","",""
6780,"2026-08-05 18:28:45.103677","train",20,0.8411666750907898,0.0007808129206927114,"","","","","","","","","","","",""
6800,"2026-08-05 18:28:45.937196","train",20,1.346807599067688,0.0007833576576401837,"","","","","","","","","","","",""
6820,"2026-08-05 18:28:46.763838","train",20,0.5895442962646484,0.0007858918484553148,"","","","","","","","","","","",""
6840,"2026-08-05 18:28:47.612705","train",20,0.24842596054077148,0.0007884153916566754,"","","","","","","","","","","",""
6860,"2026-08-05 18:28:48.502947","train",20,0.8388891220092773,0.0007909281861892175,"","","","","","","","","","","",""
6880,"2026-08-05 18:28:49.362031","train",20,0.42721033096313477,0.0007934301314283233,"","","","","","","","","","","",""
6900,"2026-08-05 18:28:50.247303","train",20,0.8716633319854736,0.0007959211271838338,"","","","","","","","","","","",""
6920,"2026-08-05 18:28:51.062969","train",20,2.0405209064483643,0.0007984010737040611,"","","","","","","","","","","",""
6940,"2026-08-05 18:28:52.006284","train",20,0.5084593296051025,0.0008008698716797827,"","","","","","","","","","","",""
6951,"2026-08-05 18:29:08.086741","val",20,"","",0.8103809903093057,0.28825136250943584,0.6559808612440191,0.637858126234351,0.7102446483180428,0.2780952380952381,0.7830188679245282,0.8148148148148148,0.8327859879584018,0.6528384279475983,0.8042647081047588,0.6425519794930219
6960,"2026-08-05 18:29:18.958596","train",21,0.2546505331993103,0.0008033274222482185,"","","","","","","","","","","",""
6980,"2026-08-05 18:29:19.850852","train",21,1.1796092987060547,0.0008057736269969898,"","","","","","","","","","","",""
7000,"2026-08-05 18:29:20.666057","train",21,1.3297604322433472,0.0008082083879680604,"","","","","","","","","","","",""
7020,"2026-08-05 18:29:21.479689","train",21,0.2567439675331116,0.0008106316076616586,"","","","","","","","","","","",""
7040,"2026-08-05 18:29:22.288924","train",21,1.2959556579589844,0.0008130431890401827,"","","","","","","","","","","",""
7060,"2026-08-05 18:29:23.187303","train",21,1.4138413667678833,0.0008154430355320854,"","","","","","","","","","","",""
7080,"2026-08-05 18:29:24.028467","train",21,0.9503805041313171,0.0008178310510357429,"","","","","","","","","","","",""
7100,"2026-08-05 18:29:24.913649","train",21,0.36510199308395386,0.000820207139923301,"","","","","","","","","","","",""
7120,"2026-08-05 18:29:25.745118","train",21,0.2549285292625427,0.0008225712070445067,"","","","","","","","","","","",""
7140,"2026-08-05 18:29:26.537055","train",21,0.6751476526260376,0.000824923157730517,"","","","","","","","","","","",""
7160,"2026-08-05 18:29:27.414499","train",21,0.5468342304229736,0.0008272628977976903,"","","","","","","","","","","",""
7180,"2026-08-05 18:29:28.374186","train",21,1.2873494625091553,0.0008295903335513584,"","","","","","","","","","","",""
7200,"2026-08-05 18:29:29.189188","train",21,0.831777811050415,0.0008319053717895777,"","","","","","","","","","","",""
7220,"2026-08-05 18:29:30.001670","train",21,0.4832880198955536,0.0008342079198068626,"","","","","","","","","","","",""
7240,"2026-08-05 18:29:30.835411","train",21,0.5637675523757935,0.0008364978853978967,"","","","","","","","","","","",""
7260,"2026-08-05 18:29:31.633495","train",21,0.9626821279525757,0.0008387751768612259,"","","","","","","","","","","",""
7280,"2026-08-05 18:29:32.434870","train",21,1.4399867057800293,0.0008410397030029301,"","","","","","","","","","","",""
7282,"2026-08-05 18:29:48.132721","val",21,"","",0.8240895614850214,0.32241346149748656,0.7022328548644338,0.6488042261878916,0.5428134556574924,0.21727748691099477,0.8238993710691824,0.7407407407407407,0.8196496989600437,0.6506550218340611,0.8225808889090386,0.7120478496154942
7300,"2026-08-05 18:29:59.479434","train",22,0.5016403198242188,0.0008432913731402755,"","","","","","","","","","","",""
7320,"2026-08-05 18:30:00.299044","train",22,0.2866418659687042,0.0008455300971053456,"","","","","","","","","","","",""
7340,"2026-08-05 18:30:01.098516","train",22,1.5954368114471436,0.0008477557852486526,"","","","","","","","","","","",""
7360,"2026-08-05 18:30:01.929519","train",22,0.32169556617736816,0.0008499683484427263,"","","","","","","","","","","",""
7380,"2026-08-05 18:30:02.820304","train",22,1.1129838228225708,0.000852167698085684,"","","","","","","","","","","",""
7400,"2026-08-05 18:30:03.635792","train",22,0.8349291086196899,0.0008543537461047787,"","","","","","","","","","","",""
7420,"2026-08-05 18:30:04.520365","train",22,0.37088441848754883,0.0008565264049599257,"","","","","","","","","","","",""
7440,"2026-08-05 18:30:05.389383","train",22,0.5470730066299438,0.0008586855876472072,"","","","","","","","","","","",""
7460,"2026-08-05 18:30:06.227381","train",22,1.4747517108917236,0.0008608312077023587,"","","","","","","","","","","",""
7480,"2026-08-05 18:30:07.038321","train",22,0.44538503885269165,0.0008629631792042288,"","","","","","","","","","","",""
7500,"2026-08-05 18:30:07.876542","train",22,0.3095546364784241,0.0008650814167782218,"","","","","","","","","","","",""
7520,"2026-08-05 18:30:08.747721","train",22,0.9373378753662109,0.0008671858355997154,"","","","","","","","","","","",""
7540,"2026-08-05 18:30:09.630643","train",22,0.7494582533836365,0.0008692763513974584,"","","","","","","","","","","",""
7560,"2026-08-05 18:30:10.429490","train",22,0.519315242767334,0.0008713528804569443,"","","","","","","","","","","",""
7580,"2026-08-05 18:30:11.194462","train",22,0.8405423164367676,0.0008734153396237648,"","","","","","","","","","","",""
7600,"2026-08-05 18:30:12.090850","train",22,0.29986220598220825,0.0008754636463069386,"","","","","","","","","","","",""
7613,"2026-08-05 18:30:28.176289","val",22,"","",0.8165228549935838,0.29358118223511687,0.6728070175438596,0.6164408636890868,0.47553516819571867,0.19672131147540983,0.820754716981132,0.7407407407407407,0.8560481663929939,0.7205240174672489,0.8039473485363677,0.6491028197094845
7620,"2026-08-05 18:30:38.915542","train",23,0.6647921800613403,0.0008774977184822196,"","","","","","","","","","","",""
7640,"2026-08-05 18:30:39.726569","train",23,0.38648509979248047,0.0008795174746953809,"","","","","","","","","","","",""
7660,"2026-08-05 18:30:40.533540","train",23,0.3583390712738037,0.0008815228340654773,"","","","","","","","","","","",""
7680,"2026-08-05 18:30:41.403255","train",23,0.768024206161499,0.0008835137162880836,"","","","","","","","","","","",""
7700,"2026-08-05 18:30:42.245467","train",23,0.5214711427688599,0.0008854900416385106,"","","","","","","","","","","",""
7720,"2026-08-05 18:30:43.103668","train",23,0.3433702290058136,0.0008874517309749978,"","","","","","","","","","","",""
7740,"2026-08-05 18:30:44.020013","train",23,0.4788438677787781,0.0008893987057418823,"","","","","","","","","","","",""
7760,"2026-08-05 18:30:44.828488","train",23,0.37578684091567993,0.0008913308879727447,"","","","","","","","","","","",""
7780,"2026-08-05 18:30:45.657007","train",23,0.720676064491272,0.0008932482002935317,"","","","","","","","","","","",""
7800,"2026-08-05 18:30:46.529618","train",23,1.1798794269561768,0.0008951505659256537,"","","","","","","","","","","",""
7820,"2026-08-05 18:30:47.321812","train",23,0.33142906427383423,0.00089703790868906,"","","","","","","","","","","",""
7840,"2026-08-05 18:30:48.170256","train",23,0.7547222375869751,0.0008989101530052893,"","","","","","","","","","","",""
7860,"2026-08-05 18:30:48.987196","train",23,0.8771672248840332,0.0009007672239004957,"","","","","","","","","","","",""
7880,"2026-08-05 18:30:49.820148","train",23,0.35799261927604675,0.0009026090470084525,"","","","","","","","","","","",""
7900,"2026-08-05 18:30:50.745152","train",23,0.6487091183662415,0.0009044355485735282,"","","","","","","","","","","",""
7920,"2026-08-05 18:30:51.672207","train",23,1.1315335035324097,0.0009062466554536415,"","","","","","","","","","","",""
7940,"2026-08-05 18:30:52.544116","train",23,0.8256418108940125,0.0009080422951231897,"","","","","","","","","","","",""
7944,"2026-08-05 18:31:08.443062","val",23,"","",0.7923093942209832,0.3020169879941924,0.6290271132376396,0.5970999663896481,0.8830275229357798,0.37551020408163266,0.7861635220125787,0.6296296296296297,0.7805145046524357,0.5043668122270742,0.7946532468906319,0.6395613785246369
7960,"2026-08-05 18:31:19.648554","train",24,0.3665385842323303,0.0009098223956759534,"","","","","","","","","","","",""
7980,"2026-08-05 18:31:20.510907","train",24,1.276497483253479,0.0009115868858279749,"","","","","","","","","","","",""
8000,"2026-08-05 18:31:21.303085","train",24,0.42898693680763245,0.0009133356949204143,"","","","","","","","","","","",""
8020,"2026-08-05 18:31:22.152652","train",24,0.9610644578933716,0.0009150687529223777,"","","","","","","","","","","",""
8040,"2026-08-05 18:31:22.981253","train",24,0.3185138702392578,0.0009167859904337225,"","","","","","","","","","","",""
8060,"2026-08-05 18:31:23.823430","train",24,0.7858695983886719,0.0009184873386878355,"","","","","","","","","","","",""
8080,"2026-08-05 18:31:24.613079","train",24,0.30698978900909424,0.0009201727295543884,"","","","","","","","","","","",""
8100,"2026-08-05 18:31:25.413695","train",24,0.31080129742622375,0.0009218420955420638,"","","","","","","","","","","",""
8120,"2026-08-05 18:31:26.311875","train",24,0.3767454922199249,0.0009234953698012599,"","","","","","","","","","","",""
8140,"2026-08-05 18:31:27.152547","train",24,0.6711838245391846,0.0009251324861267662,"","","","","","","","","","","",""
8160,"2026-08-05 18:31:27.957557","train",24,0.7269892692565918,0.0009267533789604151,"","","","","","","","","","","",""
8180,"2026-08-05 18:31:28.849784","train",24,0.46529167890548706,0.0009283579833937074,"","","","","","","","","","","",""
8200,"2026-08-05 18:31:29.690888","train",24,0.38872185349464417,0.0009299462351704114,"","","","","","","","","","","",""
8220,"2026-08-05 18:31:30.575527","train",24,0.459982693195343,0.0009315180706891356,"","","","","","","","","","","",""
8240,"2026-08-05 18:31:31.444432","train",24,0.27227550745010376,0.0009330734270058764,"","","","","","","","","","","",""
8260,"2026-08-05 18:31:32.250283","train",24,0.8910295963287354,0.0009346122418365379,"","","","","","","","","","","",""
8275,"2026-08-05 18:31:48.693189","val",24,"","",0.8088410991636799,0.30509257926346833,0.6582137161084529,0.6010670353868569,0.9105504587155964,0.3389830508474576,0.7767295597484277,0.7777777777777778,0.8256704980842912,0.631004366812227,0.8042798204651584,0.6502420962688693
8280,"2026-08-05 18:31:59.450137","train",25,1.4415605068206787,0.0009361344535594268,"","","","","","","","","","","",""
8300,"2026-08-05 18:32:00.294507","train",25,0.25150996446609497,0.0009376400012177194,"","","","","","","","","","","",""
8320,"2026-08-05 18:32:01.118293","train",25,0.3499577045440674,0.000939128824521903,"","","","","","","","","","","",""
8340,"2026-08-05 18:32:01.947540","train",25,1.0112663507461548,0.0009406008638521901,"","","","","","","","","","","",""
8360,"2026-08-05 18:32:02.845409","train",25,0.30943071842193604,0.0009420560602609058,"","","","","","","","","","","",""
8380,"2026-08-05 18:32:03.648177","train",25,0.971061110496521,0.0009434943554748481,"","","","","","","","","","","",""
8400,"2026-08-05 18:32:04.518141","train",25,0.34912481904029846,0.0009449156918976226,"","","","","","","","","","","",""
8420,"2026-08-05 18:32:05.467038","train",25,0.5181772112846375,0.0009463200126119469,"","","","","","","","","","","",""
8440,"2026-08-05 18:32:06.311643","train",25,0.2755051553249359,0.000947707261381932,"","","","","","","","","","","",""
8460,"2026-08-05 18:32:07.159439","train",25,0.43271756172180176,0.0009490773826553327,"","","","","","","","","","","",""
8480,"2026-08-05 18:32:07.947876","train",25,0.226874440908432,0.0009504303215657731,"","","","","","","","","","","",""
8500,"2026-08-05 18:32:08.800337","train",25,0.5140059590339661,0.000951766023934943,"","","","","","","","","","","",""
8520,"2026-08-05 18:32:09.683985","train",25,0.7296385765075684,0.0009530844362747686,"","","","","","","","","","","",""
8540,"2026-08-05 18:32:10.508951","train",25,1.0699580907821655,0.0009543855057895528,"","","","","","","","","","","",""
8560,"2026-08-05 18:32:11.292027","train",25,0.9794207811355591,0.000955669180378091,"","","","","","","","","","","",""
8580,"2026-08-05 18:32:12.100026","train",25,0.9683165550231934,0.0009569354086357561,"","","","","","","","","","","",""
8600,"2026-08-05 18:32:12.962444","train",25,1.0057601928710938,0.0009581841398565582,"","","","","","","","","","","",""
8606,"2026-08-05 18:32:28.963603","val",25,"","",0.8007433957254746,0.3149603902868731,0.6389952153110048,0.5933211108766184,0.7071865443425076,0.2648752399232246,0.7232704402515724,0.5555555555555556,0.7714833059660646,0.5109170305676856,0.8107932477973736,0.6674736542295642
8620,"2026-08-05 18:32:39.955717","train",26,0.4402626156806946,0.0009594153240351745,"","","","","","","","","","","",""
8640,"2026-08-05 18:32:40.768562","train",26,1.6091002225875854,0.0009606289118689515,"","","","","","","","","","","",""
8660,"2026-08-05 18:32:41.618518","train",26,0.6687833070755005,0.0009618248547598799,"","","","","","","","","","","",""
8680,"2026-08-05 18:32:42.466727","train",26,1.216264009475708,0.0009630031048165405,"","","","","","","","","","","",""
8700,"2026-08-05 18:32:43.267536","train",26,0.2615700960159302,0.0009641636148560219,"","","","","","","","","","","",""
8720,"2026-08-05 18:32:44.092314","train",26,0.46432650089263916,0.00096530633840581,"","","","","","","","","","","",""
8740,"2026-08-05 18:32:44.943798","train",26,0.7546514272689819,0.0009664312297056489,"","","","","","","","","","","",""
8760,"2026-08-05 18:32:45.804133","train",26,0.746565580368042,0.0009675382437093735,"","","","","","","","","","","",""
8780,"2026-08-05 18:32:46.705797","train",26,1.2145859003067017,0.0009686273360867137,"","","","","","","","","","","",""
8800,"2026-08-05 18:32:47.541515","train",26,0.4599628448486328,0.0009696984632250685,"","","","","","","","","","","",""
8820,"2026-08-05 18:32:48.560356","train",26,0.5187886953353882,0.0009707515822312537,"","","","","","","","","","","",""
8840,"2026-08-05 18:32:49.569952","train",26,0.41421133279800415,0.000971786650933219,"","","","","","","","","","","",""
8860,"2026-08-05 18:32:50.601684","train",26,0.4925662875175476,0.0009728036278817365,"","","","","","","","","","","",""
8880,"2026-08-05 18:32:51.436729","train",26,0.3253600001335144,0.0009738024723520612,"","","","","","","","","","","",""
8900,"2026-08-05 18:32:52.226225","train",26,0.20215025544166565,0.0009747831443455613,"","","","","","","","","","","",""
8920,"2026-08-05 18:32:53.058529","train",26,0.6849002838134766,0.0009757456045913201,"","","","","","","","","","","",""
8937,"2026-08-05 18:33:09.548480","val",26,"","",0.8122040798265412,0.2871537038039906,0.6719298245614035,0.627445880443939,0.8394495412844036,0.3674698795180723,0.8018867924528302,0.7037037037037037,0.8511220580186097,0.6768558951965066,0.8002901573196718,0.6499572771290231
8940,"2026-08-05 18:33:20.211739","train",27,0.9352198839187622,0.0009766898145477088,"","","","","","","","","","","",""
8960,"2026-08-05 18:33:21.078505","train",27,0.5078071355819702,0.0009776157364039294,"","","","","","","","","","","",""
8980,"2026-08-05 18:33:21.891989","train",27,0.3941478133201599,0.0009785233330815294,"","","","","","","","","","","",""
9000,"2026-08-05 18:33:22.728227","train",27,0.44503462314605713,0.000979412568235886,"","","","","","","","","","","",""
9020,"2026-08-05 18:33:23.511870","train",27,0.6121108531951904,0.000980283406257662,"","","","","","","","","","","",""
9040,"2026-08-05 18:33:24.382760","train",27,0.35341185331344604,0.0009811358122742322,"","","","","","","","","","","",""
9060,"2026-08-05 18:33:25.203155","train",27,1.3531572818756104,0.0009819697521510783,"","","","","","","","","","","",""
9080,"2026-08-05 18:33:26.064439","train",27,1.1529409885406494,0.0009827851924931572,"","","","","","","","","","","",""
9100,"2026-08-05 18:33:26.873988","train",27,1.1411128044128418,0.0009835821006462383,"","","","","","","","","","","",""
9120,"2026-08-05 18:33:27.717003","train",27,0.4368390440940857,0.0009843604446982104,"","","","","","","","","","","",""
9140,"2026-08-05 18:33:28.557123","train",27,0.8070816993713379,0.00098512019348036,"","","","","","","","","","","",""
9160,"2026-08-05 18:33:29.451403","train",27,1.2413742542266846,0.0009858613165686192,"","","","","","","","","","","",""
9180,"2026-08-05 18:33:30.338102","train",27,0.32964402437210083,0.0009865837842847848,"","","","","","","","","","","",""
9200,"2026-08-05 18:33:31.124552","train",27,0.2915109395980835,0.0009872875676977054,"","","","","","","","","","","",""
9220,"2026-08-05 18:33:31.941763","train",27,0.2287060022354126,0.0009879726386244417,"","","","","","","","","","","",""
9240,"2026-08-05 18:33:32.878067","train",27,0.3062208890914917,0.0009886389696313932,"","","","","","","","","","","",""
9260,"2026-08-05 18:33:33.765646","train",27,0.267392635345459,0.0009892865340353984,"","","","","","","","","","","",""
9268,"2026-08-05 18:33:49.954163","val",27,"","",0.8173016505155096,0.28078195559789254,0.6913078149920255,0.6409546810108351,0.7752293577981652,0.3130841121495327,0.7610062893081762,0.5925925925925926,0.8617952928297756,0.7292576419213974,0.8091157757930212,0.6754485901452577
9280,"2026-08-05 18:34:00.882115","train",28,0.3646540641784668,0.0009899153059048022,"","","","","","","","","","","",""
9300,"2026-08-05 18:34:01.703212","train",28,1.1131452322006226,0.000990525260060495,"","","","","","","","","","","",""
9320,"2026-08-05 18:34:02.583538","train",28,0.3110935389995575,0.0009911163720769207,"","","","","","","","","","","",""
9340,"2026-08-05 18:34:03.397296","train",28,0.5400604605674744,0.0009916886182830546,"","","","","","","","","","","",""
9360,"2026-08-05 18:34:04.309045","train",28,1.2344918251037598,0.0009922419757633523,"","","","","","","","","","","",""
9380,"2026-08-05 18:34:05.169284","train",28,1.0788836479187012,0.0009927764223586657,"","","","","","","","","","","",""
9400,"2026-08-05 18:34:06.030138","train",28,0.33984053134918213,0.000993291936667132,"","","","","","","","","","","",""
9420,"2026-08-05 18:34:06.870495","train",28,0.43379271030426025,0.0009937884980450297,"","","","","","","","","","","",""
9440,"2026-08-05 18:34:07.686449","train",28,0.6023082733154297,0.0009942660866076058,"","","","","","","","","","","",""
9460,"2026-08-05 18:34:08.521049","train",28,0.46093881130218506,0.0009947246832298715,"","","","","","","","","","","",""
9480,"2026-08-05 18:34:09.519297","train",28,0.5632370710372925,0.000995164269547369,"","","","","","","","","","","",""
9500,"2026-08-05 18:34:10.312063","train",28,0.3626507520675659,0.0009955848279569056,"","","","","","","","","","","",""
9520,"2026-08-05 18:34:11.100652","train",28,0.7868520021438599,0.0009959863416172602,"","","","","","","","","","","",""
9540,"2026-08-05 18:34:11.951721","train",28,1.8790245056152344,0.0009963687944498565,"","","","","","","","","","","",""
9560,"2026-08-05 18:34:12.826924","train",28,0.8660564422607422,0.0009967321711394069,"","","","","","","","","","","",""
9580,"2026-08-05 18:34:13.676789","train",28,0.8395220041275024,0.0009970764571345266,"","","","","","","","","","","",""
9599,"2026-08-05 18:34:30.206041","val",28,"","",0.8217620248683571,0.2998712081582694,0.6917065390749602,0.6691445246850083,0.7920489296636085,0.3165829145728643,0.7861635220125787,0.8888888888888888,0.8344280240831965,0.6703056768558951,0.8176995964999774,0.6834235260609512
9600,"2026-08-05 18:34:40.698076","train",29,0.23605427145957947,0.0009974016386483156,"","","","","","","","","","","",""
9620,"2026-08-05 18:34:41.505364","train",29,0.4445885419845581,0.0009977077026589113,"","","","","","","","","","","",""
9640,"2026-08-05 18:34:42.327785","train",29,1.1210699081420898,0.0009979946369100096,"","","","","","","","","","","",""
9660,"2026-08-05 18:34:43.269638","train",29,0.5461488962173462,0.0009982624299113554,"","","","","","","","","","","",""
9680,"2026-08-05 18:34:44.197287","train",29,1.815513253211975,0.0009985110709392038,"","","","","","","","","","","",""
9700,"2026-08-05 18:34:45.026666","train",29,0.4438534379005432,0.000998740550036748,"","","","","","","","","","","",""
9720,"2026-08-05 18:34:45.965257","train",29,0.4312853515148163,0.0009989508580145199,"","","","","","","","","","","",""
9740,"2026-08-05 18:34:46.754262","train",29,0.5397486686706543,0.0009991419864507562,"","","","","","","","","","","",""
9760,"2026-08-05 18:34:47.597101","train",29,0.6111916303634644,0.000999313927691737,"","","","","","","","","","","",""
9780,"2026-08-05 18:34:48.413658","train",29,0.47971847653388977,0.0009994666748520916,"","","","","","","","","","","",""
9800,"2026-08-05 18:34:49.304122","train",29,1.0323803424835205,0.0009996002218150746,"","","","","","","","","","","",""
9820,"2026-08-05 18:34:50.116553","train",29,1.1468288898468018,0.0009997145632328103,"","","","","","","","","","","",""
9840,"2026-08-05 18:34:50.996359","train",29,0.5728671550750732,0.0009998096945265079,"","","","","","","","","","","",""
9860,"2026-08-05 18:34:51.817799","train",29,1.5482040643692017,0.0009998856118866436,"","","","","","","","","","","",""
9880,"2026-08-05 18:34:52.737681","train",29,0.9098764061927795,0.000999942312273114,"","","","","","","","","","","",""
9900,"2026-08-05 18:34:53.692003","train",29,0.21552243828773499,0.0009999797934153573,"","","","","","","","","","","",""
9920,"2026-08-05 18:34:54.637056","train",29,0.467306911945343,0.000999998053812445,"","","","","","","","","","","",""
9930,"2026-08-05 18:35:10.524668","val",29,"","",0.8216292756316651,0.30110944187121486,0.6924242424242424,0.6683944229495113,0.668960244648318,0.26981450252951095,0.7610062893081762,0.6296296296296297,0.8492063492063492,0.6921397379912664,0.8178658324643725,0.6879806322984905
9940,"2026-08-05 18:35:21.604904","train",30,0.42766135931015015,0.0009999994438765105,"","","","","","","","","","","",""
9960,"2026-08-05 18:35:22.523508","train",30,0.3807435631752014,0.0009999955831902017,"","","","","","","","","","","",""
9980,"2026-08-05 18:35:23.324856","train",30,0.2830749452114105,0.0009999880456884277,"","","","","","","","","","","",""
10000,"2026-08-05 18:35:24.184479","train",30,1.529039978981018,0.0009999768314266173,"","","","","","","","","","","",""
10020,"2026-08-05 18:35:24.980473","train",30,1.424274206161499,0.0009999619404872366,"","","","","","","","","","","",""
10040,"2026-08-05 18:35:25.882238","train",30,0.2971125841140747,0.00099994337297979,"","","","","","","","","","","",""
10060,"2026-08-05 18:35:26.755075","train",30,1.2890393733978271,0.0009999211290408175,"","","","","","","","","","","",""
10080,"2026-08-05 18:35:27.546659","train",30,0.6473208069801331,0.000999895208833895,"","","","","","","","","","","",""
10100,"2026-08-05 18:35:28.393374","train",30,0.3653053343296051,0.000999865612549633,"","","","","","","","","","","",""
10120,"2026-08-05 18:35:29.355673","train",30,0.3503267168998718,0.000999832340405674,"","","","","","","","","","","",""
10140,"2026-08-05 18:35:30.217660","train",30,0.7918998003005981,0.000999795392646692,"","","","","","","","","","","",""
10160,"2026-08-05 18:35:31.054187","train",30,0.758941650390625,0.0009997547695443914,"","","","","","","","","","","",""
10180,"2026-08-05 18:35:31.877248","train",30,0.7773187756538391,0.0009997104713975026,"","","","","","","","","","","",""
10200,"2026-08-05 18:35:32.901829","train",30,0.9023801684379578,0.0009996624985317824,"","","","","","","","","","","",""
10220,"2026-08-05 18:35:33.778020","train",30,0.6516926288604736,0.0009996108513000098,"","","","","","","","","","","",""
10240,"2026-08-05 18:35:34.641861","train",30,2.304431915283203,0.0009995555300819849,"","","","","","","","","","","",""
10260,"2026-08-05 18:35:35.421982","train",30,0.7909064292907715,0.0009994965352845243,"","","","","","","","","","","",""
10261,"2026-08-05 18:35:51.218193","val",30,"","",0.8245674587371121,0.3063071671692596,0.6924242424242424,0.656867605966204,0.6345565749235474,0.24842767295597484,0.8427672955974843,0.8148148148148148,0.8593322386425835,0.7358078602620087,0.8128485288117151,0.667188835089718
10280,"2026-08-05 18:36:02.667056","train",31,0.29420509934425354,0.0009994338673414596,"","","","","","","","","","","",""
10300,"2026-08-05 18:36:03.499891","train",31,0.3039039373397827,0.0009993675267136336,"","","","","","","","","","","",""
10320,"2026-08-05 18:36:04.330862","train",31,0.90522301197052,0.000999297513888897,"","","","","","","","","","","",""
10340,"2026-08-05 18:36:05.143784","train",31,0.6353453397750854,0.0009992238293821051,"","","","","","","","","","","",""
10360,"2026-08-05 18:36:06.025454","train",31,0.2929433584213257,0.0009991464737351137,"","","","","","","","","","","",""
10380,"2026-08-05 18:36:06.824104","train",31,0.2478223741054535,0.0009990654475167742,"","","","","","","","","","","",""
10400,"2026-08-05 18:36:07.687943","train",31,0.967485785484314,0.0009989807513229318,"","","","","","","","","","","",""
10420,"2026-08-05 18:36:08.538350","train",31,0.8641670346260071,0.0009988923857764192,"","","","","","","","","","","",""
10440,"2026-08-05 18:36:09.434050","train",31,0.9488455057144165,0.0009988003515270518,"","","","","","","","","","","",""
10460,"2026-08-05 18:36:10.289480","train",31,0.7133736610412598,0.0009987046492516245,"","","","","","","","","","","",""
10480,"2026-08-05 18:36:11.135411","train",31,1.2955318689346313,0.0009986052796539056,"","","","","","","","","","","",""
10500,"2026-08-05 18:36:12.041063","train",31,0.2522428035736084,0.0009985022434646313,"","","","","","","","","","","",""
10520,"2026-08-05 18:36:12.975868","train",31,2.1579504013061523,0.0009983955414415023,"","","","","","","","","","","",""
10540,"2026-08-05 18:36:13.821848","train",31,0.7669304013252258,0.0009982851743691751,"","","","","","","","","","","",""
10560,"2026-08-05 18:36:14.633072","train",31,0.2916974127292633,0.0009981711430592597,"","","","","","","","","","","",""
10580,"2026-08-05 18:36:15.446348","train",31,1.029212236404419,0.0009980534483503103,"","","","","","","","","","","",""
10592,"2026-08-05 18:36:31.785178","val",31,"","",0.8211071286340104,0.27637633161728914,0.6976874003189792,0.6551656045048274,0.7935779816513762,0.3316831683168317,0.8176100628930818,0.7777777777777778,0.8596059113300493,0.7379912663755459,0.811019933203367,0.6714611221874109
10600,"2026-08-05 18:36:42.500377","train",32,0.593387246131897,0.0009979320911078216,"","","","","","","","","","","",""
10620,"2026-08-05 18:36:43.336654","train",32,0.3212027847766876,0.000997807072224222,"","","","","","","","","","","",""
10640,"2026-08-05 18:36:44.195126","train",32,0.6890385746955872,0.000997678392618865,"","","","","","","","","","","",""
10660,"2026-08-05 18:36:45.034867","train",32,0.6385949850082397,0.000997546053238026,"","","","","","","","","","","",""
10680,"2026-08-05 18:36:45.837698","train",32,0.9559959769248962,0.000997410055054892,"","","","","","","","","","","",""
10700,"2026-08-05 18:36:46.631750","train",32,0.397028386592865,0.0009972703990695565,"","","","","","","","","","","",""
10720,"2026-08-05 18:36:47.451783","train",32,0.2654804587364197,0.000997127086309011,"","","","","","","","","","","",""
10740,"2026-08-05 18:36:48.361014","train",32,0.45203936100006104,0.0009969801178271384,"","","","","","","","","","","",""
10760,"2026-08-05 18:36:49.186277","train",32,1.6527621746063232,0.0009968294947047046,"","","","","","","","","","","",""
10780,"2026-08-05 18:36:50.018846","train",32,0.5515881776809692,0.0009966752180493503,"","","","","","","","","","","",""
10800,"2026-08-05 18:36:50.940422","train",32,0.8762814998626709,0.0009965172889955837,"","","","","","","","","","","",""
10820,"2026-08-05 18:36:51.730801","train",32,0.988906979560852,0.0009963557087047722,"","","","","","","","","","","",""
10840,"2026-08-05 18:36:52.595767","train",32,0.40478426218032837,0.0009961904783651323,"","","","","","","","","","","",""
10860,"2026-08-05 18:36:53.418059","train",32,1.0171793699264526,0.000996021599191723,"","","","","","","","","","","",""
10880,"2026-08-05 18:36:54.237549","train",32,1.4079958200454712,0.000995849072426435,"","","","","","","","","","","",""
10900,"2026-08-05 18:36:55.181406","train",32,0.5482173562049866,0.0009956728993379827,"","","","","","","","","","","",""
10920,"2026-08-05 18:36:56.006935","train",32,0.5294215083122253,0.000995493081221895,"","","","","","","","","","","",""
10923,"2026-08-05 18:37:11.841869","val",32,"","",0.8115934333377584,0.2783843787790042,0.6762360446570973,0.634344093159581,0.6422018348623854,0.2523961661341853,0.7861635220125787,0.6296296296296297,0.8166392993979201,0.6200873362445415,0.8146317873388645,0.6770150954144118
10940,"2026-08-05 18:37:23.011636","train",33,1.3992674350738525,0.0009953096194005046,"","","","","","","","","","","",""
10960,"2026-08-05 18:37:23.875528","train",33,0.2241288423538208,0.0009951225152229392,"","","","","","","","","","","",""
10980,"2026-08-05 18:37:24.728235","train",33,0.35633575916290283,0.0009949317700651118,"","","","","","","","","","","",""
11000,"2026-08-05 18:37:25.582794","train",33,0.2218749225139618,0.0009947373853297099,"","","","","","","","","","","",""
11020,"2026-08-05 18:37:26.466527","train",33,0.25081390142440796,0.0009945393624461855,"","","","","","","","","","","",""
11040,"2026-08-05 18:37:27.242324","train",33,0.6861902475357056,0.0009943377028707441,"","","","","","","","","","","",""
11060,"2026-08-05 18:37:28.036662","train",33,0.43293440341949463,0.0009941324080863353,"","","","","","","","","","","",""
11080,"2026-08-05 18:37:28.998650","train",33,0.9654023051261902,0.0009939234796026402,"","","","","","","","","","","",""
11100,"2026-08-05 18:37:29.857958","train",33,0.9600455164909363,0.0009937109189560617,"","","","","","","","","","","",""
11120,"2026-08-05 18:37:30.708634","train",33,0.5355895757675171,0.0009934947277097125,"","","","","","","","","","","",""
11140,"2026-08-05 18:37:31.509623","train",33,1.0887079238891602,0.0009932749074534032,"","","","","","","","","","","",""
11160,"2026-08-05 18:37:32.397766","train",33,1.0265052318572998,0.000993051459803632,"","","","","","","","","","","",""
11180,"2026-08-05 18:37:33.255269","train",33,0.3851200342178345,0.0009928243864035713,"","","","","","","","","","","",""
11200,"2026-08-05 18:37:34.102412","train",33,0.5540949702262878,0.0009925936889230564,"","","","","","","","","","","",""
11220,"2026-08-05 18:37:34.945266","train",33,0.4059784412384033,0.0009923593690585738,"","","","","","","","","","","",""
11240,"2026-08-05 18:37:35.747187","train",33,0.4799485206604004,0.0009921214285332468,"","","","","","","","","","","",""
11254,"2026-08-05 18:37:52.119524","val",33,"","",0.8148413646621532,0.27732818754503313,0.6802232854864434,0.6675827317689608,0.6460244648318043,0.2520193861066236,0.770440251572327,0.7037037037037037,0.8423645320197044,0.6855895196506551,0.8075743150322648,0.6782967815437198
11260,"2026-08-05 18:38:02.926315","train",34,0.798461377620697,0.0009918798690968247,"","","","","","","","","","","",""
11280,"2026-08-05 18:38:03.815816","train",34,0.8219658136367798,0.0009916346925256698,"","","","","","","","","","","",""
11300,"2026-08-05 18:38:04.656587","train",34,1.3185350894927979,0.0009913859006227426,"","","","","","","","","","","",""
11320,"2026-08-05 18:38:05.542235","train",34,0.2843337655067444,0.0009911334952175906,"","","","","","","","","","","",""
11340,"2026-08-05 18:38:06.408063","train",34,0.7632092833518982,0.000990877478166334,"","","","","","","","","","","",""
11360,"2026-08-05 18:38:07.264430","train",34,0.4822022020816803,0.0009906178513516518,"","","","","","","","","","","",""
11380,"2026-08-05 18:38:08.121945","train",34,0.19990769028663635,0.0009903546166827681,"","","","","","","","","","","",""
11400,"2026-08-05 18:38:08.916633","train",34,0.5004249811172485,0.0009900877760954387,"","","","","","","","","","","",""
11420,"2026-08-05 18:38:09.742699","train",34,0.9494724273681641,0.0009898173315519357,"","","","","","","","","","","",""
11440,"2026-08-05 18:38:10.569880","train",34,0.7277506589889526,0.000989543285041034,"","","","","","","","","","","",""
11460,"2026-08-05 18:38:11.359301","train",34,0.5834789276123047,0.0009892656385779965,"","","","","","","","","","","",""
11480,"2026-08-05 18:38:12.194886","train",34,0.9395508766174316,0.0009889843942045588,"","","","","","","","","","","",""
11500,"2026-08-05 18:38:13.016072","train",34,0.2872244119644165,0.000988699553988915,"","","","","","","","","","","",""
11520,"2026-08-05 18:38:13.850917","train",34,0.4723781645298004,0.0009884111200257016,"","","","","","","","","","","",""
11540,"2026-08-05 18:38:14.650466","train",34,1.0454899072647095,0.0009881190944359829,"","","","","","","","","","","",""
11560,"2026-08-05 18:38:15.473547","train",34,0.8802944421768188,0.0009878234793672348,"","","","","","","","","","","",""
11580,"2026-08-05 18:38:16.316294","train",34,0.8222503662109375,0.0009875242769933294,"","","","","","","","","","","",""
11585,"2026-08-05 18:38:32.233040","val",34,"","",0.804398424709058,0.3043235552184999,0.676555023923445,0.6259037825863618,0.6613149847094801,0.24787775891341257,0.7767295597484276,0.6296296296296297,0.8119868637110016,0.6375545851528385,0.8115337534569524,0.6791512389632584
11600,"2026-08-05 18:38:43.527081","train",35,0.3787651062011719,0.0009872214895145187,"","","","","","","","","","","",""
11620,"2026-08-05 18:38:44.386445","train",35,0.23664556443691254,0.0009869151191574184,"","","","","","","","","","","",""
11640,"2026-08-05 18:38:45.169484","train",35,0.31767594814300537,0.0009866051681749924,"","","","","","","","","","","",""
11660,"2026-08-05 18:38:46.014495","train",35,0.23082613945007324,0.0009862916388465345,"","","","","","","","","","","",""
11680,"2026-08-05 18:38:46.836721","train",35,0.6249159574508667,0.000985974533477654,"","","","","","","","","","","",""
11700,"2026-08-05 18:38:47.625712","train",35,1.4607248306274414,0.0009856538544002562,"","","","","","","","","","","",""
11720,"2026-08-05 18:38:48.511854","train",35,0.6165155172348022,0.000985329603972527,"","","","","","","","","","","",""
11740,"2026-08-05 18:38:49.334246","train",35,0.3790355622768402,0.000985001784578915,"","","","","","","","","","","",""
11760,"2026-08-05 18:38:50.170308","train",35,0.3950669765472412,0.000984670398630114,"","","","","","","","","","","",""
11780,"2026-08-05 18:38:50.973160","train",35,1.1900150775909424,0.000984335448563045,"","","","","","","","","","","",""
11800,"2026-08-05 18:38:51.840731","train",35,0.2697391211986542,0.0009839969368408393,"","","","","","","","","","","",""
11820,"2026-08-05 18:38:52.736596","train",35,0.4703652858734131,0.0009836548659528188,"","","","","","","","","","","",""
11840,"2026-08-05 18:38:53.641332","train",35,1.0276302099227905,0.0009833092384144788,"","","","","","","","","","","",""
11860,"2026-08-05 18:38:54.437648","train",35,0.3315473198890686,0.0009829600567674694,"","","","","","","","","","","",""
11880,"2026-08-05 18:38:55.266208","train",35,0.29395782947540283,0.0009826073235795765,"","","","","","","","","","","",""
11900,"2026-08-05 18:38:56.227545","train",35,0.7734373807907104,0.0009822510414447029,"","","","","","","","","","","",""
11916,"2026-08-05 18:39:12.540468","val",35,"","",0.8194875879463693,0.2978287501345263,0.676475279106858,0.6301574039044713,0.52217125382263,0.21185372005044137,0.8113207547169812,0.7407407407407407,0.8453749315818282,0.6965065502183406,0.8123498209185294,0.655511250356024
11920,"2026-08-05 18:39:23.190787","train",36,0.6196907162666321,0.0009818912129828496,"","","","","","","","","","","",""
11940,"2026-08-05 18:39:24.025766","train",36,0.8616810441017151,0.0009815278408400966,"","","","","","","","","","","",""
11960,"2026-08-05 18:39:24.874803","train",36,0.539291501045227,0.0009811609276885824,"","","","","","","","","","","",""
11980,"2026-08-05 18:39:25.722512","train",36,0.3163357973098755,0.0009807904762264856,"","","","","","","","","","","",""
12000,"2026-08-05 18:39:26.649942","train",36,0.7711519598960876,0.0009804164891780048,"","","","","","","","","","","",""
12020,"2026-08-05 18:39:27.458933","train",36,0.2778090834617615,0.0009800389692933376,"","","","","","","","","","","",""
12040,"2026-08-05 18:39:28.348180","train",36,0.42174750566482544,0.000979657919348662,"","","","","","","","","","","",""
12060,"2026-08-05 18:39:29.187674","train",36,0.7306854724884033,0.000979273342146114,"","","","","","","","","","","",""
12080,"2026-08-05 18:39:30.101092","train",36,0.6418682336807251,0.0009788852405137694,"","","","","","","","","","","",""
12100,"2026-08-05 18:39:30.940086","train",36,1.1579042673110962,0.0009784936173056205,"","","","","","","","","","","",""
12120,"2026-08-05 18:39:31.711687","train",36,0.2966620624065399,0.0009780984754015568,"","","","","","","","","","","",""
12140,"2026-08-05 18:39:32.531106","train",36,0.2960513234138489,0.0009776998177073437,"","","","","","","","","","","",""
12160,"2026-08-05 18:39:33.373329","train",36,0.37320810556411743,0.0009772976471546001,"","","","","","","","","","","",""
12180,"2026-08-05 18:39:34.274465","train",36,2.2719554901123047,0.0009768919667007777,"","","","","","","","","","","",""
12200,"2026-08-05 18:39:35.142622","train",36,0.8042937517166138,0.0009764827793291393,"","","","","","","","","","","",""
12220,"2026-08-05 18:39:36.004371","train",36,0.828645646572113,0.0009760700880487366,"","","","","","","","","","","",""
12240,"2026-08-05 18:39:36.842640","train",36,0.2836572229862213,0.0009756538958943874,"","","","","","","","","","","",""
12247,"2026-08-05 18:39:53.032086","val",36,"","",0.8241692110270367,0.3154547529246244,0.6925039872408294,0.6453472924004726,0.7324159021406728,0.2971887550200803,0.7672955974842768,0.7037037037037037,0.8379857690202517,0.6834061135371179,0.8214474618790709,0.6790088293933352
12260,"2026-08-05 18:40:04.252363","train",37,0.6443166732788086,0.0009752342059266548,"","","","","","","","","","","",""
12280,"2026-08-05 18:40:05.036034","train",37,0.37861010432243347,0.0009748110212318236,"","","","","","","","","","","",""
12300,"2026-08-05 18:40:05.865816","train",37,0.22211650013923645,0.0009743843449218776,"","","","","","","","","","","",""
12320,"2026-08-05 18:40:06.727140","train",37,0.459655225276947,0.0009739541801344773,"","","","","","","","","","","",""
12340,"2026-08-05 18:40:07.567264","train",37,0.8636133074760437,0.0009735205300329363,"","","","","","","","","","","",""
12360,"2026-08-05 18:40:08.471782","train",37,0.5821505784988403,0.0009730833978061985,"","","","","","","","","","","",""
12380,"2026-08-05 18:40:09.405158","train",37,0.4048406779766083,0.000972642786668814,"","","","","","","","","","","",""
12400,"2026-08-05 18:40:10.221158","train",37,0.29351863265037537,0.0009721986998609161,"","","","","","","","","","","",""
12420,"2026-08-05 18:40:11.050770","train",37,1.0306880474090576,0.0009717511406481974,"","","","","","","","","","","",""
12440,"2026-08-05 18:40:11.878656","train",37,1.3995643854141235,0.0009713001123218853,"","","","","","","","","","","",""
12460,"2026-08-05 18:40:12.670740","train",37,0.6387866735458374,0.000970845618198718,"","","","","","","","","","","",""
12480,"2026-08-05 18:40:13.549912","train",37,0.3650801479816437,0.0009703876616209208,"","","","","","","","","","","",""
12500,"2026-08-05 18:40:14.502755","train",37,0.668542742729187,0.0009699262459561803,"","","","","","","","","","","",""
12520,"2026-08-05 18:40:15.396677","train",37,1.7145370244979858,0.0009694613745976206,"","","","","","","","","","","",""
12540,"2026-08-05 18:40:16.356010","train",37,0.38017362356185913,0.0009689930509637781,"","","","","","","","","","","",""
12560,"2026-08-05 18:40:17.160938","train",37,1.7829712629318237,0.000968521278498576,"","","","","","","","","","","",""
12578,"2026-08-05 18:40:33.767758","val",37,"","",0.8194344882516926,0.2999168534281126,0.699920255183413,0.6448149419757672,0.6857798165137615,0.2699822380106572,0.6918238993710693,0.5185185185185185,0.8555008210180624,0.7379912663755459,0.8197851022351181,0.6968100256337226
12580,"2026-08-05 18:40:44.325786","train",38,0.43963634967803955,0.0009680460606712997,"","","","","","","","","","","",""
12600,"2026-08-05 18:40:45.239068","train",38,0.9147601127624512,0.0009675674009765701,"","","","","","","","","","","",""
12620,"2026-08-05 18:40:46.080240","train",38,0.28457480669021606,0.0009670853029343196,"","","","","","","","","","","",""
12640,"2026-08-05 18:40:46.923321","train",38,0.5462071895599365,0.0009665997700897644,"","","","","","","","","","","",""
12660,"2026-08-05 18:40:47.700179","train",38,0.4608069062232971,0.0009661108060133798,"","","","","","","","","","","",""
12680,"2026-08-05 18:40:48.547213","train",38,0.9445733428001404,0.0009656184143008733,"","","","","","","","","","","",""
12700,"2026-08-05 18:40:49.393576","train",38,0.25556260347366333,0.0009651225985731584,"","","","","","","","","","","",""
12720,"2026-08-05 18:40:50.255674","train",38,0.631708562374115,0.0009646233624763276,"","","","","","","","","","","",""
12740,"2026-08-05 18:40:51.054365","train",38,0.31782007217407227,0.000964120709681626,"","","","","","","","","","","",""
12760,"2026-08-05 18:40:51.892198","train",38,0.3688051402568817,0.0009636146438854244,"","","","","","","","","","","",""
12780,"2026-08-05 18:40:52.859350","train",38,0.5948926210403442,0.0009631051688091915,"","","","","","","","","","","",""
12800,"2026-08-05 18:40:53.698611","train",38,0.9407169818878174,0.0009625922881994671,"","","","","","","","","","","",""
12820,"2026-08-05 18:40:54.670484","train",38,0.5179926156997681,0.0009620760058278342,"","","","","","","","","","","",""
12840,"2026-08-05 18:40:55.524563","train",38,0.9628804922103882,0.0009615563254908915,"","","","","","","","","","","",""
12860,"2026-08-05 18:40:56.432655","train",38,0.9863802790641785,0.0009610332510102259,"","","","","","","","","","","",""
12880,"2026-08-05 18:40:57.484893","train",38,0.259246289730072,0.0009605067862323829,"","","","","","","","","","","",""
12900,"2026-08-05 18:40:58.321654","train",38,0.2605437636375427,0.0009599769350288401,"","","","","","","","","","","",""
12909,"2026-08-05 18:41:14.537321","val",38,"","",0.8256294526306475,0.32022019020722153,0.7023125996810208,0.644155928772036,0.7148318042813455,0.28680688336520077,0.7987421383647799,0.7037037037037037,0.8645320197044335,0.7467248908296943,0.8223390911426455,0.691683281116491
12920,"2026-08-05 18:41:25.637321","train",39,0.43063250184059143,0.0009594437012959778,"","","","","","","","","","","",""
12940,"2026-08-05 18:41:26.468196","train",39,0.23483997583389282,0.0009589070889550502,"","","","","","","","","","","",""
12960,"2026-08-05 18:41:27.278900","train",39,1.3355764150619507,0.000958367101952157,"","","","","","","","","","","",""
12980,"2026-08-05 18:41:28.089526","train",39,0.9973032474517822,0.0009578237442582146,"","","","","","","","","","","",""
13000,"2026-08-05 18:41:28.943838","train",39,1.6636013984680176,0.000957277019868926,"","","","","","","","","","","",""
13020,"2026-08-05 18:41:29.714478","train",39,0.3624247908592224,0.0009567269328047523,"","","","","","","","","","","",""
13040,"2026-08-05 18:41:30.530195","train",39,1.4665707349777222,0.0009561734871108825,"","","","","","","","","","","",""
13060,"2026-08-05 18:41:31.316320","train",39,0.7106947302818298,0.0009556166868572042,"","","","","","","","","","","",""
13080,"2026-08-05 18:41:32.129841","train",39,0.4715728163719177,0.0009550565361382738,"","","","","","","","","","","",""
13100,"2026-08-05 18:41:33.105585","train",39,0.27917104959487915,0.0009544930390732855,"","","","","","","","","","","",""
13120,"2026-08-05 18:41:33.931287","train",39,0.3761044144630432,0.0009539261998060421,"","","","","","","","","","","",""
13140,"2026-08-05 18:41:34.768022","train",39,0.4716418981552124,0.0009533560225049236,"","","","","","","","","","","",""
13160,"2026-08-05 18:41:35.636061","train",39,0.529806911945343,0.0009527825113628578,"","","","","","","","","","","",""
13180,"2026-08-05 18:41:36.544716","train",39,0.29557669162750244,0.0009522056705972876,"","","","","","","","","","","",""
13200,"2026-08-05 18:41:37.399385","train",39,0.4845123589038849,0.0009516255044501416,"","","","","","","","","","","",""
13220,"2026-08-05 18:41:38.278816","train",39,1.066285252571106,0.0009510420171878024,"","","","","","","","","","","",""
13240,"2026-08-05 18:41:39.223218","train",39,0.27085667848587036,0.0009504552131010752,"","","","","","","","","","","",""
13240,"2026-08-05 18:41:55.068058","val",39,"","",0.8242931103146157,0.3184255041501032,0.6997607655502392,0.6365027157711931,0.75,0.3086680761099366,0.770440251572327,0.7407407407407407,0.8497536945812807,0.7117903930131004,0.8198304393163168,0.687410994018798
13260,"2026-08-05 18:42:06.419298","train",40,0.4322342276573181,0.0009498650965051557,"","","","","","","","","","","",""
13280,"2026-08-05 18:42:07.344851","train",40,0.3288361430168152,0.0009492716717395995,"","","","","","","","","","","",""
13300,"2026-08-05 18:42:08.158536","train",40,1.1434603929519653,0.0009486749431682892,"","","","","","","","","","","",""
13320,"2026-08-05 18:42:09.010886","train",40,0.51645827293396,0.0009480749151794029,"","","","","","","","","","","",""
13340,"2026-08-05 18:42:09.783746","train",40,0.2878826856613159,0.0009474715921853814,"","","","","","","","","","","",""
13360,"2026-08-05 18:42:10.598756","train",40,0.23024046421051025,0.0009468649786228965,"","","","","","","","","","","",""
13380,"2026-08-05 18:42:11.468526","train",40,0.5223734974861145,0.0009462550789528177,"","","","","","","","","","","",""
13400,"2026-08-05 18:42:12.260882","train",40,0.2943468689918518,0.0009456418976601794,"","","","","","","","","","","",""
13420,"2026-08-05 18:42:13.189106","train",40,1.0291022062301636,0.0009450254392541485,"","","","","","","","","","","",""
13440,"2026-08-05 18:42:14.029801","train",40,0.5898377895355225,0.0009444057082679911,"","","","","","","","","","","",""
13460,"2026-08-05 18:42:14.855606","train",40,1.091610074043274,0.0009437827092590381,"","","","","","","","","","","",""
13480,"2026-08-05 18:42:15.721671","train",40,0.23695652186870575,0.0009431564468086533,"","","","","","","","","","","",""
13500,"2026-08-05 18:42:16.524711","train",40,1.0044294595718384,0.0009425269255221989,"","","","","","","","","","","",""
13520,"2026-08-05 18:42:17.402967","train",40,0.9477813839912415,0.0009418941500290012,"","","","","","","","","","","",""
13540,"2026-08-05 18:42:18.291363","train",40,0.34107470512390137,0.0009412581249823178,"","","","","","","","","","","",""
13560,"2026-08-05 18:42:19.134808","train",40,0.6201514601707458,0.0009406188550593017,"","","","","","","","","","","",""
13571,"2026-08-05 18:42:35.488896","val",40,"","",0.8254701535466171,0.3211463044371138,0.6943381180223286,0.6260184722392834,0.6376146788990825,0.25471698113207547,0.7987421383647799,0.7407407407407407,0.8527640941434045,0.7248908296943232,0.8193015067023318,0.6748789518655653
13580,"2026-08-05 18:42:46.319077","train",41,0.3384895920753479,0.0009399763449609687,"","","","","","","","","","","",""
13600,"2026-08-05 18:42:47.189527","train",41,0.8451442718505859,0.0009393305994121612,"","","","","","","","","","","",""
13620,"2026-08-05 18:42:48.018207","train",41,0.38718268275260925,0.0009386816231615149,"","","","","","","","","","","",""
13640,"2026-08-05 18:42:48.929902","train",41,0.5209038257598877,0.0009380294209814227,"","","","","","","","","","","",""
13660,"2026-08-05 18:42:49.772182","train",41,1.1212056875228882,0.0009373739976680003,"","","","","","","","","","","",""
13680,"2026-08-05 18:42:50.675929","train",41,0.49269890785217285,0.0009367153580410509,"","","","","","","","","","","",""
13700,"2026-08-05 18:42:51.536844","train",41,0.23698829114437103,0.0009360535069440291,"","","","","","","","","","","",""
13720,"2026-08-05 18:42:52.333094","train",41,0.684546947479248,0.0009353884492440061,"","","","","","","","","","","",""
13740,"2026-08-05 18:42:53.199009","train",41,0.8466165661811829,0.0009347201898316339,"","","","","","","","","","","",""
13760,"2026-08-05 18:42:53.990634","train",41,0.4681673049926758,0.0009340487336211081,"","","","","","","","","","","",""
13780,"2026-08-05 18:42:54.819671","train",41,0.45607563853263855,0.0009333740855501337,"","","","","","","","","","","",""
13800,"2026-08-05 18:42:55.654691","train",41,0.31938180327415466,0.0009326962505798869,"","","","","","","","","","","",""
13820,"2026-08-05 18:42:56.535041","train",41,0.4035681486129761,0.0009320152336949803,"","","","","","","","","","","",""
13840,"2026-08-05 18:42:57.391501","train",41,2.4493584632873535,0.0009313310399034245,"","","","","","","","","","","",""
13860,"2026-08-05 18:42:58.241688","train",41,0.21770569682121277,0.0009306436742365932,"","","","","","","","","","","",""
13880,"2026-08-05 18:42:59.073815","train",41,0.39303287863731384,0.0009299531417491844,"","","","","","","","","","","",""
13900,"2026-08-05 18:42:59.928915","train",41,1.2674882411956787,0.0009292594475191842,"","","","","","","","","","","",""
13902,"2026-08-05 18:43:15.696889","val",41,"","",0.8173813000575247,0.3007212762410012,0.6995215311004784,0.6575340641605728,0.8562691131498471,0.38961038961038963,0.7012578616352201,0.5185185185185185,0.8639846743295019,0.7205240174672489,0.8174124616523856,0.6933921959555682
13920,"2026-08-05 18:43:26.901660","train",42,0.7185949683189392,0.0009285625966478298,"","","","","","","","","","","",""
13940,"2026-08-05 18:43:27.699905","train",42,1.1106839179992676,0.000927862594259571,"","","","","","","","","","","",""
13960,"2026-08-05 18:43:28.558521","train",42,1.116080641746521,0.0009271594455020328,"","","","","","","","","","","",""
13980,"2026-08-05 18:43:29.405256","train",42,0.5789309740066528,0.0009264531555459782,"","","","","","","","","","","",""
14000,"2026-08-05 18:43:30.271764","train",42,1.0452617406845093,0.0009257437295852696,"","","","","","","","","","","",""
14020,"2026-08-05 18:43:31.182932","train",42,0.4203815758228302,0.0009250311728368303,"","","","","","","","","","","",""
14040,"2026-08-05 18:43:32.023874","train",42,1.153755784034729,0.0009243154905406074,"","","","","","","","","","","",""
14060,"2026-08-05 18:43:32.892655","train",42,0.27223795652389526,0.0009235966879595315,"","","","","","","","","","","",""
14080,"2026-08-05 18:43:33.696548","train",42,1.182255744934082,0.0009228747703794797,"","","","","","","","","","","",""
14100,"2026-08-05 18:43:34.620962","train",42,0.6714318990707397,0.0009221497431092351,"","","","","","","","","","","",""
14120,"2026-08-05 18:43:35.578660","train",42,0.38749200105667114,0.0009214216114804494,"","","","","","","","","","","",""
14140,"2026-08-05 18:43:36.471692","train",42,0.9459041357040405,0.0009206903808476026,"","","","","","","","","","","",""
14160,"2026-08-05 18:43:37.350274","train",42,1.2982014417648315,0.0009199560565879638,"","","","","","","","","","","",""
14180,"2026-08-05 18:43:38.155960","train",42,1.2936484813690186,0.0009192186441015519,"","","","","","","","","","","",""
14200,"2026-08-05 18:43:38.962213","train",42,0.533539891242981,0.0009184781488110958,"","","","","","","","","","","",""
14220,"2026-08-05 18:43:39.827373","train",42,0.7580753564834595,0.0009177345761619945,"","","","","","","","","","","",""
14233,"2026-08-05 18:43:56.117434","val",42,"","",0.8151422629319882,0.27832600719110273,0.6866028708133971,0.6376081910097389,0.7599388379204893,0.31140350877192985,0.8113207547169812,0.7037037037037037,0.8122605363984674,0.6637554585152838,0.8134832479484971,0.6919681002563373
14240,"2026-08-05 18:44:06.919658","train",43,1.0170682668685913,0.0009169879316222769,"","","","","","","","","","","",""
14260,"2026-08-05 18:44:07.735591","train",43,1.4829115867614746,0.0009162382206825618,"","","","","","","","","","","",""
14280,"2026-08-05 18:44:08.583369","train",43,0.38394641876220703,0.0009154854488560177,"","","","","","","","","","","",""
14300,"2026-08-05 18:44:09.455476","train",43,0.22509616613388062,0.0009147296216783218,"","","","","","","","","","","",""
14320,"2026-08-05 18:44:10.243970","train",43,0.5933821797370911,0.0009139707447076194,"","","","","","","","","","","",""
14340,"2026-08-05 18:44:11.135166","train",43,1.2764942646026611,0.0009132088235244833,"","","","","","","","","","","",""
14360,"2026-08-05 18:44:12.033721","train",43,1.0098388195037842,0.0009124438637318727,"","","","","","","","","","","",""
14380,"2026-08-05 18:44:12.913072","train",43,0.5095330476760864,0.0009116758709550918,"","","","","","","","","","","",""
14400,"2026-08-05 18:44:13.771416","train",43,0.7472971677780151,0.0009109048508417484,"","","","","","","","","","","",""
14420,"2026-08-05 18:44:14.610048","train",43,1.0390346050262451,0.0009101308090617127,"","","","","","","","","","","",""
14440,"2026-08-05 18:44:15.457261","train",43,0.8601702451705933,0.0009093537513070753,"","","","","","","","","","","",""
14460,"2026-08-05 18:44:16.221269","train",43,0.5773880481719971,0.0009085736832921053,"","","","","","","","","","","",""
14480,"2026-08-05 18:44:17.057554","train",43,0.3305869400501251,0.0009077906107532089,"","","","","","","","","","","",""
14500,"2026-08-05 18:44:17.870643","train",43,0.6444249749183655,0.0009070045394488863,"","","","","","","","","","","",""
14520,"2026-08-05 18:44:18.691449","train",43,2.399263858795166,0.00090621547515969,"","","","","","","","","","","",""
14540,"2026-08-05 18:44:19.570749","train",43,2.3567588329315186,0.0009054234236881818,"","","","","","","","","","","",""
14560,"2026-08-05 18:44:20.425862","train",43,0.6819733381271362,0.000904628390858891,"","","","","","","","","","","",""
14564,"2026-08-05 18:44:36.323106","val",43,"","",0.8280454887384399,0.3321451009653653,0.7127591706539075,0.6374174448880919,0.7110091743119266,0.28679245283018867,0.7358490566037736,0.6296296296296297,0.8568691844553913,0.7139737991266376,0.8286862825104653,0.7127598974651097
14580,"2026-08-05 18:44:47.512979","train",44,0.2900552749633789,0.0009038303825182704,"","","","","","","","","","","",""
14600,"2026-08-05 18:44:48.398432","train",44,0.5433820486068726,0.0009030294045346542,"","","","","","","","","","","",""
14620,"2026-08-05 18:44:49.334542","train",44,0.5875491499900818,0.0009022254627982146,"","","","","","","","","","","",""
14640,"2026-08-05 18:44:50.127462","train",44,2.136303186416626,0.0009014185632209181,"","","","","","","","","","","",""
14660,"2026-08-05 18:44:50.930205","train",44,0.6349809765815735,0.0009006087117364825,"","","","","","","","","","","",""
14680,"2026-08-05 18:44:51.777203","train",44,0.2510206401348114,0.0008997959143003334,"","","","","","","","","","","",""
14700,"2026-08-05 18:44:52.611025","train",44,0.3431321680545807,0.0008989801768895595,"","","","","","","","","","","",""
14720,"2026-08-05 18:44:53.440649","train",44,1.2657713890075684,0.0008981615055028701,"","","","","","","","","","","",""
14740,"2026-08-05 18:44:54.326747","train",44,0.5469480156898499,0.0008973399061605493,"","","","","","","","","","","",""
14760,"2026-08-05 18:44:55.182342","train",44,0.2597629129886627,0.0008965153849044133,"","","","","","","","","","","",""
14780,"2026-08-05 18:44:56.033455","train",44,0.6418823003768921,0.0008956879477977646,"","","","","","","","","","","",""
14800,"2026-08-05 18:44:56.938490","train",44,1.0481717586517334,0.0008948576009253486,"","","","","","","","","","","",""
14820,"2026-08-05 18:44:57.796609","train",44,0.3580362796783447,0.000894024350393308,"","","","","","","","","","","",""
14840,"2026-08-05 18:44:58.605648","train",44,0.4818671941757202,0.0008931882023291385,"","","","","","","","","","","",""
14860,"2026-08-05 18:44:59.436968","train",44,0.4983181953430176,0.0008923491628816432,"","","","","","","","","","","",""
14880,"2026-08-05 18:45:00.256711","train",44,1.102225661277771,0.0008915072382208876,"","","","","","","","","","","",""
14895,"2026-08-05 18:45:16.664969","val",44,"","",0.8163193061639895,0.29840729227110785,0.7027910685805423,0.6251504430020033,0.6016819571865444,0.23042836041358936,0.7232704402515724,0.5555555555555556,0.8453749315818282,0.6921397379912664,0.8198002145955178,0.7069211050982626
14900,"2026-08-05 18:45:27.533252","train",45,1.0458842515945435,0.0008906624345381544,"","","","","","","","","","","",""
14920,"2026-08-05 18:45:28.507229","train",45,0.43638157844543457,0.0008898147580458979,"","","","","","","","","","","",""
14940,"2026-08-05 18:45:29.306171","train",45,0.7263107299804688,0.0008889642149776983,"","","","","","","","","","","",""
14960,"2026-08-05 18:45:30.141556","train",45,1.0618168115615845,0.0008881108115882154,"","","","","","","","","","","",""
14980,"2026-08-05 18:45:31.002445","train",45,0.6426314115524292,0.0008872545541531435,"","","","","","","","","","","",""
15000,"2026-08-05 18:45:31.820938","train",45,0.33395296335220337,0.0008863954489691645,"","","","","","","","","","","",""
15020,"2026-08-05 18:45:32.635311","train",45,0.3657849431037903,0.0008855335023539018,"","","","","","","","","","","",""
15040,"2026-08-05 18:45:33.516981","train",45,0.28158819675445557,0.0008846687206458744,"","","","","","","","","","","",""
15060,"2026-08-05 18:45:34.400007","train",45,0.695522129535675,0.000883801110204449,"","","","","","","","","","","",""
15080,"2026-08-05 18:45:35.253467","train",45,0.5552483201026917,0.0008829306774097949,"","","","","","","","","","","",""
15100,"2026-08-05 18:45:36.147923","train",45,0.4604748487472534,0.0008820574286628353,"","","","","","","","","","","",""
15120,"2026-08-05 18:45:36.993395","train",45,1.2220401763916016,0.000881181370385202,"","","","","","","","","","","",""
15140,"2026-08-05 18:45:37.885697","train",45,0.9221611022949219,0.0008803025090191867,"","","","","","","","","","","",""
15160,"2026-08-05 18:45:38.749504","train",45,0.25673142075538635,0.0008794208510276945,"","","","","","","","","","","",""
15180,"2026-08-05 18:45:39.744346","train",45,0.9488640427589417,0.0008785364028941962,"","","","","","","","","","","",""
15200,"2026-08-05 18:45:40.701759","train",45,0.5458148717880249,0.0008776491711226802,"","","","","","","","","","","",""
15220,"2026-08-05 18:45:41.680027","train",45,0.2711275815963745,0.0008767591622376055,"","","","","","","","","","","",""
15226,"2026-08-05 18:45:57.805297","val",45,"","",0.8287003849727865,0.30824051333404234,0.7133971291866029,0.6424026424729667,0.7408256880733946,0.30390143737166325,0.7861635220125787,0.7777777777777778,0.8530377668308703,0.7358078602620087,0.8297441477384352,0.7110509826260325
15240,"2026-08-05 18:46:08.942441","train",46,1.9961248636245728,0.0008758663827838528,"","","","","","","","","","","",""
15260,"2026-08-05 18:46:09.778847","train",46,0.8666244745254517,0.000874970839326677,"","","","","","","","","","","",""
15280,"2026-08-05 18:46:10.637500","train",46,0.7097165584564209,0.0008740725384516586,"","","","","","","","","","","",""
15300,"2026-08-05 18:46:11.495231","train",46,1.0752394199371338,0.0008731714867646554,"","","","","","","","","","","",""
15320,"2026-08-05 18:46:12.311946","train",46,0.5117394328117371,0.0008722676908917545,"","","","","","","","","","","",""
15340,"2026-08-05 18:46:13.109860","train",46,0.24096031486988068,0.0008713611574792219,"","","","","","","","","","","",""
15360,"2026-08-05 18:46:14.162306","train",46,0.8259118795394897,0.0008704518931934557,"","","","","","","","","","","",""
15380,"2026-08-05 18:46:14.999622","train",46,0.6454840898513794,0.0008695399047209353,"","","","","","","","","","","",""
15400,"2026-08-05 18:46:15.806444","train",46,0.37039315700531006,0.0008686251987681736,"","","","","","","","","","","",""
15420,"2026-08-05 18:46:16.597481","train",46,1.2004640102386475,0.0008677077820616671,"","","","","","","","","","","",""
15440,"2026-08-05 18:46:17.396052","train",46,1.1842162609100342,0.000866787661347846,"","","","","","","","","","","",""
15460,"2026-08-05 18:46:18.211565","train",46,0.8767819404602051,0.0008658648433930254,"","","","","","","","","","","",""
15480,"2026-08-05 18:46:19.123372","train",46,0.8375042676925659,0.000864939334983355,"","","","","","","","","","","",""
15500,"2026-08-05 18:46:20.035051","train",46,0.8895120620727539,0.0008640111429247693,"","","","","","","","","","","",""
15520,"2026-08-05 18:46:20.809704","train",46,0.47283849120140076,0.000863080274042938,"","","","","","","","","","","",""
15540,"2026-08-05 18:46:21.673673","train",46,0.40550506114959717,0.0008621467351832148,"","","","","","","","","","","",""
15557,"2026-08-05 18:46:38.286445","val",46,"","",0.8314173193504137,0.2979365022876214,0.718421052631579,0.6560812181317306,0.8486238532110092,0.38125,0.7987421383647799,0.7407407407407407,0.8689107827038861,0.7532751091703057,0.8241223496697948,0.7045001424095699
15560,"2026-08-05 18:46:48.856757","train",47,1.4890034198760986,0.0008612105332105884,"","","","","","","","","","","",""
15580,"2026-08-05 18:46:49.770219","train",47,0.3966185450553894,0.0008602716750096306,"","","","","","","","","","","",""
15600,"2026-08-05 18:46:50.623299","train",47,0.4099598526954651,0.000859330167484447,"","","","","","","","","","","",""
15620,"2026-08-05 18:46:51.463601","train",47,0.7947663068771362,0.0008583860175586252,"","","","","","","","","","","",""
15640,"2026-08-05 18:46:52.314943","train",47,1.042913556098938,0.0008574392321751844,"","","","","","","","","","","",""
15660,"2026-08-05 18:46:53.132675","train",47,0.6460827589035034,0.0008564898182965242,"","","","","","","","","","","",""
15680,"2026-08-05 18:46:54.022965","train",47,0.36440309882164,0.0008555377829043735,"","","","","","","","","","","",""
15700,"2026-08-05 18:46:54.866713","train",47,0.6639228463172913,0.0008545831329997391,"","","","","","","","","","","",""
15720,"2026-08-05 18:46:55.736044","train",47,1.316014051437378,0.0008536258756028539,"","","","","","","","","","","",""
15740,"2026-08-05 18:46:56.510091","train",47,0.5613005757331848,0.0008526660177531263,"","","","","","","","","","","",""
15760,"2026-08-05 18:46:57.369039","train",47,0.4665272831916809,0.0008517035665090868,"","","","","","","","","","","",""
15780,"2026-08-05 18:46:58.188616","train",47,0.5603175759315491,0.0008507385289483379,"","","","","","","","","","","",""
15800,"2026-08-05 18:46:59.010882","train",47,0.371542751789093,0.0008497709121675004,"","","","","","","","","","","",""
15820,"2026-08-05 18:46:59.869842","train",47,0.8488165736198425,0.0008488007232821625,"","","","","","","","","","","",""
15840,"2026-08-05 18:47:00.664071","train",47,1.211817741394043,0.0008478279694268266,"","","","","","","","","","","",""
15860,"2026-08-05 18:47:01.463014","train",47,0.45876044034957886,0.0008468526577548574,"","","","","","","","","","","",""
15880,"2026-08-05 18:47:02.358469","train",47,0.34475818276405334,0.0008458747954384291,"","","","","","","","","","","",""
15888,"2026-08-05 18:47:18.460061","val",47,"","",0.821124828532236,0.2936989330459692,0.7079744816586921,0.6467313609041736,0.8432721712538226,0.36923076923076925,0.7515723270440252,0.6296296296296297,0.8440065681444991,0.7183406113537117,0.821160327031479,0.707490743377955
15900,"2026-08-05 18:47:29.371987","train",48,1.3313453197479248,0.0008448943896684724,"","","","","","","","","","","",""
15920,"2026-08-05 18:47:30.245775","train",48,1.1390749216079712,0.0008439114476546222,"","","","","","","","","","","",""
15940,"2026-08-05 18:47:31.101420","train",48,0.2914378046989441,0.0008429259766251639,"","","","","","","","","","","",""
15960,"2026-08-05 18:47:32.014210","train",48,1.0155855417251587,0.000841937983826981,"","","","","","","","","","","",""
15980,"2026-08-05 18:47:32.821284","train",48,0.42450806498527527,0.0008409474765255008,"","","","","","","","","","","",""
16000,"2026-08-05 18:47:33.682192","train",48,3.235915184020996,0.0008399544620046423,"","","","","","","","","","","",""
16020,"2026-08-05 18:47:34.535328","train",48,0.41920000314712524,0.0008389589475667611,"","","","","","","","","","","",""
16040,"2026-08-05 18:47:35.378726","train",48,0.6764494180679321,0.0008379609405325971,"","","","","","","","","","","",""
16060,"2026-08-05 18:47:36.215927","train",48,0.9303049445152283,0.00083696044824122,"","","","","","","","","","","",""
16080,"2026-08-05 18:47:37.018158","train",48,1.0112364292144775,0.0008359574780499751,"","","","","","","","","","","",""
16100,"2026-08-05 18:47:37.831695","train",48,0.33707985281944275,0.0008349520373344297,"","","","","","","","","","","",""
16120,"2026-08-05 18:47:38.725889","train",48,0.39903539419174194,0.0008339441334883187,"","","","","","","","","","","",""
16140,"2026-08-05 18:47:39.617294","train",48,0.9053317308425903,0.0008329337739234903,"","","","","","","","","","","",""
16160,"2026-08-05 18:47:40.461988","train",48,0.3915533423423767,0.0008319209660698507,"","","","","","","","","","","",""
16180,"2026-08-05 18:47:41.289217","train",48,0.7822847366333008,0.0008309057173753112,"","","","","","","","","","","",""
16200,"2026-08-05 18:47:42.095131","train",48,0.43832239508628845,0.0008298880353057314,"","","","","","","","","","","",""
16219,"2026-08-05 18:47:58.717276","val",48,"","",0.8220629231381918,0.30588250090089897,0.709170653907496,0.6656984132770754,0.7530581039755352,0.2962962962962963,0.7610062893081762,0.5555555555555556,0.8180076628352491,0.665938864628821,0.8269785857853138,0.7250071204784961
16220,"2026-08-05 18:48:09.221945","train",49,0.3774869441986084,0.0008288679273448659,"","","","","","","","","","","",""
16240,"2026-08-05 18:48:10.095270","train",49,0.712714672088623,0.0008278454009943083,"","","","","","","","","","","",""
16260,"2026-08-05 18:48:10.953734","train",49,0.5692465305328369,0.0008268204637734367,"","","","","","","","","","","",""
16280,"2026-08-05 18:48:11.761132","train",49,0.38207167387008667,0.0008257931232193575,"","","","","","","","","","","",""
16300,"2026-08-05 18:48:12.659942","train",49,0.2603132128715515,0.0008247633868868513,"","","","","","","","","","","",""
16320,"2026-08-05 18:48:13.453758","train",49,0.28993064165115356,0.0008237312623483162,"","","","","","","","","","","",""
16340,"2026-08-05 18:48:14.282793","train",49,1.4290823936462402,0.0008226967571937124,"","","","","","","","","","","",""
16360,"2026-08-05 18:48:15.171704","train",49,0.24494925141334534,0.0008216598790305066,"","","","","","","","","","","",""
16380,"2026-08-05 18:48:15.970269","train",49,0.7113234400749207,0.0008206206354836161,"","","","","","","","","","","",""
16400,"2026-08-05 18:48:16.852010","train",49,0.3221175968647003,0.0008195790341953524,"","","","","","","","","","","",""
16420,"2026-08-05 18:48:17.680063","train",49,1.1853970289230347,0.0008185350828253654,"","","","","","","","","","","",""
16440,"2026-08-05 18:48:18.530230","train",49,0.8469725847244263,0.0008174887890505864,"","","","","","","","","","","",""
16460,"2026-08-05 18:48:19.377510","train",49,0.22797861695289612,0.0008164401605651729,"","","","","","","","","","","",""
16480,"2026-08-05 18:48:20.320603","train",49,0.6272533535957336,0.0008153892050804501,"","","","","","","","","","","",""
16500,"2026-08-05 18:48:21.271643","train",49,0.2578710913658142,0.0008143359303248564,"","","","","","","","","","","",""
16520,"2026-08-05 18:48:22.156646","train",49,1.7910451889038086,0.000813280344043885,"","","","","","","","","","","",""
16540,"2026-08-05 18:48:23.040277","train",49,0.6509395837783813,0.0008122224540000272,"","","","","","","","","","","",""
16550,"2026-08-05 18:48:39.142554","val",49,"","",0.8108677375105092,0.2912994815659215,0.6850079744816587,0.6057556710317452,0.7010703363914373,0.27726432532347506,0.7264150943396226,0.5185185185185185,0.8631636562671046,0.74235807860262,0.8069849329766816,0.6741669040159499
16560,"2026-08-05 18:48:49.990856","train",50,0.4035349488258362,0.000811162267972716,"","","","","","","","","","","",""
16580,"2026-08-05 18:48:50.817889","train",50,0.2691645920276642,0.0008100997937582681,"","","","","","","","","","","",""
16600,"2026-08-05 18:48:51.625705","train",50,1.09303617477417,0.000809035039169827,"","","","","","","","","","","",""
16620,"2026-08-05 18:48:52.409807","train",50,0.3581961989402771,0.0008079680120373057,"","","","","","","","","","","",""
16640,"2026-08-05 18:48:53.299875","train",50,0.8658119440078735,0.0008068987202073284,"","","","","","","","","","","",""
16660,"2026-08-05 18:48:54.134506","train",50,2.023852586746216,0.0008058271715431735,"","","","","","","","","","","",""
16680,"2026-08-05 18:48:54.940045","train",50,0.8258028030395508,0.0008047533739247155,"","","","","","","","","","","",""
16700,"2026-08-05 18:48:55.766862","train",50,0.2470884621143341,0.0008036773352483672,"","","","","","","","","","","",""
16720,"2026-08-05 18:48:56.625298","train",50,0.6682389974594116,0.0008025990634270216,"","","","","","","","","","","",""
16740,"2026-08-05 18:48:57.470734","train",50,0.37306761741638184,0.000801518566389993,"","","","","","","","","","","",""
16760,"2026-08-05 18:48:58.257809","train",50,0.41803085803985596,0.0008004358520829603,"","","","","","","","","","","",""
16780,"2026-08-05 18:48:59.068669","train",50,0.389306902885437,0.000799350928467907,"","","","","","","","","","","",""
16800,"2026-08-05 18:48:59.988548","train",50,0.23245848715305328,0.0007982638035230631,"","","","","","","","","","","",""
16820,"2026-08-05 18:49:00.779402","train",50,0.984656810760498,0.0007971744852428471,"","","","","","","","","","","",""
16840,"2026-08-05 18:49:01.605688","train",50,0.5615363121032715,0.0007960829816378061,"","","","","","","","","","","",""
16860,"2026-08-05 18:49:02.443454","train",50,0.29943686723709106,0.0007949893007345582,"","","","","","","","","","","",""
16880,"2026-08-05 18:49:03.266743","train",50,0.4599025249481201,0.0007938934505757319,"","","","","","","","","","","",""
16881,"2026-08-05 18:49:19.083726","val",50,"","",0.823939112350104,0.3263173034014984,0.7094896331738437,0.6345574232955051,0.8081039755351682,0.34464751958224543,0.7327044025157233,0.5555555555555556,0.8694581280788178,0.7860262008733624,0.8252557766997627,0.7160353175733409
16900,"2026-08-05 18:49:30.375704","train",51,1.2368251085281372,0.0007927954392199085,"","","","","","","","","","","",""
16920,"2026-08-05 18:49:31.186006","train",51,0.23465596139431,0.0007916952747415618,"","","","","","","","","","","",""
16940,"2026-08-05 18:49:32.039889","train",51,0.36611202359199524,0.0007905929652309992,"","","","","","","","","","","",""
16960,"2026-08-05 18:49:32.902144","train",51,0.24583467841148376,0.000789488518794302,"","","","","","","","","","","",""
16980,"2026-08-05 18:49:33.796752","train",51,1.617586374282837,0.000788381943553266,"","","","","","","","","","","",""
17000,"2026-08-05 18:49:34.757392","train",51,0.37388551235198975,0.0007872732476453414,"","","","","","","","","","","",""
17020,"2026-08-05 18:49:35.579149","train",51,2.392256259918213,0.0007861624392235736,"","","","","","","","","","","",""
17040,"2026-08-05 18:49:36.554309","train",51,1.0962430238723755,0.0007850495264565424,"","","","","","","","","","","",""
17060,"2026-08-05 18:49:37.409069","train",51,0.6904422044754028,0.0007839345175283027,"","","","","","","","","","","",""
17080,"2026-08-05 18:49:38.231643","train",51,0.4478188753128052,0.0007828174206383235,"","","","","","","","","","","",""
17100,"2026-08-05 18:49:39.100967","train",51,2.7894229888916016,0.000781698244001429,"","","","","","","","","","","",""
17120,"2026-08-05 18:49:39.887854","train",51,0.835331380367279,0.0007805769958477366,"","","","","","","","","","","",""
17140,"2026-08-05 18:49:40.721473","train",51,1.3463222980499268,0.0007794536844225971,"","","","","","","","","","","",""
17160,"2026-08-05 18:49:41.535453","train",51,0.6343929767608643,0.000778328317986534,"","","","","","","","","","","",""
17180,"2026-08-05 18:49:42.396378","train",51,1.057335376739502,0.0007772009048151833,"","","","","","","","","","","",""
17200,"2026-08-05 18:49:43.348958","train",51,1.2298164367675781,0.0007760714531992314,"","","","","","","","","","","",""
17212,"2026-08-05 18:49:59.528603","val",51,"","",0.8329483605469269,0.3022600281157475,0.7230462519936204,0.6737253347171023,0.7362385321100917,0.3058350100603622,0.7861635220125786,0.7037037037037037,0.8623426382047071,0.740174672489083,0.8313007208595911,0.7312731415551125
17220,"2026-08-05 18:50:10.191782","train",52,0.21890783309936523,0.0007749399714443556,"","","","","","","","","","","",""
17240,"2026-08-05 18:50:11.007248","train",52,0.8434361219406128,0.000773806467871162,"","","","","","","","","","","",""
17260,"2026-08-05 18:50:11.844633","train",52,0.24903160333633423,0.000772670950815124,"","","","","","","","","","","",""
17280,"2026-08-05 18:50:12.720048","train",52,1.4864227771759033,0.0007715334286265223,"","","","","","","","","","","",""
17300,"2026-08-05 18:50:13.540475","train",52,0.6376949548721313,0.0007703939096703829,"","","","","","","","","","","",""
17320,"2026-08-05 18:50:14.473998","train",52,0.5071234107017517,0.0007692524023264148,"","","","","","","","","","","",""
17340,"2026-08-05 18:50:15.287967","train",52,0.2775990068912506,0.0007681089149889496,"","","","","","","","","","","",""
17360,"2026-08-05 18:50:16.121288","train",52,1.5722990036010742,0.0007669634560668791,"","","","","","","","","","","",""
17380,"2026-08-05 18:50:16.974156","train",52,0.9559041857719421,0.0007658160339835935,"","","","","","","","","","","",""
17400,"2026-08-05 18:50:17.767140","train",52,0.37444061040878296,0.0007646666571769198,"","","","","","","","","","","",""
17420,"2026-08-05 18:50:18.640635","train",52,0.594976544380188,0.0007635153340990588,"","","","","","","","","","","",""
17440,"2026-08-05 18:50:19.498175","train",52,1.034496784210205,0.0007623620732165247,"","","","","","","","","","","",""
17460,"2026-08-05 18:50:20.320440","train",52,0.33428600430488586,0.000761206883010081,"","","","","","","","","","","",""
17480,"2026-08-05 18:50:21.211661","train",52,0.28404247760772705,0.0007600497719746793,"","","","","","","","","","","",""
17500,"2026-08-05 18:50:22.027150","train",52,1.3589246273040771,0.0007588907486193961,"","","","","","","","","","","",""
17520,"2026-08-05 18:50:22.817441","train",52,0.3155592083930969,0.000757729821467371,"","","","","","","","","","","",""
17540,"2026-08-05 18:50:23.651479","train",52,0.5552976727485657,0.000756566999055743,"","","","","","","","","","","",""
17543,"2026-08-05 18:50:39.500919","val",52,"","",0.817452099650427,0.28082955773569096,0.693939393939394,0.652493154332821,0.7140672782874617,0.2835249042145594,0.7735849056603774,0.6296296296296297,0.8171866447728517,0.6528384279475983,0.8187121246467486,0.7053545998291085
17560,"2026-08-05 18:50:50.746570","train",53,0.20637428760528564,0.0007554022899355891,"","","","","","","","","","","",""
17580,"2026-08-05 18:50:51.590259","train",53,0.9114343523979187,0.0007542357026718601,"","","","","","","","","","","",""
17600,"2026-08-05 18:50:52.534763","train",53,0.5426641702651978,0.0007530672458433182,"","","","","","","","","","","",""
17620,"2026-08-05 18:50:53.382531","train",53,0.20534202456474304,0.0007518969280424741,"","","","","","","","","","","",""
17640,"2026-08-05 18:50:54.178673","train",53,0.7117784023284912,0.0007507247578755232,"","","","","","","","","","","",""
17660,"2026-08-05 18:50:54.962734","train",53,0.33995866775512695,0.0007495507439622829,"","","","","","","","","","","",""
17680,"2026-08-05 18:50:55.755536","train",53,0.26903873682022095,0.0007483748949361294,"","","","","","","","","","","",""
17700,"2026-08-05 18:50:56.572150","train",53,0.8095148801803589,0.0007471972194439332,"","","","","","","","","","","",""
17720,"2026-08-05 18:50:57.427565","train",53,1.7239644527435303,0.0007460177261459963,"","","","","","","","","","","",""
17740,"2026-08-05 18:50:58.391881","train",53,0.7638190984725952,0.0007448364237159886,"","","","","","","","","","","",""
17760,"2026-08-05 18:50:59.205308","train",53,0.6846921443939209,0.0007436533208408836,"","","","","","","","","","","",""
17780,"2026-08-05 18:51:00.013724","train",53,0.6860084533691406,0.0007424684262208947,"","","","","","","","","","","",""
17800,"2026-08-05 18:51:00.852841","train",53,0.28232282400131226,0.0007412817485694115,"","","","","","","","","","","",""
17820,"2026-08-05 18:51:01.696558","train",53,0.6827282905578613,0.0007400932966129356,"","","","","","","","","","","",""
17840,"2026-08-05 18:51:02.534276","train",53,0.3425168991088867,0.0007389030790910161,"","","","","","","","","","","",""
17860,"2026-08-05 18:51:03.412765","train",53,1.2079941034317017,0.0007377111047561859,"","","","","","","","","","","",""
17874,"2026-08-05 18:51:19.870229","val",53,"","",0.8259126510022566,0.2757161346490041,0.7176236044657097,0.6532028245471465,0.8188073394495413,0.35772357723577236,0.7610062893081762,0.5925925925925926,0.8620689655172413,0.7467248908296943,0.8230191473606263,0.714753631444033
17880,"2026-08-05 18:51:30.530481","train",54,0.40831509232521057,0.0007365173823738969,"","","","","","","","","","","",""
17900,"2026-08-05 18:51:31.368995","train",54,0.931233823299408,0.000735321920722455,"","","","","","","","","","","",""
17920,"2026-08-05 18:51:32.333566","train",54,1.1346523761749268,0.0007341247285929574,"","","","","","","","","","","",""
17940,"2026-08-05 18:51:33.209516","train",54,0.648481011390686,0.0007329258147892259,"","","","","","","","","","","",""
17960,"2026-08-05 18:51:34.116147","train",54,0.7185834646224976,0.0007317251881277433,"","","","","","","","","","","",""
17980,"2026-08-05 18:51:34.906252","train",54,0.8215686082839966,0.0007305228574375883,"","","","","","","","","","","",""
18000,"2026-08-05 18:51:35.722226","train",54,0.6646559238433838,0.0007293188315603708,"","","","","","","","","","","",""
18020,"2026-08-05 18:51:36.605087","train",54,0.554144561290741,0.0007281131193501657,"","","","","","","","","","","",""
18040,"2026-08-05 18:51:37.456623","train",54,0.21819117665290833,0.0007269057296734499,"","","","","","","","","","","",""
18060,"2026-08-05 18:51:38.234889","train",54,0.5062919855117798,0.0007256966714090354,"","","","","","","","","","","",""
18080,"2026-08-05 18:51:39.041068","train",54,0.5783066749572754,0.0007244859534480044,"","","","","","","","","","","",""
18100,"2026-08-05 18:51:39.889470","train",54,1.4682788848876953,0.0007232735846936441,"","","","","","","","","","","",""
18120,"2026-08-05 18:51:40.804226","train",54,0.36801111698150635,0.0007220595740613816,"","","","","","","","","","","",""
18140,"2026-08-05 18:51:41.728568","train",54,1.1042466163635254,0.0007208439304787174,"","","","","","","","","","","",""
18160,"2026-08-05 18:51:42.563945","train",54,0.5120117664337158,0.0007196266628851604,"","","","","","","","","","","",""
18180,"2026-08-05 18:51:43.488622","train",54,1.072242259979248,0.0007184077802321625,"","","","","","","","","","","",""
18200,"2026-08-05 18:51:44.398593","train",54,0.6894305944442749,0.0007171872914830514,"","","","","","","","","","","",""
18205,"2026-08-05 18:52:00.491843","val",54,"","",0.8253020045134741,0.2784840858512757,0.7120414673046253,0.6811520980804648,0.7859327217125383,0.32038834951456313,0.7484276729559749,0.6296296296296297,0.8481116584564861,0.6986899563318777,0.8300917320276254,0.7227285673597266
18220,"2026-08-05 18:52:11.572504","train",55,0.7351053953170776,0.0007159652056129665,"","","","","","","","","","","",""
18240,"2026-08-05 18:52:12.454498","train",55,0.44134843349456787,0.0007147415316087914,"","","","","","","","","","","",""
18260,"2026-08-05 18:52:13.325917","train",55,1.1239646673202515,0.0007135162784690886,"","","","","","","","","","","",""
18280,"2026-08-05 18:52:14.345051","train",55,0.3598608374595642,0.0007122894552040331,"","","","","","","","","","","",""
18300,"2026-08-05 18:52:15.244964","train",55,0.3305492103099823,0.0007110610708353462,"","","","","","","","","","","",""
18320,"2026-08-05 18:52:16.118273","train",55,0.695833683013916,0.0007098311343962291,"","","","","","","","","","","",""
18340,"2026-08-05 18:52:16.995278","train",55,0.788414716720581,0.0007085996549312967,"","","","","","","","","","","",""
18360,"2026-08-05 18:52:17.794527","train",55,1.0369243621826172,0.0007073666414965105,"","","","","","","","","","","",""
18380,"2026-08-05 18:52:18.731942","train",55,0.3782086968421936,0.0007061321031591127,"","","","","","","","","","","",""
18400,"2026-08-05 18:52:19.536547","train",55,1.2881839275360107,0.000704896048997559,"","","","","","","","","","","",""
18420,"2026-08-05 18:52:20.335145","train",55,0.19051414728164673,0.0007036584881014524,"","","","","","","","","","","",""
18440,"2026-08-05 18:52:21.232072","train",55,0.332152783870697,0.0007024194295714754,"","","","","","","","","","","",""
18460,"2026-08-05 18:52:22.049629","train",55,0.5955272912979126,0.0007011788825193243,"","","","","","","","","","","",""
18480,"2026-08-05 18:52:22.884507","train",55,0.4008505344390869,0.0006999368560676415,"","","","","","","","","","","",""
18500,"2026-08-05 18:52:23.714163","train",55,0.7834188938140869,0.0006986933593499481,"","","","","","","","","","","",""
18520,"2026-08-05 18:52:24.593552","train",55,0.37090185284614563,0.0006974484015105775,"","","","","","","","","","","",""
18536,"2026-08-05 18:52:40.921738","val",55,"","",0.8213460772600557,0.28610746434921136,0.6983253588516747,0.6458070157824919,0.6651376146788991,0.2651006711409396,0.7672955974842768,0.5925925925925926,0.8623426382047072,0.7663755458515283,0.8233667316498164,0.6985189404727997
18540,"2026-08-05 18:52:51.506485","train",56,0.6163308620452881,0.0006962019917046078,"","","","","","","","","","","",""
18560,"2026-08-05 18:52:52.415723","train",56,1.383254051208496,0.000694954139097794,"","","","","","","","","","","",""
18580,"2026-08-05 18:52:53.257680","train",56,0.23738425970077515,0.0006937048528665014,"","","","","","","","","","","",""
18600,"2026-08-05 18:52:54.107620","train",56,0.4891004264354706,0.000692454142197638,"","","","","","","","","","","",""
18620,"2026-08-05 18:52:55.121125","train",56,0.2950586676597595,0.0006912020162885866,"","","","","","","","","","","",""
18640,"2026-08-05 18:52:55.934259","train",56,0.31953197717666626,0.000689948484347137,"","","","","","","","","","","",""
18660,"2026-08-05 18:52:56.757798","train",56,0.35335588455200195,0.0006886935555914187,"","","","","","","","","","","",""
18680,"2026-08-05 18:52:57.599239","train",56,0.22410884499549866,0.0006874372392498331,"","","","","","","","","","","",""
18700,"2026-08-05 18:52:58.474440","train",56,0.28402093052864075,0.0006861795445609854,"","","","","","","","","","","",""
18720,"2026-08-05 18:52:59.332466","train",56,0.9960083961486816,0.0006849204807736169,"","","","","","","","","","","",""
18740,"2026-08-05 18:53:00.145498","train",56,0.29596859216690063,0.0006836600571465371,"","","","","","","","","","","",""
18760,"2026-08-05 18:53:00.942322","train",56,1.5127612352371216,0.0006823982829485546,"","","","","","","","","","","",""
18780,"2026-08-05 18:53:01.762327","train",56,0.6645188927650452,0.000681135167458411,"","","","","","","","","","","",""
18800,"2026-08-05 18:53:02.584066","train",56,0.332226425409317,0.00067987071996471,"","","","","","","","","","","",""
18820,"2026-08-05 18:53:03.468562","train",56,0.5766429901123047,0.0006786049497658512,"","","","","","","","","","","",""
18840,"2026-08-05 18:53:04.288985","train",56,0.45569923520088196,0.0006773378661699611,"","","","","","","","","","","",""
18860,"2026-08-05 18:53:05.127491","train",56,0.40024086833000183,0.0006760694784948246,"","","","","","","","","","","",""
18867,"2026-08-05 18:53:21.176410","val",56,"","",0.8249922562945263,0.30416249157589204,0.7195374800637958,0.6856081439551506,0.7882262996941896,0.3194103194103194,0.7389937106918238,0.6296296296296297,0.8511220580186097,0.7205240174672489,0.8350183615178854,0.7331244659641127
18880,"2026-08-05 18:53:32.207632","train",57,0.552472710609436,0.0006747997960678155,"","","","","","","","","","","",""
18900,"2026-08-05 18:53:33.028560","train",57,0.33316728472709656,0.0006735288282258306,"","","","","","","","","","","",""
18920,"2026-08-05 18:53:33.872282","train",57,0.37098515033721924,0.0006722565843152177,"","","","","","","","","","","",""
18940,"2026-08-05 18:53:34.697614","train",57,1.0683457851409912,0.000670983073691709,"","","","","","","","","","","",""
18960,"2026-08-05 18:53:35.599441","train",57,1.1758675575256348,0.0006697083057203521,"","","","","","","","","","","",""
18980,"2026-08-05 18:53:36.414867","train",57,0.2403528094291687,0.0006684322897754402,"","","","","","","","","","","",""
19000,"2026-08-05 18:53:37.320455","train",57,1.0199496746063232,0.0006671550352404442,"","","","","","","","","","","",""
19020,"2026-08-05 18:53:38.199365","train",57,0.36408162117004395,0.0006658765515079432,"","","","","","","","","","","",""
19040,"2026-08-05 18:53:39.026842","train",57,0.2867259979248047,0.0006645968479795551,"","","","","","","","","","","",""
19060,"2026-08-05 18:53:39.874270","train",57,0.20333744585514069,0.0006633159340658682,"","","","","","","","","","","",""
19080,"2026-08-05 18:53:40.717794","train",57,0.7946220636367798,0.0006620338191863716,"","","","","","","","","","","",""
19100,"2026-08-05 18:53:41.516987","train",57,0.9191566705703735,0.0006607505127693862,"","","","","","","","","","","",""
19120,"2026-08-05 18:53:42.358652","train",57,0.6276857852935791,0.0006594660242519943,"","","","","","","","","","","",""
19140,"2026-08-05 18:53:43.191819","train",57,0.4064550995826721,0.0006581803630799722,"","","","","","","","","","","",""
19160,"2026-08-05 18:53:43.986252","train",57,0.2878880202770233,0.0006568935387077187,"","","","","","","","","","","",""
19180,"2026-08-05 18:53:44.861599","train",57,0.5037760734558105,0.0006556055605981868,"","","","","","","","","","","",""
19198,"2026-08-05 18:54:01.257610","val",57,"","",0.8175848488871189,0.3075240304032794,0.7106060606060606,0.6534636162595295,0.7928134556574924,0.3308641975308642,0.7264150943396227,0.5555555555555556,0.8379857690202518,0.6899563318777293,0.8278248779676899,0.7257191683281117
19200,"2026-08-05 18:54:11.826152","train",58,0.27750545740127563,0.0006543164382228136,"","","","","","","","","","","",""
19220,"2026-08-05 18:54:12.711503","train",58,0.6966274976730347,0.0006530261810614511,"","","","","","","","","","","",""
19240,"2026-08-05 18:54:13.614300","train",58,0.24177049100399017,0.0006517347986022959,"","","","","","","","","","","",""
19260,"2026-08-05 18:54:14.450506","train",58,0.8828322291374207,0.00065044230034182,"","","","","","","","","","","",""
19280,"2026-08-05 18:54:15.252236","train",58,0.4295734763145447,0.0006491486957847006,"","","","","","","","","","","",""
19300,"2026-08-05 18:54:16.267355","train",58,0.493724524974823,0.0006478539944437501,"","","","","","","","","","","",""
19320,"2026-08-05 18:54:17.126123","train",58,1.4616748094558716,0.0006465582058398466,"","","","","","","","","","","",""
19340,"2026-08-05 18:54:18.033299","train",58,0.8555526733398438,0.0006452613395018634,"","","","","","","","","","","",""
19360,"2026-08-05 18:54:18.954685","train",58,0.20656663179397583,0.0006439634049665996,"","","","","","","","","","","",""
19380,"2026-08-05 18:54:19.782309","train",58,0.5702757835388184,0.000642664411778709,"","","","","","","","","","","",""
19400,"2026-08-05 18:54:20.575580","train",58,0.7769231796264648,0.0006413643694906308,"","","","","","","","","","","",""
19420,"2026-08-05 18:54:21.344296","train",58,1.18690824508667,0.0006400632876625189,"","","","","","","","","","","",""
19440,"2026-08-05 18:54:22.185417","train",58,0.5742654800415039,0.0006387611758621715,"","","","","","","","","","","",""
19460,"2026-08-05 18:54:23.024657","train",58,0.24161912500858307,0.0006374580436649613,"","","","","","","","","","","",""
19480,"2026-08-05 18:54:23.825649","train",58,0.8272171020507812,0.0006361539006537643,"","","","","","","","","","","",""
19500,"2026-08-05 18:54:24.704699","train",58,0.8121477365493774,0.00063484875641889,"","","","","","","","","","","",""
19520,"2026-08-05 18:54:25.591531","train",58,1.0937138795852661,0.0006335426205580109,"","","","","","","","","","","",""
19529,"2026-08-05 18:54:41.670576","val",58,"","",0.8318952166025045,0.3099983834030894,0.7124401913875598,0.6611141733674796,0.7897553516819572,0.3405275779376499,0.770440251572327,0.7407407407407407,0.8607006020799124,0.7467248908296943,0.8302579679920207,0.7077755625178012
19540,"2026-08-05 18:54:52.606900","train",59,1.6186304092407227,0.0006322355026760909,"","","","","","","","","","","",""
19560,"2026-08-05 18:54:53.420788","train",59,0.5345978140830994,0.0006309274123853161,"","","","","","","","","","","",""
19580,"2026-08-05 18:54:54.270513","train",59,3.8563380241394043,0.0006296183593050231,"","","","","","","","","","","",""
19600,"2026-08-05 18:54:55.098203","train",59,0.29394951462745667,0.0006283083530616288,"","","","","","","","","","","",""
19620,"2026-08-05 18:54:55.928818","train",59,0.8740599155426025,0.0006269974032885589,"","","","","","","","","","","",""
19640,"2026-08-05 18:54:56.762338","train",59,0.8303724527359009,0.0006256855196261782,"","","","","","","","","","","",""
19660,"2026-08-05 18:54:57.571065","train",59,1.247965931892395,0.0006243727117217189,"","","","","","","","","","","",""
19680,"2026-08-05 18:54:58.407726","train",59,0.5322249531745911,0.0006230589892292095,"","","","","","","","","","","",""
19700,"2026-08-05 18:54:59.312765","train",59,0.8694482445716858,0.0006217443618094044,"","","","","","","","","","","",""
19720,"2026-08-05 18:55:00.087468","train",59,0.6703163385391235,0.0006204288391297125,"","","","","","","","","","","",""
19740,"2026-08-05 18:55:01.004310","train",59,0.3598741888999939,0.000619112430864126,"","","","","","","","","","","",""
19760,"2026-08-05 18:55:01.810173","train",59,1.1102715730667114,0.0006177951466931501,"","","","","","","","","","","",""
19780,"2026-08-05 18:55:02.631888","train",59,0.24283525347709656,0.0006164769963037306,"","","","","","","","","","","",""
19800,"2026-08-05 18:55:03.526384","train",59,0.28669315576553345,0.0006151579893891833,"","","","","","","","","","","",""
19820,"2026-08-05 18:55:04.438365","train",59,0.31974685192108154,0.0006138381356491228,"","","","","","","","","","","",""
19840,"2026-08-05 18:55:05.229584","train",59,1.790046215057373,0.0006125174447893908,"","","","","","","","","","","",""
19860,"2026-08-05 18:55:06.016348","train",59,0.2928555905818939,0.000611195926521985,"","","","","","","","","","","",""
19860,"2026-08-05 18:55:22.040430","val",59,"","",0.8332138590203106,0.2957126097914103,0.7333333333333333,0.6945667869588317,0.7767584097859327,0.32407407407407407,0.7578616352201257,0.5925925925925926,0.8683634373289545,0.7554585152838428,0.8376781369482099,0.7459413272571916
19880,"2026-08-05 18:55:33.280121","train",60,0.9719710350036621,0.0006098735905649882,"","","","","","","","","","","",""
19900,"2026-08-05 18:55:34.158821","train",60,0.8636317849159241,0.0006085504466424955,"","","","","","","","","","","",""
19920,"2026-08-05 18:55:35.033947","train",60,1.051640510559082,0.0006072265044845438,"","","","","","","","","","","",""
19940,"2026-08-05 18:55:35.925033","train",60,0.2627812325954437,0.00060590177382704,"","","","","","","","","","","",""
19960,"2026-08-05 18:55:36.731397","train",60,0.21376614272594452,0.0006045762644116898,"","","","","","","","","","","",""
19980,"2026-08-05 18:55:37.545034","train",60,0.23889237642288208,0.0006032499859859249,"","","","","","","","","","","",""
20000,"2026-08-05 18:55:38.316856","train",60,0.6932228207588196,0.0006019229483028328,"","","","","","","","","","","",""
20020,"2026-08-05 18:55:39.191119","train",60,0.3644333481788635,0.0006005951611210839,"","","","","","","","","","","",""
20040,"2026-08-05 18:55:40.126162","train",60,1.8494855165481567,0.0005992666342048605,"","","","","","","","","","","",""
20060,"2026-08-05 18:55:41.019588","train",60,0.8889396786689758,0.0005979373773237848,"","","","","","","","","","","",""
20080,"2026-08-05 18:55:41.879168","train",60,0.5567206740379333,0.0005966074002528465,"","","","","","","","","","","",""
20100,"2026-08-05 18:55:42.756152","train",60,0.3981001675128937,0.0005952767127723314,"","","","","","","","","","","",""
20120,"2026-08-05 18:55:43.571341","train",60,0.31400132179260254,0.0005939453246677505,"","","","","","","","","","","",""
20140,"2026-08-05 18:55:44.435807","train",60,1.0067907571792603,0.0005926132457297655,"","","","","","","","","","","",""
20160,"2026-08-05 18:55:45.277572","train",60,0.3358016610145569,0.000591280485754119,"","","","","","","","","","","",""
20180,"2026-08-05 18:55:46.074412","train",60,1.0176990032196045,0.0005899470545415623,"","","","","","","","","","","",""
20191,"2026-08-05 18:56:02.140875","val",60,"","",0.8144519669011904,0.2674631027026431,0.6997607655502392,0.6338018915331908,0.7553516819571865,0.3103448275862069,0.7610062893081762,0.6296296296296297,0.8667214012041599,0.7554585152838428,0.8131961131009052,0.6943890629450299
20200,"2026-08-05 18:56:12.941639","train",61,1.3480679988861084,0.0005886129618977818,"","","","","","","","","","","",""
20220,"2026-08-05 18:56:13.772340","train",61,0.49474889039993286,0.0005872782176333283,"","","","","","","","","","","",""
20240,"2026-08-05 18:56:14.776129","train",61,0.4549638628959656,0.0005859428315635448,"","","","","","","","","","","",""
20260,"2026-08-05 18:56:15.660790","train",61,0.867529034614563,0.0005846068135084933,"","","","","","","","","","","",""
20280,"2026-08-05 18:56:16.461936","train",61,0.652068555355072,0.0005832701732928838,"","","","","","","","","","","",""
20300,"2026-08-05 18:56:17.277980","train",61,0.5396465063095093,0.0005819329207460013,"","","","","","","","","","","",""
20320,"2026-08-05 18:56:18.132024","train",61,0.5683215260505676,0.0005805950657016336,"","","","","","","","","","","",""
20340,"2026-08-05 18:56:18.928362","train",61,0.2538387179374695,0.0005792566179979991,"","","","","","","","","","","",""
20360,"2026-08-05 18:56:19.764255","train",61,0.5693334341049194,0.0005779175874776747,"","","","","","","","","","","",""
20380,"2026-08-05 18:56:20.665985","train",61,1.2938666343688965,0.0005765779839875231,"","","","","","","","","","","",""
20400,"2026-08-05 18:56:21.578556","train",61,0.7262845635414124,0.0005752378173786199,"","","","","","","","","","","",""
20420,"2026-08-05 18:56:22.501485","train",61,1.8837722539901733,0.0005738970975061829,"","","","","","","","","","","",""
20440,"2026-08-05 18:56:23.352575","train",61,0.23294377326965332,0.0005725558342294974,"","","","","","","","","","","",""
20460,"2026-08-05 18:56:24.248570","train",61,1.2498977184295654,0.0005712140374118449,"","","","","","","","","","","",""
20480,"2026-08-05 18:56:25.170433","train",61,0.26027166843414307,0.000569871716920431,"","","","","","","","","","","",""
20500,"2026-08-05 18:56:25.979994","train",61,0.3039800822734833,0.0005685288826263117,"","","","","","","","","","","",""
20520,"2026-08-05 18:56:26.796380","train",61,0.30505019426345825,0.0005671855444043214,"","","","","","","","","","","",""
20522,"2026-08-05 18:56:42.729134","val",61,"","",0.8268949953537769,0.2816617373762404,0.7208931419457735,0.6881041449899735,0.7989296636085627,0.33753148614609574,0.7578616352201257,0.6666666666666666,0.866447728516694,0.7685589519650655,0.8283991476628735,0.722016519510111
20540,"2026-08-05 18:56:53.886620","train",62,2.377267837524414,0.0005658417121330007,"","","","","","","","","","","",""
20560,"2026-08-05 18:56:54.761962","train",62,2.2368855476379395,0.0005644973956945227,"","","","","","","","","","","",""
20580,"2026-08-05 18:56:55.602249","train",62,0.8991285562515259,0.0005631526049746211,"","","","","","","","","","","",""
20600,"2026-08-05 18:56:56.430289","train",62,1.6736750602722168,0.0005618073498625179,"","","","","","","","","","","",""
20620,"2026-08-05 18:56:57.341333","train",62,0.3518407940864563,0.0005604616402508492,"","","","","","","","","","","",""
20640,"2026-08-05 18:56:58.206316","train",62,0.27921515703201294,0.000559115486035594,"","","","","","","","","","","",""
20660,"2026-08-05 18:56:59.028073","train",62,1.1206868886947632,0.0005577688971160009,"","","","","","","","","","","",""
20680,"2026-08-05 18:56:59.849931","train",62,0.43934187293052673,0.0005564218833945145,"","","","","","","","","","","",""
20700,"2026-08-05 18:57:00.623045","train",62,0.27916455268859863,0.0005550744547767038,"","","","","","","","","","","",""
20720,"2026-08-05 18:57:01.479348","train",62,0.8395511507987976,0.000553726621171189,"","","","","","","","","","","",""
20740,"2026-08-05 18:57:02.302069","train",62,1.316615104675293,0.0005523783924895677,"","","","","","","","","","","",""
20760,"2026-08-05 18:57:03.155417","train",62,0.2271597683429718,0.0005510297786463438,"","","","","","","","","","","",""
20780,"2026-08-05 18:57:03.968098","train",62,0.7418287992477417,0.0005496807895588525,"","","","","","","","","","","",""
20800,"2026-08-05 18:57:04.843011","train",62,0.923699676990509,0.0005483314351471894,"","","","","","","","","","","",""
20820,"2026-08-05 18:57:05.729725","train",62,0.9818987846374512,0.0005469817253341362,"","","","","","","","","","","",""
20840,"2026-08-05 18:57:06.507967","train",62,0.8753300905227661,0.0005456316700450879,"","","","","","","","","","","",""
20853,"2026-08-05 18:57:22.840180","val",62,"","",0.8214345767511837,0.2714141393415153,0.7103668261562999,0.6842345191554954,0.7981651376146789,0.3299492385786802,0.7327044025157232,0.5555555555555556,0.8505747126436782,0.7314410480349345,0.8226413383506371,0.7138991740244944
20860,"2026-08-05 18:57:33.517568","train",63,0.24764679372310638,0.0005442812792079802,"","","","","","","","","","","",""
20880,"2026-08-05 18:57:34.355041","train",63,1.03544020652771,0.0005429305627532165,"","","","","","","","","","","",""
20900,"2026-08-05 18:57:35.283228","train",63,1.1576989889144897,0.0005415795306135944,"","","","","","","","","","","",""
20920,"2026-08-05 18:57:36.147981","train",63,0.6160078048706055,0.0005402281927242335,"","","","","","","","","","","",""
20940,"2026-08-05 18:57:36.967945","train",63,0.7694225907325745,0.0005388765590225012,"","","","","","","","","","","",""
20960,"2026-08-05 18:57:37.830276","train",63,0.20663170516490936,0.0005375246394479405,"","","","","","","","","","","",""
20980,"2026-08-05 18:57:38.636277","train",63,0.32928964495658875,0.0005361724439421966,"","","","","","","","","","","",""
21000,"2026-08-05 18:57:39.460853","train",63,0.19416911900043488,0.0005348199824489437,"","","","","","","","","","","",""
21020,"2026-08-05 18:57:40.290063","train",63,0.6803120374679565,0.0005334672649138121,"","","","","","","","","","","",""
21040,"2026-08-05 18:57:41.105755","train",63,0.30282843112945557,0.0005321143012843151,"","","","","","","","","","","",""
21060,"2026-08-05 18:57:42.035256","train",63,1.2632476091384888,0.0005307611015097756,"","","","","","","","","","","",""
21080,"2026-08-05 18:57:42.916325","train",63,0.3455110192298889,0.0005294076755412529,"","","","","","","","","","","",""
21100,"2026-08-05 18:57:43.780898","train",63,1.1043180227279663,0.0005280540333314699,"","","","","","","","","","","",""
21120,"2026-08-05 18:57:44.712819","train",63,0.22376671433448792,0.0005267001848347395,"","","","","","","","","","","",""
21140,"2026-08-05 18:57:45.663924","train",63,0.9739405512809753,0.0005253461400068915,"","","","","","","","","","","",""
21160,"2026-08-05 18:57:46.566775","train",63,0.994343638420105,0.0005239919088052,"","","","","","","","","","","",""
21180,"2026-08-05 18:57:47.429969","train",63,0.7808687090873718,0.0005226375011883089,"","","","","","","","","","","",""
21184,"2026-08-05 18:58:03.192402","val",63,"","",0.8257002522235498,0.3023611553136168,0.7096491228070175,0.6698266833038669,0.7691131498470948,0.3105022831050228,0.7578616352201257,0.6296296296296297,0.8511220580186097,0.74235807860262,0.8289583049976575,0.7100541156365707
21200,"2026-08-05 18:58:14.317436","train",64,0.2819175124168396,0.00052128292711616,"","","","","","","","","","","",""
21220,"2026-08-05 18:58:15.138358","train",64,0.6642929315567017,0.0005199281965499187,"","","","","","","","","","","",""
21240,"2026-08-05 18:58:16.073487","train",64,0.287356972694397,0.0005185733194519018,"","","","","","","","","","","",""
21260,"2026-08-05 18:58:16.951055","train",64,0.339007169008255,0.0005172183057855029,"","","","","","","","","","","",""
21280,"2026-08-05 18:58:17.768038","train",64,0.9291611313819885,0.0005158631655151206,"","","","","","","","","","","",""
21300,"2026-08-05 18:58:18.619357","train",64,1.0071234703063965,0.000514507908606084,"","","","","","","","","","","",""
21320,"2026-08-05 18:58:19.444101","train",64,0.2532569169998169,0.0005131525450245803,"","","","","","","","","","","",""
21340,"2026-08-05 18:58:20.256241","train",64,0.27240216732025146,0.0005117970847375809,"","","","","","","","","","","",""
21360,"2026-08-05 18:58:21.088314","train",64,0.3812991976737976,0.0005104415377127683,"","","","","","","","","","","",""
21380,"2026-08-05 18:58:21.890962","train",64,0.34185126423835754,0.000509085913918463,"","","","","","","","","","","",""
21400,"2026-08-05 18:58:22.748917","train",64,1.2702494859695435,0.00050773022332355,"","","","","","","","","","","",""
21420,"2026-08-05 18:58:23.638235","train",64,0.233769491314888,0.0005063744758974058,"","","","","","","","","","","",""
21440,"2026-08-05 18:58:24.458203","train",64,0.6390799880027771,0.0005050186816098241,"","","","","","","","","","","",""
21460,"2026-08-05 18:58:25.402061","train",64,0.1728360801935196,0.0005036628504309442,"","","","","","","","","","","",""
21480,"2026-08-05 18:58:26.188147","train",64,0.6766569018363953,0.0005023069923311757,"","","","","","","","","","","",""
21500,"2026-08-05 18:58:27.124120","train",64,0.7270309925079346,0.0005009511172811266,"","","","","","","","","","","",""
21515,"2026-08-05 18:58:43.543184","val",64,"","",0.8213637771582815,0.26679187870727167,0.7137161084529505,0.6742162060323503,0.7882262996941896,0.32929782082324455,0.7327044025157232,0.5555555555555556,0.866447728516694,0.7489082969432315,0.8245908328421817,0.7193107376815722
21520,"2026-08-05 18:58:54.422151","train",65,0.2685364782810211,0.00049959523525153,"","","","","","","","","","","",""
21540,"2026-08-05 18:58:55.297161","train",65,1.0639225244522095,0.0004982393562131695,"","","","","","","","","","","",""
21560,"2026-08-05 18:58:56.198388","train",65,0.8931509852409363,0.0004968834901368071,"","","","","","","","","","","",""
21580,"2026-08-05 18:58:57.095907","train",65,0.5579124093055725,0.0004955276469931096,"","","","","","","","","","","",""
21600,"2026-08-05 18:58:57.913665","train",65,1.698001742362976,0.0004941718367525752,"","","","","","","","","","","",""
21620,"2026-08-05 18:58:58.748804","train",65,0.22575359046459198,0.0004928160693854596,"","","","","","","","","","","",""
21640,"2026-08-05 18:58:59.658207","train",65,0.853228747844696,0.000491460354861704,"","","","","","","","","","","",""
21660,"2026-08-05 18:59:00.467906","train",65,1.380906105041504,0.0004901047031508603,"","","","","","","","","","","",""
21680,"2026-08-05 18:59:01.352514","train",65,1.1596485376358032,0.000488749124222019,"","","","","","","","","","","",""
21700,"2026-08-05 18:59:02.236565","train",65,1.33197820186615,0.000487393628043735,"","","","","","","","","","","",""
21720,"2026-08-05 18:59:03.063592","train",65,1.131359577178955,0.00048603822458395495,"","","","","","","","","","","",""
21740,"2026-08-05 18:59:03.943715","train",65,1.107970952987671,0.00048468292380994353,"","","","","","","","","","","",""
21760,"2026-08-05 18:59:04.795783","train",65,1.307459831237793,0.0004833277356882102,"","","","","","","","","","","",""
21780,"2026-08-05 18:59:05.698479","train",65,0.46061432361602783,0.00048197267018443665,"","","","","","","","","","","",""
21800,"2026-08-05 18:59:06.508988","train",65,1.4676529169082642,0.00048061773726340167,"","","","","","","","","","","",""
21820,"2026-08-05 18:59:07.332214","train",65,0.7157931327819824,0.0004792629468889102,"","","","","","","","","","","",""
21840,"2026-08-05 18:59:08.152831","train",65,0.25433236360549927,0.00047790830902371843,"","","","","","","","","","","",""
21846,"2026-08-05 18:59:24.574603","val",65,"","",0.8344174520996505,0.298227258741599,0.7374003189792664,0.7217773674234585,0.8524464831804281,0.38338658146964855,0.7578616352201257,0.6666666666666666,0.8579638752052545,0.722707423580786,0.8431639237732541,0.759327826829963
21860,"2026-08-05 18:59:35.944671","train",66,0.7565954923629761,0.000476553833629461,"","","","","","","","","","","",""
21880,"2026-08-05 18:59:36.851944","train",66,0.27496621012687683,0.00047519953066657805,"","","","","","","","","","","",""
21900,"2026-08-05 18:59:37.749567","train",66,0.2978726923465729,0.00047384541009424147,"","","","","","","","","","","",""
21920,"2026-08-05 18:59:38.707648","train",66,0.22709572315216064,0.0004724914818702819,"","","","","","","","","","","",""
21940,"2026-08-05 18:59:39.820126","train",66,0.23172256350517273,0.0004711377559511157,"","","","","","","","","","","",""
21960,"2026-08-05 18:59:40.648565","train",66,0.8186905980110168,0.0004697842422916715,"","","","","","","","","","","",""
21980,"2026-08-05 18:59:41.685128","train",66,0.4501589238643646,0.0004684309508453168,"","","","","","","","","","","",""
22000,"2026-08-05 18:59:42.751371","train",66,0.6160933971405029,0.0004670778915637851,"","","","","","","","","","","",""
22020,"2026-08-05 18:59:43.605333","train",66,0.26116323471069336,0.00046572507439710285,"","","","","","","","","","","",""
22040,"2026-08-05 18:59:44.639169","train",66,0.22096827626228333,0.0004643725092935159,"","","","","","","","","","","",""
22060,"2026-08-05 18:59:45.573381","train",66,0.2756127119064331,0.00046302020619941623,"","","","","","","","","","","",""
22080,"2026-08-05 18:59:46.580284","train",66,2.483074903488159,0.0004616681750592696,"","","","","","","","","","","",""
22100,"2026-08-05 18:59:47.685022","train",66,0.6188586354255676,0.00046031642581554125,"","","","","","","","","","","",""
22120,"2026-08-05 18:59:48.759842","train",66,0.3540799021720886,0.0004589649684086242,"","","","","","","","","","","",""
22140,"2026-08-05 18:59:49.653499","train",66,0.8736470937728882,0.00045761381277676483,"","","","","","","","","","","",""
22160,"2026-08-05 18:59:50.474953","train",66,0.6095088720321655,0.0004562629688559905,"","","","","","","","","","","",""
22177,"2026-08-05 19:00:08.087176","val",66,"","",0.8218239745121465,0.29537489619166746,0.7106858054226475,0.6697557641214913,0.7798165137614679,0.3142857142857143,0.770440251572327,0.6296296296296297,0.8472906403940887,0.7205240174672489,0.8240316755073974,0.7143264027342637
22180,"2026-08-05 19:00:19.314813","train",67,0.8546010851860046,0.0004549124465800362,"","","","","","","","","","","",""
22200,"2026-08-05 19:00:20.313920","train",67,0.29941970109939575,0.00045356225588027207,"","","","","","","","","","","",""
22220,"2026-08-05 19:00:21.204709","train",67,1.5024973154067993,0.00045221240668562936,"","","","","","","","","","","",""
22240,"2026-08-05 19:00:22.084808","train",67,0.4174637794494629,0.0004508629089225283,"","","","","","","","","","","",""
22260,"2026-08-05 19:00:22.931648","train",67,0.2254611998796463,0.0004495137725148049,"","","","","","","","","","","",""
22280,"2026-08-05 19:00:23.761032","train",67,0.7971005439758301,0.0004481650073836376,"","","","","","","","","","","",""
22300,"2026-08-05 19:00:24.690846","train",67,0.6350975036621094,0.0004468166234474747,"","","","","","","","","","","",""
22320,"2026-08-05 19:00:25.524190","train",67,1.1700389385223389,0.0004454686306219612,"","","","","","","","","","","",""
22340,"2026-08-05 19:00:26.304042","train",67,0.5523189306259155,0.0004441210388198659,"","","","","","","","","","","",""
22360,"2026-08-05 19:00:27.157672","train",67,0.3486475348472595,0.0004427738579510091,"","","","","","","","","","","",""
22380,"2026-08-05 19:00:28.059827","train",67,0.30221813917160034,0.0004414270979221887,"","","","","","","","","","","",""
22400,"2026-08-05 19:00:28.883746","train",67,0.3420366942882538,0.00044008076863710793,"","","","","","","","","","","",""
22420,"2026-08-05 19:00:29.714436","train",67,0.2848483920097351,0.0004387348799963025,"","","","","","","","","","","",""
22440,"2026-08-05 19:00:30.628672","train",67,0.3765532076358795,0.00043738944189706787,"","","","","","","","","","","",""
22460,"2026-08-05 19:00:31.440290","train",67,0.24262788891792297,0.00043604446423338623,"","","","","","","","","","","",""
22480,"2026-08-05 19:00:32.250776","train",67,0.3933161497116089,0.0004346999568958537,"","","","","","","","","","","",""
22500,"2026-08-05 19:00:33.079853","train",67,0.24593724310398102,0.0004333559297716082,"","","","","","","","","","","",""
22508,"2026-08-05 19:00:49.241318","val",67,"","",0.8327094119208813,0.2993098713039334,0.7330143540669857,0.7089521670335376,0.8486238532110092,0.4,0.770440251572327,0.7037037037037037,0.8943623426382046,0.8144104803493449,0.8344743165435009,0.7344061520934206
22520,"2026-08-05 19:01:00.177076","train",68,0.4590877592563629,0.00043201239274425586,"","","","","","","","","","","",""
22540,"2026-08-05 19:01:00.997719","train",68,1.5373156070709229,0.000430669355693799,"","","","","","","","","","","",""
22560,"2026-08-05 19:01:01.827668","train",68,0.689376950263977,0.00042932682849656297,"","","","","","","","","","","",""
22580,"2026-08-05 19:01:02.648361","train",68,1.1963951587677002,0.000427984821025124,"","","","","","","","","","","",""
22600,"2026-08-05 19:01:03.471012","train",68,1.7225626707077026,0.00042664334314823654,"","","","","","","","","","","",""
22620,"2026-08-05 19:01:04.347724","train",68,0.28608691692352295,0.00042530240473076037,"","","","","","","","","","","",""
22640,"2026-08-05 19:01:05.180245","train",68,0.378496378660202,0.0004239620156335883,"","","","","","","","","","","",""
22660,"2026-08-05 19:01:06.037706","train",68,0.33173370361328125,0.00042262218571357326,"","","","","","","","","","","",""
22680,"2026-08-05 19:01:06.852892","train",68,0.7491036653518677,0.0004212829248234569,"","","","","","","","","","","",""
22700,"2026-08-05 19:01:07.637015","train",68,0.5075759291648865,0.00041994424281179563,"","","","","","","","","","","",""
22720,"2026-08-05 19:01:08.490723","train",68,1.9509859085083008,0.0004186061495228892,"","","","","","","","","","","",""
22740,"2026-08-05 19:01:09.391209","train",68,0.5860783457756042,0.0004172686547967083,"","","","","","","","","","","",""
22760,"2026-08-05 19:01:10.219618","train",68,0.5398778319358826,0.0004159317684688217,"","","","","","","","","","","",""
22780,"2026-08-05 19:01:11.038534","train",68,0.6314198970794678,0.00041459550037032403,"","","","","","","","","","","",""
22800,"2026-08-05 19:01:11.886302","train",68,2.0606422424316406,0.00041325986032776413,"","","","","","","","","","","",""
22820,"2026-08-05 19:01:12.693145","train",68,0.5059118270874023,0.0004119248581630715,"","","","","","","","","","","",""
22839,"2026-08-05 19:01:29.295676","val",68,"","",0.8291163325810877,0.290795696821877,0.728628389154705,0.7028390770089054,0.8356269113149847,0.37317784256559766,0.7767295597484276,0.6666666666666666,0.8842364532019705,0.8056768558951966,0.8291849904036511,0.7270008544574196
22840,"2026-08-05 19:01:39.881137","train",69,0.48878151178359985,0.00041059050369348575,"","","","","","","","","","","",""
22860,"2026-08-05 19:01:40.734838","train",69,1.0556451082229614,0.0004092568067314831,"","","","","","","","","","","",""
22880,"2026-08-05 19:01:41.585905","train",69,0.8387123942375183,0.00040792377708470445,"","","","","","","","","","","",""
22900,"2026-08-05 19:01:42.403640","train",69,0.723774790763855,0.00040659142455588365,"","","","","","","","","","","",""
22920,"2026-08-05 19:01:43.254613","train",69,0.45089101791381836,0.00040525975894277537,"","","","","","","","","","","",""
22940,"2026-08-05 19:01:44.176921","train",69,1.0873675346374512,0.00040392879003808266,"","","","","","","","","","","",""
22960,"2026-08-05 19:01:45.038068","train",69,1.0535023212432861,0.00040259852762938517,"","","","","","","","","","","",""
22980,"2026-08-05 19:01:45.895302","train",69,0.41368186473846436,0.0004012689814990674,"","","","","","","","","","","",""
23000,"2026-08-05 19:01:46.780188","train",69,2.600182294845581,0.0003999401614242462,"","","","","","","","","","","",""
23020,"2026-08-05 19:01:47.628221","train",69,1.2370119094848633,0.0003986120771766995,"","","","","","","","","","","",""
23040,"2026-08-05 19:01:48.412859","train",69,0.3396599292755127,0.00039728473852279384,"","","","","","","","","","","",""
23060,"2026-08-05 19:01:49.279481","train",69,0.9221124649047852,0.00039595815522341357,"","","","","","","","","","","",""
23080,"2026-08-05 19:01:50.141363","train",69,0.46101462841033936,0.0003946323370338872,"","","","","","","","","","","",""
23100,"2026-08-05 19:01:50.968312","train",69,0.9837055802345276,0.0003933072937039179,"","","","","","","","","","","",""
23120,"2026-08-05 19:01:51.889941","train",69,0.30301839113235474,0.00039198303497751025,"","","","","","","","","","","",""
23140,"2026-08-05 19:01:52.715383","train",69,0.4870958626270294,0.00039065957059289906,"","","","","","","","","","","",""
23160,"2026-08-05 19:01:53.621580","train",69,0.23741644620895386,0.0003893369102824781,"","","","","","","","","","","",""
23170,"2026-08-05 19:02:09.779760","val",69,"","",0.8144608168503031,0.27890009185512005,0.7185805422647528,0.6919700235876484,0.8692660550458715,0.37362637362637363,0.7106918238993711,0.5925925925925926,0.8708264915161467,0.7641921397379913,0.8262834172069335,0.7329820563941897
23180,"2026-08-05 19:02:20.647389","train",70,0.30029454827308655,0.0003880150637727278,"","","","","","","","","","","",""
23200,"2026-08-05 19:02:21.469290","train",70,0.8771599531173706,0.00038669404078414416,"","","","","","","","","","","",""
23220,"2026-08-05 19:02:22.402098","train",70,0.8876420259475708,0.00038537385103116774,"","","","","","","","","","","",""
23240,"2026-08-05 19:02:23.368884","train",70,0.9007725119590759,0.000384054504222111,"","","","","","","","","","","",""
23260,"2026-08-05 19:02:24.245277","train",70,0.3786775767803192,0.00038273601005908817,"","","","","","","","","","","",""
23280,"2026-08-05 19:02:25.206486","train",70,0.5264542102813721,0.0003814183782379429,"","","","","","","","","","","",""
23300,"2026-08-05 19:02:26.014352","train",70,0.3862763047218323,0.0003801016184481779,"","","","","","","","","","","",""
23320,"2026-08-05 19:02:26.839290","train",70,0.4193553924560547,0.00037878574037288293,"","","","","","","","","","","",""
23340,"2026-08-05 19:02:27.645354","train",70,1.0367236137390137,0.00037747075368866376,"","","","","","","","","","","",""
23360,"2026-08-05 19:02:28.563862","train",70,1.615548849105835,0.0003761566680655713,"","","","","","","","","","","",""
23380,"2026-08-05 19:02:29.407934","train",70,0.2041497677564621,0.0003748434931670301,"","","","","","","","","","","",""
23400,"2026-08-05 19:02:30.319170","train",70,0.2331487238407135,0.00037353123864976794,"","","","","","","","","","","",""
23420,"2026-08-05 19:02:31.135302","train",70,0.9732357263565063,0.0003722199141637439,"","","","","","","","","","","",""
23440,"2026-08-05 19:02:31.978230","train",70,0.23130597174167633,0.000370909529352078,"","","","","","","","","","","",""
23460,"2026-08-05 19:02:32.783543","train",70,0.313993364572525,0.00036960009385098036,"","","","","","","","","","","",""
23480,"2026-08-05 19:02:33.585479","train",70,0.2357240915298462,0.00036829161728967985,"","","","","","","","","","","",""
23500,"2026-08-05 19:02:34.366818","train",70,0.44568002223968506,0.0003669841092903536,"","","","","","","","","","","",""
23501,"2026-08-05 19:02:50.124832","val",70,"","",0.825390504004602,0.3013737977180106,0.7231259968102073,0.709925612868988,0.8318042813455657,0.35294117647058826,0.7578616352201257,0.6296296296296297,0.8716475095785441,0.759825327510917,0.8288676308352602,0.7297066362859584
23520,"2026-08-05 19:03:01.394121","train",71,0.22879815101623535,0.0003656775794680563,"","","","","","","","","","","",""
23540,"2026-08-05 19:03:02.250471","train",71,0.20318250358104706,0.00036437203743064947,"","","","","","","","","","","",""
23560,"2026-08-05 19:03:03.083081","train",71,0.2066800594329834,0.00036306749277873065,"","","","","","","","","","","",""
23580,"2026-08-05 19:03:03.941510","train",71,0.3673320412635803,0.00036176395510556286,"","","","","","","","","","","",""
23600,"2026-08-05 19:03:04.886647","train",71,0.3197193145751953,0.0003604614339970038,"","","","","","","","","","","",""
23620,"2026-08-05 19:03:05.756224","train",71,0.21498534083366394,0.0003591599390314361,"","","","","","","","","","","",""
23640,"2026-08-05 19:03:06.695570","train",71,0.4584593176841736,0.00035785947977969625,"","","","","","","","","","","",""
23660,"2026-08-05 19:03:07.491155","train",71,0.7579851150512695,0.0003565600658050044,"","","","","","","","","","","",""
23680,"2026-08-05 19:03:08.352079","train",71,1.341235876083374,0.0003552617066628939,"","","","","","","","","","","",""
23700,"2026-08-05 19:03:09.153150","train",71,0.2507898211479187,0.0003539644119011411,"","","","","","","","","","","",""
23720,"2026-08-05 19:03:09.915263","train",71,1.6011877059936523,0.00035266819105969556,"","","","","","","","","","","",""
23740,"2026-08-05 19:03:10.751828","train",71,0.3041776418685913,0.0003513730536706092,"","","","","","","","","","","",""
23760,"2026-08-05 19:03:11.578236","train",71,0.5645735859870911,0.0003500790092579665,"","","","","","","","","","","",""
23780,"2026-08-05 19:03:12.442119","train",71,0.26438915729522705,0.00034878606733781476,"","","","","","","","","","","",""
23800,"2026-08-05 19:03:13.281651","train",71,0.7134286165237427,0.0003474942374180936,"","","","","","","","","","","",""
23820,"2026-08-05 19:03:14.077934","train",71,0.35602667927742004,0.0003462035289985656,"","","","","","","","","","","",""
23832,"2026-08-05 19:03:30.417224","val",71,"","",0.8242046108234877,0.2745898627846054,0.7233652312599681,0.7088781781121413,0.8516819571865444,0.389937106918239,0.770440251572327,0.7037037037037037,0.8628899835796388,0.7532751091703057,0.8313309455803902,0.7315579606949587
23840,"2026-08-05 19:03:41.211810","train",72,0.22382378578186035,0.0003449139515707456,"","","","","","","","","","","",""
23860,"2026-08-05 19:03:42.007360","train",72,0.2175472527742386,0.00034362551461783187,"","","","","","","","","","","",""
23880,"2026-08-05 19:03:42.923148","train",72,1.0074821710586548,0.00034233822761463593,"","","","","","","","","","","",""
23900,"2026-08-05 19:03:43.781325","train",72,1.3429913520812988,0.00034105210002751275,"","","","","","","","","","","",""
23920,"2026-08-05 19:03:44.604756","train",72,1.9625824689865112,0.00033976714131429126,"","","","","","","","","","","",""
23940,"2026-08-05 19:03:45.486237","train",72,1.2793810367584229,0.00033848336092420496,"","","","","","","","","","","",""
23960,"2026-08-05 19:03:46.288964","train",72,1.3295353651046753,0.0003372007682978221,"","","","","","","","","","","",""
23980,"2026-08-05 19:03:47.154612","train",72,2.1105728149414062,0.00033591937286697656,"","","","","","","","","","","",""
24000,"2026-08-05 19:03:47.993467","train",72,0.37213489413261414,0.00033463918405469826,"","","","","","","","","","","",""
24020,"2026-08-05 19:03:48.861012","train",72,0.27771976590156555,0.00033336021127514435,"","","","","","","","","","","",""
24040,"2026-08-05 19:03:49.791070","train",72,1.026609182357788,0.0003320824639335291,"","","","","","","","","","","",""
24060,"2026-08-05 19:03:50.598704","train",72,0.4903915822505951,0.00033080595142605544,"","","","","","","","","","","",""
24080,"2026-08-05 19:03:51.448076","train",72,0.2346031814813614,0.00032953068313984604,"","","","","","","","","","","",""
24100,"2026-08-05 19:03:52.426416","train",72,0.5519124865531921,0.000328256668452873,"","","","","","","","","","","",""
24120,"2026-08-05 19:03:53.375936","train",72,1.1939268112182617,0.0003269839167338907,"","","","","","","","","","","",""
24140,"2026-08-05 19:03:54.282566","train",72,0.4129376709461212,0.00032571243734236575,"","","","","","","","","","","",""
24160,"2026-08-05 19:03:55.176304","train",72,0.4364897906780243,0.0003244422396284081,"","","","","","","","","","","",""
24163,"2026-08-05 19:04:11.231768","val",72,"","",0.8248595070578344,0.2931108487753378,0.7279106858054226,0.7050202136549432,0.7981651376146789,0.3333333333333333,0.7893081761006289,0.7037037037037037,0.8478379857690203,0.7510917030567685,0.8340511704523129,0.7430931358587297
24180,"2026-08-05 19:04:22.428046","train",73,0.6760059595108032,0.0003231733329327028,"","","","","","","","","","","",""
24200,"2026-08-05 19:04:23.295413","train",73,0.5182265043258667,0.0003219057265864414,"","","","","","","","","","","",""
24220,"2026-08-05 19:04:24.082250","train",73,0.736678957939148,0.0003206394299112526,"","","","","","","","","","","",""
24240,"2026-08-05 19:04:24.892579","train",73,0.3592127561569214,0.00031937445221913425,"","","","","","","","","","","",""
24260,"2026-08-05 19:04:25.755223","train",73,0.2693479657173157,0.00031811080281238496,"","","","","","","","","","","",""
24280,"2026-08-05 19:04:26.591677","train",73,0.39816468954086304,0.0003168484909835353,"","","","","","","","","","","",""
24300,"2026-08-05 19:04:27.453192","train",73,0.2886648178100586,0.0003155875260152796,"","","","","","","","","","","",""
24320,"2026-08-05 19:04:28.283737","train",73,0.2273409068584442,0.00031432791718040794,"","","","","","","","","","","",""
24340,"2026-08-05 19:04:29.128032","train",73,0.25826606154441833,0.0003130696737417378,"","","","","","","","","","","",""
24360,"2026-08-05 19:04:29.994729","train",73,1.344894528388977,0.0003118128049520457,"","","","","","","","","","","",""
24380,"2026-08-05 19:04:30.836891","train",73,0.21122148633003235,0.00031055732005399935,"","","","","","","","","","","",""
24400,"2026-08-05 19:04:31.630801","train",73,0.48859813809394836,0.00030930322828008996,"","","","","","","","","","","",""
24420,"2026-08-05 19:04:32.452802","train",73,0.27300766110420227,0.00030805053885256373,"","","","","","","","","","","",""
24440,"2026-08-05 19:04:33.310234","train",73,0.7995063066482544,0.0003067992609833549,"","","","","","","","","","","",""
24460,"2026-08-05 19:04:34.118259","train",73,0.1978437900543213,0.00030554940387401703,"","","","","","","","","","","",""
24480,"2026-08-05 19:04:35.027509","train",73,0.44083529710769653,0.00030430097671565597,"","","","","","","","","","","",""
24494,"2026-08-05 19:04:51.524192","val",73,"","",0.8270277445904686,0.2919146076625285,0.7240031897926634,0.7153528179630825,0.8264525993883792,0.35327635327635326,0.8176100628930818,0.7407407407407407,0.8472906403940886,0.74235807860262,0.8343836423811035,0.7294218171461122
24500,"2026-08-05 19:05:02.207375","train",74,0.2770962715148926,0.00030305398868886224,"","","","","","","","","","","",""
24520,"2026-08-05 19:05:03.046214","train",74,1.1086106300354004,0.0003018084489636431,"","","","","","","","","","","",""
24540,"2026-08-05 19:05:03.976236","train",74,0.4897008538246155,0.0003005643666993557,"","","","","","","","","","","",""
24560,"2026-08-05 19:05:04.883885","train",74,0.2291465401649475,0.000299321751044639,"","","","","","","","","","","",""
24580,"2026-08-05 19:05:05.645453","train",74,0.2650909423828125,0.0002980806111373475,"","","","","","","","","","","",""
24600,"2026-08-05 19:05:06.493807","train",74,0.24302183091640472,0.00029684095610448306,"","","","","","","","","","","",""
24620,"2026-08-05 19:05:07.292542","train",74,0.19957689940929413,0.00029560279506212807,"","","","","","","","","","","",""
24640,"2026-08-05 19:05:08.160138","train",74,0.5223614573478699,0.0002943661371153789,"","","","","","","","","","","",""
24660,"2026-08-05 19:05:09.072950","train",74,1.6156175136566162,0.0002931309913582783,"","","","","","","","","","","",""
24680,"2026-08-05 19:05:09.936484","train",74,0.5843892693519592,0.00029189736687374905,"","","","","","","","","","","",""
24700,"2026-08-05 19:05:10.710420","train",74,0.3207969069480896,0.0002906652727335264,"","","","","","","","","","","",""
24720,"2026-08-05 19:05:11.499634","train",74,1.765103816986084,0.00028943471799809244,"","","","","","","","","","","",""
24740,"2026-08-05 19:05:12.328534","train",74,0.2095830738544464,0.00028820571171660886,"","","","","","","","","","","",""
24760,"2026-08-05 19:05:13.202839","train",74,1.5467383861541748,0.0002869782629268498,"","","","","","","","","","","",""
24780,"2026-08-05 19:05:14.008318","train",74,0.6003965139389038,0.00028575238065513676,"","","","","","","","","","","",""
24800,"2026-08-05 19:05:14.919635","train",74,0.39888274669647217,0.00028452807391627136,"","","","","","","","","","","",""
24820,"2026-08-05 19:05:15.803835","train",74,1.254840612411499,0.0002833053517134687,"","","","","","","","","","","",""
24825,"2026-08-05 19:05:31.733500","val",74,"","",0.8243462100092926,0.26867925277260635,0.7243221690590111,0.7080087642524024,0.8409785932721713,0.3619631901840491,0.7924528301886793,0.6296296296296297,0.857142857142857,0.7532751091703057,0.8277946532468906,0.7309883224152663
24840,"2026-08-05 19:05:42.944967","train",75,0.9297734498977661,0.00028208422303829215,"","","","","","","","","","","",""
24860,"2026-08-05 19:05:43.752975","train",75,0.9382562637329102,0.0002808646968705868,"","","","","","","","","","","",""
24880,"2026-08-05 19:05:44.630721","train",75,0.45523831248283386,0.0002796467821784128,"","","","","","","","","","","",""
24900,"2026-08-05 19:05:45.536317","train",75,0.27623215317726135,0.00027843048791798014,"","","","","","","","","","","",""
24920,"2026-08-05 19:05:46.471518","train",75,0.3055771589279175,0.000277215823033583,"","","","","","","","","","","",""
24940,"2026-08-05 19:05:47.402752","train",75,0.2218625694513321,0.000276002796457533,"","","","","","","","","","","",""
24960,"2026-08-05 19:05:48.274580","train",75,0.21190939843654633,0.0002747914171100944,"","","","","","","","","","","",""
24980,"2026-08-05 19:05:49.113641","train",75,1.3211867809295654,0.0002735816938994185,"","","","","","","","","","","",""
25000,"2026-08-05 19:05:49.969805","train",75,0.9531761407852173,0.00027237363572147705,"","","","","","","","","","","",""
25020,"2026-08-05 19:05:50.947707","train",75,0.4873858392238617,0.00027116725145999833,"","","","","","","","","","","",""
25040,"2026-08-05 19:05:51.794503","train",75,0.27193742990493774,0.0002699625499864009,"","","","","","","","","","","",""
25060,"2026-08-05 19:05:52.742863","train",75,0.5945348739624023,0.000268759540159728,"","","","","","","","","","","",""
25080,"2026-08-05 19:05:53.789397","train",75,0.36380577087402344,0.00026755823082658375,"","","","","","","","","","","",""
25100,"2026-08-05 19:05:54.838846","train",75,0.6257675290107727,0.00026635863082106727,"","","","","","","","","","","",""
25120,"2026-08-05 19:05:55.679259","train",75,0.234508216381073,0.0002651607489647071,"","","","","","","","","","","",""
25140,"2026-08-05 19:05:56.702449","train",75,1.1535323858261108,0.0002639645940663972,"","","","","","","","","","","",""
25156,"2026-08-05 19:06:13.578572","val",75,"","",0.8261869994247533,0.2747934245405386,0.7226475279106858,0.7270019951398058,0.8241590214067278,0.34285714285714286,0.7735849056603774,0.5925925925925926,0.8483853311439519,0.7489082969432315,0.8348370131930907,0.733409285103959
25160,"2026-08-05 19:06:24.228530","train",76,0.20731177926063538,0.0002627701749223326,"","","","","","","","","","","",""
25180,"2026-08-05 19:06:25.092418","train",76,0.28474339842796326,0.0002615775003159433,"","","","","","","","","","","",""
25200,"2026-08-05 19:06:25.923632","train",76,0.2535852789878845,0.0002603865790178306,"","","","","","","","","","","",""
25220,"2026-08-05 19:06:26.789442","train",76,0.29230791330337524,0.00025919741978570296,"","","","","","","","","","","",""
25240,"2026-08-05 19:06:27.622677","train",76,0.2503122091293335,0.0002580100313643104,"","","","","","","","","","","",""
25260,"2026-08-05 19:06:28.539038","train",76,0.28866857290267944,0.00025682442248538127,"","","","","","","","","","","",""
25280,"2026-08-05 19:06:29.387580","train",76,0.18957284092903137,0.0002556406018675578,"","","","","","","","","","","",""
25300,"2026-08-05 19:06:30.193111","train",76,0.24179957807064056,0.0002544585782163313,"","","","","","","","","","","",""
25320,"2026-08-05 19:06:31.011053","train",76,0.5419931411743164,0.00025327836022397924,"","","","","","","","","","","",""
25340,"2026-08-05 19:06:31.912270","train",76,0.9361371994018555,0.0002520999565695006,"","","","","","","","","","","",""
25360,"2026-08-05 19:06:32.791400","train",76,0.21623621881008148,0.000250923375918552,"","","","","","","","","","","",""
25380,"2026-08-05 19:06:33.673186","train",76,0.34916526079177856,0.0002497486269233842,"","","","","","","","","","","",""
25400,"2026-08-05 19:06:34.476389","train",76,0.3670797348022461,0.00024857571822277895,"","","","","","","","","","","",""
25420,"2026-08-05 19:06:35.501314","train",76,1.372554898262024,0.0002474046584419843,"","","","","","","","","","","",""
25440,"2026-08-05 19:06:36.353724","train",76,0.2624204754829407,0.00024623545619265237,"","","","","","","","","","","",""
25460,"2026-08-05 19:06:37.159265","train",76,0.6389519572257996,0.00024506812007277554,"","","","","","","","","","","",""
25480,"2026-08-05 19:06:37.956285","train",76,0.2308749109506607,0.0002439026586666225,"","","","","","","","","","","",""
25487,"2026-08-05 19:06:54.232183","val",76,"","",0.818735342271782,0.263936306656234,0.7175438596491228,0.7193041616341623,0.8769113149847095,0.3206751054852321,0.7798742138364779,0.7037037037037037,0.8336070060207992,0.7052401746724891,0.8293663387284459,0.730561093705497
25500,"2026-08-05 19:07:05.402229","train",77,1.009006381034851,0.00024273908054467654,"","","","","","","","","","","",""
25520,"2026-08-05 19:07:06.346718","train",77,0.5985512137413025,0.0002415773942635718,"","","","","","","","","","","",""
25540,"2026-08-05 19:07:07.289351","train",77,1.2750234603881836,0.0002404176083660296,"","","","","","","","","","","",""
25560,"2026-08-05 19:07:08.259646","train",77,0.33470892906188965,0.0002392597313807971,"","","","","","","","","","","",""
25580,"2026-08-05 19:07:09.091976","train",77,0.877981424331665,0.00023810377182258366,"","","","","","","","","","","",""
25600,"2026-08-05 19:07:09.911771","train",77,0.21294325590133667,0.0002369497381919981,"","","","","","","","","","","",""
25620,"2026-08-05 19:07:10.834749","train",77,1.331632137298584,0.0002357976389754871,"","","","","","","","","","","",""
25640,"2026-08-05 19:07:11.784065","train",77,1.0426336526870728,0.00023464748264527153,"","","","","","","","","","","",""
25660,"2026-08-05 19:07:12.699081","train",77,0.9676061868667603,0.00023349927765928496,"","","","","","","","","","","",""
25680,"2026-08-05 19:07:13.576083","train",77,0.6885177493095398,0.00023235303246111168,"","","","","","","","","","","",""
25700,"2026-08-05 19:07:14.414810","train",77,0.42519474029541016,0.00023120875547992417,"","","","","","","","","","","",""
25720,"2026-08-05 19:07:15.280738","train",77,0.23371103405952454,0.00023006645513042064,"","","","","","","","","","","",""
25740,"2026-08-05 19:07:16.096255","train",77,0.19318896532058716,0.0002289261398127643,"","","","","","","","","","","",""
25760,"2026-08-05 19:07:16.924650","train",77,0.19736316800117493,0.00022778781791252083,"","","","","","","","","","","",""
25780,"2026-08-05 19:07:17.814342","train",77,0.21786552667617798,0.00022665149780059656,"","","","","","","","","","","",""
25800,"2026-08-05 19:07:18.602599","train",77,1.0748510360717773,0.0002255171878331776,"","","","","","","","","","","",""
25818,"2026-08-05 19:07:35.862559","val",77,"","",0.8231072171335014,0.2742034904650294,0.7229665071770335,0.7315285414076155,0.8325688073394495,0.3343465045592705,0.789308176100629,0.6666666666666666,0.8549534756431308,0.777292576419214,0.8287165072312644,0.7281401310168043
25820,"2026-08-05 19:07:46.444680","train",78,0.41614723205566406,0.000224384896351668,"","","","","","","","","","","",""
25840,"2026-08-05 19:07:47.411144","train",78,0.3435686528682709,0.00022325463168262796,"","","","","","","","","","","",""
25860,"2026-08-05 19:07:48.253023","train",78,0.24574755132198334,0.00022212640213771352,"","","","","","","","","","","",""
25880,"2026-08-05 19:07:49.255776","train",78,0.8034961223602295,0.00022100021601361526,"","","","","","","","","","","",""
25900,"2026-08-05 19:07:50.126035","train",78,1.048667311668396,0.0002198760815919958,"","","","","","","","","","","",""
25920,"2026-08-05 19:07:51.029868","train",78,0.8697888851165771,0.00021875400713943123,"","","","","","","","","","","",""
25940,"2026-08-05 19:07:51.939243","train",78,1.6418700218200684,0.0002176340009073491,"","","","","","","","","","","",""
25960,"2026-08-05 19:07:52.750099","train",78,0.73825603723526,0.00021651607113196716,"","","","","","","","","","","",""
25980,"2026-08-05 19:07:53.557898","train",78,0.23226866126060486,0.00021540022603423409,"","","","","","","","","","","",""
26000,"2026-08-05 19:07:54.422838","train",78,0.2504006624221802,0.0002142864738197684,"","","","","","","","","","","",""
26020,"2026-08-05 19:07:55.258209","train",78,0.24508395791053772,0.00021317482267879756,"","","","","","","","","","","",""
26040,"2026-08-05 19:07:56.171324","train",78,1.405433177947998,0.00021206528078609888,"","","","","","","","","","","",""
26060,"2026-08-05 19:07:56.955233","train",78,0.19634442031383514,0.0002109578563009389,"","","","","","","","","","","",""
26080,"2026-08-05 19:07:57.783450","train",78,0.5053979158401489,0.00020985255736701263,"","","","","","","","","","","",""
26100,"2026-08-05 19:07:58.587500","train",78,0.96052086353302,0.000208749392112385,"","","","","","","","","","","",""
26120,"2026-08-05 19:07:59.389115","train",78,0.21674400568008423,0.00020764836864943048,"","","","","","","","","","","",""
26140,"2026-08-05 19:08:00.234560","train",78,1.1821157932281494,0.00020654949507477302,"","","","","","","","","","","",""
26149,"2026-08-05 19:08:16.488808","val",78,"","",0.8147617151201381,0.26684941539931484,0.7098883572567783,0.7095643503693412,0.8279816513761468,0.3323442136498516,0.7830188679245282,0.6666666666666666,0.8357963875205254,0.74235807860262,0.8215381360414683,0.7150384505838793
26160,"2026-08-05 19:08:27.366155","train",79,0.4949434995651245,0.00020545277946922678,"","","","","","","","","","","",""
26180,"2026-08-05 19:08:28.271087","train",79,0.20569144189357758,0.00020435822989773743,"","","","","","","","","","","",""
26200,"2026-08-05 19:08:29.112194","train",79,0.2977493405342102,0.00020326585440932156,"","","","","","","","","","","",""
26220,"2026-08-05 19:08:30.063879","train",79,0.3678218126296997,0.0002021756610370085,"","","","","","","","","","","",""
26240,"2026-08-05 19:08:30.949169","train",79,0.23205335438251495,0.00020108765779778116,"","","","","","","","","","","",""
26260,"2026-08-05 19:08:31.787348","train",79,0.3612864911556244,0.00020000185269251604,"","","","","","","","","","","",""
26280,"2026-08-05 19:08:32.594686","train",79,0.3837006092071533,0.00019891825370592584,"","","","","","","","","","","",""
26300,"2026-08-05 19:08:33.483813","train",79,0.8239625692367554,0.0001978368688065,"","","","","","","","","","","",""
26320,"2026-08-05 19:08:34.274949","train",79,1.204491138458252,0.00019675770594644568,"","","","","","","","","","","",""
26340,"2026-08-05 19:08:35.156374","train",79,0.5503472089767456,0.00019568077306163028,"","","","","","","","","","","",""
26360,"2026-08-05 19:08:35.982237","train",79,0.5552966594696045,0.00019460607807152258,"","","","","","","","","","","",""
26380,"2026-08-05 19:08:36.847050","train",79,0.5024146437644958,0.0001935336288791342,"","","","","","","","","","","",""
26400,"2026-08-05 19:08:37.728028","train",79,0.3360303044319153,0.00019246343337096168,"","","","","","","","","","","",""
26420,"2026-08-05 19:08:38.541429","train",79,0.35533902049064636,0.00019139549941692916,"","","","","","","","","","","",""
26440,"2026-08-05 19:08:39.371030","train",79,0.4812026023864746,0.00019032983487032924,"","","","","","","","","","","",""
26460,"2026-08-05 19:08:40.183900","train",79,0.32922324538230896,0.00018926644756776646,"","","","","","","","","","","",""
26480,"2026-08-05 19:08:40.925318","train",79,0.21518748998641968,0.00018820534532909907,"","","","","","","","","","","",""
26480,"2026-08-05 19:08:56.718676","val",79,"","",0.8227974689145536,0.28294941362703135,0.7281499202551834,0.7247620652973285,0.7958715596330275,0.3171355498721228,0.7893081761006289,0.6666666666666666,0.8229337712096333,0.7379912663755459,0.8294419005304439,0.7425234975790374
26500,"2026-08-05 19:09:08.064405","train",80,0.8952766060829163,0.00018714653595738114,"","","","","","","","","","","",""
26520,"2026-08-05 19:09:08.945297","train",80,1.0549124479293823,0.00018609002723880608,"","","","","","","","","","","",""
26540,"2026-08-05 19:09:09.766819","train",80,0.24639825522899628,0.00018503582694264902,"","","","","","","","","","","",""
26560,"2026-08-05 19:09:10.618871","train",80,0.34057629108428955,0.00018398394282120897,"","","","","","","","","","","",""
26580,"2026-08-05 19:09:11.422942","train",80,1.1121505498886108,0.00018293438260975312,"","","","","","","","","","","",""
26600,"2026-08-05 19:09:12.269732","train",80,0.5031486749649048,0.00018188715402645868,"","","","","","","","","","","",""
26620,"2026-08-05 19:09:13.111450","train",80,0.20003575086593628,0.0001808422647723571,"","","","","","","","","","","",""
26640,"2026-08-05 19:09:14.056383","train",80,1.240049123764038,0.0001797997225312772,"","","","","","","","","","","",""
26660,"2026-08-05 19:09:14.923613","train",80,1.5756545066833496,0.0001787595349697879,"","","","","","","","","","","",""
26680,"2026-08-05 19:09:15.752704","train",80,0.3093222379684448,0.00017772170973714282,"","","","","","","","","","","",""
26700,"2026-08-05 19:09:16.554463","train",80,1.5299248695373535,0.00017668625446522367,"","","","","","","","","","","",""
26720,"2026-08-05 19:09:17.447174","train",80,1.2631908655166626,0.00017565317676848427,"","","","","","","","","","","",""
26740,"2026-08-05 19:09:18.263146","train",80,0.4049818515777588,0.00017462248424389394,"","","","","","","","","","","",""
26760,"2026-08-05 19:09:19.109597","train",80,0.2661517858505249,0.0001735941844708825,"","","","","","","","","","","",""
26780,"2026-08-05 19:09:19.917824","train",80,0.24413658678531647,0.00017256828501128416,"","","","","","","","","","","",""
26800,"2026-08-05 19:09:20.746899","train",80,0.5027327537536621,0.00017154479340928148,"","","","","","","","","","","",""
26811,"2026-08-05 19:09:37.195961","val",80,"","",0.8225408203902826,0.2748768664971967,0.7171451355661882,0.7258521974908575,0.8448012232415902,0.343042071197411,0.7767295597484277,0.5925925925925926,0.8379857690202518,0.7183406113537117,0.8293965634492452,0.7314155511250356
26820,"2026-08-05 19:09:48.188615","train",81,0.3641113340854645,0.00017052371719135083,"","","","","","","","","","","",""
26840,"2026-08-05 19:09:49.056582","train",81,0.1940203160047531,0.00016950506386620591,"","","","","","","","","","","",""
26860,"2026-08-05 19:09:49.879939","train",81,1.7139830589294434,0.00016848884092474366,"","","","","","","","","","","",""
26880,"2026-08-05 19:09:50.752524","train",81,0.7915665507316589,0.00016747505583998855,"","","","","","","","","","","",""
26900,"2026-08-05 19:09:51.561861","train",81,1.0981470346450806,0.00016646371606703747,"","","","","","","","","","","",""
26920,"2026-08-05 19:09:52.519892","train",81,0.9038321375846863,0.00016545482904300508,"","","","","","","","","","","",""
26940,"2026-08-05 19:09:53.372124","train",81,0.8889297842979431,0.00016444840218696972,"","","","","","","","","","","",""
26960,"2026-08-05 19:09:54.361933","train",81,0.4482940137386322,0.00016344444289991808,"","","","","","","","","","","",""
26980,"2026-08-05 19:09:55.222345","train",81,0.5075732469558716,0.00016244295856469065,"","","","","","","","","","","",""
27000,"2026-08-05 19:09:56.050873","train",81,0.1936439871788025,0.00016144395654592834,"","","","","","","","","","","",""
27020,"2026-08-05 19:09:56.896007","train",81,0.18547801673412323,0.00016044744419001775,"","","","","","","","","","","",""
27040,"2026-08-05 19:09:57.748233","train",81,0.1965942680835724,0.0001594534288250366,"","","","","","","","","","","",""
27060,"2026-08-05 19:09:58.563559","train",81,0.216290682554245,0.00015846191776070124,"","","","","","","","","","","",""
27080,"2026-08-05 19:09:59.371476","train",81,0.7952355146408081,0.00015747291828831133,"","","","","","","","","","","",""
27100,"2026-08-05 19:10:00.255798","train",81,1.2213208675384521,0.00015648643768069744,"","","","","","","","","","","",""
27120,"2026-08-05 19:10:01.101498","train",81,0.7123570442199707,0.0001555024831921672,"","","","","","","","","","","",""
27140,"2026-08-05 19:10:01.926265","train",81,0.5820295810699463,0.00015452106205845125,"","","","","","","","","","","",""
27142,"2026-08-05 19:10:17.908340","val",81,"","",0.818779592017346,0.2600293051227727,0.7140350877192982,0.7215967271057356,0.8555045871559633,0.34146341463414637,0.7955974842767295,0.6666666666666666,0.8125342090859333,0.6921397379912664,0.8282933611400765,0.7307035032754201
27160,"2026-08-05 19:10:29.191564","train",82,0.9949084520339966,0.00015354218149665142,"","","","","","","","","","","",""
27180,"2026-08-05 19:10:30.029424","train",82,0.22612912952899933,0.00015256584870518603,"","","","","","","","","","","",""
27200,"2026-08-05 19:10:30.852873","train",82,0.36481183767318726,0.00015159207086373866,"","","","","","","","","","","",""
27220,"2026-08-05 19:10:31.777485","train",82,0.7637902498245239,0.00015062085513320371,"","","","","","","","","","","",""
27240,"2026-08-05 19:10:32.594779","train",82,0.6415160894393921,0.00014965220865563515,"","","","","","","","","","","",""
27260,"2026-08-05 19:10:33.470033","train",82,1.1730657815933228,0.00014868613855419286,"","","","","","","","","","","",""
27280,"2026-08-05 19:10:34.339539","train",82,1.0321098566055298,0.0001477226519330911,"","","","","","","","","","","",""
27300,"2026-08-05 19:10:35.214210","train",82,1.119726300239563,0.0001467617558775459,"","","","","","","","","","","",""
27320,"2026-08-05 19:10:36.033061","train",82,0.21021714806556702,0.00014580345745372273,"","","","","","","","","","","",""
27340,"2026-08-05 19:10:36.851464","train",82,2.822514533996582,0.00014484776370868508,"","","","","","","","","","","",""
27360,"2026-08-05 19:10:37.695691","train",82,0.8758094310760498,0.00014389468167034234,"","","","","","","","","","","",""
27380,"2026-08-05 19:10:38.489028","train",82,0.19956214725971222,0.00014294421834739766,"","","","","","","","","","","",""
27400,"2026-08-05 19:10:39.309684","train",82,0.3911919593811035,0.0001419963807292975,"","","","","","","","","","","",""
27420,"2026-08-05 19:10:40.108420","train",82,0.33645743131637573,0.00014105117578617942,"","","","","","","","","","","",""
27440,"2026-08-05 19:10:40.930882","train",82,0.19266293942928314,0.00014010861046882074,"","","","","","","","","","","",""
27460,"2026-08-05 19:10:41.750913","train",82,1.0837123394012451,0.00013916869170858785,"","","","","","","","","","","",""
27473,"2026-08-05 19:10:58.135358","val",82,"","",0.8175759989380061,0.2856464647088215,0.717384370015949,0.7377729465880641,0.8478593272171254,0.3475409836065574,0.8018867924528301,0.7407407407407407,0.8325123152709359,0.7248908296943232,0.8234876305330129,0.7224437482198803
27480,"2026-08-05 19:11:08.892223","train",83,0.22308135032653809,0.00013823142641738531,"","","","","","","","","","","",""
27500,"2026-08-05 19:11:09.757184","train",83,0.8428853750228882,0.0001372968214876044,"","","","","","","","","","","",""
27520,"2026-08-05 19:11:10.645750","train",83,0.19049224257469177,0.00013636488379207315,"","","","","","","","","","","",""
27540,"2026-08-05 19:11:11.476105","train",83,0.24112142622470856,0.00013543562018400552,"","","","","","","","","","","",""
27560,"2026-08-05 19:11:12.340756","train",83,2.687286615371704,0.0001345090374969505,"","","","","","","","","","","",""
27580,"2026-08-05 19:11:13.125775","train",83,0.920842170715332,0.0001335851425447428,"","","","","","","","","","","",""
27600,"2026-08-05 19:11:14.063661","train",83,0.20028521120548248,0.00013266394212145232,"","","","","","","","","","","",""
27620,"2026-08-05 19:11:14.916413","train",83,0.48353394865989685,0.00013174544300133357,"","","","","","","","","","","",""
27640,"2026-08-05 19:11:15.763189","train",83,0.5215407609939575,0.00013082965193877692,"","","","","","","","","","","",""
27660,"2026-08-05 19:11:16.589213","train",83,0.9256528615951538,0.0001299165756682585,"","","","","","","","","","","",""
27680,"2026-08-05 19:11:17.399589","train",83,1.6914095878601074,0.00012900622090429012,"","","","","","","","","","","",""
27700,"2026-08-05 19:11:18.191414","train",83,0.3059384226799011,0.0001280985943413706,"","","","","","","","","","","",""
27720,"2026-08-05 19:11:19.016487","train",83,0.43406760692596436,0.0001271937026539366,"","","","","","","","","","","",""
27740,"2026-08-05 19:11:19.942055","train",83,0.1963394284248352,0.00012629155249631275,"","","","","","","","","","","",""
27760,"2026-08-05 19:11:20.791315","train",83,0.5050970911979675,0.00012539215050266363,"","","","","","","","","","","",""
27780,"2026-08-05 19:11:21.634612","train",83,0.24022303521633148,0.00012449550328694456,"","","","","","","","","","","",""
27800,"2026-08-05 19:11:22.428397","train",83,0.8181009888648987,0.00012360161744285266,"","","","","","","","","","","",""
27804,"2026-08-05 19:11:38.341707","val",83,"","",0.8200362847913625,0.2693880374394048,0.7181020733652312,0.7242366670822022,0.8922018348623854,0.3253588516746411,0.7955974842767295,0.7037037037037037,0.8415435139573071,0.7248908296943232,0.830106844388025,0.730561093705497
27820,"2026-08-05 19:11:49.330564","train",84,2.3688676357269287,0.00012271049954377895,"","","","","","","","","","","",""
27840,"2026-08-05 19:11:50.294147","train",84,0.5239949226379395,0.00012182215614275977,"","","","","","","","","","","",""
27860,"2026-08-05 19:11:51.300240","train",84,0.1908046454191208,0.00012093659377242833,"","","","","","","","","","","",""
27880,"2026-08-05 19:11:52.221433","train",84,0.25537365674972534,0.00012005381894496707,"","","","","","","","","","","",""
27900,"2026-08-05 19:11:53.038470","train",84,0.9822854995727539,0.00011917383815205974,"","","","","","","","","","","",""
27920,"2026-08-05 19:11:53.828030","train",84,0.5689749717712402,0.00011829665786484328,"","","","","","","","","","","",""
27940,"2026-08-05 19:11:54.609257","train",84,0.8260911107063293,0.00011742228453386036,"","","","","","","","","","","",""
27960,"2026-08-05 19:11:55.491159","train",84,0.7267449498176575,0.00011655072458901258,"","","","","","","","","","","",""
27980,"2026-08-05 19:11:56.497691","train",84,0.2719423770904541,0.00011568198443951205,"","","","","","","","","","","",""
28000,"2026-08-05 19:11:57.356384","train",84,0.17307400703430176,0.00011481607047383538,"","","","","","","","","","","",""
28020,"2026-08-05 19:11:58.148588","train",84,0.2732105851173401,0.00011395298905967606,"","","","","","","","","","","",""
28040,"2026-08-05 19:11:58.987435","train",84,0.3132443428039551,0.00011309274654389758,"","","","","","","","","","","",""
28060,"2026-08-05 19:11:59.884971","train",84,0.19912278652191162,0.00011223534925248715,"","","","","","","","","","","",""
28080,"2026-08-05 19:12:00.715892","train",84,0.7024017572402954,0.00011138080349050912,"","","","","","","","","","","",""
28100,"2026-08-05 19:12:01.499284","train",84,1.0921574831008911,0.00011052911554205792,"","","","","","","","","","","",""
28120,"2026-08-05 19:12:02.306653","train",84,0.22337190806865692,0.00010968029167021297,"","","","","","","","","","","",""
28135,"2026-08-05 19:12:18.910913","val",84,"","",0.8123368290632329,0.2650078644748522,0.7129186602870813,0.7220868747059227,0.8539755351681957,0.3436426116838488,0.8144654088050315,0.7037037037037037,0.8363437328954569,0.7270742358078602,0.8174124616523855,0.719025918541726
28140,"2026-08-05 19:12:29.614487","train",85,0.20164117217063904,0.00010883433811699203,"","","","","","","","","","","",""
28160,"2026-08-05 19:12:30.485110","train",85,0.20085063576698303,0.00010799126110330479,"","","","","","","","","","","",""
28180,"2026-08-05 19:12:31.396759","train",85,0.25277256965637207,0.00010715106682890839,"","","","","","","","","","","",""
28200,"2026-08-05 19:12:32.228317","train",85,0.29254502058029175,0.00010631376147236046,"","","","","","","","","","","",""
28220,"2026-08-05 19:12:32.997457","train",85,0.3936370015144348,0.00010547935119097459,"","","","","","","","","","","",""
28240,"2026-08-05 19:12:33.932997","train",85,0.2690665125846863,0.00010464784212077482,"","","","","","","","","","","",""
28260,"2026-08-05 19:12:34.737896","train",85,0.3758052587509155,0.00010381924037645063,"","","","","","","","","","","",""
28280,"2026-08-05 19:12:35.635931","train",85,0.5757662653923035,0.00010299355205131133,"","","","","","","","","","","",""
28300,"2026-08-05 19:12:36.453628","train",85,0.723446786403656,0.00010217078321724226,"","","","","","","","","","","",""
28320,"2026-08-05 19:12:37.261917","train",85,0.8605132102966309,0.00010135093992465945,"","","","","","","","","","","",""
28340,"2026-08-05 19:12:38.117604","train",85,0.47806936502456665,0.00010053402820246505,"","","","","","","","","","","",""
28360,"2026-08-05 19:12:38.940220","train",85,0.21801263093948364,9.972005405800361e-05,"","","","","","","","","","","",""
28380,"2026-08-05 19:12:39.790425","train",85,0.19825705885887146,9.890902347701747e-05,"","","","","","","","","","","",""
28400,"2026-08-05 19:12:40.721189","train",85,0.2447355091571808,9.810094242360255e-05,"","","","","","","","","","","",""
28420,"2026-08-05 19:12:41.637367","train",85,0.2165696620941162,9.729581684016498e-05,"","","","","","","","","","","",""
28440,"2026-08-05 19:12:42.580510","train",85,1.2259482145309448,9.649365264737753e-05,"","","","","","","","","","","",""
28460,"2026-08-05 19:12:43.411147","train",85,0.37401580810546875,9.569445574413467e-05,"","","","","","","","","","","",""
28466,"2026-08-05 19:12:59.479622","val",85,"","",0.8071773087304749,0.24231254763815976,0.7026315789473684,0.7161525833257756,0.8501529051987767,0.3333333333333333,0.7893081761006289,0.7037037037037037,0.8201970443349754,0.7030567685589519,0.8120173489897388,0.7080603816576474
