"step","time","part","epoch","loss","lr","auroc","auprc","auroc_age_cond","auroc_age_weighted","accuracy","f_measure","auroc_I0002","auroc_age_cond_I0002","auroc_I0006","auroc_age_cond_I0006","auroc_S0001","auroc_age_cond_S0001"
20,"2026-08-05 15:48:57.360714","train",0,1.3461055755615234,4.000961077716325e-05,"","","","","","","","","","","",""
40,"2026-08-05 15:48:58.408262","train",0,0.8077576160430908,4.00384427237903e-05,"","","","","","","","","","","",""
60,"2026-08-05 15:48:59.304695","train",0,0.29998594522476196,4.008649468530861e-05,"","","","","","","","","","","",""
80,"2026-08-05 15:49:00.208585","train",0,0.7941081523895264,4.01537647374818e-05,"","","","","","","","","","","",""
100,"2026-08-05 15:49:01.015920","train",0,0.31467700004577637,4.024025018648739e-05,"","","","","","","","","","","",""
120,"2026-08-05 15:49:02.014234","train",0,0.7912969589233398,4.034594756902347e-05,"","","","","","","","","","","",""
140,"2026-08-05 15:49:02.901545","train",0,0.3256683051586151,4.047085265244867e-05,"","","","","","","","","","","",""
160,"2026-08-05 15:49:03.809331","train",0,0.33721286058425903,4.061496043495044e-05,"","","","","","","","","","","",""
180,"2026-08-05 15:49:04.658834","train",0,0.7803754210472107,4.077826514574693e-05,"","","","","","","","","","","",""
200,"2026-08-05 15:49:05.439927","train",0,0.7764326333999634,4.096076024531585e-05,"","","","","","","","","","","",""
220,"2026-08-05 15:49:06.291146","train",0,0.7730820775032043,4.11624384256587e-05,"","","","","","","","","","","",""
240,"2026-08-05 15:49:07.106743","train",0,1.1818904876708984,4.138329161059199e-05,"","","","","","","","","","","",""
260,"2026-08-05 15:49:07.939807","train",0,1.588305950164795,4.162331095607075e-05,"","","","","","","","","","","",""
280,"2026-08-05 15:49:08.737039","train",0,0.785089910030365,4.188248685054331e-05,"","","","","","","","","","","",""
300,"2026-08-05 15:49:09.557005","train",0,0.7761839628219604,4.2160808915335285e-05,"","","","","","","","","","","",""
320,"2026-08-05 15:49:10.332591","train",0,1.540663242340088,4.245826600506649e-05,"","","","","","","","","","","",""
331,"2026-08-05 15:49:26.508833","val",0,"","",0.6731971205655417,0.14141787332369826,0.5580990099009902,0.5449293626604896,0.07218844984802432,0.1346562721474132,0.7127882599580713,0.6140350877192983,0.5913083680073972,0.4982456140350877,0.6823524708140092,0.5550906555090656
340,"2026-08-05 15:49:37.417940","train",1,0.4062388837337494,4.277484620809587e-05,"","","","","","","","","","","",""
360,"2026-08-05 15:49:38.263402","train",1,1.1343576908111572,4.311053684699932e-05,"","","","","","","","","","","",""
380,"2026-08-05 15:49:39.073438","train",1,0.7758693099021912,4.3465324479077306e-05,"","","","","","","","","","","",""
400,"2026-08-05 15:49:39.892777","train",1,1.1193344593048096,4.383919489689262e-05,"","","","","","","","","","","",""
420,"2026-08-05 15:49:40.772129","train",1,0.4520806670188904,4.423213312884015e-05,"","","","","","","","","","","",""
440,"2026-08-05 15:49:41.595152","train",1,1.4810242652893066,4.4644123439745663e-05,"","","","","","","","","","","",""
460,"2026-08-05 15:49:42.428725","train",1,0.42642199993133545,4.5075149331496385e-05,"","","","","","","","","","","",""
480,"2026-08-05 15:49:43.244836","train",1,0.40742141008377075,4.55251935437015e-05,"","","","","","","","","","","",""
500,"2026-08-05 15:49:44.091981","train",1,0.7722787857055664,4.599423805438333e-05,"","","","","","","","","","","",""
520,"2026-08-05 15:49:44.910967","train",1,0.7999597787857056,4.648226408069918e-05,"","","","","","","","","","","",""
540,"2026-08-05 15:49:45.769176","train",1,1.1513803005218506,4.698925207969316e-05,"","","","","","","","","","","",""
560,"2026-08-05 15:49:46.549951","train",1,0.8253761529922485,4.7515181749079255e-05,"","","","","","","","","","","",""
580,"2026-08-05 15:49:47.385868","train",1,0.39883866906166077,4.8060032028053655e-05,"","","","","","","","","","","",""
600,"2026-08-05 15:49:48.414835","train",1,0.8158398866653442,4.8623781098138886e-05,"","","","","","","","","","","",""
620,"2026-08-05 15:49:49.241372","train",1,0.7917065620422363,4.9206406384057146e-05,"","","","","","","","","","","",""
640,"2026-08-05 15:49:50.117130","train",1,1.1282756328582764,4.98078845546342e-05,"","","","","","","","","","","",""
660,"2026-08-05 15:49:50.903795","train",1,1.369223952293396,5.042819152373398e-05,"","","","","","","","","","","",""
662,"2026-08-05 15:50:06.897531","val",1,"","",0.6478813741971636,0.12948635596908856,0.5295049504950495,0.5032922324388018,0.07218844984802432,0.1346562721474132,0.6750524109014675,0.6140350877192983,0.5938511326860841,0.49473684210526314,0.6496881496881498,0.5227026189369286
680,"2026-08-05 15:50:18.105369","train",2,0.8010382652282715,5.106730245122294e-05,"","","","","","","","","","","",""
700,"2026-08-05 15:50:18.941913","train",2,0.453270822763443,5.172519174396475e-05,"","","","","","","","","","","",""
720,"2026-08-05 15:50:19.926484","train",2,1.1467703580856323,5.240183305684528e-05,"","","","","","","","","","","",""
740,"2026-08-05 15:50:20.759668","train",2,1.1509305238723755,5.3097199293827856e-05,"","","","","","","","","","","",""
760,"2026-08-05 15:50:21.684302","train",2,0.44918280839920044,5.3811262609037235e-05,"","","","","","","","","","","",""
780,"2026-08-05 15:50:22.549976","train",2,0.4230074882507324,5.4543994407876134e-05,"","","","","","","","","","","",""
800,"2026-08-05 15:50:23.438767","train",2,0.41392308473587036,5.529536534816916e-05,"","","","","","","","","","","",""
820,"2026-08-05 15:50:24.493992","train",2,1.8747172355651855,5.6065345341338967e-05,"","","","","","","","","","","",""
840,"2026-08-05 15:50:25.312520","train",2,0.4123365879058838,5.685390355360969e-05,"","","","","","","","","","","",""
860,"2026-08-05 15:50:26.232919","train",2,1.14071524143219,5.766100840724254e-05,"","","","","","","","","","","",""
880,"2026-08-05 15:50:27.082134","train",2,0.7389240264892578,5.8486627581800935e-05,"","","","","","","","","","","",""
900,"2026-08-05 15:50:27.906637","train",2,0.3841233253479004,5.9330728015443194e-05,"","","","","","","","","","","",""
920,"2026-08-05 15:50:28.905582","train",2,0.7847983837127686,6.019327590624799e-05,"","","","","","","","","","","",""
940,"2026-08-05 15:50:30.021607","train",2,0.7266513109207153,6.107423671356709e-05,"","","","","","","","","","","",""
960,"2026-08-05 15:50:30.864713","train",2,0.6849594116210938,6.19735751594087e-05,"","","","","","","","","","","",""
980,"2026-08-05 15:50:31.822652","train",2,0.38994675874710083,6.289125522985031e-05,"","","","","","","","","","","",""
993,"2026-08-05 15:50:48.062017","val",2,"","",0.6542868227078753,0.13685253322667124,0.5374257425742575,0.512130827597291,0.07218844984802432,0.1346562721474132,0.670859538784067,0.5964912280701754,0.6266759130836801,0.531578947368421,0.651495282264513,0.5214628854796218
1000,"2026-08-05 15:50:59.106123","train",3,1.5114799737930298,6.382724017648094e-05,"","","","","","","","","","","",""
1020,"2026-08-05 15:51:00.179141","train",3,0.3891125023365021,6.478149251787249e-05,"","","","","","","","","","","",""
1040,"2026-08-05 15:51:01.183052","train",3,0.8392857909202576,6.575397404108042e-05,"","","","","","","","","","","",""
1060,"2026-08-05 15:51:02.028548","train",3,1.4555901288986206,6.674464580317513e-05,"","","","","","","","","","","",""
1080,"2026-08-05 15:51:02.927377","train",3,0.7695367932319641,6.775346813279993e-05,"","","","","","","","","","","",""
1100,"2026-08-05 15:51:03.918998","train",3,0.805872917175293,6.878040063176068e-05,"","","","","","","","","","","",""
1120,"2026-08-05 15:51:04.874105","train",3,0.8185333609580994,6.982540217664304e-05,"","","","","","","","","","","",""
1140,"2026-08-05 15:51:05.738799","train",3,1.1123645305633545,7.088843092045976e-05,"","","","","","","","","","","",""
1160,"2026-08-05 15:51:06.585943","train",3,0.3629484474658966,7.196944429432579e-05,"","","","","","","","","","","",""
1180,"2026-08-05 15:51:07.413984","train",3,0.34259581565856934,7.306839900916373e-05,"","","","","","","","","","","",""
1200,"2026-08-05 15:51:08.300607","train",3,0.8277492523193359,7.418525105743617e-05,"","","","","","","","","","","",""
1220,"2026-08-05 15:51:09.129039","train",3,1.5750974416732788,7.531995571490946e-05,"","","","","","","","","","","",""
1240,"2026-08-05 15:51:09.976718","train",3,0.670168936252594,7.64724675424433e-05,"","","","","","","","","","","",""
1260,"2026-08-05 15:51:10.971957","train",3,1.2438104152679443,7.764274038781144e-05,"","","","","","","","","","","",""
1280,"2026-08-05 15:51:11.945830","train",3,1.3867188692092896,7.883072738754896e-05,"","","","","","","","","","","",""
1300,"2026-08-05 15:51:12.906209","train",3,0.7410476207733154,8.003638096882963e-05,"","","","","","","","","","","",""
1320,"2026-08-05 15:51:13.825722","train",3,1.6502676010131836,8.125965285137049e-05,"","","","","","","","","","","",""
1324,"2026-08-05 15:51:30.231653","val",3,"","",0.7254536833484202,0.20983532570935806,0.5739405940594059,0.5611991148614818,0.17325227963525835,0.14599686028257458,0.729559748427673,0.6666666666666666,0.6380027739251041,0.5157894736842106,0.7466016312170158,0.5893382922671626
1340,"2026-08-05 15:51:41.867296","train",4,0.8038163185119629,8.250049404936522e-05,"","","","","","","","","","","",""
1360,"2026-08-05 15:51:42.874584","train",4,1.15633225440979,8.375885487344641e-05,"","","","","","","","","","","",""
1380,"2026-08-05 15:51:43.933218","train",4,0.39167922735214233,8.503468493267449e-05,"","","","","","","","","","","",""
1400,"2026-08-05 15:51:44.767426","train",4,1.1991745233535767,8.632793313655585e-05,"","","","","","","","","","","",""
1420,"2026-08-05 15:51:45.744695","train",4,1.0962774753570557,8.763854769708974e-05,"","","","","","","","","","","",""
1440,"2026-08-05 15:51:46.690243","train",4,1.345190167427063,8.896647613084049e-05,"","","","","","","","","","","",""
1460,"2026-08-05 15:51:47.615025","train",4,1.269465446472168,9.03116652610403e-05,"","","","","","","","","","","",""
1480,"2026-08-05 15:51:48.428368","train",4,0.8150620460510254,9.167406121971856e-05,"","","","","","","","","","","",""
1500,"2026-08-05 15:51:49.343362","train",4,1.2044199705123901,9.30536094498587e-05,"","","","","","","","","","","",""
1520,"2026-08-05 15:51:50.221913","train",4,0.3372129201889038,9.445025470758309e-05,"","","","","","","","","","","",""
1540,"2026-08-05 15:51:51.058538","train",4,1.1187933683395386,9.586394106436528e-05,"","","","","","","","","","","",""
1560,"2026-08-05 15:51:51.924860","train",4,0.338884174823761,9.729461190926961e-05,"","","","","","","","","","","",""
1580,"2026-08-05 15:51:52.814614","train",4,0.7913968563079834,9.874220995121838e-05,"","","","","","","","","","","",""
1600,"2026-08-05 15:51:53.775858","train",4,0.32343414425849915,0.0001002066772212856,"","","","","","","","","","","",""
1620,"2026-08-05 15:51:54.649220","train",4,0.3421175479888916,0.00010168795507501868,"","","","","","","","","","","",""
1640,"2026-08-05 15:51:55.512159","train",4,0.41716891527175903,0.00010318598419478719,"","","","","","","","","","","",""
1655,"2026-08-05 15:52:12.758079","val",4,"","",0.7320056899004267,0.2197789782036968,0.5610297029702971,0.5412531827460136,0.07218844984802432,0.1346562721474132,0.6792452830188679,0.543859649122807,0.6262135922330098,0.49473684210526314,0.7622101391332161,0.5890283589028359
1660,"2026-08-05 15:52:23.953534","train",5,0.7173237800598145,0.0001047007045921574,"","","","","","","","","","","",""
1680,"2026-08-05 15:52:24.905204","train",5,0.9163695573806763,0.00010623205561029517,"","","","","","","","","","","",""
1700,"2026-08-05 15:52:25.814965","train",5,0.8768138885498047,0.00010777997592639472,"","","","","","","","","","","",""
1720,"2026-08-05 15:52:26.617615","train",5,1.9106863737106323,0.00010934440355413416,"","","","","","","","","","","",""
1740,"2026-08-05 15:52:27.478993","train",5,0.3466569483280182,0.0001109252758461582,"","","","","","","","","","","",""
1760,"2026-08-05 15:52:28.338317","train",5,0.39299002289772034,0.00011252252949658611,"","","","","","","","","","","",""
1780,"2026-08-05 15:52:29.185271","train",5,0.37606292963027954,0.00011413610054354759,"","","","","","","","","","","",""
1800,"2026-08-05 15:52:30.029270","train",5,0.9942123889923096,0.00011576592437174352,"","","","","","","","","","","",""
1820,"2026-08-05 15:52:30.879267","train",5,1.0026073455810547,0.00011741193571503388,"","","","","","","","","","","",""
1840,"2026-08-05 15:52:31.810139","train",5,0.8024547100067139,0.00011907406865905104,"","","","","","","","","","","",""
1860,"2026-08-05 15:52:32.723470","train",5,0.2946341931819916,0.00012075225664383922,"","","","","","","","","","","",""
1880,"2026-08-05 15:52:33.808746","train",5,0.2624231278896332,0.0001224464324665205,"","","","","","","","","","","",""
1900,"2026-08-05 15:52:34.714017","train",5,1.8037967681884766,0.00012415652828398518,"","","","","","","","","","","",""
1920,"2026-08-05 15:52:35.640758","train",5,0.746606707572937,0.00012588247561560887,"","","","","","","","","","","",""
1940,"2026-08-05 15:52:36.570060","train",5,1.8783435821533203,0.0001276242053459951,"","","","","","","","","","","",""
1960,"2026-08-05 15:52:37.583679","train",5,0.28140318393707275,0.00012938164772774235,"","","","","","","","","","","",""
1980,"2026-08-05 15:52:38.623018","train",5,0.356113463640213,0.00013115473238423786,"","","","","","","","","","","",""
1986,"2026-08-05 15:52:55.215389","val",5,"","",0.7650329755592913,0.2480803567201511,0.5951683168316831,0.5863216335578681,0.4133738601823708,0.18565400843881857,0.7064989517819706,0.5614035087719298,0.6775312066574203,0.5350877192982456,0.7899408284023668,0.6161475282814195
2000,"2026-08-05 15:53:06.674155","train",6,1.0338953733444214,0.000132943388312475,"","","","","","","","","","","",""
2020,"2026-08-05 15:53:07.618350","train",6,1.1207047700881958,0.00013474754388589764,"","","","","","","","","","","",""
2040,"2026-08-05 15:53:08.684714","train",6,1.1906245946884155,0.0001365671268572673,"","","","","","","","","","","",""
2060,"2026-08-05 15:53:09.604146","train",6,0.9811353087425232,0.00013840206436155724,"","","","","","","","","","","",""
2080,"2026-08-05 15:53:10.416293","train",6,0.8435637354850769,0.00014025228291886943,"","","","","","","","","","","",""
2100,"2026-08-05 15:53:11.406557","train",6,0.3705286979675293,0.00014211770843737786,"","","","","","","","","","","",""
2120,"2026-08-05 15:53:12.354196","train",6,1.3490923643112183,0.00014399826621629543,"","","","","","","","","","","",""
2140,"2026-08-05 15:53:13.265153","train",6,0.292029470205307,0.00014589388094886433,"","","","","","","","","","","",""
2160,"2026-08-05 15:53:14.135018","train",6,0.7824438810348511,0.00014780447672537356,"","","","","","","","","","","",""
2180,"2026-08-05 15:53:15.000888","train",6,1.7948049306869507,0.00014972997703619644,"","","","","","","","","","","",""
2200,"2026-08-05 15:53:15.835335","train",6,0.2723466157913208,0.00015167030477485663,"","","","","","","","","","","",""
2220,"2026-08-05 15:53:16.670529","train",6,0.6188054084777832,0.00015362538224111442,"","","","","","","","","","","",""
2240,"2026-08-05 15:53:17.501439","train",6,0.588363766670227,0.0001555951311440787,"","","","","","","","","","","",""
2260,"2026-08-05 15:53:18.450777","train",6,0.43427345156669617,0.00015757947260534194,"","","","","","","","","","","",""
2280,"2026-08-05 15:53:19.321179","train",6,0.9288841485977173,0.00015957832716213913,"","","","","","","","","","","",""
2300,"2026-08-05 15:53:20.254170","train",6,0.42966634035110474,0.00016159161477052994,"","","","","","","","","","","",""
2317,"2026-08-05 15:53:37.713483","val",6,"","",0.7966033018664598,0.27258740103870593,0.6527524752475248,0.6432353199945751,0.6063829787234043,0.23372781065088757,0.7463312368972747,0.5614035087719298,0.7163661581137309,0.5561403508771929,0.8182952182952183,0.6826282349294902
2320,"2026-08-05 15:53:48.907862","train",7,0.6141636371612549,0.00016361925480860352,"","","","","","","","","","","",""
2340,"2026-08-05 15:53:49.756473","train",7,1.0737454891204834,0.0001656611660797077,"","","","","","","","","","","",""
2360,"2026-08-05 15:53:50.728758","train",7,1.066072940826416,0.00016771726681569948,"","","","","","","","","","","",""
2380,"2026-08-05 15:53:51.606365","train",7,1.0171455144882202,0.00016978747468022104,"","","","","","","","","","","",""
2400,"2026-08-05 15:53:52.462492","train",7,0.8021283149719238,0.00017187170677199508,"","","","","","","","","","","",""
2420,"2026-08-05 15:53:53.378268","train",7,0.8741871118545532,0.00017396987962814598,"","","","","","","","","","","",""
2440,"2026-08-05 15:53:54.349154","train",7,0.22580809891223907,0.00017608190922754115,"","","","","","","","","","","",""
2460,"2026-08-05 15:53:55.388983","train",7,0.6407173275947571,0.00017820771099415645,"","","","","","","","","","","",""
2480,"2026-08-05 15:53:56.322496","train",7,0.7654794454574585,0.0001803471998004624,"","","","","","","","","","","",""
2500,"2026-08-05 15:53:57.214680","train",7,1.382187008857727,0.00018250028997083341,"","","","","","","","","","","",""
2520,"2026-08-05 15:53:58.072180","train",7,0.6928964853286743,0.0001846668952849782,"","","","","","","","","","","",""
2540,"2026-08-05 15:53:58.966527","train",7,0.9001201391220093,0.00018684692898139328,"","","","","","","","","","","",""
2560,"2026-08-05 15:53:59.925111","train",7,0.2597111165523529,0.00018904030376083682,"","","","","","","","","","","",""
2580,"2026-08-05 15:54:00.868819","train",7,1.6144051551818848,0.0001912469317898244,"","","","","","","","","","","",""
2600,"2026-08-05 15:54:01.919319","train",7,0.5975975394248962,0.0001934667247041464,"","","","","","","","","","","",""
2620,"2026-08-05 15:54:02.870791","train",7,0.9467926025390625,0.00019569959361240708,"","","","","","","","","","","",""
2640,"2026-08-05 15:54:03.812228","train",7,1.3506853580474854,0.0001979454490995834,"","","","","","","","","","","",""
2648,"2026-08-05 15:54:20.587139","val",7,"","",0.8053709211603949,0.26568924602889954,0.6601188118811882,0.6482824994887337,0.7575987841945289,0.3080260303687636,0.7190775681341719,0.45614035087719296,0.760748959778086,0.6035087719298246,0.8242283703822165,0.6965752363241903
2660,"2026-08-05 15:54:32.772352","train",8,0.6343051195144653,0.0002002042012306059,"","","","","","","","","","","",""
2680,"2026-08-05 15:54:33.920924","train",8,1.0335917472839355,0.00020247575955396045,"","","","","","","","","","","",""
2700,"2026-08-05 15:54:35.132238","train",8,0.6126464605331421,0.00020476003310531028,"","","","","","","","","","","",""
2720,"2026-08-05 15:54:36.247598","train",8,0.5649303197860718,0.00020705693041113838,"","","","","","","","","","","",""
2740,"2026-08-05 15:54:37.347732","train",8,1.0604848861694336,0.00020936635949241067,"","","","","","","","","","","",""
2760,"2026-08-05 15:54:38.340210","train",8,1.40190851688385,0.00021168822786825912,"","","","","","","","","","","",""
2780,"2026-08-05 15:54:39.272835","train",8,1.2727649211883545,0.00021402244255968586,"","","","","","","","","","","",""
2800,"2026-08-05 15:54:40.221333","train",8,0.45981913805007935,0.00021636891009328555,"","","","","","","","","","","",""
2820,"2026-08-05 15:54:41.134083","train",8,0.31715139746665955,0.00021872753650498903,"","","","","","","","","","","",""
2840,"2026-08-05 15:54:42.125998","train",8,0.6943723559379578,0.00022109822734382625,"","","","","","","","","","","",""
2860,"2026-08-05 15:54:43.015745","train",8,0.5011546611785889,0.00022348088767570786,"","","","","","","","","","","",""
2880,"2026-08-05 15:54:43.935075","train",8,1.4368610382080078,0.00022587542208722786,"","","","","","","","","","","",""
2900,"2026-08-05 15:54:44.849421","train",8,1.5648646354675293,0.0002282817346894836,"","","","","","","","","","","",""
2920,"2026-08-05 15:54:45.681484","train",8,0.5558784604072571,0.00023069972912191552,"","","","","","","","","","","",""
2940,"2026-08-05 15:54:46.634137","train",8,0.9270533323287964,0.00023312930855616694,"","","","","","","","","","","",""
2960,"2026-08-05 15:54:47.470154","train",8,0.964094340801239,0.00023557037569996078,"","","","","","","","","","","",""
2979,"2026-08-05 15:55:06.676615","val",8,"","",0.8016897280055175,0.2554544163275525,0.6341386138613861,0.6256712641356964,0.6398176291793313,0.25,0.7714884696016772,0.631578947368421,0.7297734627831716,0.5333333333333333,0.817655525347833,0.6573686657368666
2980,"2026-08-05 15:55:18.075976","train",9,0.5277143120765686,0.00023802283280099522,"","","","","","","","","","","",""
3000,"2026-08-05 15:55:19.255301","train",9,0.29358163475990295,0.00024048658165085914,"","","","","","","","","","","",""
3020,"2026-08-05 15:55:20.229940","train",9,0.7230888605117798,0.00024296152358896416,"","","","","","","","","","","",""
3040,"2026-08-05 15:55:21.138319","train",9,0.7432120442390442,0.000245447559506496,"","","","","","","","","","","",""
3060,"2026-08-05 15:55:21.973062","train",9,0.4341030716896057,0.0002479445898503829,"","","","","","","","","","","",""
3080,"2026-08-05 15:55:22.902004","train",9,0.9672821760177612,0.00025045251462728227,"","","","","","","","","","","",""
3100,"2026-08-05 15:55:23.880178","train",9,0.7149406671524048,0.0002529712334075852,"","","","","","","","","","","",""
3120,"2026-08-05 15:55:24.958848","train",9,1.1813205480575562,0.00025550064532943754,"","","","","","","","","","","",""
3140,"2026-08-05 15:55:25.878715","train",9,0.31533509492874146,0.00025804064910277984,"","","","","","","","","","","",""
3160,"2026-08-05 15:55:26.826077","train",9,0.3881107270717621,0.00026059114301340235,"","","","","","","","","","","",""
3180,"2026-08-05 15:55:27.782508","train",9,0.9953840374946594,0.00026315202492701955,"","","","","","","","","","","",""
3200,"2026-08-05 15:55:28.726385","train",9,0.4075692594051361,0.0002657231922933586,"","","","","","","","","","","",""
3220,"2026-08-05 15:55:29.658020","train",9,0.8987771272659302,0.00026830454215026687,"","","","","","","","","","","",""
3240,"2026-08-05 15:55:30.687727","train",9,1.0716534852981567,0.0002708959711278352,"","","","","","","","","","","",""
3260,"2026-08-05 15:55:31.656428","train",9,0.3082444667816162,0.0002734973754525365,"","","","","","","","","","","",""
3280,"2026-08-05 15:55:32.601526","train",9,0.30319568514823914,0.0002761086509513826,"","","","","","","","","","","",""
3300,"2026-08-05 15:55:33.786291","train",9,1.0582265853881836,0.0002787296930560941,"","","","","","","","","","","",""
3310,"2026-08-05 15:55:52.719077","val",9,"","",0.8118539592223804,0.27403659998634167,0.6575841584158416,0.6525430940063991,0.5455927051671733,0.2193211488250653,0.7945492662473794,0.7719298245614035,0.7690707350901526,0.643859649122807,0.8210139133216057,0.6524097319076398
3320,"2026-08-05 15:56:04.612696","train",10,0.617191731929779,0.00028136039680728964,"","","","","","","","","","","",""
3340,"2026-08-05 15:56:05.661109","train",10,0.5640299916267395,0.0002840006568586875,"","","","","","","","","","","",""
3360,"2026-08-05 15:56:06.804095","train",10,0.5604273676872253,0.0002866503674813256,"","","","","","","","","","","",""
3380,"2026-08-05 15:56:07.860979","train",10,1.087085485458374,0.000289309422567794,"","","","","","","","","","","",""
3400,"2026-08-05 15:56:08.951007","train",10,1.2643263339996338,0.00029197771563648455,"","","","","","","","","","","",""
3420,"2026-08-05 15:56:10.045020","train",10,0.22582167387008667,0.00029465513983585536,"","","","","","","","","","","",""
3440,"2026-08-05 15:56:10.952937","train",10,0.23245975375175476,0.00029734158794870915,"","","","","","","","","","","",""
3460,"2026-08-05 15:56:11.890750","train",10,0.3463192582130432,0.0003000369523964869,"","","","","","","","","","","",""
3480,"2026-08-05 15:56:12.820673","train",10,0.22328659892082214,0.00030274112524357596,"","","","","","","","","","","",""
3500,"2026-08-05 15:56:13.750454","train",10,0.29202860593795776,0.0003054539982016316,"","","","","","","","","","","",""
3520,"2026-08-05 15:56:14.738641","train",10,0.225626140832901,0.0003081754626339145,"","","","","","","","","","","",""
3540,"2026-08-05 15:56:15.738661","train",10,0.41426679491996765,0.0003109054095596404,"","","","","","","","","","","",""
3560,"2026-08-05 15:56:16.606821","train",10,0.40692538022994995,0.00031364372965834444,"","","","","","","","","","","",""
3580,"2026-08-05 15:56:17.555836","train",10,0.27752864360809326,0.0003163903132742591,"","","","","","","","","","","",""
3600,"2026-08-05 15:56:18.515605","train",10,0.679315447807312,0.00031914505042070446,"","","","","","","","","","","",""
3620,"2026-08-05 15:56:19.464903","train",10,0.28707021474838257,0.0003219078307844937,"","","","","","","","","","","",""
3640,"2026-08-05 15:56:20.339254","train",10,0.47177720069885254,0.00032467854373035003,"","","","","","","","","","","",""
3641,"2026-08-05 15:56:38.494352","val",10,"","",0.8026294236820554,0.27140002794808926,0.6556039603960396,0.6532951823032825,0.878419452887538,0.3700787401574803,0.710691823899371,0.5263157894736842,0.7875635691169672,0.6508771929824562,0.8126819126819127,0.6708507670850767
3660,"2026-08-05 15:56:51.767304","train",11,1.5219166278839111,0.0003274570783053372,"","","","","","","","","","","",""
3680,"2026-08-05 15:56:52.817731","train",11,0.5173752903938293,0.0003302433232433027,"","","","","","","","","","","",""
3700,"2026-08-05 15:56:53.985470","train",11,0.6350890398025513,0.0003330371669693329,"","","","","","","","","","","",""
3720,"2026-08-05 15:56:55.067013","train",11,0.5559056997299194,0.0003358384976042217,"","","","","","","","","","","",""
3740,"2026-08-05 15:56:56.057094","train",11,0.617933452129364,0.0003386472029689503,"","","","","","","","","","","",""
3760,"2026-08-05 15:56:56.969503","train",11,1.219368577003479,0.0003414631705891799,"","","","","","","","","","","",""
3780,"2026-08-05 15:56:57.865103","train",11,0.8572680950164795,0.0003442862876997547,"","","","","","","","","","","",""
3800,"2026-08-05 15:56:58.769457","train",11,0.40460899472236633,0.000347116441249219,"","","","","","","","","","","",""
3820,"2026-08-05 15:56:59.735842","train",11,0.918890655040741,0.00034995351790434296,"","","","","","","","","","","",""
3840,"2026-08-05 15:57:00.709636","train",11,1.5720322132110596,0.0003527974040546621,"","","","","","","","","","","",""
3860,"2026-08-05 15:57:01.686980","train",11,0.5796159505844116,0.00035564798581702584,"","","","","","","","","","","",""
3880,"2026-08-05 15:57:02.702250","train",11,1.0362889766693115,0.00035850514904015897,"","","","","","","","","","","",""
3900,"2026-08-05 15:57:03.699579","train",11,0.29230615496635437,0.0003613687793092321,"","","","","","","","","","","",""
3920,"2026-08-05 15:57:04.515371","train",11,0.29425081610679626,0.0003642387619504436,"","","","","","","","","","","",""
3940,"2026-08-05 15:57:05.441879","train",11,0.5598224401473999,0.00036711498203561145,"","","","","","","","","","","",""
3960,"2026-08-05 15:57:06.318538","train",11,1.168619990348816,0.0003699973243867762,"","","","","","","","","","","",""
3972,"2026-08-05 15:57:26.317373","val",11,"","",0.8168627958101642,0.27606448167352954,0.6986930693069306,0.7080469572471448,0.41717325227963525,0.1900739176346357,0.7274633123689728,0.5087719298245614,0.7736939435968562,0.6263157894736842,0.8334719334719335,0.7424453742445374
3980,"2026-08-05 15:57:37.974827","train",12,0.6528918743133545,0.00037288567358081275,"","","","","","","","","","","",""
4000,"2026-08-05 15:57:38.995879","train",12,1.1172243356704712,0.0003757799139540523,"","","","","","","","","","","",""
4020,"2026-08-05 15:57:40.073233","train",12,0.579055905342102,0.0003786799296069146,"","","","","","","","","","","",""
4040,"2026-08-05 15:57:41.085551","train",12,0.9357013702392578,0.00038158560440854864,"","","","","","","","","","","",""
4060,"2026-08-05 15:57:42.211207","train",12,0.29535603523254395,0.0003844968220014836,"","","","","","","","","","","",""
4080,"2026-08-05 15:57:43.393230","train",12,1.146533489227295,0.00038741346580628804,"","","","","","","","","","","",""
4100,"2026-08-05 15:57:44.484944","train",12,0.5115730166435242,0.0003903354190262381,"","","","","","","","","","","",""
4120,"2026-08-05 15:57:45.599905","train",12,0.3961747884750366,0.0003932625646519954,"","","","","","","","","","","",""
4140,"2026-08-05 15:57:46.625392","train",12,0.5879899263381958,0.0003961947854662915,"","","","","","","","","","","",""
4160,"2026-08-05 15:57:47.552394","train",12,1.2351315021514893,0.0003991319640486234,"","","","","","","","","","","",""
4180,"2026-08-05 15:57:48.502972","train",12,0.37936028838157654,0.00040207398277995385,"","","","","","","","","","","",""
4200,"2026-08-05 15:57:49.542890","train",12,1.0401830673217773,0.00040502072384742294,"","","","","","","","","","","",""
4220,"2026-08-05 15:57:50.486770","train",12,0.29282981157302856,0.00040797206924906486,"","","","","","","","","","","",""
4240,"2026-08-05 15:57:51.354821","train",12,0.4912826418876648,0.0004109279007985338,"","","","","","","","","","","",""
4260,"2026-08-05 15:57:52.309386","train",12,0.2835423946380615,0.0004138881001298369,"","","","","","","","","","","",""
4280,"2026-08-05 15:57:53.206163","train",12,0.9219127297401428,0.00041685254870207325,"","","","","","","","","","","",""
4300,"2026-08-05 15:57:54.139169","train",12,0.6493799686431885,0.0004198211278041821,"","","","","","","","","","","",""
4303,"2026-08-05 15:58:11.690793","val",12,"","",0.8156558472347946,0.2748757819851045,0.6921188118811881,0.6835423984915037,0.5995440729483282,0.2351233671988389,0.7442348008385744,0.543859649122807,0.76583448913546,0.5912280701754385,0.8340636494482648,0.7419804741980475
4320,"2026-08-05 15:58:24.821284","train",13,1.1704127788543701,0.00042279371855969577,"","","","","","","","","","","",""
4340,"2026-08-05 15:58:25.921395","train",13,0.7277261018753052,0.00042577020193150007,"","","","","","","","","","","",""
4360,"2026-08-05 15:58:26.878592","train",13,0.6460832953453064,0.0004287504587266017,"","","","","","","","","","","",""
4380,"2026-08-05 15:58:27.923221","train",13,0.48785799741744995,0.000431734369600901,"","","","","","","","","","","",""
4400,"2026-08-05 15:58:28.973763","train",13,0.404236376285553,0.00043472181506397096,"","","","","","","","","","","",""
4420,"2026-08-05 15:58:30.014598","train",13,0.8700196743011475,0.0004377126754838422,"","","","","","","","","","","",""
4440,"2026-08-05 15:58:30.997099","train",13,0.41135257482528687,0.0004407068310917937,"","","","","","","","","","","",""
4460,"2026-08-05 15:58:31.984376","train",13,0.22472146153450012,0.0004437041619871491,"","","","","","","","","","","",""
4480,"2026-08-05 15:58:32.842875","train",13,0.7502703666687012,0.0004467045481420781,"","","","","","","","","","","",""
4500,"2026-08-05 15:58:33.733685","train",13,0.5843969583511353,0.0004497078694064024,"","","","","","","","","","","",""
4520,"2026-08-05 15:58:34.593269","train",13,0.5477932691574097,0.0004527140055124078,"","","","","","","","","","","",""
4540,"2026-08-05 15:58:35.533408","train",13,0.4229830503463745,0.0004557228360796599,"","","","","","","","","","","",""
4560,"2026-08-05 15:58:36.426191","train",13,0.4432898759841919,0.0004587342406198251,"","","","","","","","","","","",""
4580,"2026-08-05 15:58:37.415955","train",13,0.5313296914100647,0.00046174809854149495,"","","","","","","","","","","",""
4600,"2026-08-05 15:58:38.325130","train",13,0.5109836459159851,0.0004647642891550159,"","","","","","","","","","","",""
4620,"2026-08-05 15:58:39.263408","train",13,1.2370233535766602,0.0004677826916773218,"","","","","","","","","","","",""
4634,"2026-08-05 15:58:57.866205","val",13,"","",0.8076123970860812,0.2814325974164978,0.6644752475247525,0.640010789054109,0.6610942249240122,0.24662162162162163,0.7232704402515723,0.49122807017543857,0.7928802588996764,0.631578947368421,0.8215416600031985,0.6967302030063537
4640,"2026-08-05 15:59:09.854702","train",14,1.1223924160003662,0.0004708031852367709,"","","","","","","","","","","",""
4660,"2026-08-05 15:59:10.731696","train",14,0.7242238521575928,0.00047382564887798583,"","","","","","","","","","","",""
4680,"2026-08-05 15:59:11.753381","train",14,0.7496349215507507,0.0004768499615666978,"","","","","","","","","","","",""
4700,"2026-08-05 15:59:12.776332","train",14,1.8454034328460693,0.0004798760021945931,"","","","","","","","","","","",""
4720,"2026-08-05 15:59:13.767184","train",14,0.6067699193954468,0.0004829036495841624,"","","","","","","","","","","",""
4740,"2026-08-05 15:59:14.809327","train",14,0.58079594373703,0.00048593278249355455,"","","","","","","","","","","",""
4760,"2026-08-05 15:59:15.906288","train",14,0.8306698799133301,0.0004889632796214299,"","","","","","","","","","","",""
4780,"2026-08-05 15:59:16.987955","train",14,0.6420444846153259,0.0004919950196118196,"","","","","","","","","","","",""
4800,"2026-08-05 15:59:18.127102","train",14,0.5561341047286987,0.0004950278810589842,"","","","","","","","","","","",""
4820,"2026-08-05 15:59:19.080273","train",14,0.7856029868125916,0.0004980617425122757,"","","","","","","","","","","",""
4840,"2026-08-05 15:59:20.021537","train",14,0.6280189752578735,0.0005010964824810007,"","","","","","","","","","","",""
4860,"2026-08-05 15:59:20.971728","train",14,0.2781212627887726,0.0005041319794392861,"","","","","","","","","","","",""
4880,"2026-08-05 15:59:21.902595","train",14,0.9837333559989929,0.0005071681118309449,"","","","","","","","","","","",""
4900,"2026-08-05 15:59:22.704648","train",14,0.25671517848968506,0.0005102047580743444,"","","","","","","","","","","",""
4920,"2026-08-05 15:59:23.703765","train",14,0.6911244988441467,0.0005132417965672748,"","","","","","","","","","","",""
4940,"2026-08-05 15:59:24.804986","train",14,0.8957430720329285,0.0005162791056918187,"","","","","","","","","","","",""
4960,"2026-08-05 15:59:25.680527","train",14,0.8176605701446533,0.000519316563819221,"","","","","","","","","","","",""
4965,"2026-08-05 15:59:43.567239","val",14,"","",0.8224707961550067,0.28561727553591465,0.6916435643564356,0.6950975611833412,0.6960486322188449,0.2779783393501805,0.7756813417190774,0.6666666666666666,0.789875173370319,0.6421052631578947,0.8329441867903404,0.7123818379048504
4980,"2026-08-05 15:59:56.457704","train",15,0.30549710988998413,0.0005223540493147602,"","","","","","","","","","","",""
5000,"2026-08-05 15:59:57.417691","train",15,0.3540598750114441,0.0005253914405426186,"","","","","","","","","","","",""
5020,"2026-08-05 15:59:58.347973","train",15,0.8450710773468018,0.0005284286158707533,"","","","","","","","","","","",""
5040,"2026-08-05 15:59:59.218643","train",15,0.4167100787162781,0.0005314654536757677,"","","","","","","","","","","",""
5060,"2026-08-05 16:00:00.256835","train",15,0.42542552947998047,0.0005345018323477805,"","","","","","","","","","","",""
5080,"2026-08-05 16:00:01.406304","train",15,0.8816525936126709,0.0005375376302952969,"","","","","","","","","","","",""
5100,"2026-08-05 16:00:02.299073","train",15,0.5298976302146912,0.0005405727259500768,"","","","","","","","","","","",""
5120,"2026-08-05 16:00:03.185371","train",15,0.7671526074409485,0.0005436069977720037,"","","","","","","","","","","",""
5140,"2026-08-05 16:00:04.118954","train",15,0.27481091022491455,0.0005466403242539509,"","","","","","","","","","","",""
5160,"2026-08-05 16:00:05.056013","train",15,0.7660564184188843,0.0005496725839266485,"","","","","","","","","","","",""
5180,"2026-08-05 16:00:05.982105","train",15,0.5207642912864685,0.0005527036553635459,"","","","","","","","","","","",""
5200,"2026-08-05 16:00:07.059772","train",15,0.7204754948616028,0.0005557334171856765,"","","","","","","","","","","",""
5220,"2026-08-05 16:00:07.900209","train",15,1.4050977230072021,0.0005587617480665157,"","","","","","","","","","","",""
5240,"2026-08-05 16:00:08.834531","train",15,0.7205528020858765,0.0005617885267368421,"","","","","","","","","","","",""
5260,"2026-08-05 16:00:09.719796","train",15,1.0445042848587036,0.0005648136319895916,"","","","","","","","","","","",""
5280,"2026-08-05 16:00:10.619213","train",15,0.47486522793769836,0.0005678369426847122,"","","","","","","","","","","",""
5296,"2026-08-05 16:00:29.311392","val",15,"","",0.805129531445321,0.25325431534054016,0.640950495049505,0.6226790991109891,0.6382978723404256,0.24203821656050956,0.7169811320754718,0.47368421052631576,0.7387887193712437,0.5350877192982456,0.8305133535902767,0.7077328374399504
5300,"2026-08-05 16:00:40.944926","train",16,0.9032034873962402,0.0005708583377540148,"","","","","","","","","","","",""
5320,"2026-08-05 16:00:41.927058","train",16,1.280460238456726,0.0005738776962060214,"","","","","","","","","","","",""
5340,"2026-08-05 16:00:42.960094","train",16,0.2881741523742676,0.0005768948971308101,"","","","","","","","","","","",""
5360,"2026-08-05 16:00:44.054694","train",16,0.6427516937255859,0.000579909819704857,"","","","","","","","","","","",""
5380,"2026-08-05 16:00:45.170669","train",16,1.5024030208587646,0.0005829223431958743,"","","","","","","","","","","",""
5400,"2026-08-05 16:00:46.181489","train",16,0.43057823181152344,0.0005859323469676456,"","","","","","","","","","","",""
5420,"2026-08-05 16:00:47.270040","train",16,0.6953537464141846,0.0005889397104848562,"","","","","","","","","","","",""
5440,"2026-08-05 16:00:48.381814","train",16,0.8883682489395142,0.0005919443133179205,"","","","","","","","","","","",""
5460,"2026-08-05 16:00:49.528307","train",16,1.2875311374664307,0.0005949460351478033,"","","","","","","","","","","",""
5480,"2026-08-05 16:00:50.653064","train",16,0.96473628282547,0.0005979447557708404,"","","","","","","","","","","",""
5500,"2026-08-05 16:00:51.643676","train",16,1.2093130350112915,0.0006009403551035491,"","","","","","","","","","","",""
5520,"2026-08-05 16:00:52.567633","train",16,0.32847487926483154,0.0006039327131874396,"","","","","","","","","","","",""
5540,"2026-08-05 16:00:53.452194","train",16,0.8151183128356934,0.0006069217101938168,"","","","","","","","","","","",""
5560,"2026-08-05 16:00:54.501351","train",16,1.2282730340957642,0.0006099072264285803,"","","","","","","","","","","",""
5580,"2026-08-05 16:00:55.420278","train",16,0.4373694062232971,0.0006128891423370162,"","","","","","","","","","","",""
5600,"2026-08-05 16:00:56.365832","train",16,1.0768060684204102,0.0006158673385085862,"","","","","","","","","","","",""
5620,"2026-08-05 16:00:57.200524","train",16,0.6932423114776611,0.0006188416956817073,"","","","","","","","","","","",""
5627,"2026-08-05 16:01:15.119727","val",16,"","",0.802370791844476,0.2743362027196104,0.6242376237623762,0.5847356224767896,0.702887537993921,0.263653483992467,0.7379454926624738,0.5614035087719298,0.7489597780859918,0.5228070175438596,0.8219734527426835,0.6767395010072834
5640,"2026-08-05 16:01:28.031102","train",17,0.8611550331115723,0.0006218120947485303,"","","","","","","","","","","",""
5660,"2026-08-05 16:01:28.933791","train",17,0.8707409501075745,0.0006247784167597067,"","","","","","","","","","","",""
5680,"2026-08-05 16:01:30.014623","train",17,0.2621173858642578,0.0006277405429291541,"","","","","","","","","","","",""
5700,"2026-08-05 16:01:30.864086","train",17,0.7995020151138306,0.0006306983546388118,"","","","","","","","","","","",""
5720,"2026-08-05 16:01:31.818286","train",17,0.5926022529602051,0.0006336517334433909,"","","","","","","","","","","",""
5740,"2026-08-05 16:01:33.020708","train",17,1.6497005224227905,0.000636600561075119,"","","","","","","","","","","",""
5760,"2026-08-05 16:01:34.046287","train",17,0.723170816898346,0.0006395447194484736,"","","","","","","","","","","",""
5780,"2026-08-05 16:01:34.883318","train",17,0.5278143882751465,0.000642484090664913,"","","","","","","","","","","",""
5800,"2026-08-05 16:01:35.734735","train",17,0.2434183806180954,0.0006454185570175963,"","","","","","","","","","","",""
5820,"2026-08-05 16:01:36.600813","train",17,0.36903873085975647,0.0006483480009960979,"","","","","","","","","","","",""
5840,"2026-08-05 16:01:37.466777","train",17,0.20581895112991333,0.0006512723052911123,"","","","","","","","","","","",""
5860,"2026-08-05 16:01:38.415951","train",17,0.6354432106018066,0.0006541913527991525,"","","","","","","","","","","",""
5880,"2026-08-05 16:01:39.366332","train",17,0.23888394236564636,0.0006571050266272382,"","","","","","","","","","","",""
5900,"2026-08-05 16:01:40.367094","train",17,1.0505503416061401,0.0006600132100975791,"","","","","","","","","","","",""
5920,"2026-08-05 16:01:41.276652","train",17,1.0321811437606812,0.0006629157867522439,"","","","","","","","","","","",""
5940,"2026-08-05 16:01:42.181374","train",17,0.9461736679077148,0.0006658126403578273,"","","","","","","","","","","",""
5958,"2026-08-05 16:02:00.982059","val",17,"","",0.8093495409284882,0.26829136098836065,0.6554851485148515,0.6403186923043656,0.5714285714285714,0.22527472527472528,0.7295597484276729,0.5614035087719298,0.7487286176606565,0.5631578947368421,0.830849192387654,0.696885169688517
5960,"2026-08-05 16:02:12.620773","train",18,0.6733230948448181,0.0006687036549101022,"","","","","","","","","","","",""
5980,"2026-08-05 16:02:13.630523","train",18,1.1204946041107178,0.0006715887146386658,"","","","","","","","","","","",""
6000,"2026-08-05 16:02:14.521967","train",18,0.3360323905944824,0.0006744677040115756,"","","","","","","","","","","",""
6020,"2026-08-05 16:02:15.460259","train",18,0.3638652563095093,0.0006773405077399766,"","","","","","","","","","","",""
6040,"2026-08-05 16:02:16.418485","train",18,0.5746448040008545,0.0006802070107827165,"","","","","","","","","","","",""
6060,"2026-08-05 16:02:17.349211","train",18,0.7092766761779785,0.0006830670983509539,"","","","","","","","","","","",""
6080,"2026-08-05 16:02:18.239175","train",18,0.4097434878349304,0.0006859206559127541,"","","","","","","","","","","",""
6100,"2026-08-05 16:02:19.182946","train",18,0.2733117341995239,0.0006887675691976763,"","","","","","","","","","","",""
6120,"2026-08-05 16:02:20.140603","train",18,0.42209985852241516,0.0006916077242013485,"","","","","","","","","","","",""
6140,"2026-08-05 16:02:21.006722","train",18,0.25135815143585205,0.0006944410071900343,"","","","","","","","","","","",""
6160,"2026-08-05 16:02:21.987773","train",18,0.8243238925933838,0.0006972673047051858,"","","","","","","","","","","",""
6180,"2026-08-05 16:02:22.927901","train",18,1.0399373769760132,0.0007000865035679878,"","","","","","","","","","","",""
6200,"2026-08-05 16:02:23.770686","train",18,0.5736909508705139,0.0007028984908838902,"","","","","","","","","","","",""
6220,"2026-08-05 16:02:24.690975","train",18,0.38276544213294983,0.0007057031540471287,"","","","","","","","","","","",""
6240,"2026-08-05 16:02:25.650872","train",18,1.2404688596725464,0.0007085003807452334,"","","","","","","","","","","",""
6260,"2026-08-05 16:02:26.537588","train",18,1.2045094966888428,0.0007112900589635279,"","","","","","","","","","","",""
6280,"2026-08-05 16:02:27.472670","train",18,0.3105906844139099,0.0007140720769896128,"","","","","","","","","","","",""
6289,"2026-08-05 16:02:44.832771","val",18,"","",0.8259149101254364,0.30295637605195536,0.7101782178217821,0.7101498392711518,0.5417933130699089,0.22193548387096773,0.7547169811320754,0.6140350877192983,0.7552011095700416,0.5894736842105263,0.8478330401407325,0.761196342786301
6300,"2026-08-05 16:02:56.352069","train",19,0.609067976474762,0.0007168463234178414,"","","","","","","","","","","",""
6320,"2026-08-05 16:02:57.188195","train",19,0.4312857985496521,0.0007196126871537791,"","","","","","","","","","","",""
6340,"2026-08-05 16:02:58.007759","train",19,1.05589759349823,0.0007223710574186537,"","","","","","","","","","","",""
6360,"2026-08-05 16:02:58.912405","train",19,0.3418838381767273,0.0007251213237537901,"","","","","","","","","","","",""
6380,"2026-08-05 16:02:59.708638","train",19,0.20006945729255676,0.0007278633760250347,"","","","","","","","","","","",""
6400,"2026-08-05 16:03:00.516490","train",19,0.7885560393333435,0.0007305971044271652,"","","","","","","","","","","",""
6420,"2026-08-05 16:03:01.354557","train",19,1.336017370223999,0.0007333223994882882,"","","","","","","","","","","",""
6440,"2026-08-05 16:03:02.195937","train",19,1.0307494401931763,0.0007360391520742219,"","","","","","","","","","","",""
6460,"2026-08-05 16:03:03.109962","train",19,3.1561665534973145,0.0007387472533928673,"","","","","","","","","","","",""
6480,"2026-08-05 16:03:03.992798","train",19,0.3635185956954956,0.0007414465949985654,"","","","","","","","","","","",""
6500,"2026-08-05 16:03:04.820003","train",19,0.3933591842651367,0.0007441370687964378,"","","","","","","","","","","",""
6520,"2026-08-05 16:03:05.653273","train",19,0.3253070116043091,0.000746818567046718,"","","","","","","","","","","",""
6540,"2026-08-05 16:03:06.481778","train",19,0.8419116735458374,0.0007494909823690632,"","","","","","","","","","","",""
6560,"2026-08-05 16:03:07.330739","train",19,0.7606595754623413,0.0007521542077468562,"","","","","","","","","","","",""
6580,"2026-08-05 16:03:08.172110","train",19,0.4254681468009949,0.0007548081365314899,"","","","","","","","","","","",""
6600,"2026-08-05 16:03:08.986086","train",19,0.8310092687606812,0.0007574526624466395,"","","","","","","","","","","",""
6620,"2026-08-05 16:03:09.736021","train",19,1.9016368389129639,0.0007600876795925153,"","","","","","","","","","","",""
6620,"2026-08-05 16:03:25.821208","val",19,"","",0.8025604551920341,0.23196193924532613,0.6237623762376238,0.6298948082057451,0.27583586626139817,0.16182937554969218,0.7568134171907757,0.631578947368421,0.7147480351363846,0.5070175438596491,0.8256197025427794,0.6666666666666666
6640,"2026-08-05 16:03:37.068417","train",20,0.9069313406944275,0.0007627130824501072,"","","","","","","","","","","",""
6660,"2026-08-05 16:03:37.921447","train",20,0.2890467047691345,0.0007653287658854071,"","","","","","","","","","","",""
6680,"2026-08-05 16:03:38.860562","train",20,0.9433771967887878,0.0007679346251536212,"","","","","","","","","","","",""
6700,"2026-08-05 16:03:39.724690","train",20,0.6679338216781616,0.0007705305559033626,"","","","","","","","","","","",""
6720,"2026-08-05 16:03:40.543748","train",20,0.3130323886871338,0.0007731164541808317,"","","","","","","","","","","",""
6740,"2026-08-05 16:03:41.388055","train",20,0.48226767778396606,0.0007756922164339781,"","","","","","","","","","","",""
6760,"2026-08-05 16:03:42.244722","train",20,0.238967627286911,0.0007782577395166472,"","","","","","","","","","","",""
6780,"2026-08-05 16:03:43.081777","train",20,0.575770378112793,0.0007808129206927114,"","","","","","","","","","","",""
6800,"2026-08-05 16:03:43.955402","train",20,0.7129697799682617,0.0007833576576401837,"","","","","","","","","","","",""
6820,"2026-08-05 16:03:44.773790","train",20,0.7134206295013428,0.0007858918484553148,"","","","","","","","","","","",""
6840,"2026-08-05 16:03:45.587859","train",20,0.30366599559783936,0.0007884153916566754,"","","","","","","","","","","",""
6860,"2026-08-05 16:03:46.485121","train",20,0.3789232671260834,0.0007909281861892175,"","","","","","","","","","","",""
6880,"2026-08-05 16:03:47.317794","train",20,0.5216032862663269,0.0007934301314283233,"","","","","","","","","","","",""
6900,"2026-08-05 16:03:48.143291","train",20,0.2870030999183655,0.0007959211271838338,"","","","","","","","","","","",""
6920,"2026-08-05 16:03:49.020178","train",20,0.8411082029342651,0.0007984010737040611,"","","","","","","","","","","",""
6940,"2026-08-05 16:03:50.045598","train",20,0.39266496896743774,0.0008008698716797827,"","","","","","","","","","","",""
6951,"2026-08-05 16:04:06.193762","val",20,"","",0.8135695504116557,0.2513774723263338,0.6870495049504951,0.7079430396013547,0.7211246200607903,0.27897838899803534,0.7295597484276729,0.5263157894736842,0.7420249653259361,0.5421052631578948,0.8364784903246442,0.7382612738261274
6960,"2026-08-05 16:04:17.304338","train",21,0.21770672500133514,0.0008033274222482185,"","","","","","","","","","","",""
6980,"2026-08-05 16:04:18.379330","train",21,0.7650546431541443,0.0008057736269969898,"","","","","","","","","","","",""
7000,"2026-08-05 16:04:19.369548","train",21,0.44401389360427856,0.0008082083879680604,"","","","","","","","","","","",""
7020,"2026-08-05 16:04:20.384643","train",21,1.1733200550079346,0.0008106316076616586,"","","","","","","","","","","",""
7040,"2026-08-05 16:04:21.272837","train",21,0.4175756573677063,0.0008130431890401827,"","","","","","","","","","","",""
7060,"2026-08-05 16:04:22.113470","train",21,0.8201199769973755,0.0008154430355320854,"","","","","","","","","","","",""
7080,"2026-08-05 16:04:22.977208","train",21,0.3363816440105438,0.0008178310510357429,"","","","","","","","","","","",""
7100,"2026-08-05 16:04:23.901928","train",21,0.6279057264328003,0.000820207139923301,"","","","","","","","","","","",""
7120,"2026-08-05 16:04:24.930569","train",21,0.6897451281547546,0.0008225712070445067,"","","","","","","","","","","",""
7140,"2026-08-05 16:04:25.891021","train",21,1.1306040287017822,0.000824923157730517,"","","","","","","","","","","",""
7160,"2026-08-05 16:04:26.952503","train",21,0.5434726476669312,0.0008272628977976903,"","","","","","","","","","","",""
7180,"2026-08-05 16:04:27.963842","train",21,1.6104013919830322,0.0008295903335513584,"","","","","","","","","","","",""
7200,"2026-08-05 16:04:28.829186","train",21,0.7054480910301208,0.0008319053717895777,"","","","","","","","","","","",""
7220,"2026-08-05 16:04:29.851167","train",21,1.4688682556152344,0.0008342079198068626,"","","","","","","","","","","",""
7240,"2026-08-05 16:04:30.782139","train",21,0.3286430835723877,0.0008364978853978967,"","","","","","","","","","","",""
7260,"2026-08-05 16:04:31.642462","train",21,0.6829878091812134,0.0008387751768612259,"","","","","","","","","","","",""
7280,"2026-08-05 16:04:32.484675","train",21,0.7717404365539551,0.0008410397030029301,"","","","","","","","","","","",""
7282,"2026-08-05 16:04:48.382144","val",21,"","",0.8370878055088581,0.3072914854328864,0.7396435643564356,0.757319664723299,0.6124620060790273,0.2433234421364985,0.7610062893081762,0.631578947368421,0.7894128525196487,0.6789473684210526,0.851447305293459,0.7579420424608709
7300,"2026-08-05 16:04:59.625645","train",22,0.2950207591056824,0.0008432913731402755,"","","","","","","","","","","",""
7320,"2026-08-05 16:05:00.474370","train",22,0.24710991978645325,0.0008455300971053456,"","","","","","","","","","","",""
7340,"2026-08-05 16:05:01.358396","train",22,0.7087221145629883,0.0008477557852486526,"","","","","","","","","","","",""
7360,"2026-08-05 16:05:02.202127","train",22,0.6271969079971313,0.0008499683484427263,"","","","","","","","","","","",""
7380,"2026-08-05 16:05:03.013133","train",22,0.7324328422546387,0.000852167698085684,"","","","","","","","","","","",""
7400,"2026-08-05 16:05:03.881760","train",22,0.49435070157051086,0.0008543537461047787,"","","","","","","","","","","",""
7420,"2026-08-05 16:05:04.707442","train",22,0.2376202642917633,0.0008565264049599257,"","","","","","","","","","","",""
7440,"2026-08-05 16:05:05.536154","train",22,0.2734323740005493,0.0008586855876472072,"","","","","","","","","","","",""
7460,"2026-08-05 16:05:06.385217","train",22,1.0251612663269043,0.0008608312077023587,"","","","","","","","","","","",""
7480,"2026-08-05 16:05:07.306921","train",22,0.6909857392311096,0.0008629631792042288,"","","","","","","","","","","",""
7500,"2026-08-05 16:05:08.166826","train",22,1.4173591136932373,0.0008650814167782218,"","","","","","","","","","","",""
7520,"2026-08-05 16:05:08.959712","train",22,1.0257307291030884,0.0008671858355997154,"","","","","","","","","","","",""
7540,"2026-08-05 16:05:09.810342","train",22,0.6986038684844971,0.0008692763513974584,"","","","","","","","","","","",""
7560,"2026-08-05 16:05:10.703940","train",22,0.8031396269798279,0.0008713528804569443,"","","","","","","","","","","",""
7580,"2026-08-05 16:05:11.584036","train",22,0.8766034245491028,0.0008734153396237648,"","","","","","","","","","","",""
7600,"2026-08-05 16:05:12.373407","train",22,0.505704402923584,0.0008754636463069386,"","","","","","","","","","","",""
7613,"2026-08-05 16:05:28.804552","val",22,"","",0.8023276865382128,0.2551990512351671,0.6514851485148515,0.6591585323465516,0.5334346504559271,0.21882951653944022,0.8029350104821803,0.7719298245614035,0.7508090614886732,0.612280701754386,0.8131456900687669,0.6534944986827832
7620,"2026-08-05 16:05:39.553627","train",23,0.45726826786994934,0.0008774977184822196,"","","","","","","","","","","",""
7640,"2026-08-05 16:05:40.457577","train",23,0.6350520849227905,0.0008795174746953809,"","","","","","","","","","","",""
7660,"2026-08-05 16:05:41.260268","train",23,0.28398728370666504,0.0008815228340654773,"","","","","","","","","","","",""
7680,"2026-08-05 16:05:42.098848","train",23,1.0176081657409668,0.0008835137162880836,"","","","","","","","","","","",""
7700,"2026-08-05 16:05:42.953928","train",23,0.5637054443359375,0.0008854900416385106,"","","","","","","","","","","",""
7720,"2026-08-05 16:05:43.890541","train",23,0.2564361095428467,0.0008874517309749978,"","","","","","","","","","","",""
7740,"2026-08-05 16:05:44.685182","train",23,0.5243865251541138,0.0008893987057418823,"","","","","","","","","","","",""
7760,"2026-08-05 16:05:45.671259","train",23,1.2387328147888184,0.0008913308879727447,"","","","","","","","","","","",""
7780,"2026-08-05 16:05:46.477439","train",23,0.38703447580337524,0.0008932482002935317,"","","","","","","","","","","",""
7800,"2026-08-05 16:05:47.421759","train",23,0.3074784576892853,0.0008951505659256537,"","","","","","","","","","","",""
7820,"2026-08-05 16:05:48.247957","train",23,0.44652724266052246,0.00089703790868906,"","","","","","","","","","","",""
7840,"2026-08-05 16:05:49.125815","train",23,0.325663298368454,0.0008989101530052893,"","","","","","","","","","","",""
7860,"2026-08-05 16:05:49.961370","train",23,0.38827553391456604,0.0009007672239004957,"","","","","","","","","","","",""
7880,"2026-08-05 16:05:50.759573","train",23,1.0125281810760498,0.0009026090470084525,"","","","","","","","","","","",""
7900,"2026-08-05 16:05:51.657748","train",23,1.692149043083191,0.0009044355485735282,"","","","","","","","","","","",""
7920,"2026-08-05 16:05:52.582605","train",23,0.20545583963394165,0.0009062466554536415,"","","","","","","","","","","",""
7940,"2026-08-05 16:05:53.486300","train",23,0.46175143122673035,0.0009080422951231897,"","","","","","","","","","","",""
7944,"2026-08-05 16:06:09.493915","val",23,"","",0.8251303935514462,0.2928543422990991,0.7074059405940594,0.7213462538955155,0.493161094224924,0.20877817319098457,0.7861635220125787,0.7894736842105263,0.7510402219140083,0.5754385964912281,0.8434031664800895,0.7430652409731907
7960,"2026-08-05 16:06:20.703513","train",24,1.119662880897522,0.0009098223956759534,"","","","","","","","","","","",""
7980,"2026-08-05 16:06:21.624527","train",24,1.636270523071289,0.0009115868858279749,"","","","","","","","","","","",""
8000,"2026-08-05 16:06:22.434933","train",24,0.54224693775177,0.0009133356949204143,"","","","","","","","","","","",""
8020,"2026-08-05 16:06:23.422134","train",24,0.37846261262893677,0.0009150687529223777,"","","","","","","","","","","",""
8040,"2026-08-05 16:06:24.299701","train",24,0.5381100177764893,0.0009167859904337225,"","","","","","","","","","","",""
8060,"2026-08-05 16:06:25.155114","train",24,0.7025504112243652,0.0009184873386878355,"","","","","","","","","","","",""
8080,"2026-08-05 16:06:25.952023","train",24,0.5362405180931091,0.0009201727295543884,"","","","","","","","","","","",""
8100,"2026-08-05 16:06:26.764240","train",24,0.3203434944152832,0.0009218420955420638,"","","","","","","","","","","",""
8120,"2026-08-05 16:06:27.578683","train",24,1.1294019222259521,0.0009234953698012599,"","","","","","","","","","","",""
8140,"2026-08-05 16:06:28.412161","train",24,1.0875413417816162,0.0009251324861267662,"","","","","","","","","","","",""
8160,"2026-08-05 16:06:29.232201","train",24,0.353771835565567,0.0009267533789604151,"","","","","","","","","","","",""
8180,"2026-08-05 16:06:30.158591","train",24,1.0952531099319458,0.0009283579833937074,"","","","","","","","","","","",""
8200,"2026-08-05 16:06:30.972569","train",24,0.6790897846221924,0.0009299462351704114,"","","","","","","","","","","",""
8220,"2026-08-05 16:06:31.782330","train",24,1.2449405193328857,0.0009315180706891356,"","","","","","","","","","","",""
8240,"2026-08-05 16:06:32.646422","train",24,0.3403012156486511,0.0009330734270058764,"","","","","","","","","","","",""
8260,"2026-08-05 16:06:33.430739","train",24,0.4883004426956177,0.0009346122418365379,"","","","","","","","","","","",""
8275,"2026-08-05 16:06:49.629572","val",24,"","",0.8138454243717401,0.2679131380479064,0.6876039603960395,0.6789083692279504,0.6451367781155015,0.2504012841091493,0.7232704402515724,0.543859649122807,0.7487286176606565,0.5754385964912281,0.8380777226931073,0.7419804741980475
8280,"2026-08-05 16:07:00.351526","train",25,0.86219722032547,0.0009361344535594268,"","","","","","","","","","","",""
8300,"2026-08-05 16:07:01.146865","train",25,0.5117290616035461,0.0009376400012177194,"","","","","","","","","","","",""
8320,"2026-08-05 16:07:02.035427","train",25,1.0160751342773438,0.000939128824521903,"","","","","","","","","","","",""
8340,"2026-08-05 16:07:02.866549","train",25,0.9862527251243591,0.0009406008638521901,"","","","","","","","","","","",""
8360,"2026-08-05 16:07:03.702488","train",25,1.3209004402160645,0.0009420560602609058,"","","","","","","","","","","",""
8380,"2026-08-05 16:07:04.636467","train",25,0.2590491771697998,0.0009434943554748481,"","","","","","","","","","","",""
8400,"2026-08-05 16:07:05.525516","train",25,0.6283965110778809,0.0009449156918976226,"","","","","","","","","","","",""
8420,"2026-08-05 16:07:06.391646","train",25,0.8219395875930786,0.0009463200126119469,"","","","","","","","","","","",""
8440,"2026-08-05 16:07:07.199888","train",25,0.339861661195755,0.000947707261381932,"","","","","","","","","","","",""
8460,"2026-08-05 16:07:08.037031","train",25,0.8423100113868713,0.0009490773826553327,"","","","","","","","","","","",""
8480,"2026-08-05 16:07:08.840056","train",25,0.3551327586174011,0.0009504303215657731,"","","","","","","","","","","",""
8500,"2026-08-05 16:07:09.759207","train",25,0.6000994443893433,0.000951766023934943,"","","","","","","","","","","",""
8520,"2026-08-05 16:07:10.587361","train",25,0.2723516821861267,0.0009530844362747686,"","","","","","","","","","","",""
8540,"2026-08-05 16:07:11.477125","train",25,0.6771062016487122,0.0009543855057895528,"","","","","","","","","","","",""
8560,"2026-08-05 16:07:12.259951","train",25,0.9816396832466125,0.000955669180378091,"","","","","","","","","","","",""
8580,"2026-08-05 16:07:13.120348","train",25,0.8480878472328186,0.0009569354086357561,"","","","","","","","","","","",""
8600,"2026-08-05 16:07:14.060682","train",25,0.862980842590332,0.0009581841398565582,"","","","","","","","","","","",""
8606,"2026-08-05 16:07:30.115602","val",25,"","",0.8250959093064356,0.26653685871915633,0.6998811881188118,0.7116120454626679,0.7036474164133738,0.28308823529411764,0.790356394129979,0.7719298245614035,0.7508090614886731,0.5736842105263158,0.8451943067327682,0.7447698744769874
8620,"2026-08-05 16:07:41.296357","train",26,0.3689603805541992,0.0009594153240351745,"","","","","","","","","","","",""
8640,"2026-08-05 16:07:42.110389","train",26,0.6091064214706421,0.0009606289118689515,"","","","","","","","","","","",""
8660,"2026-08-05 16:07:43.010162","train",26,0.9827589988708496,0.0009618248547598799,"","","","","","","","","","","",""
8680,"2026-08-05 16:07:43.921644","train",26,1.110659122467041,0.0009630031048165405,"","","","","","","","","","","",""
8700,"2026-08-05 16:07:44.890424","train",26,0.4295037090778351,0.0009641636148560219,"","","","","","","","","","","",""
8720,"2026-08-05 16:07:45.810409","train",26,1.9054758548736572,0.00096530633840581,"","","","","","","","","","","",""
8740,"2026-08-05 16:07:46.656789","train",26,0.6180307865142822,0.0009664312297056489,"","","","","","","","","","","",""
8760,"2026-08-05 16:07:47.482069","train",26,0.33219820261001587,0.0009675382437093735,"","","","","","","","","","","",""
8780,"2026-08-05 16:07:48.250574","train",26,0.9018590450286865,0.0009686273360867137,"","","","","","","","","","","",""
8800,"2026-08-05 16:07:49.128832","train",26,0.9248621463775635,0.0009696984632250685,"","","","","","","","","","","",""
8820,"2026-08-05 16:07:50.073259","train",26,0.5310607552528381,0.0009707515822312537,"","","","","","","","","","","",""
8840,"2026-08-05 16:07:50.882300","train",26,1.694413185119629,0.000971786650933219,"","","","","","","","","","","",""
8860,"2026-08-05 16:07:51.692367","train",26,0.2829059660434723,0.0009728036278817365,"","","","","","","","","","","",""
8880,"2026-08-05 16:07:52.657644","train",26,0.7232367992401123,0.0009738024723520612,"","","","","","","","","","","",""
8900,"2026-08-05 16:07:53.693128","train",26,0.6212902069091797,0.0009747831443455613,"","","","","","","","","","","",""
8920,"2026-08-05 16:07:54.610555","train",26,1.029517650604248,0.0009757456045913201,"","","","","","","","","","","",""
8937,"2026-08-05 16:08:11.750565","val",26,"","",0.83320832794517,0.28984893198449707,0.7212673267326732,0.705966532122252,0.5949848024316109,0.24182076813655762,0.7505241090146749,0.6491228070175439,0.7579750346740638,0.6228070175438597,0.8561010714856868,0.7644506431117309
8940,"2026-08-05 16:08:22.717312","train",27,0.6105227470397949,0.0009766898145477088,"","","","","","","","","","","",""
8960,"2026-08-05 16:08:23.741553","train",27,0.5931591987609863,0.0009776157364039294,"","","","","","","","","","","",""
8980,"2026-08-05 16:08:24.660459","train",27,1.285386323928833,0.0009785233330815294,"","","","","","","","","","","",""
9000,"2026-08-05 16:08:25.563266","train",27,0.467915415763855,0.000979412568235886,"","","","","","","","","","","",""
9020,"2026-08-05 16:08:26.442711","train",27,0.4676412045955658,0.000980283406257662,"","","","","","","","","","","",""
9040,"2026-08-05 16:08:27.293367","train",27,0.8789200782775879,0.0009811358122742322,"","","","","","","","","","","",""
9060,"2026-08-05 16:08:28.141674","train",27,0.5147984027862549,0.0009819697521510783,"","","","","","","","","","","",""
9080,"2026-08-05 16:08:29.033751","train",27,0.4560512900352478,0.0009827851924931572,"","","","","","","","","","","",""
9100,"2026-08-05 16:08:29.909675","train",27,0.24465268850326538,0.0009835821006462383,"","","","","","","","","","","",""
9120,"2026-08-05 16:08:30.772094","train",27,0.39817580580711365,0.0009843604446982104,"","","","","","","","","","","",""
9140,"2026-08-05 16:08:31.604163","train",27,0.2767067849636078,0.00098512019348036,"","","","","","","","","","","",""
9160,"2026-08-05 16:08:32.454509","train",27,0.6632986068725586,0.0009858613165686192,"","","","","","","","","","","",""
9180,"2026-08-05 16:08:33.260722","train",27,0.6183662414550781,0.0009865837842847848,"","","","","","","","","","","",""
9200,"2026-08-05 16:08:34.224105","train",27,0.4988458752632141,0.0009872875676977054,"","","","","","","","","","","",""
9220,"2026-08-05 16:08:35.014683","train",27,0.5452808141708374,0.0009879726386244417,"","","","","","","","","","","",""
9240,"2026-08-05 16:08:35.845600","train",27,0.4872646629810333,0.0009886389696313932,"","","","","","","","","","","",""
9260,"2026-08-05 16:08:36.751345","train",27,0.5145549774169922,0.0009892865340353984,"","","","","","","","","","","",""
9268,"2026-08-05 16:08:53.033653","val",27,"","",0.8167421009526272,0.2723138885431452,0.6752475247524753,0.6691660534958322,0.6846504559270516,0.27065026362038663,0.750524109014675,0.543859649122807,0.7542764678687008,0.5771929824561404,0.8370702063009755,0.7212149387881606
9280,"2026-08-05 16:09:03.840266","train",28,0.52281653881073,0.0009899153059048022,"","","","","","","","","","","",""
9300,"2026-08-05 16:09:04.712129","train",28,0.7925341129302979,0.000990525260060495,"","","","","","","","","","","",""
9320,"2026-08-05 16:09:05.520194","train",28,0.8185000419616699,0.0009911163720769207,"","","","","","","","","","","",""
9340,"2026-08-05 16:09:06.340141","train",28,0.46606874465942383,0.0009916886182830546,"","","","","","","","","","","",""
9360,"2026-08-05 16:09:07.176276","train",28,0.5267799496650696,0.0009922419757633523,"","","","","","","","","","","",""
9380,"2026-08-05 16:09:08.158433","train",28,0.23691585659980774,0.0009927764223586657,"","","","","","","","","","","",""
9400,"2026-08-05 16:09:08.962816","train",28,0.34885573387145996,0.000993291936667132,"","","","","","","","","","","",""
9420,"2026-08-05 16:09:10.017289","train",28,0.6574942469596863,0.0009937884980450297,"","","","","","","","","","","",""
9440,"2026-08-05 16:09:10.858991","train",28,0.9409915804862976,0.0009942660866076058,"","","","","","","","","","","",""
9460,"2026-08-05 16:09:11.705369","train",28,0.8170141577720642,0.0009947246832298715,"","","","","","","","","","","",""
9480,"2026-08-05 16:09:12.621444","train",28,0.5803070068359375,0.000995164269547369,"","","","","","","","","","","",""
9500,"2026-08-05 16:09:13.497623","train",28,2.427748680114746,0.0009955848279569056,"","","","","","","","","","","",""
9520,"2026-08-05 16:09:14.308894","train",28,1.1987738609313965,0.0009959863416172602,"","","","","","","","","","","",""
9540,"2026-08-05 16:09:15.215595","train",28,0.7196477651596069,0.0009963687944498565,"","","","","","","","","","","",""
9560,"2026-08-05 16:09:16.043220","train",28,0.3306999206542969,0.0009967321711394069,"","","","","","","","","","","",""
9580,"2026-08-05 16:09:16.879493","train",28,0.7890397906303406,0.0009970764571345266,"","","","","","","","","","","",""
9599,"2026-08-05 16:09:33.628864","val",28,"","",0.8135005819216345,0.26667338338831587,0.691089108910891,0.7000879293305811,0.5539513677811551,0.2204515272244356,0.7253668763102725,0.5263157894736842,0.7547387887193713,0.6070175438596491,0.8369262753878138,0.7449248411591508
9600,"2026-08-05 16:09:44.515851","train",29,0.585139274597168,0.0009974016386483156,"","","","","","","","","","","",""
9620,"2026-08-05 16:09:45.562907","train",29,0.36843639612197876,0.0009977077026589113,"","","","","","","","","","","",""
9640,"2026-08-05 16:09:46.556361","train",29,0.926912248134613,0.0009979946369100096,"","","","","","","","","","","",""
9660,"2026-08-05 16:09:47.458197","train",29,0.23019403219223022,0.0009982624299113554,"","","","","","","","","","","",""
9680,"2026-08-05 16:09:48.353910","train",29,0.7822091579437256,0.0009985110709392038,"","","","","","","","","","","",""
9700,"2026-08-05 16:09:49.298968","train",29,0.5967467427253723,0.000998740550036748,"","","","","","","","","","","",""
9720,"2026-08-05 16:09:50.264659","train",29,0.29752886295318604,0.0009989508580145199,"","","","","","","","","","","",""
9740,"2026-08-05 16:09:51.332670","train",29,0.9284162521362305,0.0009991419864507562,"","","","","","","","","","","",""
9760,"2026-08-05 16:09:52.187036","train",29,0.48009204864501953,0.000999313927691737,"","","","","","","","","","","",""
9780,"2026-08-05 16:09:53.051164","train",29,2.3108108043670654,0.0009994666748520916,"","","","","","","","","","","",""
9800,"2026-08-05 16:09:53.968953","train",29,0.4977595806121826,0.0009996002218150746,"","","","","","","","","","","",""
9820,"2026-08-05 16:09:54.781856","train",29,0.3727092146873474,0.0009997145632328103,"","","","","","","","","","","",""
9840,"2026-08-05 16:09:55.873633","train",29,0.8392860889434814,0.0009998096945265079,"","","","","","","","","","","",""
9860,"2026-08-05 16:09:56.684989","train",29,0.5285400748252869,0.0009998856118866436,"","","","","","","","","","","",""
9880,"2026-08-05 16:09:57.513293","train",29,0.47983601689338684,0.000999942312273114,"","","","","","","","","","","",""
9900,"2026-08-05 16:09:58.450717","train",29,1.3572648763656616,0.0009999797934153573,"","","","","","","","","","","",""
9920,"2026-08-05 16:09:59.390436","train",29,0.42728298902511597,0.000999998053812445,"","","","","","","","","","","",""
9930,"2026-08-05 16:10:16.050977","val",29,"","",0.8316220526746843,0.2899321897445878,0.7259405940594059,0.7065517745487302,0.8389057750759878,0.3575757575757576,0.7924528301886793,0.6842105263157895,0.7850208044382802,0.6736842105263158,0.8459939229169998,0.7439950410661708
9940,"2026-08-05 16:10:27.790811","train",30,0.4098190665245056,0.0009999994438765105,"","","","","","","","","","","",""
9960,"2026-08-05 16:10:28.622523","train",30,1.7243893146514893,0.0009999955831902017,"","","","","","","","","","","",""
9980,"2026-08-05 16:10:29.454009","train",30,1.036285400390625,0.0009999880456884277,"","","","","","","","","","","",""
10000,"2026-08-05 16:10:30.480837","train",30,2.373992443084717,0.0009999768314266173,"","","","","","","","","","","",""
10020,"2026-08-05 16:10:31.543197","train",30,1.8173480033874512,0.0009999619404872366,"","","","","","","","","","","",""
10040,"2026-08-05 16:10:32.626056","train",30,0.6603085994720459,0.00099994337297979,"","","","","","","","","","","",""
10060,"2026-08-05 16:10:33.774160","train",30,0.9691083431243896,0.0009999211290408175,"","","","","","","","","","","",""
10080,"2026-08-05 16:10:34.886472","train",30,0.9397529363632202,0.000999895208833895,"","","","","","","","","","","",""
10100,"2026-08-05 16:10:35.897006","train",30,0.6770185232162476,0.000999865612549633,"","","","","","","","","","","",""
10120,"2026-08-05 16:10:36.961437","train",30,1.0473862886428833,0.000999832340405674,"","","","","","","","","","","",""
10140,"2026-08-05 16:10:37.883205","train",30,0.42070430517196655,0.000999795392646692,"","","","","","","","","","","",""
10160,"2026-08-05 16:10:38.774484","train",30,0.8733231425285339,0.0009997547695443914,"","","","","","","","","","","",""
10180,"2026-08-05 16:10:39.698618","train",30,0.34582221508026123,0.0009997104713975026,"","","","","","","","","","","",""
10200,"2026-08-05 16:10:40.638457","train",30,0.3005344569683075,0.0009996624985317824,"","","","","","","","","","","",""
10220,"2026-08-05 16:10:41.680124","train",30,1.2043076753616333,0.0009996108513000098,"","","","","","","","","","","",""
10240,"2026-08-05 16:10:42.580401","train",30,0.9945486783981323,0.0009995555300819849,"","","","","","","","","","","",""
10260,"2026-08-05 16:10:43.427593","train",30,0.6441962718963623,0.0009994965352845243,"","","","","","","","","","","",""
10261,"2026-08-05 16:11:01.390600","val",30,"","",0.8286219233587655,0.2843816678091002,0.7096237623762376,0.6988112976729834,0.5592705167173252,0.23076923076923078,0.7672955974842768,0.6491228070175439,0.7716134997688395,0.6070175438596491,0.8460099152406845,0.7608864094219743
10280,"2026-08-05 16:11:15.189419","train",31,0.3978748023509979,0.0009994338673414596,"","","","","","","","","","","",""
10300,"2026-08-05 16:11:16.264625","train",31,0.9839393496513367,0.0009993675267136336,"","","","","","","","","","","",""
10320,"2026-08-05 16:11:17.260513","train",31,0.6065526008605957,0.000999297513888897,"","","","","","","","","","","",""
10340,"2026-08-05 16:11:18.368471","train",31,0.5497235059738159,0.0009992238293821051,"","","","","","","","","","","",""
10360,"2026-08-05 16:11:19.364916","train",31,0.6177979111671448,0.0009991464737351137,"","","","","","","","","","","",""
10380,"2026-08-05 16:11:20.318256","train",31,1.0301122665405273,0.0009990654475167742,"","","","","","","","","","","",""
10400,"2026-08-05 16:11:21.318890","train",31,0.6301199197769165,0.0009989807513229318,"","","","","","","","","","","",""
10420,"2026-08-05 16:11:22.291311","train",31,1.2659568786621094,0.0009988923857764192,"","","","","","","","","","","",""
10440,"2026-08-05 16:11:23.288284","train",31,0.3323425054550171,0.0009988003515270518,"","","","","","","","","","","",""
10460,"2026-08-05 16:11:24.153534","train",31,1.0056252479553223,0.0009987046492516245,"","","","","","","","","","","",""
10480,"2026-08-05 16:11:25.179274","train",31,0.28970006108283997,0.0009986052796539056,"","","","","","","","","","","",""
10500,"2026-08-05 16:11:26.080278","train",31,0.42265406250953674,0.0009985022434646313,"","","","","","","","","","","",""
10520,"2026-08-05 16:11:27.002921","train",31,1.2917215824127197,0.0009983955414415023,"","","","","","","","","","","",""
10540,"2026-08-05 16:11:27.931412","train",31,0.4295749068260193,0.0009982851743691751,"","","","","","","","","","","",""
10560,"2026-08-05 16:11:28.945479","train",31,1.1048433780670166,0.0009981711430592597,"","","","","","","","","","","",""
10580,"2026-08-05 16:11:30.019897","train",31,0.22906488180160522,0.0009980534483503103,"","","","","","","","","","","",""
10592,"2026-08-05 16:11:49.470507","val",31,"","",0.8046036467089098,0.248426444481579,0.6475247524752475,0.631040357058834,0.756079027355623,0.3006535947712418,0.729559748427673,0.543859649122807,0.7371705963938974,0.5385964912280702,0.825683671837518,0.6838679683867969
10600,"2026-08-05 16:12:01.897970","train",32,0.9757829904556274,0.0009979320911078216,"","","","","","","","","","","",""
10620,"2026-08-05 16:12:02.918426","train",32,0.358053594827652,0.000997807072224222,"","","","","","","","","","","",""
10640,"2026-08-05 16:12:03.891118","train",32,0.9473755955696106,0.000997678392618865,"","","","","","","","","","","",""
10660,"2026-08-05 16:12:04.859682","train",32,0.4270528256893158,0.000997546053238026,"","","","","","","","","","","",""
10680,"2026-08-05 16:12:05.962306","train",32,0.22084714472293854,0.000997410055054892,"","","","","","","","","","","",""
10700,"2026-08-05 16:12:07.018494","train",32,0.8779588937759399,0.0009972703990695565,"","","","","","","","","","","",""
10720,"2026-08-05 16:12:08.175920","train",32,0.9565480947494507,0.000997127086309011,"","","","","","","","","","","",""
10740,"2026-08-05 16:12:09.359996","train",32,0.3315562903881073,0.0009969801178271384,"","","","","","","","","","","",""
10760,"2026-08-05 16:12:10.469357","train",32,0.326853483915329,0.0009968294947047046,"","","","","","","","","","","",""
10780,"2026-08-05 16:12:11.465114","train",32,1.0110652446746826,0.0009966752180493503,"","","","","","","","","","","",""
10800,"2026-08-05 16:12:12.338878","train",32,0.6123038530349731,0.0009965172889955837,"","","","","","","","","","","",""
10820,"2026-08-05 16:12:13.215018","train",32,0.420362651348114,0.0009963557087047722,"","","","","","","","","","","",""
10840,"2026-08-05 16:12:14.149555","train",32,0.6814850568771362,0.0009961904783651323,"","","","","","","","","","","",""
10860,"2026-08-05 16:12:15.075798","train",32,1.1374518871307373,0.000996021599191723,"","","","","","","","","","","",""
10880,"2026-08-05 16:12:15.941248","train",32,0.31421756744384766,0.000995849072426435,"","","","","","","","","","","",""
10900,"2026-08-05 16:12:16.817316","train",32,0.2408314347267151,0.0009956728993379827,"","","","","","","","","","","",""
10920,"2026-08-05 16:12:17.835408","train",32,1.488783836364746,0.000995493081221895,"","","","","","","","","","","",""
10923,"2026-08-05 16:12:35.648903","val",32,"","",0.8112246217509375,0.27835259073870355,0.684990099009901,0.6563883977197799,0.8092705167173252,0.34120734908136485,0.7672955974842768,0.6491228070175439,0.7459546925566343,0.5947368421052631,0.8280025587717896,0.703393770339377
10940,"2026-08-05 16:12:49.071465","train",33,0.38397321105003357,0.0009953096194005046,"","","","","","","","","","","",""
10960,"2026-08-05 16:12:49.945149","train",33,0.805306077003479,0.0009951225152229392,"","","","","","","","","","","",""
10980,"2026-08-05 16:12:50.914248","train",33,0.4616585373878479,0.0009949317700651118,"","","","","","","","","","","",""
11000,"2026-08-05 16:12:51.781235","train",33,0.8034679889678955,0.0009947373853297099,"","","","","","","","","","","",""
11020,"2026-08-05 16:12:52.827211","train",33,0.21871647238731384,0.0009945393624461855,"","","","","","","","","","","",""
11040,"2026-08-05 16:12:54.074584","train",33,0.3222108483314514,0.0009943377028707441,"","","","","","","","","","","",""
11060,"2026-08-05 16:12:55.173005","train",33,0.28975334763526917,0.0009941324080863353,"","","","","","","","","","","",""
11080,"2026-08-05 16:12:56.097418","train",33,0.6087464094161987,0.0009939234796026402,"","","","","","","","","","","",""
11100,"2026-08-05 16:12:57.054578","train",33,0.5483224391937256,0.0009937109189560617,"","","","","","","","","","","",""
11120,"2026-08-05 16:12:58.195622","train",33,0.9021086096763611,0.0009934947277097125,"","","","","","","","","","","",""
11140,"2026-08-05 16:12:59.043667","train",33,0.28787925839424133,0.0009932749074534032,"","","","","","","","","","","",""
11160,"2026-08-05 16:12:59.984051","train",33,0.5043212175369263,0.000993051459803632,"","","","","","","","","","","",""
11180,"2026-08-05 16:13:00.824968","train",33,0.27353882789611816,0.0009928243864035713,"","","","","","","","","","","",""
11200,"2026-08-05 16:13:01.734722","train",33,0.8976213932037354,0.0009925936889230564,"","","","","","","","","","","",""
11220,"2026-08-05 16:13:02.679029","train",33,0.48793458938598633,0.0009923593690585738,"","","","","","","","","","","",""
11240,"2026-08-05 16:13:03.584155","train",33,0.3650577664375305,0.0009921214285332468,"","","","","","","","","","","",""
11254,"2026-08-05 16:13:22.848391","val",33,"","",0.8450709082288029,0.33265829413691406,0.7651485148514852,0.7545132755165576,0.7857142857142857,0.33175355450236965,0.7882599580712788,0.7719298245614035,0.7961165048543689,0.6754385964912281,0.8627538781384936,0.8016426468309313
11260,"2026-08-05 16:13:35.027261","train",34,0.36658966541290283,0.0009918798690968247,"","","","","","","","","","","",""
11280,"2026-08-05 16:13:35.933491","train",34,0.3502081036567688,0.0009916346925256698,"","","","","","","","","","","",""
11300,"2026-08-05 16:13:36.923653","train",34,0.45243579149246216,0.0009913859006227426,"","","","","","","","","","","",""
11320,"2026-08-05 16:13:37.857321","train",34,1.2881782054901123,0.0009911334952175906,"","","","","","","","","","","",""
11340,"2026-08-05 16:13:38.816075","train",34,1.8415393829345703,0.000990877478166334,"","","","","","","","","","","",""
11360,"2026-08-05 16:13:39.881249","train",34,0.32545745372772217,0.0009906178513516518,"","","","","","","","","","","",""
11380,"2026-08-05 16:13:40.840855","train",34,0.26554596424102783,0.0009903546166827681,"","","","","","","","","","","",""
11400,"2026-08-05 16:13:42.016901","train",34,0.5522003173828125,0.0009900877760954387,"","","","","","","","","","","",""
11420,"2026-08-05 16:13:43.154610","train",34,0.3788314461708069,0.0009898173315519357,"","","","","","","","","","","",""
11440,"2026-08-05 16:13:44.298885","train",34,0.4931821823120117,0.000989543285041034,"","","","","","","","","","","",""
11460,"2026-08-05 16:13:45.490878","train",34,0.37511950731277466,0.0009892656385779965,"","","","","","","","","","","",""
11480,"2026-08-05 16:13:46.461500","train",34,1.2960683107376099,0.0009889843942045588,"","","","","","","","","","","",""
11500,"2026-08-05 16:13:47.440944","train",34,0.6811152696609497,0.000988699553988915,"","","","","","","","","","","",""
11520,"2026-08-05 16:13:48.288363","train",34,0.6196292042732239,0.0009884111200257016,"","","","","","","","","","","",""
11540,"2026-08-05 16:13:49.278649","train",34,0.8267420530319214,0.0009881190944359829,"","","","","","","","","","","",""
11560,"2026-08-05 16:13:50.217561","train",34,1.3579916954040527,0.0009878234793672348,"","","","","","","","","","","",""
11580,"2026-08-05 16:13:51.205064","train",34,0.30724048614501953,0.0009875242769933294,"","","","","","","","","","","",""
11585,"2026-08-05 16:14:09.163618","val",34,"","",0.8192508297771456,0.28431183857529685,0.6948910891089108,0.6723978262062991,0.6671732522796353,0.26262626262626265,0.8050314465408805,0.7543859649122807,0.7239944521497921,0.5754385964912281,0.8406524868063329,0.7305129397179606
11600,"2026-08-05 16:14:22.381292","train",35,0.46004003286361694,0.0009872214895145187,"","","","","","","","","","","",""
11620,"2026-08-05 16:14:23.388768","train",35,0.49262046813964844,0.0009869151191574184,"","","","","","","","","","","",""
11640,"2026-08-05 16:14:24.253612","train",35,1.785285234451294,0.0009866051681749924,"","","","","","","","","","","",""
11660,"2026-08-05 16:14:25.205975","train",35,0.30483999848365784,0.0009862916388465345,"","","","","","","","","","","",""
11680,"2026-08-05 16:14:26.167175","train",35,0.3822566270828247,0.000985974533477654,"","","","","","","","","","","",""
11700,"2026-08-05 16:14:27.029206","train",35,0.3119579255580902,0.0009856538544002562,"","","","","","","","","","","",""
11720,"2026-08-05 16:14:28.080960","train",35,0.33590203523635864,0.000985329603972527,"","","","","","","","","","","",""
11740,"2026-08-05 16:14:29.264857","train",35,1.0678775310516357,0.000985001784578915,"","","","","","","","","","","",""
11760,"2026-08-05 16:14:30.278532","train",35,0.3154643774032593,0.000984670398630114,"","","","","","","","","","","",""
11780,"2026-08-05 16:14:31.211136","train",35,0.5384847521781921,0.000984335448563045,"","","","","","","","","","","",""
11800,"2026-08-05 16:14:32.268574","train",35,0.7307975888252258,0.0009839969368408393,"","","","","","","","","","","",""
11820,"2026-08-05 16:14:33.266144","train",35,0.34385740756988525,0.0009836548659528188,"","","","","","","","","","","",""
11840,"2026-08-05 16:14:34.250103","train",35,0.864529013633728,0.0009833092384144788,"","","","","","","","","","","",""
11860,"2026-08-05 16:14:35.150074","train",35,0.2958088219165802,0.0009829600567674694,"","","","","","","","","","","",""
11880,"2026-08-05 16:14:36.089860","train",35,1.0179466009140015,0.0009826073235795765,"","","","","","","","","","","",""
11900,"2026-08-05 16:14:37.054669","train",35,0.3499704599380493,0.0009822510414447029,"","","","","","","","","","","",""
11916,"2026-08-05 16:14:56.330204","val",35,"","",0.8436656752446227,0.2959864386190703,0.7582574257425743,0.7556637222324424,0.7226443768996961,0.30740037950664134,0.7861635220125787,0.7368421052631579,0.7840961627369394,0.7,0.8606268990884376,0.7847512784751278
11920,"2026-08-05 16:15:08.133197","train",36,0.3514443635940552,0.0009818912129828496,"","","","","","","","","","","",""
11940,"2026-08-05 16:15:09.278799","train",36,0.27033066749572754,0.0009815278408400966,"","","","","","","","","","","",""
11960,"2026-08-05 16:15:10.186903","train",36,0.958276629447937,0.0009811609276885824,"","","","","","","","","","","",""
11980,"2026-08-05 16:15:11.160627","train",36,1.8658690452575684,0.0009807904762264856,"","","","","","","","","","","",""
12000,"2026-08-05 16:15:12.000338","train",36,0.321320116519928,0.0009804164891780048,"","","","","","","","","","","",""
12020,"2026-08-05 16:15:12.825617","train",36,0.39594122767448425,0.0009800389692933376,"","","","","","","","","","","",""
12040,"2026-08-05 16:15:13.725786","train",36,0.37220287322998047,0.000979657919348662,"","","","","","","","","","","",""
12060,"2026-08-05 16:15:14.714953","train",36,0.7617878913879395,0.000979273342146114,"","","","","","","","","","","",""
12080,"2026-08-05 16:15:15.614802","train",36,1.2805535793304443,0.0009788852405137694,"","","","","","","","","","","",""
12100,"2026-08-05 16:15:16.753800","train",36,0.30880293250083923,0.0009784936173056205,"","","","","","","","","","","",""
12120,"2026-08-05 16:15:17.773543","train",36,0.8471231460571289,0.0009780984754015568,"","","","","","","","","","","",""
12140,"2026-08-05 16:15:18.926959","train",36,0.6500722169876099,0.0009776998177073437,"","","","","","","","","","","",""
12160,"2026-08-05 16:15:20.077371","train",36,0.22534051537513733,0.0009772976471546001,"","","","","","","","","","","",""
12180,"2026-08-05 16:15:20.945822","train",36,0.4497905969619751,0.0009768919667007777,"","","","","","","","","","","",""
12200,"2026-08-05 16:15:21.990243","train",36,0.5049462914466858,0.0009764827793291393,"","","","","","","","","","","",""
12220,"2026-08-05 16:15:22.937096","train",36,0.3001394271850586,0.0009760700880487366,"","","","","","","","","","","",""
12240,"2026-08-05 16:15:23.878386","train",36,0.30171874165534973,0.0009756538958943874,"","","","","","","","","","","",""
12247,"2026-08-05 16:15:41.785218","val",36,"","",0.8395361869046079,0.3123055246908743,0.7342574257425742,0.7284510551733715,0.6132218844984803,0.2503681885125184,0.8280922431865827,0.8245614035087719,0.7942672214516874,0.6771929824561403,0.8474812090196706,0.736711607004494
12260,"2026-08-05 16:15:54.350660","train",37,1.9431400299072266,0.0009752342059266548,"","","","","","","","","","","",""
12280,"2026-08-05 16:15:55.414495","train",37,1.1948511600494385,0.0009748110212318236,"","","","","","","","","","","",""
12300,"2026-08-05 16:15:56.333744","train",37,0.314586341381073,0.0009743843449218776,"","","","","","","","","","","",""
12320,"2026-08-05 16:15:57.222919","train",37,1.2568901777267456,0.0009739541801344773,"","","","","","","","","","","",""
12340,"2026-08-05 16:15:58.064563","train",37,0.31720903515815735,0.0009735205300329363,"","","","","","","","","","","",""
12360,"2026-08-05 16:15:59.074071","train",37,1.3072584867477417,0.0009730833978061985,"","","","","","","","","","","",""
12380,"2026-08-05 16:15:59.974975","train",37,2.6067888736724854,0.000972642786668814,"","","","","","","","","","","",""
12400,"2026-08-05 16:16:00.990694","train",37,1.541905164718628,0.0009721986998609161,"","","","","","","","","","","",""
12420,"2026-08-05 16:16:02.061641","train",37,1.1750167608261108,0.0009717511406481974,"","","","","","","","","","","",""
12440,"2026-08-05 16:16:03.191626","train",37,0.6258406043052673,0.0009713001123218853,"","","","","","","","","","","",""
12460,"2026-08-05 16:16:04.102885","train",37,0.3387427031993866,0.000970845618198718,"","","","","","","","","","","",""
12480,"2026-08-05 16:16:05.002473","train",37,0.3659006357192993,0.0009703876616209208,"","","","","","","","","","","",""
12500,"2026-08-05 16:16:05.875851","train",37,0.5516031384468079,0.0009699262459561803,"","","","","","","","","","","",""
12520,"2026-08-05 16:16:06.778382","train",37,0.3272067904472351,0.0009694613745976206,"","","","","","","","","","","",""
12540,"2026-08-05 16:16:07.821564","train",37,1.6594228744506836,0.0009689930509637781,"","","","","","","","","","","",""
12560,"2026-08-05 16:16:08.837123","train",37,0.475602924823761,0.000968521278498576,"","","","","","","","","","","",""
12578,"2026-08-05 16:16:28.291660","val",37,"","",0.8267683951894479,0.31481345553371065,0.7154851485148515,0.7142439120573871,0.7826747720364742,0.3125,0.7945492662473794,0.7368421052631579,0.7598243180767452,0.624561403508772,0.8431472893011355,0.7480241748024175
12580,"2026-08-05 16:16:40.125765","train",38,0.2897595763206482,0.0009680460606712997,"","","","","","","","","","","",""
12600,"2026-08-05 16:16:41.062796","train",38,0.7589735984802246,0.0009675674009765701,"","","","","","","","","","","",""
12620,"2026-08-05 16:16:41.988327","train",38,0.5322430729866028,0.0009670853029343196,"","","","","","","","","","","",""
12640,"2026-08-05 16:16:43.003502","train",38,1.0331151485443115,0.0009665997700897644,"","","","","","","","","","","",""
12660,"2026-08-05 16:16:43.951183","train",38,0.30449169874191284,0.0009661108060133798,"","","","","","","","","","","",""
12680,"2026-08-05 16:16:44.836865","train",38,0.447569876909256,0.0009656184143008733,"","","","","","","","","","","",""
12700,"2026-08-05 16:16:45.750082","train",38,0.24903318285942078,0.0009651225985731584,"","","","","","","","","","","",""
12720,"2026-08-05 16:16:46.696507","train",38,0.604402482509613,0.0009646233624763276,"","","","","","","","","","","",""
12740,"2026-08-05 16:16:47.681248","train",38,0.27736639976501465,0.000964120709681626,"","","","","","","","","","","",""
12760,"2026-08-05 16:16:48.891980","train",38,0.6150083541870117,0.0009636146438854244,"","","","","","","","","","","",""
12780,"2026-08-05 16:16:50.143979","train",38,0.4438174366950989,0.0009631051688091915,"","","","","","","","","","","",""
12800,"2026-08-05 16:16:51.229309","train",38,0.7917881011962891,0.0009625922881994671,"","","","","","","","","","","",""
12820,"2026-08-05 16:16:52.335459","train",38,1.0249931812286377,0.0009620760058278342,"","","","","","","","","","","",""
12840,"2026-08-05 16:16:53.348598","train",38,0.30642935633659363,0.0009615563254908915,"","","","","","","","","","","",""
12860,"2026-08-05 16:16:54.242737","train",38,0.34810903668403625,0.0009610332510102259,"","","","","","","","","","","",""
12880,"2026-08-05 16:16:55.221985","train",38,0.48709121346473694,0.0009605067862323829,"","","","","","","","","","","",""
12900,"2026-08-05 16:16:56.076201","train",38,0.653256893157959,0.0009599769350288401,"","","","","","","","","","","",""
12909,"2026-08-05 16:17:13.901540","val",38,"","",0.8395965343333764,0.3116585722713169,0.7488316831683168,0.751614942860883,0.7606382978723404,0.31965442764578833,0.8050314465408804,0.7719298245614035,0.7697642163661581,0.656140350877193,0.8569166799936031,0.7783976445064311
12920,"2026-08-05 16:17:27.044151","train",39,1.5264310836791992,0.0009594437012959778,"","","","","","","","","","","",""
12940,"2026-08-05 16:17:28.121735","train",39,0.31678521633148193,0.0009589070889550502,"","","","","","","","","","","",""
12960,"2026-08-05 16:17:29.007202","train",39,1.2281373739242554,0.000958367101952157,"","","","","","","","","","","",""
12980,"2026-08-05 16:17:29.821806","train",39,0.3595205843448639,0.0009578237442582146,"","","","","","","","","","","",""
13000,"2026-08-05 16:17:30.771756","train",39,0.29289740324020386,0.000957277019868926,"","","","","","","","","","","",""
13020,"2026-08-05 16:17:31.751496","train",39,0.8303399682044983,0.0009567269328047523,"","","","","","","","","","","",""
13040,"2026-08-05 16:17:32.648198","train",39,0.5030355453491211,0.0009561734871108825,"","","","","","","","","","","",""
13060,"2026-08-05 16:17:33.736022","train",39,0.8077696561813354,0.0009556166868572042,"","","","","","","","","","","",""
13080,"2026-08-05 16:17:34.732858","train",39,0.9563268423080444,0.0009550565361382738,"","","","","","","","","","","",""
13100,"2026-08-05 16:17:35.873789","train",39,0.8673975467681885,0.0009544930390732855,"","","","","","","","","","","",""
13120,"2026-08-05 16:17:36.916264","train",39,2.490598201751709,0.0009539261998060421,"","","","","","","","","","","",""
13140,"2026-08-05 16:17:37.851899","train",39,1.4379072189331055,0.0009533560225049236,"","","","","","","","","","","",""
13160,"2026-08-05 16:17:38.831914","train",39,0.883332371711731,0.0009527825113628578,"","","","","","","","","","","",""
13180,"2026-08-05 16:17:39.862455","train",39,0.5025838613510132,0.0009522056705972876,"","","","","","","","","","","",""
13200,"2026-08-05 16:17:40.744705","train",39,0.9259340763092041,0.0009516255044501416,"","","","","","","","","","","",""
13220,"2026-08-05 16:17:41.784870","train",39,0.5250852108001709,0.0009510420171878024,"","","","","","","","","","","",""
13240,"2026-08-05 16:17:42.627921","train",39,0.24090459942817688,0.0009504552131010752,"","","","","","","","","","","",""
13240,"2026-08-05 16:18:01.196089","val",39,"","",0.8209836630889261,0.2653728782787493,0.7214257425742574,0.7232612907833845,0.5820668693009119,0.22969187675070027,0.7484276729559748,0.631578947368421,0.7265372168284789,0.5894736842105263,0.8455301455301455,0.7591817759181776
13260,"2026-08-05 16:18:13.919876","train",40,0.267520934343338,0.0009498650965051557,"","","","","","","","","","","",""
13280,"2026-08-05 16:18:15.075381","train",40,0.7285544872283936,0.0009492716717395995,"","","","","","","","","","","",""
13300,"2026-08-05 16:18:16.185353","train",40,1.5142428874969482,0.0009486749431682892,"","","","","","","","","","","",""
13320,"2026-08-05 16:18:17.189116","train",40,0.5733845233917236,0.0009480749151794029,"","","","","","","","","","","",""
13340,"2026-08-05 16:18:18.089239","train",40,1.2851805686950684,0.0009474715921853814,"","","","","","","","","","","",""
13360,"2026-08-05 16:18:19.006242","train",40,2.90371036529541,0.0009468649786228965,"","","","","","","","","","","",""
13380,"2026-08-05 16:18:20.146712","train",40,0.9599852561950684,0.0009462550789528177,"","","","","","","","","","","",""
13400,"2026-08-05 16:18:21.115647","train",40,0.4821474254131317,0.0009456418976601794,"","","","","","","","","","","",""
13420,"2026-08-05 16:18:22.055442","train",40,0.3744468092918396,0.0009450254392541485,"","","","","","","","","","","",""
13440,"2026-08-05 16:18:23.031717","train",40,1.292161226272583,0.0009444057082679911,"","","","","","","","","","","",""
13460,"2026-08-05 16:18:23.999640","train",40,0.3236609995365143,0.0009437827092590381,"","","","","","","","","","","",""
13480,"2026-08-05 16:18:24.938270","train",40,1.2509348392486572,0.0009431564468086533,"","","","","","","","","","","",""
13500,"2026-08-05 16:18:25.920248","train",40,0.39134275913238525,0.0009425269255221989,"","","","","","","","","","","",""
13520,"2026-08-05 16:18:26.851083","train",40,0.6584184169769287,0.0009418941500290012,"","","","","","","","","","","",""
13540,"2026-08-05 16:18:27.822133","train",40,0.4291852116584778,0.0009412581249823178,"","","","","","","","","","","",""
13560,"2026-08-05 16:18:28.756114","train",40,0.7591274380683899,0.0009406188550593017,"","","","","","","","","","","",""
13571,"2026-08-05 16:18:46.460984","val",40,"","",0.8394327341695763,0.31490937299024346,0.7493861386138614,0.751658764615014,0.8632218844984803,0.3617021276595745,0.7924528301886793,0.7368421052631579,0.7831715210355987,0.6719298245614035,0.857828242443627,0.7777777777777778
13580,"2026-08-05 16:18:58.185278","train",41,1.382335901260376,0.0009399763449609687,"","","","","","","","","","","",""
13600,"2026-08-05 16:18:59.032863","train",41,0.7321699857711792,0.0009393305994121612,"","","","","","","","","","","",""
13620,"2026-08-05 16:19:00.024514","train",41,0.6273918151855469,0.0009386816231615149,"","","","","","","","","","","",""
13640,"2026-08-05 16:19:00.879971","train",41,1.0249176025390625,0.0009380294209814227,"","","","","","","","","","","",""
13660,"2026-08-05 16:19:01.813498","train",41,1.6870712041854858,0.0009373739976680003,"","","","","","","","","","","",""
13680,"2026-08-05 16:19:02.664011","train",41,1.1829049587249756,0.0009367153580410509,"","","","","","","","","","","",""
13700,"2026-08-05 16:19:03.495116","train",41,1.1354236602783203,0.0009360535069440291,"","","","","","","","","","","",""
13720,"2026-08-05 16:19:04.287264","train",41,0.6072049140930176,0.0009353884492440061,"","","","","","","","","","","",""
13740,"2026-08-05 16:19:05.215561","train",41,0.9699200987815857,0.0009347201898316339,"","","","","","","","","","","",""
13760,"2026-08-05 16:19:05.993555","train",41,0.5299598574638367,0.0009340487336211081,"","","","","","","","","","","",""
13780,"2026-08-05 16:19:06.975395","train",41,0.3487785756587982,0.0009333740855501337,"","","","","","","","","","","",""
13800,"2026-08-05 16:19:07.913527","train",41,1.378277063369751,0.0009326962505798869,"","","","","","","","","","","",""
13820,"2026-08-05 16:19:08.763295","train",41,0.5882129669189453,0.0009320152336949803,"","","","","","","","","","","",""
13840,"2026-08-05 16:19:09.574200","train",41,2.0441060066223145,0.0009313310399034245,"","","","","","","","","","","",""
13860,"2026-08-05 16:19:10.392096","train",41,1.3233866691589355,0.0009306436742365932,"","","","","","","","","","","",""
13880,"2026-08-05 16:19:11.300331","train",41,0.6503077149391174,0.0009299531417491844,"","","","","","","","","","","",""
13900,"2026-08-05 16:19:12.170654","train",41,0.7121552228927612,0.0009292594475191842,"","","","","","","","","","","",""
13902,"2026-08-05 16:19:28.425101","val",41,"","",0.8407517565412302,0.30878117278526307,0.7516039603960396,0.7601652182434158,0.8161094224924013,0.34946236559139787,0.8029350104821802,0.7192982456140351,0.7575127138233935,0.6456140350877193,0.8602750679673756,0.7918797458546413
13920,"2026-08-05 16:19:39.968142","train",42,0.5650317668914795,0.0009285625966478298,"","","","","","","","","","","",""
13940,"2026-08-05 16:19:40.841781","train",42,0.38173365592956543,0.000927862594259571,"","","","","","","","","","","",""
13960,"2026-08-05 16:19:41.634170","train",42,0.8683329820632935,0.0009271594455020328,"","","","","","","","","","","",""
13980,"2026-08-05 16:19:42.507275","train",42,0.34440186619758606,0.0009264531555459782,"","","","","","","","","","","",""
14000,"2026-08-05 16:19:43.370099","train",42,0.8229078650474548,0.0009257437295852696,"","","","","","","","","","","",""
14020,"2026-08-05 16:19:44.241574","train",42,0.5381017923355103,0.0009250311728368303,"","","","","","","","","","","",""
14040,"2026-08-05 16:19:45.212183","train",42,0.4808010160923004,0.0009243154905406074,"","","","","","","","","","","",""
14060,"2026-08-05 16:19:46.182681","train",42,0.2565392255783081,0.0009235966879595315,"","","","","","","","","","","",""
14080,"2026-08-05 16:19:47.144551","train",42,0.7972334623336792,0.0009228747703794797,"","","","","","","","","","","",""
14100,"2026-08-05 16:19:47.947085","train",42,0.4566253125667572,0.0009221497431092351,"","","","","","","","","","","",""
14120,"2026-08-05 16:19:48.798792","train",42,0.2335931360721588,0.0009214216114804494,"","","","","","","","","","","",""
14140,"2026-08-05 16:19:49.698570","train",42,1.6478270292282104,0.0009206903808476026,"","","","","","","","","","","",""
14160,"2026-08-05 16:19:50.664574","train",42,1.6001747846603394,0.0009199560565879638,"","","","","","","","","","","",""
14180,"2026-08-05 16:19:51.579590","train",42,2.010692834854126,0.0009192186441015519,"","","","","","","","","","","",""
14200,"2026-08-05 16:19:52.514177","train",42,0.38459134101867676,0.0009184781488110958,"","","","","","","","","","","",""
14220,"2026-08-05 16:19:53.354363","train",42,0.49793708324432373,0.0009177345761619945,"","","","","","","","","","","",""
14233,"2026-08-05 16:20:10.143066","val",42,"","",0.8445795077374024,0.3207387118163992,0.7662574257425743,0.7637498456085331,0.7469604863221885,0.3018867924528302,0.8092243186582809,0.8070175438596491,0.7679149329634766,0.6403508771929824,0.8619862466016311,0.797768479776848
14240,"2026-08-05 16:20:21.363912","train",43,1.0926628112792969,0.0009169879316222769,"","","","","","","","","","","",""
14260,"2026-08-05 16:20:22.196704","train",43,0.5340554714202881,0.0009162382206825618,"","","","","","","","","","","",""
14280,"2026-08-05 16:20:23.055842","train",43,0.2674136459827423,0.0009154854488560177,"","","","","","","","","","","",""
14300,"2026-08-05 16:20:24.047980","train",43,0.8641133308410645,0.0009147296216783218,"","","","","","","","","","","",""
14320,"2026-08-05 16:20:24.887749","train",43,0.5058730840682983,0.0009139707447076194,"","","","","","","","","","","",""
14340,"2026-08-05 16:20:25.728637","train",43,1.010606050491333,0.0009132088235244833,"","","","","","","","","","","",""
14360,"2026-08-05 16:20:26.521433","train",43,0.38802987337112427,0.0009124438637318727,"","","","","","","","","","","",""
14380,"2026-08-05 16:20:27.361014","train",43,0.19676223397254944,0.0009116758709550918,"","","","","","","","","","","",""
14400,"2026-08-05 16:20:28.301171","train",43,0.6372337341308594,0.0009109048508417484,"","","","","","","","","","","",""
14420,"2026-08-05 16:20:29.130597","train",43,0.3862324357032776,0.0009101308090617127,"","","","","","","","","","","",""
14440,"2026-08-05 16:20:30.029236","train",43,1.0859415531158447,0.0009093537513070753,"","","","","","","","","","","",""
14460,"2026-08-05 16:20:30.859625","train",43,0.4080103039741516,0.0009085736832921053,"","","","","","","","","","","",""
14480,"2026-08-05 16:20:31.758290","train",43,1.0622127056121826,0.0009077906107532089,"","","","","","","","","","","",""
14500,"2026-08-05 16:20:32.662571","train",43,0.47763240337371826,0.0009070045394488863,"","","","","","","","","","","",""
14520,"2026-08-05 16:20:33.599625","train",43,1.2088396549224854,0.00090621547515969,"","","","","","","","","","","",""
14540,"2026-08-05 16:20:34.468811","train",43,1.091010570526123,0.0009054234236881818,"","","","","","","","","","","",""
14560,"2026-08-05 16:20:35.357968","train",43,0.8002263307571411,0.000904628390858891,"","","","","","","","","","","",""
14564,"2026-08-05 16:20:51.548147","val",43,"","",0.8408896935212724,0.3190413951495219,0.7555643564356436,0.7457375627622176,0.5250759878419453,0.21972534332084895,0.8364779874213837,0.8070175438596491,0.7637540453074434,0.6280701754385964,0.85531744762514,0.7822718115605145
14580,"2026-08-05 16:21:02.913701","train",44,0.4494718909263611,0.0009038303825182704,"","","","","","","","","","","",""
14600,"2026-08-05 16:21:03.783674","train",44,1.5503785610198975,0.0009030294045346542,"","","","","","","","","","","",""
14620,"2026-08-05 16:21:04.738700","train",44,1.2597501277923584,0.0009022254627982146,"","","","","","","","","","","",""
14640,"2026-08-05 16:21:05.622653","train",44,0.3725726008415222,0.0009014185632209181,"","","","","","","","","","","",""
14660,"2026-08-05 16:21:06.476206","train",44,0.4595303237438202,0.0009006087117364825,"","","","","","","","","","","",""
14680,"2026-08-05 16:21:07.430506","train",44,0.3774894177913666,0.0008997959143003334,"","","","","","","","","","","",""
14700,"2026-08-05 16:21:08.415346","train",44,0.8782439231872559,0.0008989801768895595,"","","","","","","","","","","",""
14720,"2026-08-05 16:21:09.261644","train",44,1.231680154800415,0.0008981615055028701,"","","","","","","","","","","",""
14740,"2026-08-05 16:21:10.139459","train",44,0.4738079309463501,0.0008973399061605493,"","","","","","","","","","","",""
14760,"2026-08-05 16:21:11.020056","train",44,0.48310357332229614,0.0008965153849044133,"","","","","","","","","","","",""
14780,"2026-08-05 16:21:11.883989","train",44,0.4730035662651062,0.0008956879477977646,"","","","","","","","","","","",""
14800,"2026-08-05 16:21:12.734888","train",44,0.4891723692417145,0.0008948576009253486,"","","","","","","","","","","",""
14820,"2026-08-05 16:21:13.587347","train",44,0.2569309175014496,0.000894024350393308,"","","","","","","","","","","",""
14840,"2026-08-05 16:21:14.411255","train",44,0.3878570795059204,0.0008931882023291385,"","","","","","","","","","","",""
14860,"2026-08-05 16:21:15.211223","train",44,2.020958423614502,0.0008923491628816432,"","","","","","","","","","","",""
14880,"2026-08-05 16:21:16.049883","train",44,0.2850809395313263,0.0008915072382208876,"","","","","","","","","","","",""
14895,"2026-08-05 16:21:32.929819","val",44,"","",0.8415362731152206,0.3130261028519448,0.7581782178217822,0.7585350702737591,0.7044072948328267,0.283609576427256,0.8113207547169812,0.7719298245614035,0.7561257512713824,0.6263157894736842,0.8643051335359028,0.8035022470168913
14900,"2026-08-05 16:21:43.949186","train",45,1.0309427976608276,0.0008906624345381544,"","","","","","","","","","","",""
14920,"2026-08-05 16:21:44.809382","train",45,0.5091807842254639,0.0008898147580458979,"","","","","","","","","","","",""
14940,"2026-08-05 16:21:45.618457","train",45,0.4080044627189636,0.0008889642149776983,"","","","","","","","","","","",""
14960,"2026-08-05 16:21:46.488589","train",45,0.2362101674079895,0.0008881108115882154,"","","","","","","","","","","",""
14980,"2026-08-05 16:21:47.377022","train",45,0.36453360319137573,0.0008872545541531435,"","","","","","","","","","","",""
15000,"2026-08-05 16:21:48.231140","train",45,0.9233245849609375,0.0008863954489691645,"","","","","","","","","","","",""
15020,"2026-08-05 16:21:49.267462","train",45,1.6032438278198242,0.0008855335023539018,"","","","","","","","","","","",""
15040,"2026-08-05 16:21:50.205724","train",45,1.3387243747711182,0.0008846687206458744,"","","","","","","","","","","",""
15060,"2026-08-05 16:21:51.034112","train",45,0.2125709056854248,0.000883801110204449,"","","","","","","","","","","",""
15080,"2026-08-05 16:21:51.966492","train",45,0.753837525844574,0.0008829306774097949,"","","","","","","","","","","",""
15100,"2026-08-05 16:21:52.794180","train",45,0.218886137008667,0.0008820574286628353,"","","","","","","","","","","",""
15120,"2026-08-05 16:21:53.624420","train",45,0.45408639311790466,0.000881181370385202,"","","","","","","","","","","",""
15140,"2026-08-05 16:21:54.433906","train",45,0.5877414345741272,0.0008803025090191867,"","","","","","","","","","","",""
15160,"2026-08-05 16:21:55.253087","train",45,0.24120382964611053,0.0008794208510276945,"","","","","","","","","","","",""
15180,"2026-08-05 16:21:56.060737","train",45,1.2884386777877808,0.0008785364028941962,"","","","","","","","","","","",""
15200,"2026-08-05 16:21:56.927162","train",45,0.48461881279945374,0.0008776491711226802,"","","","","","","","","","","",""
15220,"2026-08-05 16:21:57.803662","train",45,0.253705233335495,0.0008767591622376055,"","","","","","","","","","","",""
15226,"2026-08-05 16:22:14.262851","val",45,"","",0.8334152334152334,0.3041523869475055,0.7417029702970297,0.7566643965834824,0.8419452887537994,0.34591194968553457,0.8155136268343816,0.7192982456140351,0.7540453074433657,0.6754385964912281,0.8479289940828403,0.7580970091430342
15240,"2026-08-05 16:22:25.827256","train",46,1.4592201709747314,0.0008758663827838528,"","","","","","","","","","","",""
15260,"2026-08-05 16:22:26.658772","train",46,1.6438887119293213,0.000874970839326677,"","","","","","","","","","","",""
15280,"2026-08-05 16:22:27.526059","train",46,1.4608020782470703,0.0008740725384516586,"","","","","","","","","","","",""
15300,"2026-08-05 16:22:28.360701","train",46,0.3381502032279968,0.0008731714867646554,"","","","","","","","","","","",""
15320,"2026-08-05 16:22:29.199859","train",46,0.4309915006160736,0.0008722676908917545,"","","","","","","","","","","",""
15340,"2026-08-05 16:22:29.991952","train",46,0.6218701601028442,0.0008713611574792219,"","","","","","","","","","","",""
15360,"2026-08-05 16:22:30.874249","train",46,0.5270462036132812,0.0008704518931934557,"","","","","","","","","","","",""
15380,"2026-08-05 16:22:31.677384","train",46,0.5853320360183716,0.0008695399047209353,"","","","","","","","","","","",""
15400,"2026-08-05 16:22:32.480164","train",46,0.3270499110221863,0.0008686251987681736,"","","","","","","","","","","",""
15420,"2026-08-05 16:22:33.328597","train",46,0.6425629258155823,0.0008677077820616671,"","","","","","","","","","","",""
15440,"2026-08-05 16:22:34.262326","train",46,0.5528512001037598,0.000866787661347846,"","","","","","","","","","","",""
15460,"2026-08-05 16:22:35.156459","train",46,0.3407635986804962,0.0008658648433930254,"","","","","","","","","","","",""
15480,"2026-08-05 16:22:36.060144","train",46,1.0620036125183105,0.000864939334983355,"","","","","","","","","","","",""
15500,"2026-08-05 16:22:36.943784","train",46,0.26105743646621704,0.0008640111429247693,"","","","","","","","","","","",""
15520,"2026-08-05 16:22:37.790307","train",46,0.9997989535331726,0.000863080274042938,"","","","","","","","","","","",""
15540,"2026-08-05 16:22:38.599756","train",46,0.2662925124168396,0.0008621467351832148,"","","","","","","","","","","",""
15557,"2026-08-05 16:22:55.281166","val",46,"","",0.8359067201172464,0.29318028238969723,0.7410693069306931,0.7458244978296323,0.7522796352583586,0.31223628691983124,0.8071278825995807,0.7543859649122807,0.7716134997688395,0.6771929824561403,0.8506636814329123,0.766775143344181
15560,"2026-08-05 16:23:05.925486","train",47,1.5475939512252808,0.0008612105332105884,"","","","","","","","","","","",""
15580,"2026-08-05 16:23:06.755500","train",47,0.5222432613372803,0.0008602716750096306,"","","","","","","","","","","",""
15600,"2026-08-05 16:23:07.625421","train",47,0.6619664430618286,0.000859330167484447,"","","","","","","","","","","",""
15620,"2026-08-05 16:23:08.516025","train",47,0.6401470899581909,0.0008583860175586252,"","","","","","","","","","","",""
15640,"2026-08-05 16:23:09.445968","train",47,1.8798742294311523,0.0008574392321751844,"","","","","","","","","","","",""
15660,"2026-08-05 16:23:10.311282","train",47,1.5796749591827393,0.0008564898182965242,"","","","","","","","","","","",""
15680,"2026-08-05 16:23:11.116101","train",47,0.2612352967262268,0.0008555377829043735,"","","","","","","","","","","",""
15700,"2026-08-05 16:23:12.026025","train",47,0.43126529455184937,0.0008545831329997391,"","","","","","","","","","","",""
15720,"2026-08-05 16:23:12.863934","train",47,0.7886879444122314,0.0008536258756028539,"","","","","","","","","","","",""
15740,"2026-08-05 16:23:13.918197","train",47,0.8482145071029663,0.0008526660177531263,"","","","","","","","","","","",""
15760,"2026-08-05 16:23:14.934479","train",47,0.29037225246429443,0.0008517035665090868,"","","","","","","","","","","",""
15780,"2026-08-05 16:23:15.825942","train",47,1.0749510526657104,0.0008507385289483379,"","","","","","","","","","","",""
15800,"2026-08-05 16:23:16.700160","train",47,0.6501220464706421,0.0008497709121675004,"","","","","","","","","","","",""
15820,"2026-08-05 16:23:17.513346","train",47,0.4483400285243988,0.0008488007232821625,"","","","","","","","","","","",""
15840,"2026-08-05 16:23:18.352556","train",47,0.29908493161201477,0.0008478279694268266,"","","","","","","","","","","",""
15860,"2026-08-05 16:23:19.256797","train",47,1.007875919342041,0.0008468526577548574,"","","","","","","","","","","",""
15880,"2026-08-05 16:23:20.086772","train",47,1.046816349029541,0.0008458747954384291,"","","","","","","","","","","",""
15888,"2026-08-05 16:23:36.792580","val",47,"","",0.8335876546402861,0.30228297126491327,0.7419405940594059,0.7393533765617425,0.8860182370820668,0.38016528925619836,0.80083857442348,0.7543859649122807,0.7570503929727231,0.6684210526315789,0.8498160882776267,0.7627460096079343
15900,"2026-08-05 16:23:47.837517","train",48,0.23338520526885986,0.0008448943896684724,"","","","","","","","","","","",""
15920,"2026-08-05 16:23:48.749758","train",48,0.2902625501155853,0.0008439114476546222,"","","","","","","","","","","",""
15940,"2026-08-05 16:23:49.745139","train",48,0.354047954082489,0.0008429259766251639,"","","","","","","","","","","",""
15960,"2026-08-05 16:23:50.563685","train",48,0.6799246668815613,0.000841937983826981,"","","","","","","","","","","",""
15980,"2026-08-05 16:23:51.391669","train",48,0.46905189752578735,0.0008409474765255008,"","","","","","","","","","","",""
16000,"2026-08-05 16:23:52.315401","train",48,0.24319826066493988,0.0008399544620046423,"","","","","","","","","","","",""
16020,"2026-08-05 16:23:53.131693","train",48,0.8240185379981995,0.0008389589475667611,"","","","","","","","","","","",""
16040,"2026-08-05 16:23:53.942593","train",48,0.39942580461502075,0.0008379609405325971,"","","","","","","","","","","",""
16060,"2026-08-05 16:23:54.785344","train",48,0.24528703093528748,0.00083696044824122,"","","","","","","","","","","",""
16080,"2026-08-05 16:23:55.618981","train",48,1.0788630247116089,0.0008359574780499751,"","","","","","","","","","","",""
16100,"2026-08-05 16:23:56.480632","train",48,1.1348886489868164,0.0008349520373344297,"","","","","","","","","","","",""
16120,"2026-08-05 16:23:57.314945","train",48,0.8493595123291016,0.0008339441334883187,"","","","","","","","","","","",""
16140,"2026-08-05 16:23:58.151132","train",48,0.3040747046470642,0.0008329337739234903,"","","","","","","","","","","",""
16160,"2026-08-05 16:23:58.983394","train",48,0.27665114402770996,0.0008319209660698507,"","","","","","","","","","","",""
16180,"2026-08-05 16:23:59.910391","train",48,0.5465131998062134,0.0008309057173753112,"","","","","","","","","","","",""
16200,"2026-08-05 16:24:00.728641","train",48,0.4109998345375061,0.0008298880353057314,"","","","","","","","","","","",""
16219,"2026-08-05 16:24:17.772279","val",48,"","",0.8446484762274236,0.3169548909526786,0.7617425742574258,0.7666900104406466,0.8852583586626139,0.398406374501992,0.8553459119496856,0.7719298245614035,0.7942672214516875,0.6929824561403509,0.8535103150487766,0.7766930110026344
16220,"2026-08-05 16:24:28.796132","train",49,1.5761502981185913,0.0008288679273448659,"","","","","","","","","","","",""
16240,"2026-08-05 16:24:29.655791","train",49,1.5959514379501343,0.0008278454009943083,"","","","","","","","","","","",""
16260,"2026-08-05 16:24:30.549071","train",49,0.5735984444618225,0.0008268204637734367,"","","","","","","","","","","",""
16280,"2026-08-05 16:24:31.475968","train",49,0.9910633563995361,0.0008257931232193575,"","","","","","","","","","","",""
16300,"2026-08-05 16:24:32.352120","train",49,1.0266492366790771,0.0008247633868868513,"","","","","","","","","","","",""
16320,"2026-08-05 16:24:33.232958","train",49,0.5150173902511597,0.0008237312623483162,"","","","","","","","","","","",""
16340,"2026-08-05 16:24:34.072695","train",49,0.37821146845817566,0.0008226967571937124,"","","","","","","","","","","",""
16360,"2026-08-05 16:24:34.983812","train",49,0.2577727437019348,0.0008216598790305066,"","","","","","","","","","","",""
16380,"2026-08-05 16:24:35.840405","train",49,0.38070589303970337,0.0008206206354836161,"","","","","","","","","","","",""
16400,"2026-08-05 16:24:36.663984","train",49,1.0642892122268677,0.0008195790341953524,"","","","","","","","","","","",""
16420,"2026-08-05 16:24:37.498762","train",49,1.2342469692230225,0.0008185350828253654,"","","","","","","","","","","",""
16440,"2026-08-05 16:24:38.344767","train",49,0.586612343788147,0.0008174887890505864,"","","","","","","","","","","",""
16460,"2026-08-05 16:24:39.227181","train",49,0.24323207139968872,0.0008164401605651729,"","","","","","","","","","","",""
16480,"2026-08-05 16:24:40.154960","train",49,0.2747764587402344,0.0008153892050804501,"","","","","","","","","","","",""
16500,"2026-08-05 16:24:41.051925","train",49,1.5390697717666626,0.0008143359303248564,"","","","","","","","","","","",""
16520,"2026-08-05 16:24:42.052539","train",49,0.33535727858543396,0.000813280344043885,"","","","","","","","","","","",""
16540,"2026-08-05 16:24:42.939106","train",49,0.811834454536438,0.0008122224540000272,"","","","","","","","","","","",""
16550,"2026-08-05 16:24:59.668408","val",49,"","",0.8368377947325316,0.3043890473374335,0.7446336633663366,0.7584904674286207,0.8396656534954408,0.3663663663663664,0.8259958071278826,0.8070175438596491,0.7644475265834489,0.6403508771929824,0.8505677274908044,0.7638307763830776
16560,"2026-08-05 16:25:10.607410","train",50,2.92728328704834,0.000811162267972716,"","","","","","","","","","","",""
16580,"2026-08-05 16:25:11.468642","train",50,0.3915928602218628,0.0008100997937582681,"","","","","","","","","","","",""
16600,"2026-08-05 16:25:12.288637","train",50,0.29485636949539185,0.000809035039169827,"","","","","","","","","","","",""
16620,"2026-08-05 16:25:13.109485","train",50,0.3268566131591797,0.0008079680120373057,"","","","","","","","","","","",""
16640,"2026-08-05 16:25:13.919307","train",50,1.5446536540985107,0.0008068987202073284,"","","","","","","","","","","",""
16660,"2026-08-05 16:25:14.879941","train",50,0.27250170707702637,0.0008058271715431735,"","","","","","","","","","","",""
16680,"2026-08-05 16:25:15.708759","train",50,0.6456260681152344,0.0008047533739247155,"","","","","","","","","","","",""
16700,"2026-08-05 16:25:16.557288","train",50,1.2645994424819946,0.0008036773352483672,"","","","","","","","","","","",""
16720,"2026-08-05 16:25:17.381557","train",50,0.8373246192932129,0.0008025990634270216,"","","","","","","","","","","",""
16740,"2026-08-05 16:25:18.173991","train",50,1.236480951309204,0.000801518566389993,"","","","","","","","","","","",""
16760,"2026-08-05 16:25:19.074393","train",50,0.3308185935020447,0.0008004358520829603,"","","","","","","","","","","",""
16780,"2026-08-05 16:25:19.895986","train",50,0.23697596788406372,0.000799350928467907,"","","","","","","","","","","",""
16800,"2026-08-05 16:25:20.718126","train",50,0.9230291843414307,0.0007982638035230631,"","","","","","","","","","","",""
16820,"2026-08-05 16:25:21.628657","train",50,1.2275638580322266,0.0007971744852428471,"","","","","","","","","","","",""
16840,"2026-08-05 16:25:22.434926","train",50,0.9952346086502075,0.0007960829816378061,"","","","","","","","","","","",""
16860,"2026-08-05 16:25:23.228965","train",50,0.31573325395584106,0.0007949893007345582,"","","","","","","","","","","",""
16880,"2026-08-05 16:25:24.063744","train",50,0.481952041387558,0.0007938934505757319,"","","","","","","","","","","",""
16881,"2026-08-05 16:25:40.455692","val",50,"","",0.8324496745549377,0.29588914346201917,0.7389306930693069,0.7387924535614939,0.7051671732522796,0.28413284132841327,0.7777777777777778,0.7017543859649122,0.7794729542302358,0.6421052631578947,0.8488885335039181,0.760731442739811
16900,"2026-08-05 16:25:52.144559","train",51,0.44612663984298706,0.0007927954392199085,"","","","","","","","","","","",""
16920,"2026-08-05 16:25:53.047770","train",51,0.4382420778274536,0.0007916952747415618,"","","","","","","","","","","",""
16940,"2026-08-05 16:25:54.154758","train",51,0.7895565032958984,0.0007905929652309992,"","","","","","","","","","","",""
16960,"2026-08-05 16:25:55.131940","train",51,0.7458901405334473,0.000789488518794302,"","","","","","","","","","","",""
16980,"2026-08-05 16:25:56.020919","train",51,0.4878937005996704,0.000788381943553266,"","","","","","","","","","","",""
17000,"2026-08-05 16:25:56.876801","train",51,1.9979546070098877,0.0007872732476453414,"","","","","","","","","","","",""
17020,"2026-08-05 16:25:57.765015","train",51,0.275566041469574,0.0007861624392235736,"","","","","","","","","","","",""
17040,"2026-08-05 16:25:58.567571","train",51,0.6313751935958862,0.0007850495264565424,"","","","","","","","","","","",""
17060,"2026-08-05 16:25:59.402926","train",51,0.3840731680393219,0.0007839345175283027,"","","","","","","","","","","",""
17080,"2026-08-05 16:26:00.378578","train",51,0.2891371250152588,0.0007828174206383235,"","","","","","","","","","","",""
17100,"2026-08-05 16:26:01.398341","train",51,0.25391411781311035,0.000781698244001429,"","","","","","","","","","","",""
17120,"2026-08-05 16:26:02.246427","train",51,0.7672217488288879,0.0007805769958477366,"","","","","","","","","","","",""
17140,"2026-08-05 16:26:03.138215","train",51,0.2518022656440735,0.0007794536844225971,"","","","","","","","","","","",""
17160,"2026-08-05 16:26:04.048236","train",51,0.5108804106712341,0.000778328317986534,"","","","","","","","","","","",""
17180,"2026-08-05 16:26:04.946384","train",51,0.30316251516342163,0.0007772009048151833,"","","","","","","","","","","",""
17200,"2026-08-05 16:26:05.937518","train",51,0.8375793099403381,0.0007760714531992314,"","","","","","","","","","","",""
17212,"2026-08-05 16:26:23.610569","val",51,"","",0.83843269106427,0.2977500591206528,0.7546930693069307,0.7606161870727134,0.7606382978723404,0.30155210643015523,0.8092243186582809,0.7719298245614035,0.7602866389274157,0.6298245614035087,0.8529665760434991,0.7742135440880211
17220,"2026-08-05 16:26:34.780142","train",52,0.8875516653060913,0.0007749399714443556,"","","","","","","","","","","",""
17240,"2026-08-05 16:26:35.772117","train",52,0.9807708263397217,0.000773806467871162,"","","","","","","","","","","",""
17260,"2026-08-05 16:26:36.780798","train",52,0.2749066948890686,0.000772670950815124,"","","","","","","","","","","",""
17280,"2026-08-05 16:26:37.671177","train",52,0.9826643466949463,0.0007715334286265223,"","","","","","","","","","","",""
17300,"2026-08-05 16:26:38.466367","train",52,0.24418291449546814,0.0007703939096703829,"","","","","","","","","","","",""
17320,"2026-08-05 16:26:39.288293","train",52,0.4137345552444458,0.0007692524023264148,"","","","","","","","","","","",""
17340,"2026-08-05 16:26:40.251147","train",52,0.2719556391239166,0.0007681089149889496,"","","","","","","","","","","",""
17360,"2026-08-05 16:26:41.162105","train",52,1.0662508010864258,0.0007669634560668791,"","","","","","","","","","","",""
17380,"2026-08-05 16:26:42.044504","train",52,1.1329684257507324,0.0007658160339835935,"","","","","","","","","","","",""
17400,"2026-08-05 16:26:43.019043","train",52,0.2799110412597656,0.0007646666571769198,"","","","","","","","","","","",""
17420,"2026-08-05 16:26:44.076227","train",52,1.7113901376724243,0.0007635153340990588,"","","","","","","","","","","",""
17440,"2026-08-05 16:26:45.179070","train",52,1.1386462450027466,0.0007623620732165247,"","","","","","","","","","","",""
17460,"2026-08-05 16:26:46.138973","train",52,0.8814448118209839,0.000761206883010081,"","","","","","","","","","","",""
17480,"2026-08-05 16:26:47.112957","train",52,0.5187012553215027,0.0007600497719746793,"","","","","","","","","","","",""
17500,"2026-08-05 16:26:48.109116","train",52,0.43803077936172485,0.0007588907486193961,"","","","","","","","","","","",""
17520,"2026-08-05 16:26:48.998008","train",52,0.5692392587661743,0.000757729821467371,"","","","","","","","","","","",""
17540,"2026-08-05 16:26:49.783220","train",52,1.330588936805725,0.000756566999055743,"","","","","","","","","","","",""
17543,"2026-08-05 16:27:05.579172","val",52,"","",0.8346739083581188,0.2997674667574234,0.7360792079207921,0.7334787327460495,0.6124620060790273,0.25,0.771488469601677,0.7368421052631579,0.7394822006472492,0.6017543859649123,0.8609947225331841,0.7845963117929645
17560,"2026-08-05 16:27:16.697496","train",53,0.34117287397384644,0.0007554022899355891,"","","","","","","","","","","",""
17580,"2026-08-05 16:27:17.669646","train",53,0.4821445047855377,0.0007542357026718601,"","","","","","","","","","","",""
17600,"2026-08-05 16:27:18.512687","train",53,0.29364532232284546,0.0007530672458433182,"","","","","","","","","","","",""
17620,"2026-08-05 16:27:19.523680","train",53,0.7057292461395264,0.0007518969280424741,"","","","","","","","","","","",""
17640,"2026-08-05 16:27:20.354027","train",53,0.4287192225456238,0.0007507247578755232,"","","","","","","","","","","",""
17660,"2026-08-05 16:27:21.250030","train",53,0.6208904981613159,0.0007495507439622829,"","","","","","","","","","","",""
17680,"2026-08-05 16:27:22.152488","train",53,1.2917919158935547,0.0007483748949361294,"","","","","","","","","","","",""
17700,"2026-08-05 16:27:22.966469","train",53,0.35965871810913086,0.0007471972194439332,"","","","","","","","","","","",""
17720,"2026-08-05 16:27:23.779073","train",53,0.5504469871520996,0.0007460177261459963,"","","","","","","","","","","",""
17740,"2026-08-05 16:27:24.591741","train",53,0.48588326573371887,0.0007448364237159886,"","","","","","","","","","","",""
17760,"2026-08-05 16:27:25.440305","train",53,0.19357460737228394,0.0007436533208408836,"","","","","","","","","","","",""
17780,"2026-08-05 16:27:26.254842","train",53,1.0208842754364014,0.0007424684262208947,"","","","","","","","","","","",""
17800,"2026-08-05 16:27:27.056729","train",53,1.0163533687591553,0.0007412817485694115,"","","","","","","","","","","",""
17820,"2026-08-05 16:27:27.933215","train",53,0.9709880948066711,0.0007400932966129356,"","","","","","","","","","","",""
17840,"2026-08-05 16:27:28.735139","train",53,0.9692066311836243,0.0007389030790910161,"","","","","","","","","","","",""
17860,"2026-08-05 16:27:29.556709","train",53,0.7117372751235962,0.0007377111047561859,"","","","","","","","","","","",""
17874,"2026-08-05 16:27:45.870110","val",53,"","",0.837234363550153,0.32182674267537476,0.743049504950495,0.759502028083441,0.8039513677811551,0.3384615384615385,0.8343815513626834,0.7719298245614035,0.7570503929727231,0.6491228070175439,0.8527426835119144,0.7711142104447544
17880,"2026-08-05 16:27:56.578348","train",54,0.35448020696640015,0.0007365173823738969,"","","","","","","","","","","",""
17900,"2026-08-05 16:27:57.525576","train",54,0.4036404490470886,0.000735321920722455,"","","","","","","","","","","",""
17920,"2026-08-05 16:27:58.320889","train",54,0.49826061725616455,0.0007341247285929574,"","","","","","","","","","","",""
17940,"2026-08-05 16:27:59.194511","train",54,0.7863796949386597,0.0007329258147892259,"","","","","","","","","","","",""
17960,"2026-08-05 16:28:00.012164","train",54,0.40978777408599854,0.0007317251881277433,"","","","","","","","","","","",""
17980,"2026-08-05 16:28:00.907233","train",54,0.3908015191555023,0.0007305228574375883,"","","","","","","","","","","",""
18000,"2026-08-05 16:28:01.812241","train",54,1.606147289276123,0.0007293188315603708,"","","","","","","","","","","",""
18020,"2026-08-05 16:28:02.657881","train",54,0.42325758934020996,0.0007281131193501657,"","","","","","","","","","","",""
18040,"2026-08-05 16:28:03.505901","train",54,0.33358487486839294,0.0007269057296734499,"","","","","","","","","","","",""
18060,"2026-08-05 16:28:04.358055","train",54,0.608527660369873,0.0007256966714090354,"","","","","","","","","","","",""
18080,"2026-08-05 16:28:05.279875","train",54,1.0402886867523193,0.0007244859534480044,"","","","","","","","","","","",""
18100,"2026-08-05 16:28:06.148954","train",54,1.2195161581039429,0.0007232735846936441,"","","","","","","","","","","",""
18120,"2026-08-05 16:28:07.010503","train",54,1.4273912906646729,0.0007220595740613816,"","","","","","","","","","","",""
18140,"2026-08-05 16:28:08.041049","train",54,1.5246515274047852,0.0007208439304787174,"","","","","","","","","","","",""
18160,"2026-08-05 16:28:08.927102","train",54,0.7043958902359009,0.0007196266628851604,"","","","","","","","","","","",""
18180,"2026-08-05 16:28:09.717418","train",54,1.1728663444519043,0.0007184077802321625,"","","","","","","","","","","",""
18200,"2026-08-05 16:28:10.577592","train",54,0.5310778617858887,0.0007171872914830514,"","","","","","","","","","","",""
18205,"2026-08-05 16:28:26.701524","val",54,"","",0.8407776197249881,0.3314426730148373,0.7523960396039604,0.7552929238670217,0.6428571428571429,0.24920127795527156,0.8071278825995807,0.6842105263157895,0.7577438742487286,0.6368421052631579,0.8609147609147609,0.7951340461800713
18220,"2026-08-05 16:28:37.889385","train",55,0.896247923374176,0.0007159652056129665,"","","","","","","","","","","",""
18240,"2026-08-05 16:28:38.698090","train",55,0.6385797262191772,0.0007147415316087914,"","","","","","","","","","","",""
18260,"2026-08-05 16:28:39.496231","train",55,0.4835798144340515,0.0007135162784690886,"","","","","","","","","","","",""
18280,"2026-08-05 16:28:40.288185","train",55,0.45049071311950684,0.0007122894552040331,"","","","","","","","","","","",""
18300,"2026-08-05 16:28:41.125942","train",55,1.3270819187164307,0.0007110610708353462,"","","","","","","","","","","",""
18320,"2026-08-05 16:28:41.942900","train",55,0.26719290018081665,0.0007098311343962291,"","","","","","","","","","","",""
18340,"2026-08-05 16:28:42.744783","train",55,1.1938445568084717,0.0007085996549312967,"","","","","","","","","","","",""
18360,"2026-08-05 16:28:43.541272","train",55,0.329085111618042,0.0007073666414965105,"","","","","","","","","","","",""
18380,"2026-08-05 16:28:44.583205","train",55,0.37606775760650635,0.0007061321031591127,"","","","","","","","","","","",""
18400,"2026-08-05 16:28:45.496128","train",55,0.9776771664619446,0.000704896048997559,"","","","","","","","","","","",""
18420,"2026-08-05 16:28:46.422836","train",55,0.48010945320129395,0.0007036584881014524,"","","","","","","","","","","",""
18440,"2026-08-05 16:28:47.234373","train",55,0.22525537014007568,0.0007024194295714754,"","","","","","","","","","","",""
18460,"2026-08-05 16:28:48.051125","train",55,1.8970725536346436,0.0007011788825193243,"","","","","","","","","","","",""
18480,"2026-08-05 16:28:48.899862","train",55,0.7553734183311462,0.0006999368560676415,"","","","","","","","","","","",""
18500,"2026-08-05 16:28:49.678513","train",55,0.41046595573425293,0.0006986933593499481,"","","","","","","","","","","",""
18520,"2026-08-05 16:28:50.487269","train",55,0.5197130441665649,0.0006974484015105775,"","","","","","","","","","","",""
18536,"2026-08-05 16:29:06.923625","val",55,"","",0.8302426828742617,0.29274645917780795,0.7254653465346534,0.7380421337948414,0.7135258358662614,0.2846299810246679,0.7882599580712788,0.7368421052631579,0.7602866389274157,0.6298245614035087,0.848280825203902,0.756082442274911
18540,"2026-08-05 16:29:17.512706","train",56,0.32623541355133057,0.0006962019917046078,"","","","","","","","","","","",""
18560,"2026-08-05 16:29:18.465747","train",56,0.5125435590744019,0.000694954139097794,"","","","","","","","","","","",""
18580,"2026-08-05 16:29:19.491028","train",56,0.38203829526901245,0.0006937048528665014,"","","","","","","","","","","",""
18600,"2026-08-05 16:29:20.357381","train",56,0.3652139902114868,0.000692454142197638,"","","","","","","","","","","",""
18620,"2026-08-05 16:29:21.199143","train",56,0.2464652955532074,0.0006912020162885866,"","","","","","","","","","","",""
18640,"2026-08-05 16:29:22.090693","train",56,0.23140081763267517,0.000689948484347137,"","","","","","","","","","","",""
18660,"2026-08-05 16:29:22.910666","train",56,2.1643924713134766,0.0006886935555914187,"","","","","","","","","","","",""
18680,"2026-08-05 16:29:23.708082","train",56,0.4858921468257904,0.0006874372392498331,"","","","","","","","","","","",""
18700,"2026-08-05 16:29:24.585116","train",56,0.4717315435409546,0.0006861795445609854,"","","","","","","","","","","",""
18720,"2026-08-05 16:29:25.430323","train",56,0.273856520652771,0.0006849204807736169,"","","","","","","","","","","",""
18740,"2026-08-05 16:29:26.328642","train",56,0.4775233864784241,0.0006836600571465371,"","","","","","","","","","","",""
18760,"2026-08-05 16:29:27.187799","train",56,0.37788084149360657,0.0006823982829485546,"","","","","","","","","","","",""
18780,"2026-08-05 16:29:27.998119","train",56,1.1590638160705566,0.000681135167458411,"","","","","","","","","","","",""
18800,"2026-08-05 16:29:28.840519","train",56,0.5394477844238281,0.00067987071996471,"","","","","","","","","","","",""
18820,"2026-08-05 16:29:29.782669","train",56,0.5227354764938354,0.0006786049497658512,"","","","","","","","","","","",""
18840,"2026-08-05 16:29:30.571939","train",56,0.9663336277008057,0.0006773378661699611,"","","","","","","","","","","",""
18860,"2026-08-05 16:29:31.351597","train",56,1.004472017288208,0.0006760694784948246,"","","","","","","","","","","",""
18867,"2026-08-05 16:29:47.380758","val",56,"","",0.8426914953230742,0.31037297755032545,0.7482772277227723,0.7543336559367101,0.7530395136778115,0.3157894736842105,0.8511530398322851,0.8421052631578947,0.7510402219140082,0.6333333333333333,0.8630257476411323,0.7903300790330079
18880,"2026-08-05 16:29:58.371257","train",57,0.9521361589431763,0.0006747997960678155,"","","","","","","","","","","",""
18900,"2026-08-05 16:29:59.261955","train",57,1.0044803619384766,0.0006735288282258306,"","","","","","","","","","","",""
18920,"2026-08-05 16:30:00.043028","train",57,0.8045337200164795,0.0006722565843152177,"","","","","","","","","","","",""
18940,"2026-08-05 16:30:00.900660","train",57,0.7457245588302612,0.000670983073691709,"","","","","","","","","","","",""
18960,"2026-08-05 16:30:01.748141","train",57,0.6640307903289795,0.0006697083057203521,"","","","","","","","","","","",""
18980,"2026-08-05 16:30:02.581917","train",57,0.44023096561431885,0.0006684322897754402,"","","","","","","","","","","",""
19000,"2026-08-05 16:30:03.582927","train",57,2.1261940002441406,0.0006671550352404442,"","","","","","","","","","","",""
19020,"2026-08-05 16:30:04.436167","train",57,0.30359184741973877,0.0006658765515079432,"","","","","","","","","","","",""
19040,"2026-08-05 16:30:05.377733","train",57,1.3346669673919678,0.0006645968479795551,"","","","","","","","","","","",""
19060,"2026-08-05 16:30:06.223535","train",57,1.1082652807235718,0.0006633159340658682,"","","","","","","","","","","",""
19080,"2026-08-05 16:30:07.036731","train",57,0.2294132113456726,0.0006620338191863716,"","","","","","","","","","","",""
19100,"2026-08-05 16:30:07.938779","train",57,0.8944252729415894,0.0006607505127693862,"","","","","","","","","","","",""
19120,"2026-08-05 16:30:08.943182","train",57,1.1543450355529785,0.0006594660242519943,"","","","","","","","","","","",""
19140,"2026-08-05 16:30:09.940821","train",57,0.26448583602905273,0.0006581803630799722,"","","","","","","","","","","",""
19160,"2026-08-05 16:30:10.929939","train",57,0.30278173089027405,0.0006568935387077187,"","","","","","","","","","","",""
19180,"2026-08-05 16:30:11.839079","train",57,0.3401321470737457,0.0006556055605981868,"","","","","","","","","","","",""
19198,"2026-08-05 16:30:29.685722","val",57,"","",0.8395792922108711,0.31649841154806657,0.7384554455445544,0.7467712823159857,0.8183890577507599,0.3557951482479784,0.8679245283018868,0.8596491228070176,0.7730004623208506,0.6701754385964912,0.8491284183591876,0.7537579420424608
19200,"2026-08-05 16:30:40.731228","train",58,1.5347025394439697,0.0006543164382228136,"","","","","","","","","","","",""
19220,"2026-08-05 16:30:41.553635","train",58,0.7995827198028564,0.0006530261810614511,"","","","","","","","","","","",""
19240,"2026-08-05 16:30:42.509366","train",58,0.7226685285568237,0.0006517347986022959,"","","","","","","","","","","",""
19260,"2026-08-05 16:30:43.403024","train",58,0.821096658706665,0.00065044230034182,"","","","","","","","","","","",""
19280,"2026-08-05 16:30:44.234814","train",58,0.2364955097436905,0.0006491486957847006,"","","","","","","","","","","",""
19300,"2026-08-05 16:30:45.066875","train",58,1.8175452947616577,0.0006478539944437501,"","","","","","","","","","","",""
19320,"2026-08-05 16:30:45.925591","train",58,0.2594795823097229,0.0006465582058398466,"","","","","","","","","","","",""
19340,"2026-08-05 16:30:46.726635","train",58,0.8915116786956787,0.0006452613395018634,"","","","","","","","","","","",""
19360,"2026-08-05 16:30:47.645641","train",58,0.6807082295417786,0.0006439634049665996,"","","","","","","","","","","",""
19380,"2026-08-05 16:30:48.467762","train",58,0.5082381963729858,0.000642664411778709,"","","","","","","","","","","",""
19400,"2026-08-05 16:30:49.324961","train",58,0.7103940844535828,0.0006413643694906308,"","","","","","","","","","","",""
19420,"2026-08-05 16:30:50.269390","train",58,0.34545063972473145,0.0006400632876625189,"","","","","","","","","","","",""
19440,"2026-08-05 16:30:51.166854","train",58,0.959947407245636,0.0006387611758621715,"","","","","","","","","","","",""
19460,"2026-08-05 16:30:52.043298","train",58,0.7457107305526733,0.0006374580436649613,"","","","","","","","","","","",""
19480,"2026-08-05 16:30:52.875328","train",58,0.7277651429176331,0.0006361539006537643,"","","","","","","","","","","",""
19500,"2026-08-05 16:30:53.775525","train",58,0.7579319477081299,0.00063484875641889,"","","","","","","","","","","",""
19520,"2026-08-05 16:30:54.824105","train",58,0.37673383951187134,0.0006335426205580109,"","","","","","","","","","","",""
19529,"2026-08-05 16:31:11.118320","val",58,"","",0.848933143669986,0.3340159253429876,0.7665742574257426,0.7764303629178314,0.7446808510638298,0.3170731707317073,0.8071278825995807,0.7368421052631579,0.7658344891354599,0.6526315789473685,0.8697105389413081,0.8021075468774214
19540,"2026-08-05 16:31:23.596261","train",59,0.5868377685546875,0.0006322355026760909,"","","","","","","","","","","",""
19560,"2026-08-05 16:31:24.636050","train",59,0.3452434837818146,0.0006309274123853161,"","","","","","","","","","","",""
19580,"2026-08-05 16:31:25.557611","train",59,0.2209482192993164,0.0006296183593050231,"","","","","","","","","","","",""
19600,"2026-08-05 16:31:26.515435","train",59,1.2178187370300293,0.0006283083530616288,"","","","","","","","","","","",""
19620,"2026-08-05 16:31:27.599031","train",59,0.24199819564819336,0.0006269974032885589,"","","","","","","","","","","",""
19640,"2026-08-05 16:31:28.556277","train",59,0.32142093777656555,0.0006256855196261782,"","","","","","","","","","","",""
19660,"2026-08-05 16:31:29.452060","train",59,0.9764789342880249,0.0006243727117217189,"","","","","","","","","","","",""
19680,"2026-08-05 16:31:30.482250","train",59,0.26808303594589233,0.0006230589892292095,"","","","","","","","","","","",""
19700,"2026-08-05 16:31:31.469841","train",59,1.7941588163375854,0.0006217443618094044,"","","","","","","","","","","",""
19720,"2026-08-05 16:31:32.496083","train",59,0.8813580274581909,0.0006204288391297125,"","","","","","","","","","","",""
19740,"2026-08-05 16:31:33.470458","train",59,0.3533456325531006,0.000619112430864126,"","","","","","","","","","","",""
19760,"2026-08-05 16:31:34.383999","train",59,0.5548417568206787,0.0006177951466931501,"","","","","","","","","","","",""
19780,"2026-08-05 16:31:35.404411","train",59,0.22221285104751587,0.0006164769963037306,"","","","","","","","","","","",""
19800,"2026-08-05 16:31:36.413232","train",59,0.8394566178321838,0.0006151579893891833,"","","","","","","","","","","",""
19820,"2026-08-05 16:31:37.328173","train",59,0.45330610871315,0.0006138381356491228,"","","","","","","","","","","",""
19840,"2026-08-05 16:31:38.479475","train",59,0.8710135221481323,0.0006125174447893908,"","","","","","","","","","","",""
19860,"2026-08-05 16:31:39.356916","train",59,1.333439588546753,0.000611195926521985,"","","","","","","","","","","",""
19860,"2026-08-05 16:31:58.005906","val",59,"","",0.8490193542825122,0.3274544093421896,0.7716435643564357,0.7890595019039971,0.7416413373860182,0.30612244897959184,0.8092243186582809,0.7368421052631579,0.7699953767914932,0.6684210526315789,0.8655845194306733,0.8030373469704014
19880,"2026-08-05 16:32:09.976995","train",60,0.36337095499038696,0.0006098735905649882,"","","","","","","","","","","",""
19900,"2026-08-05 16:32:11.027342","train",60,1.3950283527374268,0.0006085504466424955,"","","","","","","","","","","",""
19920,"2026-08-05 16:32:11.931087","train",60,0.4613417088985443,0.0006072265044845438,"","","","","","","","","","","",""
19940,"2026-08-05 16:32:12.935131","train",60,1.5222618579864502,0.00060590177382704,"","","","","","","","","","","",""
19960,"2026-08-05 16:32:13.926839","train",60,1.1968028545379639,0.0006045762644116898,"","","","","","","","","","","",""
19980,"2026-08-05 16:32:14.936893","train",60,0.32884007692337036,0.0006032499859859249,"","","","","","","","","","","",""
20000,"2026-08-05 16:32:15.907055","train",60,0.360835462808609,0.0006019229483028328,"","","","","","","","","","","",""
20020,"2026-08-05 16:32:16.787253","train",60,0.22430559992790222,0.0006005951611210839,"","","","","","","","","","","",""
20040,"2026-08-05 16:32:17.663051","train",60,0.4557119309902191,0.0005992666342048605,"","","","","","","","","","","",""
20060,"2026-08-05 16:32:18.604240","train",60,0.2838691473007202,0.0005979373773237848,"","","","","","","","","","","",""
20080,"2026-08-05 16:32:19.611911","train",60,1.156758427619934,0.0005966074002528465,"","","","","","","","","","","",""
20100,"2026-08-05 16:32:20.544860","train",60,0.22874125838279724,0.0005952767127723314,"","","","","","","","","","","",""
20120,"2026-08-05 16:32:21.533169","train",60,0.27751028537750244,0.0005939453246677505,"","","","","","","","","","","",""
20140,"2026-08-05 16:32:22.401621","train",60,0.3560371994972229,0.0005926132457297655,"","","","","","","","","","","",""
20160,"2026-08-05 16:32:23.246200","train",60,0.3223345875740051,0.000591280485754119,"","","","","","","","","","","",""
20180,"2026-08-05 16:32:24.110851","train",60,0.6188185214996338,0.0005899470545415623,"","","","","","","","","","","",""
20191,"2026-08-05 16:32:40.806030","val",60,"","",0.8392516918832709,0.30434333513402256,0.7552475247524753,0.7620129748249231,0.8700607902735562,0.3870967741935484,0.7945492662473794,0.7192982456140351,0.7702265372168285,0.6508771929824562,0.8539900847593156,0.7787075778707578
20200,"2026-08-05 16:32:52.351177","train",61,0.26744315028190613,0.0005886129618977818,"","","","","","","","","","","",""
20220,"2026-08-05 16:32:53.256003","train",61,0.5098286271095276,0.0005872782176333283,"","","","","","","","","","","",""
20240,"2026-08-05 16:32:54.204362","train",61,0.5305171608924866,0.0005859428315635448,"","","","","","","","","","","",""
20260,"2026-08-05 16:32:55.057654","train",61,0.4596596360206604,0.0005846068135084933,"","","","","","","","","","","",""
20280,"2026-08-05 16:32:55.928002","train",61,0.3559803366661072,0.0005832701732928838,"","","","","","","","","","","",""
20300,"2026-08-05 16:32:56.714600","train",61,0.31975552439689636,0.0005819329207460013,"","","","","","","","","","","",""
20320,"2026-08-05 16:32:57.566070","train",61,0.22661247849464417,0.0005805950657016336,"","","","","","","","","","","",""
20340,"2026-08-05 16:32:58.358974","train",61,2.458770751953125,0.0005792566179979991,"","","","","","","","","","","",""
20360,"2026-08-05 16:32:59.222009","train",61,0.3430768847465515,0.0005779175874776747,"","","","","","","","","","","",""
20380,"2026-08-05 16:33:00.127938","train",61,0.3311551809310913,0.0005765779839875231,"","","","","","","","","","","",""
20400,"2026-08-05 16:33:00.955036","train",61,0.41797661781311035,0.0005752378173786199,"","","","","","","","","","","",""
20420,"2026-08-05 16:33:01.786578","train",61,0.7445977330207825,0.0005738970975061829,"","","","","","","","","","","",""
20440,"2026-08-05 16:33:02.581578","train",61,0.793205976486206,0.0005725558342294974,"","","","","","","","","","","",""
20460,"2026-08-05 16:33:03.481857","train",61,0.5554243326187134,0.0005712140374118449,"","","","","","","","","","","",""
20480,"2026-08-05 16:33:04.381568","train",61,0.32965290546417236,0.000569871716920431,"","","","","","","","","","","",""
20500,"2026-08-05 16:33:05.414771","train",61,1.0098729133605957,0.0005685288826263117,"","","","","","","","","","","",""
20520,"2026-08-05 16:33:06.361269","train",61,0.4039109945297241,0.0005671855444043214,"","","","","","","","","","","",""
20522,"2026-08-05 16:33:22.545985","val",61,"","",0.8525712315185998,0.31502946842038443,0.7728316831683169,0.7814155983628657,0.8031914893617021,0.3541147132169576,0.8574423480083857,0.7719298245614035,0.7558945908460472,0.6263157894736842,0.8689908843754997,0.8076863474353014
20540,"2026-08-05 16:33:34.204892","train",62,0.9253000617027283,0.0005658417121330007,"","","","","","","","","","","",""
20560,"2026-08-05 16:33:35.204013","train",62,0.9406224489212036,0.0005644973956945227,"","","","","","","","","","","",""
20580,"2026-08-05 16:33:36.016889","train",62,0.9593808054924011,0.0005631526049746211,"","","","","","","","","","","",""
20600,"2026-08-05 16:33:36.865888","train",62,0.778469443321228,0.0005618073498625179,"","","","","","","","","","","",""
20620,"2026-08-05 16:33:37.667791","train",62,0.4297955632209778,0.0005604616402508492,"","","","","","","","","","","",""
20640,"2026-08-05 16:33:38.479510","train",62,0.2654034495353699,0.000559115486035594,"","","","","","","","","","","",""
20660,"2026-08-05 16:33:39.297734","train",62,0.6381737589836121,0.0005577688971160009,"","","","","","","","","","","",""
20680,"2026-08-05 16:33:40.242180","train",62,1.1730906963348389,0.0005564218833945145,"","","","","","","","","","","",""
20700,"2026-08-05 16:33:41.071036","train",62,0.5265874862670898,0.0005550744547767038,"","","","","","","","","","","",""
20720,"2026-08-05 16:33:41.928736","train",62,0.6363611221313477,0.000553726621171189,"","","","","","","","","","","",""
20740,"2026-08-05 16:33:42.977842","train",62,0.7896784543991089,0.0005523783924895677,"","","","","","","","","","","",""
20760,"2026-08-05 16:33:44.005494","train",62,0.41861581802368164,0.0005510297786463438,"","","","","","","","","","","",""
20780,"2026-08-05 16:33:44.960880","train",62,0.36005181074142456,0.0005496807895588525,"","","","","","","","","","","",""
20800,"2026-08-05 16:33:46.060038","train",62,1.1442089080810547,0.0005483314351471894,"","","","","","","","","","","",""
20820,"2026-08-05 16:33:47.091290","train",62,1.3311657905578613,0.0005469817253341362,"","","","","","","","","","","",""
20840,"2026-08-05 16:33:48.079587","train",62,0.7612575888633728,0.0005456316700450879,"","","","","","","","","","","",""
20853,"2026-08-05 16:34:07.069520","val",62,"","",0.8394672184145867,0.2903727425273225,0.7492277227722772,0.7616565058427708,0.8328267477203647,0.36416184971098264,0.7924528301886793,0.7543859649122807,0.7914932963476653,0.6771929824561403,0.8504877658723813,0.7689446768944677
20860,"2026-08-05 16:34:19.152600","train",63,0.3627648651599884,0.0005442812792079802,"","","","","","","","","","","",""
20880,"2026-08-05 16:34:20.225767","train",63,0.4311698079109192,0.0005429305627532165,"","","","","","","","","","","",""
20900,"2026-08-05 16:34:21.272903","train",63,0.2158607542514801,0.0005415795306135944,"","","","","","","","","","","",""
20920,"2026-08-05 16:34:22.212845","train",63,0.3702126145362854,0.0005402281927242335,"","","","","","","","","","","",""
20940,"2026-08-05 16:34:23.188154","train",63,0.3577340245246887,0.0005388765590225012,"","","","","","","","","","","",""
20960,"2026-08-05 16:34:24.101768","train",63,0.37551841139793396,0.0005375246394479405,"","","","","","","","","","","",""
20980,"2026-08-05 16:34:25.122240","train",63,0.39726608991622925,0.0005361724439421966,"","","","","","","","","","","",""
21000,"2026-08-05 16:34:26.105742","train",63,1.544376015663147,0.0005348199824489437,"","","","","","","","","","","",""
21020,"2026-08-05 16:34:27.021240","train",63,0.43107903003692627,0.0005334672649138121,"","","","","","","","","","","",""
21040,"2026-08-05 16:34:28.040467","train",63,1.000368356704712,0.0005321143012843151,"","","","","","","","","","","",""
21060,"2026-08-05 16:34:29.049145","train",63,1.1436508893966675,0.0005307611015097756,"","","","","","","","","","","",""
21080,"2026-08-05 16:34:30.073662","train",63,0.7020934820175171,0.0005294076755412529,"","","","","","","","","","","",""
21100,"2026-08-05 16:34:31.119773","train",63,1.267033576965332,0.0005280540333314699,"","","","","","","","","","","",""
21120,"2026-08-05 16:34:32.258821","train",63,0.8241475820541382,0.0005267001848347395,"","","","","","","","","","","",""
21140,"2026-08-05 16:34:33.380533","train",63,1.0444705486297607,0.0005253461400068915,"","","","","","","","","","","",""
21160,"2026-08-05 16:34:34.613901","train",63,0.28403979539871216,0.0005239919088052,"","","","","","","","","","","",""
21180,"2026-08-05 16:34:35.452011","train",63,0.24014469981193542,0.0005226375011883089,"","","","","","","","","","","",""
21184,"2026-08-05 16:34:53.226091","val",63,"","",0.8278115436010174,0.269283078839073,0.7302178217821782,0.744218734715106,0.8381458966565349,0.3564954682779456,0.7924528301886793,0.7894736842105263,0.7170596393897365,0.5894736842105263,0.8500719654565808,0.7574771424143809
21200,"2026-08-05 16:35:06.599440","train",64,0.5715430378913879,0.00052128292711616,"","","","","","","","","","","",""
21220,"2026-08-05 16:35:07.627840","train",64,0.425138920545578,0.0005199281965499187,"","","","","","","","","","","",""
21240,"2026-08-05 16:35:08.758465","train",64,0.6759960055351257,0.0005185733194519018,"","","","","","","","","","","",""
21260,"2026-08-05 16:35:09.845364","train",64,0.6043520569801331,0.0005172183057855029,"","","","","","","","","","","",""
21280,"2026-08-05 16:35:10.772621","train",64,0.6506118178367615,0.0005158631655151206,"","","","","","","","","","","",""
21300,"2026-08-05 16:35:11.756913","train",64,0.5958871841430664,0.000514507908606084,"","","","","","","","","","","",""
21320,"2026-08-05 16:35:12.838457","train",64,0.28073257207870483,0.0005131525450245803,"","","","","","","","","","","",""
21340,"2026-08-05 16:35:13.757618","train",64,0.1965477019548416,0.0005117970847375809,"","","","","","","","","","","",""
21360,"2026-08-05 16:35:14.745238","train",64,2.1012930870056152,0.0005104415377127683,"","","","","","","","","","","",""
21380,"2026-08-05 16:35:15.700860","train",64,0.24010567367076874,0.000509085913918463,"","","","","","","","","","","",""
21400,"2026-08-05 16:35:16.698593","train",64,1.0110492706298828,0.00050773022332355,"","","","","","","","","","","",""
21420,"2026-08-05 16:35:17.778223","train",64,0.4762148857116699,0.0005063744758974058,"","","","","","","","","","","",""
21440,"2026-08-05 16:35:18.874617","train",64,0.25163644552230835,0.0005050186816098241,"","","","","","","","","","","",""
21460,"2026-08-05 16:35:19.787853","train",64,0.9689407348632812,0.0005036628504309442,"","","","","","","","","","","",""
21480,"2026-08-05 16:35:20.974377","train",64,0.8330486416816711,0.0005023069923311757,"","","","","","","","","","","",""
21500,"2026-08-05 16:35:21.967651","train",64,0.5020765066146851,0.0005009511172811266,"","","","","","","","","","","",""
21515,"2026-08-05 16:35:40.610100","val",64,"","",0.8489503857924912,0.32603342919471967,0.7643564356435644,0.7813026143722951,0.7462006079027356,0.30416666666666664,0.7714884696016772,0.7017543859649122,0.769764216366158,0.656140350877193,0.8691348152886614,0.7957539129087247
21520,"2026-08-05 16:35:52.692089","train",65,0.40784889459609985,0.00049959523525153,"","","","","","","","","","","",""
21540,"2026-08-05 16:35:53.616342","train",65,0.8617764711380005,0.0004982393562131695,"","","","","","","","","","","",""
21560,"2026-08-05 16:35:54.623101","train",65,0.5604671835899353,0.0004968834901368071,"","","","","","","","","","","",""
21580,"2026-08-05 16:35:55.520053","train",65,1.1062002182006836,0.0004955276469931096,"","","","","","","","","","","",""
21600,"2026-08-05 16:35:56.466467","train",65,0.7324373722076416,0.0004941718367525752,"","","","","","","","","","","",""
21620,"2026-08-05 16:35:57.464986","train",65,0.47290411591529846,0.0004928160693854596,"","","","","","","","","","","",""
21640,"2026-08-05 16:35:58.372929","train",65,0.5400456190109253,0.000491460354861704,"","","","","","","","","","","",""
21660,"2026-08-05 16:35:59.363449","train",65,1.0870733261108398,0.0004901047031508603,"","","","","","","","","","","",""
21680,"2026-08-05 16:36:00.259618","train",65,0.30826258659362793,0.000488749124222019,"","","","","","","","","","","",""
21700,"2026-08-05 16:36:01.206961","train",65,0.30494076013565063,0.000487393628043735,"","","","","","","","","","","",""
21720,"2026-08-05 16:36:02.233307","train",65,0.3096911311149597,0.00048603822458395495,"","","","","","","","","","","",""
21740,"2026-08-05 16:36:03.105751","train",65,0.22963249683380127,0.00048468292380994353,"","","","","","","","","","","",""
21760,"2026-08-05 16:36:04.201030","train",65,0.975955069065094,0.0004833277356882102,"","","","","","","","","","","",""
21780,"2026-08-05 16:36:05.282278","train",65,0.45784348249435425,0.00048197267018443665,"","","","","","","","","","","",""
21800,"2026-08-05 16:36:06.364686","train",65,0.19516518712043762,0.00048061773726340167,"","","","","","","","","","","",""
21820,"2026-08-05 16:36:07.604237","train",65,0.6882480978965759,0.0004792629468889102,"","","","","","","","","","","",""
21840,"2026-08-05 16:36:08.774106","train",65,1.193755030632019,0.00047790830902371843,"","","","","","","","","","","",""
21846,"2026-08-05 16:36:27.019941","val",65,"","",0.8366567524462262,0.3152683834480589,0.7413861386138614,0.7434188816513471,0.7727963525835866,0.33109619686800895,0.8155136268343816,0.8070175438596491,0.7565880721220527,0.6403508771929824,0.8523588677434831,0.7660003099333643
21860,"2026-08-05 16:36:40.300483","train",66,1.8708888292312622,0.000476553833629461,"","","","","","","","","","","",""
21880,"2026-08-05 16:36:41.295294","train",66,0.24426916241645813,0.00047519953066657805,"","","","","","","","","","","",""
21900,"2026-08-05 16:36:42.314036","train",66,0.366500586271286,0.00047384541009424147,"","","","","","","","","","","",""
21920,"2026-08-05 16:36:43.360025","train",66,0.9410719275474548,0.0004724914818702819,"","","","","","","","","","","",""
21940,"2026-08-05 16:36:44.246131","train",66,0.22860680520534515,0.0004711377559511157,"","","","","","","","","","","",""
21960,"2026-08-05 16:36:45.179581","train",66,0.8139860033988953,0.0004697842422916715,"","","","","","","","","","","",""
21980,"2026-08-05 16:36:46.102788","train",66,0.9290751218795776,0.0004684309508453168,"","","","","","","","","","","",""
22000,"2026-08-05 16:36:46.976204","train",66,0.2620340585708618,0.0004670778915637851,"","","","","","","","","","","",""
22020,"2026-08-05 16:36:47.871377","train",66,1.1121764183044434,0.00046572507439710285,"","","","","","","","","","","",""
22040,"2026-08-05 16:36:48.810976","train",66,0.3338974714279175,0.0004643725092935159,"","","","","","","","","","","",""
22060,"2026-08-05 16:36:49.871636","train",66,0.2647637128829956,0.00046302020619941623,"","","","","","","","","","","",""
22080,"2026-08-05 16:36:50.796223","train",66,0.7567105293273926,0.0004616681750592696,"","","","","","","","","","","",""
22100,"2026-08-05 16:36:51.962351","train",66,1.7671650648117065,0.00046031642581554125,"","","","","","","","","","","",""
22120,"2026-08-05 16:36:53.060816","train",66,0.3169984817504883,0.0004589649684086242,"","","","","","","","","","","",""
22140,"2026-08-05 16:36:54.011356","train",66,0.31250208616256714,0.00045761381277676483,"","","","","","","","","","","",""
22160,"2026-08-05 16:36:55.077206","train",66,0.2553497552871704,0.0004562629688559905,"","","","","","","","","","","",""
22177,"2026-08-05 16:37:13.661617","val",66,"","",0.8370533212638475,0.29869656472119105,0.7512079207920792,0.758278500587087,0.7697568389057751,0.31910112359550563,0.761006289308176,0.7543859649122807,0.7669902912621359,0.6526315789473685,0.8555893171277786,0.7832016116534944
22180,"2026-08-05 16:37:25.912660","train",67,0.7711336016654968,0.0004549124465800362,"","","","","","","","","","","",""
22200,"2026-08-05 16:37:26.828415","train",67,0.33615803718566895,0.00045356225588027207,"","","","","","","","","","","",""
22220,"2026-08-05 16:37:27.788887","train",67,0.8183771371841431,0.00045221240668562936,"","","","","","","","","","","",""
22240,"2026-08-05 16:37:28.748856","train",67,0.4720836281776428,0.0004508629089225283,"","","","","","","","","","","",""
22260,"2026-08-05 16:37:29.771915","train",67,1.5142556428909302,0.0004495137725148049,"","","","","","","","","","","",""
22280,"2026-08-05 16:37:30.698067","train",67,0.276281476020813,0.0004481650073836376,"","","","","","","","","","","",""
22300,"2026-08-05 16:37:31.805148","train",67,0.19398915767669678,0.0004468166234474747,"","","","","","","","","","","",""
22320,"2026-08-05 16:37:32.705390","train",67,1.3723087310791016,0.0004454686306219612,"","","","","","","","","","","",""
22340,"2026-08-05 16:37:33.597004","train",67,0.6090890169143677,0.0004441210388198659,"","","","","","","","","","","",""
22360,"2026-08-05 16:37:34.485987","train",67,0.9112648367881775,0.0004427738579510091,"","","","","","","","","","","",""
22380,"2026-08-05 16:37:35.527770","train",67,0.7808704376220703,0.0004414270979221887,"","","","","","","","","","","",""
22400,"2026-08-05 16:37:36.387274","train",67,0.588517963886261,0.00044008076863710793,"","","","","","","","","","","",""
22420,"2026-08-05 16:37:37.394703","train",67,0.7716330289840698,0.0004387348799963025,"","","","","","","","","","","",""
22440,"2026-08-05 16:37:38.496186","train",67,0.30311742424964905,0.00043738944189706787,"","","","","","","","","","","",""
22460,"2026-08-05 16:37:39.591428","train",67,1.0045907497406006,0.00043604446423338623,"","","","","","","","","","","",""
22480,"2026-08-05 16:37:40.669505","train",67,0.5432314872741699,0.0004346999568958537,"","","","","","","","","","","",""
22500,"2026-08-05 16:37:41.715972","train",67,0.4048480987548828,0.0004333559297716082,"","","","","","","","","","","",""
22508,"2026-08-05 16:38:00.660345","val",67,"","",0.8371395318763739,0.29838824048205753,0.7489108910891089,0.7683521772108518,0.7720364741641338,0.3119266055045872,0.7945492662473794,0.7894736842105263,0.7642163661581137,0.6543859649122807,0.8558451943067328,0.7773128777312878
22520,"2026-08-05 16:38:13.645177","train",68,0.9307327270507812,0.00043201239274425586,"","","","","","","","","","","",""
22540,"2026-08-05 16:38:14.652708","train",68,0.280376136302948,0.000430669355693799,"","","","","","","","","","","",""
22560,"2026-08-05 16:38:15.604042","train",68,0.23811301589012146,0.00042932682849656297,"","","","","","","","","","","",""
22580,"2026-08-05 16:38:16.596210","train",68,0.20091956853866577,0.000427984821025124,"","","","","","","","","","","",""
22600,"2026-08-05 16:38:17.513321","train",68,0.21811571717262268,0.00042664334314823654,"","","","","","","","","","","",""
22620,"2026-08-05 16:38:18.483437","train",68,1.0872780084609985,0.00042530240473076037,"","","","","","","","","","","",""
22640,"2026-08-05 16:38:19.442967","train",68,0.9896600246429443,0.0004239620156335883,"","","","","","","","","","","",""
22660,"2026-08-05 16:38:20.463137","train",68,0.6274870038032532,0.00042262218571357326,"","","","","","","","","","","",""
22680,"2026-08-05 16:38:21.484086","train",68,0.2804693877696991,0.0004212829248234569,"","","","","","","","","","","",""
22700,"2026-08-05 16:38:22.409343","train",68,0.9306960105895996,0.00041994424281179563,"","","","","","","","","","","",""
22720,"2026-08-05 16:38:23.328694","train",68,0.5819363594055176,0.0004186061495228892,"","","","","","","","","","","",""
22740,"2026-08-05 16:38:24.311281","train",68,0.7128763794898987,0.0004172686547967083,"","","","","","","","","","","",""
22760,"2026-08-05 16:38:25.166272","train",68,1.0778396129608154,0.0004159317684688217,"","","","","","","","","","","",""
22780,"2026-08-05 16:38:26.210897","train",68,0.42059293389320374,0.00041459550037032403,"","","","","","","","","","","",""
22800,"2026-08-05 16:38:27.499773","train",68,1.3555052280426025,0.00041325986032776413,"","","","","","","","","","","",""
22820,"2026-08-05 16:38:28.395112","train",68,0.34260988235473633,0.0004119248581630715,"","","","","","","","","","","",""
22839,"2026-08-05 16:38:47.311429","val",68,"","",0.8204663994137679,0.2959822267997717,0.7306138613861386,0.7449145381682796,0.8305471124620061,0.3573487031700288,0.7631027253668763,0.7192982456140351,0.767221451687471,0.6596491228070176,0.8357108587877818,0.7562374089570743
22840,"2026-08-05 16:38:59.040741","train",69,1.2654573917388916,0.00041059050369348575,"","","","","","","","","","","",""
22860,"2026-08-05 16:39:00.015699","train",69,0.9891496896743774,0.0004092568067314831,"","","","","","","","","","","",""
22880,"2026-08-05 16:39:00.905912","train",69,0.258830726146698,0.00040792377708470445,"","","","","","","","","","","",""
22900,"2026-08-05 16:39:01.768188","train",69,0.45836329460144043,0.00040659142455588365,"","","","","","","","","","","",""
22920,"2026-08-05 16:39:02.758445","train",69,0.5793830156326294,0.00040525975894277537,"","","","","","","","","","","",""
22940,"2026-08-05 16:39:03.704817","train",69,0.45066091418266296,0.00040392879003808266,"","","","","","","","","","","",""
22960,"2026-08-05 16:39:04.554687","train",69,0.2738219201564789,0.00040259852762938517,"","","","","","","","","","","",""
22980,"2026-08-05 16:39:05.501143","train",69,1.0906723737716675,0.0004012689814990674,"","","","","","","","","","","",""
23000,"2026-08-05 16:39:06.515342","train",69,0.5317481160163879,0.0003999401614242462,"","","","","","","","","","","",""
23020,"2026-08-05 16:39:07.593729","train",69,0.3596300482749939,0.0003986120771766995,"","","","","","","","","","","",""
23040,"2026-08-05 16:39:08.609591","train",69,0.36758044362068176,0.00039728473852279384,"","","","","","","","","","","",""
23060,"2026-08-05 16:39:09.532824","train",69,0.20449210703372955,0.00039595815522341357,"","","","","","","","","","","",""
23080,"2026-08-05 16:39:10.432930","train",69,0.3310743272304535,0.0003946323370338872,"","","","","","","","","","","",""
23100,"2026-08-05 16:39:11.425198","train",69,0.3296973407268524,0.0003933072937039179,"","","","","","","","","","","",""
23120,"2026-08-05 16:39:12.382205","train",69,0.20713862776756287,0.00039198303497751025,"","","","","","","","","","","",""
23140,"2026-08-05 16:39:13.286911","train",69,1.8836841583251953,0.00039065957059289906,"","","","","","","","","","","",""
23160,"2026-08-05 16:39:14.317652","train",69,0.22947648167610168,0.0003893369102824781,"","","","","","","","","","","",""
23170,"2026-08-05 16:39:33.382223","val",69,"","",0.8251217724901936,0.29805876813826687,0.7331485148514851,0.7582778994842694,0.8556231003039514,0.3790849673202614,0.7547169811320755,0.6666666666666666,0.7630605640314378,0.6491228070175439,0.8387014233168081,0.7590268092360143
23180,"2026-08-05 16:39:46.415040","train",70,0.27385541796684265,0.0003880150637727278,"","","","","","","","","","","",""
23200,"2026-08-05 16:39:47.369551","train",70,0.38208454847335815,0.00038669404078414416,"","","","","","","","","","","",""
23220,"2026-08-05 16:39:48.398376","train",70,0.3109897971153259,0.00038537385103116774,"","","","","","","","","","","",""
23240,"2026-08-05 16:39:49.395349","train",70,0.2034684419631958,0.000384054504222111,"","","","","","","","","","","",""
23260,"2026-08-05 16:39:50.432050","train",70,0.761681318283081,0.00038273601005908817,"","","","","","","","","","","",""
23280,"2026-08-05 16:39:51.269341","train",70,0.6571787595748901,0.0003814183782379429,"","","","","","","","","","","",""
23300,"2026-08-05 16:39:52.289297","train",70,0.22900784015655518,0.0003801016184481779,"","","","","","","","","","","",""
23320,"2026-08-05 16:39:53.252612","train",70,0.1934187412261963,0.00037878574037288293,"","","","","","","","","","","",""
23340,"2026-08-05 16:39:54.123931","train",70,0.24645757675170898,0.00037747075368866376,"","","","","","","","","","","",""
23360,"2026-08-05 16:39:55.175459","train",70,1.1940534114837646,0.0003761566680655713,"","","","","","","","","","","",""
23380,"2026-08-05 16:39:56.160749","train",70,0.28313809633255005,0.0003748434931670301,"","","","","","","","","","","",""
23400,"2026-08-05 16:39:57.095563","train",70,0.2883562743663788,0.00037353123864976794,"","","","","","","","","","","",""
23420,"2026-08-05 16:39:58.019691","train",70,0.8738770484924316,0.0003722199141637439,"","","","","","","","","","","",""
23440,"2026-08-05 16:39:58.963273","train",70,0.25370079278945923,0.000370909529352078,"","","","","","","","","","","",""
23460,"2026-08-05 16:39:59.896255","train",70,0.24017369747161865,0.00036960009385098036,"","","","","","","","","","","",""
23480,"2026-08-05 16:40:01.029701","train",70,0.6942970752716064,0.00036829161728967985,"","","","","","","","","","","",""
23500,"2026-08-05 16:40:02.164673","train",70,0.3692842125892639,0.0003669841092903536,"","","","","","","","","","","",""
23501,"2026-08-05 16:40:20.196418","val",70,"","",0.8266821845769214,0.2778680594069235,0.7291881188118812,0.737940413837887,0.7401215805471124,0.3048780487804878,0.7777777777777778,0.7543859649122807,0.7593619972260748,0.6526315789473685,0.8403646249800096,0.7505036417170309
23520,"2026-08-05 16:40:32.710549","train",71,1.0524933338165283,0.0003656775794680563,"","","","","","","","","","","",""
23540,"2026-08-05 16:40:33.929699","train",71,0.2601916790008545,0.00036437203743064947,"","","","","","","","","","","",""
23560,"2026-08-05 16:40:34.953085","train",71,0.2583732306957245,0.00036306749277873065,"","","","","","","","","","","",""
23580,"2026-08-05 16:40:36.058267","train",71,2.360156536102295,0.00036176395510556286,"","","","","","","","","","","",""
23600,"2026-08-05 16:40:36.983165","train",71,1.161341667175293,0.0003604614339970038,"","","","","","","","","","","",""
23620,"2026-08-05 16:40:37.922520","train",71,1.167314887046814,0.0003591599390314361,"","","","","","","","","","","",""
23640,"2026-08-05 16:40:38.916690","train",71,0.3589034080505371,0.00035785947977969625,"","","","","","","","","","","",""
23660,"2026-08-05 16:40:39.932657","train",71,0.3030640780925751,0.0003565600658050044,"","","","","","","","","","","",""
23680,"2026-08-05 16:40:40.873205","train",71,0.8540416359901428,0.0003552617066628939,"","","","","","","","","","","",""
23700,"2026-08-05 16:40:41.835810","train",71,1.154737114906311,0.0003539644119011411,"","","","","","","","","","","",""
23720,"2026-08-05 16:40:42.862735","train",71,0.43297797441482544,0.00035266819105969556,"","","","","","","","","","","",""
23740,"2026-08-05 16:40:43.801534","train",71,0.8143492341041565,0.0003513730536706092,"","","","","","","","","","","",""
23760,"2026-08-05 16:40:44.694601","train",71,0.5635372400283813,0.0003500790092579665,"","","","","","","","","","","",""
23780,"2026-08-05 16:40:45.670079","train",71,1.092607021331787,0.00034878606733781476,"","","","","","","","","","","",""
23800,"2026-08-05 16:40:46.600765","train",71,0.8309424519538879,0.0003474942374180936,"","","","","","","","","","","",""
23820,"2026-08-05 16:40:47.541139","train",71,0.4475766718387604,0.0003462035289985656,"","","","","","","","","","","",""
23832,"2026-08-05 16:41:07.002303","val",71,"","",0.8459502564765722,0.30955884270661804,0.763009900990099,0.7754488557634432,0.75,0.31027253668763105,0.8029350104821803,0.7543859649122807,0.7771613499768839,0.6596491228070176,0.8609467455621301,0.7889353788935379
23840,"2026-08-05 16:41:19.208454","train",72,0.3553884029388428,0.0003449139515707456,"","","","","","","","","","","",""
23860,"2026-08-05 16:41:20.352055","train",72,1.0191185474395752,0.00034362551461783187,"","","","","","","","","","","",""
23880,"2026-08-05 16:41:21.425676","train",72,0.28938108682632446,0.00034233822761463593,"","","","","","","","","","","",""
23900,"2026-08-05 16:41:22.304525","train",72,0.3006647229194641,0.00034105210002751275,"","","","","","","","","","","",""
23920,"2026-08-05 16:41:23.240621","train",72,1.372624158859253,0.00033976714131429126,"","","","","","","","","","","",""
23940,"2026-08-05 16:41:24.280054","train",72,0.2894289195537567,0.00033848336092420496,"","","","","","","","","","","",""
23960,"2026-08-05 16:41:25.168271","train",72,0.6967601776123047,0.0003372007682978221,"","","","","","","","","","","",""
23980,"2026-08-05 16:41:26.092584","train",72,0.4056234061717987,0.00033591937286697656,"","","","","","","","","","","",""
24000,"2026-08-05 16:41:27.067614","train",72,0.9768704175949097,0.00033463918405469826,"","","","","","","","","","","",""
24020,"2026-08-05 16:41:27.925100","train",72,0.9954395294189453,0.00033336021127514435,"","","","","","","","","","","",""
24040,"2026-08-05 16:41:29.095781","train",72,0.3005673885345459,0.0003320824639335291,"","","","","","","","","","","",""
24060,"2026-08-05 16:41:30.170110","train",72,1.160780429840088,0.00033080595142605544,"","","","","","","","","","","",""
24080,"2026-08-05 16:41:31.039184","train",72,0.24312126636505127,0.00032953068313984604,"","","","","","","","","","","",""
24100,"2026-08-05 16:41:31.898194","train",72,0.3715285062789917,0.000328256668452873,"","","","","","","","","","","",""
24120,"2026-08-05 16:41:32.761969","train",72,1.3199920654296875,0.0003269839167338907,"","","","","","","","","","","",""
24140,"2026-08-05 16:41:33.742448","train",72,0.5556597709655762,0.00032571243734236575,"","","","","","","","","","","",""
24160,"2026-08-05 16:41:34.705533","train",72,0.5545675754547119,0.0003244422396284081,"","","","","","","","","","","",""
24163,"2026-08-05 16:41:52.187595","val",72,"","",0.8393120393120392,0.30117949012548706,0.7512871287128713,0.7589203179003946,0.8199088145896657,0.34710743801652894,0.790356394129979,0.8070175438596491,0.7651410078594544,0.6771929824561403,0.8537821845514154,0.7697195103052844
24180,"2026-08-05 16:42:04.046865","train",73,0.2706441879272461,0.0003231733329327028,"","","","","","","","","","","",""
24200,"2026-08-05 16:42:04.925331","train",73,0.27415454387664795,0.0003219057265864414,"","","","","","","","","","","",""
24220,"2026-08-05 16:42:05.744313","train",73,1.0880329608917236,0.0003206394299112526,"","","","","","","","","","","",""
24240,"2026-08-05 16:42:06.750486","train",73,0.33291998505592346,0.00031937445221913425,"","","","","","","","","","","",""
24260,"2026-08-05 16:42:07.655081","train",73,0.5852456092834473,0.00031811080281238496,"","","","","","","","","","","",""
24280,"2026-08-05 16:42:08.530464","train",73,0.5235592722892761,0.0003168484909835353,"","","","","","","","","","","",""
24300,"2026-08-05 16:42:09.382120","train",73,1.2180721759796143,0.0003155875260152796,"","","","","","","","","","","",""
24320,"2026-08-05 16:42:10.258267","train",73,0.21578587591648102,0.00031432791718040794,"","","","","","","","","","","",""
24340,"2026-08-05 16:42:11.164738","train",73,0.22050173580646515,0.0003130696737417378,"","","","","","","","","","","",""
24360,"2026-08-05 16:42:12.185403","train",73,1.4709281921386719,0.0003118128049520457,"","","","","","","","","","","",""
24380,"2026-08-05 16:42:13.144795","train",73,0.3188706934452057,0.00031055732005399935,"","","","","","","","","","","",""
24400,"2026-08-05 16:42:14.049541","train",73,0.2437775433063507,0.00030930322828008996,"","","","","","","","","","","",""
24420,"2026-08-05 16:42:15.043031","train",73,0.8597812056541443,0.00030805053885256373,"","","","","","","","","","","",""
24440,"2026-08-05 16:42:16.031370","train",73,0.5088146924972534,0.0003067992609833549,"","","","","","","","","","","",""
24460,"2026-08-05 16:42:16.951010","train",73,0.3008955121040344,0.00030554940387401703,"","","","","","","","","","","",""
24480,"2026-08-05 16:42:17.820431","train",73,0.2093295454978943,0.00030430097671565597,"","","","","","","","","","","",""
24494,"2026-08-05 16:42:34.601857","val",73,"","",0.8164489848700375,0.2989379217821074,0.7314059405940594,0.732495567788581,0.8890577507598785,0.4112903225806452,0.7861635220125787,0.8070175438596491,0.7464170134073046,0.6403508771929824,0.8256197025427794,0.7483341081667442
24500,"2026-08-05 16:42:45.441652","train",74,0.20250824093818665,0.00030305398868886224,"","","","","","","","","","","",""
24520,"2026-08-05 16:42:46.279599","train",74,0.4623068571090698,0.0003018084489636431,"","","","","","","","","","","",""
24540,"2026-08-05 16:42:47.112079","train",74,0.2734331786632538,0.0003005643666993557,"","","","","","","","","","","",""
24560,"2026-08-05 16:42:47.969618","train",74,0.2235247790813446,0.000299321751044639,"","","","","","","","","","","",""
24580,"2026-08-05 16:42:48.808988","train",74,0.5240432024002075,0.0002980806111373475,"","","","","","","","","","","",""
24600,"2026-08-05 16:42:49.648519","train",74,0.47608357667922974,0.00029684095610448306,"","","","","","","","","","","",""
24620,"2026-08-05 16:42:50.483639","train",74,1.1910098791122437,0.00029560279506212807,"","","","","","","","","","","",""
24640,"2026-08-05 16:42:51.296811","train",74,0.2806151509284973,0.0002943661371153789,"","","","","","","","","","","",""
24660,"2026-08-05 16:42:52.102755","train",74,1.4656262397766113,0.0002931309913582783,"","","","","","","","","","","",""
24680,"2026-08-05 16:42:53.027287","train",74,0.27039772272109985,0.00029189736687374905,"","","","","","","","","","","",""
24700,"2026-08-05 16:42:53.953246","train",74,0.916418731212616,0.0002906652727335264,"","","","","","","","","","","",""
24720,"2026-08-05 16:42:54.811460","train",74,0.4200606644153595,0.00028943471799809244,"","","","","","","","","","","",""
24740,"2026-08-05 16:42:55.607902","train",74,1.7219599485397339,0.00028820571171660886,"","","","","","","","","","","",""
24760,"2026-08-05 16:42:56.532462","train",74,0.2375306487083435,0.0002869782629268498,"","","","","","","","","","","",""
24780,"2026-08-05 16:42:57.313351","train",74,0.6690245866775513,0.00028575238065513676,"","","","","","","","","","","",""
24800,"2026-08-05 16:42:58.149175","train",74,0.6772564053535461,0.00028452807391627136,"","","","","","","","","","","",""
24820,"2026-08-05 16:42:58.959653","train",74,0.6656203269958496,0.0002833053517134687,"","","","","","","","","","","",""
24825,"2026-08-05 16:43:14.885184","val",74,"","",0.8210181473339367,0.3029469633530177,0.7186534653465346,0.7275847492225179,0.8791793313069909,0.4132841328413284,0.6960167714884695,0.6140350877192983,0.7175219602404068,0.6157894736842106,0.8522149368303215,0.7687897102123044
24840,"2026-08-05 16:43:25.977029","train",75,0.2025248408317566,0.00028208422303829215,"","","","","","","","","","","",""
24860,"2026-08-05 16:43:26.880241","train",75,0.3395521640777588,0.0002808646968705868,"","","","","","","","","","","",""
24880,"2026-08-05 16:43:27.690329","train",75,1.3679991960525513,0.0002796467821784128,"","","","","","","","","","","",""
24900,"2026-08-05 16:43:28.560273","train",75,0.23103857040405273,0.00027843048791798014,"","","","","","","","","","","",""
24920,"2026-08-05 16:43:29.399962","train",75,0.2334042340517044,0.000277215823033583,"","","","","","","","","","","",""
24940,"2026-08-05 16:43:30.211996","train",75,0.789107084274292,0.000276002796457533,"","","","","","","","","","","",""
24960,"2026-08-05 16:43:31.032858","train",75,0.5088393092155457,0.0002747914171100944,"","","","","","","","","","","",""
24980,"2026-08-05 16:43:31.859489","train",75,0.4277387857437134,0.0002735816938994185,"","","","","","","","","","","",""
25000,"2026-08-05 16:43:32.711814","train",75,0.27946364879608154,0.00027237363572147705,"","","","","","","","","","","",""
25020,"2026-08-05 16:43:33.547562","train",75,0.584717333316803,0.00027116725145999833,"","","","","","","","","","","",""
25040,"2026-08-05 16:43:34.367804","train",75,0.22512789070606232,0.0002699625499864009,"","","","","","","","","","","",""
25060,"2026-08-05 16:43:35.305170","train",75,0.9377179741859436,0.000268759540159728,"","","","","","","","","","","",""
25080,"2026-08-05 16:43:36.171709","train",75,0.23146618902683258,0.00026755823082658375,"","","","","","","","","","","",""
25100,"2026-08-05 16:43:37.003228","train",75,0.4032670557498932,0.00026635863082106727,"","","","","","","","","","","",""
25120,"2026-08-05 16:43:37.913706","train",75,0.2082935869693756,0.0002651607489647071,"","","","","","","","","","","",""
25140,"2026-08-05 16:43:38.712628","train",75,0.19069716334342957,0.0002639645940663972,"","","","","","","","","","","",""
25156,"2026-08-05 16:43:55.295480","val",75,"","",0.8224492435018751,0.31522557250740174,0.7321188118811881,0.744989573220395,0.8328267477203647,0.35294117647058826,0.6813417190775681,0.6140350877192983,0.7401756819232548,0.6473684210526316,0.8516392131776748,0.7869208120254145
25160,"2026-08-05 16:44:05.862968","train",76,0.9549237489700317,0.0002627701749223326,"","","","","","","","","","","",""
25180,"2026-08-05 16:44:06.783140","train",76,0.22762605547904968,0.0002615775003159433,"","","","","","","","","","","",""
25200,"2026-08-05 16:44:07.659351","train",76,0.5673905611038208,0.0002603865790178306,"","","","","","","","","","","",""
25220,"2026-08-05 16:44:08.444544","train",76,0.2765980660915375,0.00025919741978570296,"","","","","","","","","","","",""
25240,"2026-08-05 16:44:09.292115","train",76,2.0541582107543945,0.0002580100313643104,"","","","","","","","","","","",""
25260,"2026-08-05 16:44:10.093540","train",76,0.732358455657959,0.00025682442248538127,"","","","","","","","","","","",""
25280,"2026-08-05 16:44:10.914064","train",76,0.30465763807296753,0.0002556406018675578,"","","","","","","","","","","",""
25300,"2026-08-05 16:44:11.765127","train",76,1.2809460163116455,0.0002544585782163313,"","","","","","","","","","","",""
25320,"2026-08-05 16:44:12.666076","train",76,0.32802605628967285,0.00025327836022397924,"","","","","","","","","","","",""
25340,"2026-08-05 16:44:13.598163","train",76,0.7721439599990845,0.0002520999565695006,"","","","","","","","","","","",""
25360,"2026-08-05 16:44:14.443222","train",76,0.371830552816391,0.000250923375918552,"","","","","","","","","","","",""
25380,"2026-08-05 16:44:15.303437","train",76,0.28571608662605286,0.0002497486269233842,"","","","","","","","","","","",""
25400,"2026-08-05 16:44:16.147213","train",76,0.6209719181060791,0.00024857571822277895,"","","","","","","","","","","",""
25420,"2026-08-05 16:44:16.958169","train",76,0.2957124710083008,0.0002474046584419843,"","","","","","","","","","","",""
25440,"2026-08-05 16:44:17.793908","train",76,2.50687313079834,0.00024623545619265237,"","","","","","","","","","","",""
25460,"2026-08-05 16:44:18.600526","train",76,1.2080011367797852,0.00024506812007277554,"","","","","","","","","","","",""
25480,"2026-08-05 16:44:19.462180","train",76,0.4054100513458252,0.0002439026586666225,"","","","","","","","","","","",""
25487,"2026-08-05 16:44:35.535330","val",76,"","",0.8370360791413423,0.3151421913767174,0.7472475247524752,0.7562518501297063,0.7857142857142857,0.3188405797101449,0.7756813417190775,0.7719298245614035,0.7441054091539528,0.6280701754385964,0.8582120582120583,0.7811870447853712
25500,"2026-08-05 16:44:46.689385","train",77,0.22756008803844452,0.00024273908054467654,"","","","","","","","","","","",""
25520,"2026-08-05 16:44:47.492074","train",77,0.25410306453704834,0.0002415773942635718,"","","","","","","","","","","",""
25540,"2026-08-05 16:44:48.406130","train",77,0.8009493350982666,0.0002404176083660296,"","","","","","","","","","","",""
25560,"2026-08-05 16:44:49.374660","train",77,0.5903643369674683,0.0002392597313807971,"","","","","","","","","","","",""
25580,"2026-08-05 16:44:50.277871","train",77,0.7299797534942627,0.00023810377182258366,"","","","","","","","","","","",""
25600,"2026-08-05 16:44:51.074512","train",77,0.2734134793281555,0.0002369497381919981,"","","","","","","","","","","",""
25620,"2026-08-05 16:44:51.902079","train",77,0.9860149621963501,0.0002357976389754871,"","","","","","","","","","","",""
25640,"2026-08-05 16:44:52.813299","train",77,0.26156872510910034,0.00023464748264527153,"","","","","","","","","","","",""
25660,"2026-08-05 16:44:53.704279","train",77,0.6704563498497009,0.00023349927765928496,"","","","","","","","","","","",""
25680,"2026-08-05 16:44:54.497846","train",77,1.0411936044692993,0.00023235303246111168,"","","","","","","","","","","",""
25700,"2026-08-05 16:44:55.304547","train",77,1.0874598026275635,0.00023120875547992417,"","","","","","","","","","","",""
25720,"2026-08-05 16:44:56.133628","train",77,0.9608924984931946,0.00023006645513042064,"","","","","","","","","","","",""
25740,"2026-08-05 16:44:57.004740","train",77,1.3355075120925903,0.0002289261398127643,"","","","","","","","","","","",""
25760,"2026-08-05 16:44:57.794736","train",77,0.26307767629623413,0.00022778781791252083,"","","","","","","","","","","",""
25780,"2026-08-05 16:44:58.604243","train",77,0.22766757011413574,0.00022665149780059656,"","","","","","","","","","","",""
25800,"2026-08-05 16:44:59.478224","train",77,1.382970929145813,0.0002255171878331776,"","","","","","","","","","","",""
25818,"2026-08-05 16:45:16.050169","val",77,"","",0.8324841587999482,0.30844250383892446,0.7292673267326732,0.7406383225245663,0.8275075987841946,0.345821325648415,0.7295597484276729,0.6140350877192983,0.7339343504392047,0.6298245614035087,0.8616184231568846,0.7847512784751278
25820,"2026-08-05 16:45:26.765282","train",78,0.5366717576980591,0.000224384896351668,"","","","","","","","","","","",""
25840,"2026-08-05 16:45:27.622286","train",78,1.1139740943908691,0.00022325463168262796,"","","","","","","","","","","",""
25860,"2026-08-05 16:45:28.441005","train",78,1.37175452709198,0.00022212640213771352,"","","","","","","","","","","",""
25880,"2026-08-05 16:45:29.276169","train",78,0.26290589570999146,0.00022100021601361526,"","","","","","","","","","","",""
25900,"2026-08-05 16:45:30.103303","train",78,0.19454459846019745,0.0002198760815919958,"","","","","","","","","","","",""
25920,"2026-08-05 16:45:31.019241","train",78,0.5341569781303406,0.00021875400713943123,"","","","","","","","","","","",""
25940,"2026-08-05 16:45:31.873210","train",78,0.22415563464164734,0.0002176340009073491,"","","","","","","","","","","",""
25960,"2026-08-05 16:45:32.798770","train",78,1.14291512966156,0.00021651607113196716,"","","","","","","","","","","",""
25980,"2026-08-05 16:45:33.662096","train",78,1.3081295490264893,0.00021540022603423409,"","","","","","","","","","","",""
26000,"2026-08-05 16:45:34.565213","train",78,0.24191232025623322,0.0002142864738197684,"","","","","","","","","","","",""
26020,"2026-08-05 16:45:35.383233","train",78,0.25668925046920776,0.00021317482267879756,"","","","","","","","","","","",""
26040,"2026-08-05 16:45:36.200564","train",78,0.3847605586051941,0.00021206528078609888,"","","","","","","","","","","",""
26060,"2026-08-05 16:45:37.090805","train",78,0.32998746633529663,0.0002109578563009389,"","","","","","","","","","","",""
26080,"2026-08-05 16:45:37.968992","train",78,1.5880963802337646,0.00020985255736701263,"","","","","","","","","","","",""
26100,"2026-08-05 16:45:38.831120","train",78,0.21253487467765808,0.000208749392112385,"","","","","","","","","","","",""
26120,"2026-08-05 16:45:39.688887","train",78,0.39211130142211914,0.00020764836864943048,"","","","","","","","","","","",""
26140,"2026-08-05 16:45:40.508436","train",78,0.280367910861969,0.00020654949507477302,"","","","","","","","","","","",""
26149,"2026-08-05 16:45:56.813589","val",78,"","",0.824992456571404,0.2832703049871891,0.7187326732673267,0.7318854828860818,0.8069908814589666,0.3385416666666667,0.7169811320754718,0.5964912280701754,0.7119741100323623,0.5894736842105263,0.8571085878778186,0.7782426778242678
26160,"2026-08-05 16:46:07.901618","train",79,1.285456895828247,0.00020545277946922678,"","","","","","","","","","","",""
26180,"2026-08-05 16:46:08.697533","train",79,0.8500120639801025,0.00020435822989773743,"","","","","","","","","","","",""
26200,"2026-08-05 16:46:09.553865","train",79,0.228046715259552,0.00020326585440932156,"","","","","","","","","","","",""
26220,"2026-08-05 16:46:10.388841","train",79,0.7380316853523254,0.0002021756610370085,"","","","","","","","","","","",""
26240,"2026-08-05 16:46:11.176057","train",79,0.20752611756324768,0.00020108765779778116,"","","","","","","","","","","",""
26260,"2026-08-05 16:46:12.138664","train",79,1.173392415046692,0.00020000185269251604,"","","","","","","","","","","",""
26280,"2026-08-05 16:46:12.937665","train",79,0.3232499957084656,0.00019891825370592584,"","","","","","","","","","","",""
26300,"2026-08-05 16:46:13.760079","train",79,1.0566558837890625,0.0001978368688065,"","","","","","","","","","","",""
26320,"2026-08-05 16:46:14.574582","train",79,1.2899115085601807,0.00019675770594644568,"","","","","","","","","","","",""
26340,"2026-08-05 16:46:15.402786","train",79,0.24174818396568298,0.00019568077306163028,"","","","","","","","","","","",""
26360,"2026-08-05 16:46:16.285671","train",79,0.19369980692863464,0.00019460607807152258,"","","","","","","","","","","",""
26380,"2026-08-05 16:46:17.115060","train",79,1.0437811613082886,0.0001935336288791342,"","","","","","","","","","","",""
26400,"2026-08-05 16:46:17.968762","train",79,0.20819023251533508,0.00019246343337096168,"","","","","","","","","","","",""
26420,"2026-08-05 16:46:19.006074","train",79,0.5608562231063843,0.00019139549941692916,"","","","","","","","","","","",""
26440,"2026-08-05 16:46:20.074678","train",79,0.6451963186264038,0.00019032983487032924,"","","","","","","","","","","",""
26460,"2026-08-05 16:46:21.070241","train",79,0.7837659120559692,0.00018926644756776646,"","","","","","","","","","","",""
26480,"2026-08-05 16:46:22.046719","train",79,0.20697908103466034,0.00018820534532909907,"","","","","","","","","","","",""
26480,"2026-08-05 16:46:38.013957","val",79,"","",0.820078451657399,0.2772895105999059,0.7142970297029703,0.7230792503119194,0.8541033434650456,0.38064516129032255,0.7127882599580713,0.631578947368421,0.7087378640776699,0.5982456140350877,0.849848072924996,0.7596466759646676
26500,"2026-08-05 16:46:49.339642","train",80,2.169140338897705,0.00018714653595738114,"","","","","","","","","","","",""
26520,"2026-08-05 16:46:50.250901","train",80,0.7958893775939941,0.00018609002723880608,"","","","","","","","","","","",""
26540,"2026-08-05 16:46:51.032154","train",80,0.6080446243286133,0.00018503582694264902,"","","","","","","","","","","",""
26560,"2026-08-05 16:46:51.845628","train",80,0.42073097825050354,0.00018398394282120897,"","","","","","","","","","","",""
26580,"2026-08-05 16:46:52.742411","train",80,1.5002398490905762,0.00018293438260975312,"","","","","","","","","","","",""
26600,"2026-08-05 16:46:53.549389","train",80,1.0084741115570068,0.00018188715402645868,"","","","","","","","","","","",""
26620,"2026-08-05 16:46:54.385285","train",80,0.5807124376296997,0.0001808422647723571,"","","","","","","","","","","",""
26640,"2026-08-05 16:46:55.207527","train",80,0.7282094955444336,0.0001797997225312772,"","","","","","","","","","","",""
26660,"2026-08-05 16:46:56.002067","train",80,0.42044031620025635,0.0001787595349697879,"","","","","","","","","","","",""
26680,"2026-08-05 16:46:56.837777","train",80,0.21642178297042847,0.00017772170973714282,"","","","","","","","","","","",""
26700,"2026-08-05 16:46:57.620126","train",80,0.2229844182729721,0.00017668625446522367,"","","","","","","","","","","",""
26720,"2026-08-05 16:46:58.425066","train",80,0.9982788562774658,0.00017565317676848427,"","","","","","","","","","","",""
26740,"2026-08-05 16:46:59.267921","train",80,1.4419437646865845,0.00017462248424389394,"","","","","","","","","","","",""
26760,"2026-08-05 16:47:00.134192","train",80,0.5313140153884888,0.0001735941844708825,"","","","","","","","","","","",""
26780,"2026-08-05 16:47:01.034906","train",80,0.31881844997406006,0.00017256828501128416,"","","","","","","","","","","",""
26800,"2026-08-05 16:47:01.816555","train",80,0.7976205348968506,0.00017154479340928148,"","","","","","","","","","","",""
26811,"2026-08-05 16:47:17.977709","val",80,"","",0.825087288245183,0.298669562652446,0.7225346534653465,0.7212008862357563,0.8237082066869301,0.35555555555555557,0.7169811320754716,0.6491228070175439,0.7041146555709662,0.6052631578947368,0.8582760275067967,0.7810320781032078
26820,"2026-08-05 16:47:28.874665","train",81,0.9686914682388306,0.00017052371719135083,"","","","","","","","","","","",""
26840,"2026-08-05 16:47:29.679934","train",81,0.2611446976661682,0.00016950506386620591,"","","","","","","","","","","",""
26860,"2026-08-05 16:47:30.625907","train",81,0.259105920791626,0.00016848884092474366,"","","","","","","","","","","",""
26880,"2026-08-05 16:47:31.476422","train",81,1.0092519521713257,0.00016747505583998855,"","","","","","","","","","","",""
26900,"2026-08-05 16:47:32.340091","train",81,0.3997400999069214,0.00016646371606703747,"","","","","","","","","","","",""
26920,"2026-08-05 16:47:33.138126","train",81,0.20683011412620544,0.00016545482904300508,"","","","","","","","","","","",""
26940,"2026-08-05 16:47:33.948793","train",81,0.22278818488121033,0.00016444840218696972,"","","","","","","","","","","",""
26960,"2026-08-05 16:47:34.776181","train",81,0.8030049800872803,0.00016344444289991808,"","","","","","","","","","","",""
26980,"2026-08-05 16:47:35.766739","train",81,0.3214414119720459,0.00016244295856469065,"","","","","","","","","","","",""
27000,"2026-08-05 16:47:36.624809","train",81,1.118309736251831,0.00016144395654592834,"","","","","","","","","","","",""
27020,"2026-08-05 16:47:37.461218","train",81,0.20165906846523285,0.00016044744419001775,"","","","","","","","","","","",""
27040,"2026-08-05 16:47:38.262395","train",81,0.21574610471725464,0.0001594534288250366,"","","","","","","","","","","",""
27060,"2026-08-05 16:47:39.080467","train",81,0.782050609588623,0.00015846191776070124,"","","","","","","","","","","",""
27080,"2026-08-05 16:47:39.940610","train",81,0.20259857177734375,0.00015747291828831133,"","","","","","","","","","","",""
27100,"2026-08-05 16:47:40.787289","train",81,0.42572033405303955,0.00015648643768069744,"","","","","","","","","","","",""
27120,"2026-08-05 16:47:41.645565","train",81,0.26047542691230774,0.0001555024831921672,"","","","","","","","","","","",""
27140,"2026-08-05 16:47:42.541927","train",81,0.31890466809272766,0.00015452106205845125,"","","","","","","","","","","",""
27142,"2026-08-05 16:47:58.293121","val",81,"","",0.8156386051122895,0.27747560087712286,0.7063762376237623,0.7167159597010047,0.8358662613981763,0.35714285714285715,0.6897274633123689,0.5614035087719298,0.6992602866389274,0.5859649122807018,0.8505197505197505,0.7644506431117309
