"step","time","part","epoch","loss","lr","auroc","auprc","auroc_age_cond","auroc_I0002","auroc_I0006","auroc_S0001"
20,"2026-08-02 22:51:41.403259","train",0,0.9375613927841187,4.0009669118256925e-05,"","","","","",""
40,"2026-08-02 22:51:42.246903","train",0,1.0846827030181885,4.003867608347821e-05,"","","","","",""
60,"2026-08-02 22:51:43.167949","train",0,0.7695091366767883,4.008701972703149e-05,"","","","","",""
80,"2026-08-02 22:51:44.008199","train",0,0.7480290532112122,4.01546981012485e-05,"","","","","",""
100,"2026-08-02 22:51:44.905497","train",0,0.7392404675483704,4.024170847950336e-05,"","","","","",""
120,"2026-08-02 22:51:45.730632","train",0,0.5439867973327637,4.034804735632237e-05,"","","","","",""
140,"2026-08-02 22:51:46.540774","train",0,0.9250833988189697,4.047371044752597e-05,"","","","","",""
160,"2026-08-02 22:51:47.382642","train",0,0.47226354479789734,4.0618692690400234e-05,"","","","","",""
180,"2026-08-02 22:51:48.202122","train",0,0.9024264812469482,4.078298824390159e-05,"","","","","",""
200,"2026-08-02 22:51:49.075730","train",0,0.40040987730026245,4.0966590488892185e-05,"","","","","",""
220,"2026-08-02 22:51:49.887074","train",0,0.6556878089904785,4.116949202840584e-05,"","","","","",""
240,"2026-08-02 22:51:50.667671","train",0,0.6518757343292236,4.139168468794696e-05,"","","","","",""
260,"2026-08-02 22:51:51.569899","train",0,0.9247283339500427,4.163315951581951e-05,"","","","","",""
280,"2026-08-02 22:51:52.442748","train",0,0.9483081102371216,4.1893906783486826e-05,"","","","","",""
300,"2026-08-02 22:51:53.312041","train",0,0.636506974697113,4.2173915985965304e-05,"","","","","",""
320,"2026-08-02 22:51:54.140039","train",0,0.6498026847839355,4.247317584224616e-05,"","","","","",""
330,"2026-08-02 22:52:10.738725","val",0,"","",0.39392213114754104,0.06349290060575552,0.4863992783290542,0.313893653516295,0.3901147396293027,0.4115970615186295
340,"2026-08-02 22:52:21.854346","train",1,0.6518940925598145,4.2791674295750344e-05,"","","","","",""
360,"2026-08-02 22:52:22.752633","train",1,0.23382532596588135,4.312939851481461e-05,"","","","","",""
380,"2026-08-02 22:52:23.670193","train",1,0.9666842222213745,4.3486334893207915e-05,"","","","","",""
400,"2026-08-02 22:52:24.506595","train",1,1.7485418319702148,4.386246905068044e-05,"","","","","",""
420,"2026-08-02 22:52:25.324400","train",1,0.2573867440223694,4.425778583354138e-05,"","","","","",""
440,"2026-08-02 22:52:26.140956","train",1,0.27255427837371826,4.467226931527152e-05,"","","","","",""
460,"2026-08-02 22:52:27.128514","train",1,0.6253498196601868,4.5105902797163235e-05,"","","","","",""
480,"2026-08-02 22:52:28.187066","train",1,0.6083356738090515,4.555866880899377e-05,"","","","","",""
500,"2026-08-02 22:52:29.110347","train",1,0.2561982274055481,4.6030549109729656e-05,"","","","","",""
520,"2026-08-02 22:52:30.006562","train",1,0.2628180980682373,4.65215246882605e-05,"","","","","",""
540,"2026-08-02 22:52:30.826488","train",1,0.950802206993103,4.703157576416595e-05,"","","","","",""
560,"2026-08-02 22:52:31.691183","train",1,0.9244626760482788,4.756068178851181e-05,"","","","","",""
580,"2026-08-02 22:52:32.526327","train",1,0.6001124382019043,4.8108821444678386e-05,"","","","","",""
600,"2026-08-02 22:52:33.343190","train",1,0.947748064994812,4.867597264921939e-05,"","","","","",""
620,"2026-08-02 22:52:34.240139","train",1,0.6071120500564575,4.9262112552751194e-05,"","","","","",""
640,"2026-08-02 22:52:35.062146","train",1,1.0265984535217285,4.9867217540873325e-05,"","","","","",""
660,"2026-08-02 22:52:35.844374","train",1,0.6459826231002808,5.0491263235120714e-05,"","","","","",""
660,"2026-08-02 22:52:52.000371","val",1,"","",0.4792786885245902,0.08194619472298358,0.5421552980362223,0.33962264150943394,0.4646954986760812,0.504123503191638
680,"2026-08-02 22:53:03.528638","train",2,1.298111915588379,5.1134224493944907e-05,"","","","","",""
700,"2026-08-02 22:53:04.408140","train",2,0.6232127547264099,5.179607541372735e-05,"","","","","",""
720,"2026-08-02 22:53:05.326132","train",2,0.2934587299823761,5.247678932982294e-05,"","","","","",""
740,"2026-08-02 22:53:06.185995","train",2,0.5859180688858032,5.317633881763437e-05,"","","","","",""
760,"2026-08-02 22:53:07.042902","train",2,0.635372519493103,5.389469569371701e-05,"","","","","",""
780,"2026-08-02 22:53:08.002758","train",2,1.0189112424850464,5.4631831016914325e-05,"","","","","",""
800,"2026-08-02 22:53:08.901139","train",2,1.2871301174163818,5.538771508952368e-05,"","","","","",""
820,"2026-08-02 22:53:09.764317","train",2,1.294731855392456,5.616231745849299e-05,"","","","","",""
840,"2026-08-02 22:53:10.623014","train",2,1.343934178352356,5.6955606916647824e-05,"","","","","",""
860,"2026-08-02 22:53:11.458515","train",2,0.6095340251922607,5.7767551503947996e-05,"","","","","",""
880,"2026-08-02 22:53:12.312044","train",2,1.3593566417694092,5.859811850877602e-05,"","","","","",""
900,"2026-08-02 22:53:13.193717","train",2,1.6997084617614746,5.944727446925452e-05,"","","","","",""
920,"2026-08-02 22:53:14.048240","train",2,0.9814548492431641,6.0314985174594144e-05,"","","","","",""
940,"2026-08-02 22:53:14.878263","train",2,0.9548055529594421,6.12012156664724e-05,"","","","","",""
960,"2026-08-02 22:53:15.827925","train",2,1.2861013412475586,6.210593024044177e-05,"","","","","",""
980,"2026-08-02 22:53:16.720112","train",2,0.5683056116104126,6.302909244736783e-05,"","","","","",""
990,"2026-08-02 22:53:33.462523","val",2,"","",0.5638934426229508,0.10095120402322877,0.5745610991603636,0.4202401372212693,0.5319947043248014,0.5849472719648375
1000,"2026-08-02 22:53:44.618670","train",3,0.9129783511161804,6.397066509489843e-05,"","","","","",""
1020,"2026-08-02 22:53:45.660639","train",3,0.5622014999389648,6.493061024896165e-05,"","","","","",""
1040,"2026-08-02 22:53:46.647240","train",3,0.8942708969116211,6.590888923529385e-05,"","","","","",""
1060,"2026-08-02 22:53:47.680084","train",3,0.27335429191589355,6.690546264099867e-05,"","","","","",""
1080,"2026-08-02 22:53:48.492546","train",3,0.9040862321853638,6.792029031613383e-05,"","","","","",""
1100,"2026-08-02 22:53:49.292667","train",3,0.6113669872283936,6.895333137532905e-05,"","","","","",""
1120,"2026-08-02 22:53:50.111700","train",3,0.24996279180049896,7.000454419943424e-05,"","","","","",""
1140,"2026-08-02 22:53:50.933084","train",3,0.22191041707992554,7.107388643719421e-05,"","","","","",""
1160,"2026-08-02 22:53:51.910680","train",3,0.22031304240226746,7.216131500695699e-05,"","","","","",""
1180,"2026-08-02 22:53:52.917995","train",3,0.997570812702179,7.326678609840805e-05,"","","","","",""
1200,"2026-08-02 22:53:53.775401","train",3,1.3462579250335693,7.439025517433622e-05,"","","","","",""
1220,"2026-08-02 22:53:54.564275","train",3,1.0010900497436523,7.553167697242744e-05,"","","","","",""
1240,"2026-08-02 22:53:55.373535","train",3,0.9616042971611023,7.669100550708853e-05,"","","","","",""
1260,"2026-08-02 22:53:56.327776","train",3,0.8699343800544739,7.78681940713003e-05,"","","","","",""
1280,"2026-08-02 22:53:57.173246","train",3,0.6635121703147888,7.906319523849799e-05,"","","","","",""
1300,"2026-08-02 22:53:58.077950","train",3,0.8817752599716187,8.027596086448345e-05,"","","","","",""
1320,"2026-08-02 22:53:58.878806","train",3,0.24716278910636902,8.150644208936388e-05,"","","","","",""
1320,"2026-08-02 22:54:15.265227","val",3,"","",0.621827868852459,0.12586150971999474,0.5971827076538755,0.483704974271012,0.6354810238305384,0.6247534440182023
1340,"2026-08-02 22:54:27.042963","train",4,0.8586269021034241,8.275458933952075e-05,"","","","","",""
1360,"2026-08-02 22:54:27.900377","train",4,0.595653235912323,8.402035232960643e-05,"","","","","",""
1380,"2026-08-02 22:54:28.753048","train",4,1.2602280378341675,8.530368006457107e-05,"","","","","",""
1400,"2026-08-02 22:54:29.562558","train",4,0.20710788667201996,8.660452084171611e-05,"","","","","",""
1420,"2026-08-02 22:54:30.498911","train",4,0.7276121377944946,8.792282225277784e-05,"","","","","",""
1440,"2026-08-02 22:54:31.404219","train",4,0.7024112343788147,8.925853118603834e-05,"","","","","",""
1460,"2026-08-02 22:54:32.189609","train",4,0.5720459818840027,9.061159382846599e-05,"","","","","",""
1480,"2026-08-02 22:54:33.110699","train",4,1.4977920055389404,9.198195566788303e-05,"","","","","",""
1500,"2026-08-02 22:54:34.033047","train",4,0.6846124529838562,9.336956149516129e-05,"","","","","",""
1520,"2026-08-02 22:54:34.908718","train",4,0.6343319416046143,9.477435540644738e-05,"","","","","",""
1540,"2026-08-02 22:54:35.777082","train",4,1.4603912830352783,9.619628080541462e-05,"","","","","",""
1560,"2026-08-02 22:54:36.578674","train",4,0.21891744434833527,9.763528040554253e-05,"","","","","",""
1580,"2026-08-02 22:54:37.473082","train",4,0.5727680921554565,9.9091296232426e-05,"","","","","",""
1600,"2026-08-02 22:54:38.413089","train",4,0.22737738490104675,0.00010056426962610978,"","","","","",""
1620,"2026-08-02 22:54:39.278046","train",4,0.19554346799850464,0.00010205414124345256,"","","","","",""
1640,"2026-08-02 22:54:40.195660","train",4,1.0024940967559814,0.00010356085106051735,"","","","","",""
1650,"2026-08-02 22:54:56.966506","val",4,"","",0.6910409836065574,0.16416979273186721,0.63139268614253,0.6192109777015438,0.6687996469549867,0.6913041452467114
1660,"2026-08-02 22:55:08.101932","train",5,0.4574134349822998,0.00010508433837499,"","","","","",""
1680,"2026-08-02 22:55:08.999688","train",5,0.6667109727859497,0.00010662454180862481,"","","","","",""
1700,"2026-08-02 22:55:09.848542","train",5,0.5842751860618591,0.00010818139930971696,"","","","","",""
1720,"2026-08-02 22:55:10.656447","train",5,0.6200675964355469,0.00010975484815560249,"","","","","",""
1740,"2026-08-02 22:55:11.631216","train",5,0.5186553597450256,0.00011134482495518607,"","","","","",""
1760,"2026-08-02 22:55:12.487166","train",5,0.9583719968795776,0.00011295126565149388,"","","","","",""
1780,"2026-08-02 22:55:13.401779","train",5,0.4041871428489685,0.00011457410552425469,"","","","","",""
1800,"2026-08-02 22:55:14.217938","train",5,1.1950544118881226,0.00011621327919250754,"","","","","",""
1820,"2026-08-02 22:55:15.059800","train",5,0.21292272210121155,0.00011786872061723562,"","","","","",""
1840,"2026-08-02 22:55:15.885311","train",5,0.8976285457611084,0.00011954036310402667,"","","","","",""
1860,"2026-08-02 22:55:16.729544","train",5,0.668811559677124,0.00012122813930576064,"","","","","",""
1880,"2026-08-02 22:55:17.564637","train",5,0.13508422672748566,0.00012293198122532197,"","","","","",""
1900,"2026-08-02 22:55:18.430892","train",5,0.601447582244873,0.0001246518202183398,"","","","","",""
1920,"2026-08-02 22:55:19.330074","train",5,0.8489313125610352,0.0001263875869959532,"","","","","",""
1940,"2026-08-02 22:55:20.171761","train",5,0.5679476261138916,0.0001281392116276029,"","","","","",""
1960,"2026-08-02 22:55:21.051166","train",5,1.0388668775558472,0.00012990662354384877,"","","","","",""
1980,"2026-08-02 22:55:21.847546","train",5,1.3088433742523193,0.00013168975153921188,"","","","","",""
1980,"2026-08-02 22:55:37.868726","val",5,"","",0.7167704918032788,0.18058667142285328,0.6294497259038234,0.6312178387650086,0.7045454545454546,0.714756084302732
2000,"2026-08-02 22:55:49.491951","train",6,0.17223070561885834,0.00013348852377504468,"","","","","",""
2020,"2026-08-02 22:55:50.400255","train",6,1.934269905090332,0.00013530286778242438,"","","","","",""
2040,"2026-08-02 22:55:51.262451","train",6,0.13225895166397095,0.00013713271046507294,"","","","","",""
2060,"2026-08-02 22:55:52.199836","train",6,0.6679868102073669,0.0001389779781023015,"","","","","",""
2080,"2026-08-02 22:55:53.029485","train",6,0.21151015162467957,0.00014083859635198094,"","","","","",""
2100,"2026-08-02 22:55:53.848969","train",6,0.9234441518783569,0.00014271449025353672,"","","","","",""
2120,"2026-08-02 22:55:54.785653","train",6,0.1954512894153595,0.00014460558423096896,"","","","","",""
2140,"2026-08-02 22:55:55.614544","train",6,0.6228938102722168,0.00014651180209589718,"","","","","",""
2160,"2026-08-02 22:55:56.504075","train",6,0.5282315015792847,0.00014843306705063003,"","","","","",""
2180,"2026-08-02 22:55:57.320112","train",6,0.6182849407196045,0.0001503693016912589,"","","","","",""
2200,"2026-08-02 22:55:58.120582","train",6,0.1702142059803009,0.0001523204280107765,"","","","","",""
2220,"2026-08-02 22:55:58.976688","train",6,0.2922874093055725,0.0001542863674022201,"","","","","",""
2240,"2026-08-02 22:55:59.791602","train",6,0.14915066957473755,0.00015626704066183759,"","","","","",""
2260,"2026-08-02 22:56:00.615927","train",6,2.188450336456299,0.00015826236799227906,"","","","","",""
2280,"2026-08-02 22:56:01.428856","train",6,0.3970884382724762,0.0001602722690058116,"","","","","",""
2300,"2026-08-02 22:56:02.258155","train",6,0.39818745851516724,0.00016229666272755765,"","","","","",""
2310,"2026-08-02 22:56:18.789240","val",6,"","",0.7399672131147539,0.21263242874411767,0.6235514537506072,0.6123499142367066,0.7497793468667255,0.7371985028033609
2320,"2026-08-02 22:56:29.937206","train",7,0.17104345560073853,0.00016433546759875794,"","","","","",""
2340,"2026-08-02 22:56:30.831533","train",7,0.4094015955924988,0.00016638860148005636,"","","","","",""
2360,"2026-08-02 22:56:31.627756","train",7,0.17349892854690552,0.00016845598165481004,"","","","","",""
2380,"2026-08-02 22:56:32.458718","train",7,0.17490887641906738,0.00017053752483242178,"","","","","",""
2400,"2026-08-02 22:56:33.287110","train",7,0.7628716230392456,0.00017263314715169475,"","","","","",""
2420,"2026-08-02 22:56:34.106690","train",7,1.1691447496414185,0.0001747427641842124,"","","","","",""
2440,"2026-08-02 22:56:34.940831","train",7,0.9652320146560669,0.0001768662909377391,"","","","","",""
2460,"2026-08-02 22:56:35.843758","train",7,0.2255164086818695,0.00017900364185964416,"","","","","",""
2480,"2026-08-02 22:56:36.693584","train",7,0.3267846405506134,0.0001811547308403494,"","","","","",""
2500,"2026-08-02 22:56:37.545565","train",7,0.1348152756690979,0.0001833194712167976,"","","","","",""
2520,"2026-08-02 22:56:38.415208","train",7,0.7920423746109009,0.0001854977757759441,"","","","","",""
2540,"2026-08-02 22:56:39.295104","train",7,1.5038785934448242,0.00018768955675827067,"","","","","",""
2560,"2026-08-02 22:56:40.165195","train",7,0.7399381995201111,0.00018989472586132105,"","","","","",""
2580,"2026-08-02 22:56:40.991258","train",7,0.5174279808998108,0.00019211319424325835,"","","","","",""
2600,"2026-08-02 22:56:41.845964","train",7,0.33364251255989075,0.0001943448725264446,"","","","","",""
2620,"2026-08-02 22:56:42.678722","train",7,0.9401041269302368,0.00019658967080104118,"","","","","",""
2640,"2026-08-02 22:56:43.493768","train",7,0.24315962195396423,0.0001988474986286317,"","","","","",""
2640,"2026-08-02 22:56:59.746779","val",7,"","",0.7984016393442622,0.2747710578414435,0.7028658663520921,0.7461406518010292,0.7941306266548985,0.7997732461521735
2660,"2026-08-02 22:57:11.436748","train",8,1.2152998447418213,0.00020111826504586505,"","","","","",""
2680,"2026-08-02 22:57:12.230352","train",8,1.048287034034729,0.00020340187856812003,"","","","","",""
2700,"2026-08-02 22:57:13.064846","train",8,0.24267569184303284,0.00020569824719319195,"","","","","",""
2720,"2026-08-02 22:57:13.910928","train",8,0.1527596116065979,0.00020800727840499813,"","","","","",""
2740,"2026-08-02 22:57:14.799080","train",8,0.6617263555526733,0.0002103288791773058,"","","","","",""
2760,"2026-08-02 22:57:15.739276","train",8,0.250352144241333,0.0002126629559774803,"","","","","",""
2780,"2026-08-02 22:57:16.572168","train",8,1.2270134687423706,0.00021500941477025216,"","","","","",""
2800,"2026-08-02 22:57:17.426666","train",8,0.6449841260910034,0.00021736816102150658,"","","","","",""
2820,"2026-08-02 22:57:18.358379","train",8,0.5160833597183228,0.0002197390997020918,"","","","","",""
2840,"2026-08-02 22:57:19.296610","train",8,0.42962467670440674,0.0002221221352916473,"","","","","",""
2860,"2026-08-02 22:57:20.096866","train",8,1.0319788455963135,0.00022451717178245288,"","","","","",""
2880,"2026-08-02 22:57:21.025116","train",8,0.17114993929862976,0.0002269241126832955,"","","","","",""
2900,"2026-08-02 22:57:22.010447","train",8,0.374904602766037,0.00022934286102335776,"","","","","",""
2920,"2026-08-02 22:57:22.824896","train",8,0.6697750687599182,0.00023177331935612412,"","","","","",""
2940,"2026-08-02 22:57:23.602861","train",8,1.080294132232666,0.00023421538976330688,"","","","","",""
2960,"2026-08-02 22:57:24.470826","train",8,0.31707870960235596,0.00023666897385879134,"","","","","",""
2970,"2026-08-02 22:57:41.245881","val",8,"","",0.7943278688524591,0.28535826950080995,0.6705294566650475,0.7392795883361921,0.8120035304501324,0.7925978846661593
2980,"2026-08-02 22:57:52.350880","train",9,0.8652851581573486,0.00023913397279259896,"","","","","",""
3000,"2026-08-02 22:57:53.281319","train",9,0.33642593026161194,0.0002416102872548709,"","","","","",""
3020,"2026-08-02 22:57:54.174008","train",9,0.6789371371269226,0.00024409781747986796,"","","","","",""
3040,"2026-08-02 22:57:55.110011","train",9,0.18895602226257324,0.0002465964632499904,"","","","","",""
3060,"2026-08-02 22:57:55.928635","train",9,0.9925387501716614,0.0002491061238998159,"","","","","",""
3080,"2026-08-02 22:57:56.786199","train",9,0.26294785737991333,0.0002516266983201542,"","","","","",""
3100,"2026-08-02 22:57:57.620282","train",9,0.4517996311187744,0.0002541580849621214,"","","","","",""
3120,"2026-08-02 22:57:58.556896","train",9,0.37655672430992126,0.00025670018184123077,"","","","","",""
3140,"2026-08-02 22:57:59.400388","train",9,0.5858261585235596,0.00025925288654150196,"","","","","",""
3160,"2026-08-02 22:58:00.245260","train",9,0.3606841266155243,0.0002618160962195861,"","","","","",""
3180,"2026-08-02 22:58:01.048645","train",9,0.259419322013855,0.0002643897076089108,"","","","","",""
3200,"2026-08-02 22:58:01.901666","train",9,0.19529736042022705,0.0002669736170238388,"","","","","",""
3220,"2026-08-02 22:58:02.772646","train",9,0.12843920290470123,0.00026956772036384634,"","","","","",""
3240,"2026-08-02 22:58:03.662742","train",9,0.03803997486829758,0.00027217191311771716,"","","","","",""
3260,"2026-08-02 22:58:04.483845","train",9,1.7391399145126343,0.0002747860903677523,"","","","","",""
3280,"2026-08-02 22:58:05.367429","train",9,0.652783989906311,0.0002774101467939977,"","","","","",""
3300,"2026-08-02 22:58:06.133290","train",9,0.46107035875320435,0.0002800439766784871,"","","","","",""
3300,"2026-08-02 22:58:22.430799","val",9,"","",0.7977131147540985,0.27689997441157255,0.68419956977309,0.7392795883361921,0.8049426301853487,0.798763725596782
3320,"2026-08-02 22:58:33.915311","train",10,1.1937220096588135,0.00028268747390950116,"","","","","",""
3340,"2026-08-02 22:58:34.830020","train",10,0.3551792502403259,0.000285340531985843,"","","","","",""
3360,"2026-08-02 22:58:35.709511","train",10,0.09396231919527054,0.00028800304402112767,"","","","","",""
3380,"2026-08-02 22:58:36.559227","train",10,0.19163386523723602,0.00029067490274809014,"","","","","",""
3400,"2026-08-02 22:58:37.370866","train",10,1.15964937210083,0.0002933560005229049,"","","","","",""
3420,"2026-08-02 22:58:38.348353","train",10,0.21402785181999207,0.00029604622932952456,"","","","","",""
3440,"2026-08-02 22:58:39.246516","train",10,0.36423012614250183,0.0002987454807840304,"","","","","",""
3460,"2026-08-02 22:58:40.292950","train",10,0.2271413803100586,0.0003014536461389993,"","","","","",""
3480,"2026-08-02 22:58:41.190626","train",10,0.9292346239089966,0.0003041706162878855,"","","","","",""
3500,"2026-08-02 22:58:41.990038","train",10,0.3307192921638489,0.00030689628176941506,"","","","","",""
3520,"2026-08-02 22:58:42.865681","train",10,0.9822424650192261,0.00030963053277199696,"","","","","",""
3540,"2026-08-02 22:58:43.690507","train",10,0.3577960133552551,0.0003123732591381466,"","","","","",""
3560,"2026-08-02 22:58:44.650557","train",10,0.01706358790397644,0.00031512435036892405,"","","","","",""
3580,"2026-08-02 22:58:45.483821","train",10,0.13421034812927246,0.000317883695628386,"","","","","",""
3600,"2026-08-02 22:58:46.318496","train",10,0.5878661870956421,0.00032065118374805033,"","","","","",""
3620,"2026-08-02 22:58:47.184720","train",10,0.913581907749176,0.00032342670323137605,"","","","","",""
3630,"2026-08-02 22:59:03.620416","val",10,"","",0.7881803278688524,0.2516033447955343,0.6562348206231351,0.7375643224699828,0.7769196822594882,0.7931725348284592
3640,"2026-08-02 22:59:14.727101","train",11,0.6069157123565674,0.0003262101422582543,"","","","","",""
3660,"2026-08-02 22:59:15.571820","train",11,0.19741830229759216,0.0003290013886895136,"","","","","",""
3680,"2026-08-02 22:59:16.520768","train",11,1.7691988945007324,0.00033180033007143843,"","","","","",""
3700,"2026-08-02 22:59:17.418754","train",11,0.06764251738786697,0.0003346068536402983,"","","","","",""
3720,"2026-08-02 22:59:18.291112","train",11,0.9142575263977051,0.0003374208463268921,"","","","","",""
3740,"2026-08-02 22:59:19.115000","train",11,0.6896211504936218,0.00034024219476110334,"","","","","",""
3760,"2026-08-02 22:59:19.938447","train",11,1.1208066940307617,0.00034307078527646615,"","","","","",""
3780,"2026-08-02 22:59:20.793620","train",11,2.2670507431030273,0.00034590650391474694,"","","","","",""
3800,"2026-08-02 22:59:21.678817","train",11,0.2467498779296875,0.00034874923643053355,"","","","","",""
3820,"2026-08-02 22:59:22.545916","train",11,0.24728995561599731,0.00035159886829583893,"","","","","",""
3840,"2026-08-02 22:59:23.360639","train",11,0.20039024949073792,0.00035445528470471547,"","","","","",""
3860,"2026-08-02 22:59:24.275618","train",11,0.5900616645812988,0.0003573183705778793,"","","","","",""
3880,"2026-08-02 22:59:25.116082","train",11,0.6710072159767151,0.000360188010567348,"","","","","",""
3900,"2026-08-02 22:59:25.932813","train",11,0.29655757546424866,0.00036306408906108594,"","","","","",""
3920,"2026-08-02 22:59:26.804157","train",11,0.2842535972595215,0.00036594649018766425,"","","","","",""
3940,"2026-08-02 22:59:27.609721","train",11,0.6385789513587952,0.000368835097820927,"","","","","",""
3960,"2026-08-02 22:59:28.381061","train",11,0.23237484693527222,0.00037172979558467063,"","","","","",""
3960,"2026-08-02 22:59:44.387864","val",11,"","",0.8043278688524591,0.2812547943169542,0.6962042883908126,0.7598627787307033,0.7932480141218006,0.8036715486045319
3980,"2026-08-02 22:59:55.852129","train",12,0.18446172773838043,0.000374630466857333,"","","","","",""
4000,"2026-08-02 22:59:56.776416","train",12,0.061814941465854645,0.00037753699477669075,"","","","","",""
4020,"2026-08-02 22:59:57.602715","train",12,0.3968714773654938,0.00038044926224456834,"","","","","",""
4040,"2026-08-02 22:59:58.456802","train",12,0.312613308429718,0.0003833671519315548,"","","","","",""
4060,"2026-08-02 22:59:59.347266","train",12,1.026441216468811,0.00038629054628173216,"","","","","",""
4080,"2026-08-02 23:00:00.200966","train",12,0.5170646905899048,0.0003892193275174098,"","","","","",""
4100,"2026-08-02 23:00:01.100576","train",12,0.3054835796356201,0.0003921533776438704,"","","","","",""
4120,"2026-08-02 23:00:01.913873","train",12,1.7151219844818115,0.000395092578454124,"","","","","",""
4140,"2026-08-02 23:00:02.826784","train",12,1.3861427307128906,0.00039803681153366963,"","","","","",""
4160,"2026-08-02 23:00:03.648701","train",12,0.3953865170478821,0.00040098595826526637,"","","","","",""
4180,"2026-08-02 23:00:04.594187","train",12,0.30927416682243347,0.0004039398998337123,"","","","","",""
4200,"2026-08-02 23:00:05.537020","train",12,0.11486078798770905,0.00040689851723063066,"","","","","",""
4220,"2026-08-02 23:00:06.389208","train",12,0.07537022233009338,0.0004098616912592654,"","","","","",""
4240,"2026-08-02 23:00:07.239449","train",12,0.4329513609409332,0.00041282930253928266,"","","","","",""
4260,"2026-08-02 23:00:08.077159","train",12,0.9191227555274963,0.0004158012315115811,"","","","","",""
4280,"2026-08-02 23:00:08.923400","train",12,0.30403390526771545,0.0004187773584431074,"","","","","",""
4290,"2026-08-02 23:00:25.714783","val",12,"","",0.8018114754098362,0.27717943455602423,0.6882242731246964,0.7632933104631218,0.8047219770520742,0.800829359963968
4300,"2026-08-02 23:00:36.794476","train",13,0.6134626865386963,0.00042175756343168145,"","","","","",""
4320,"2026-08-02 23:00:37.755088","train",13,0.7396501302719116,0.00042474172641082664,"","","","","",""
4340,"2026-08-02 23:00:38.670768","train",13,0.2913587689399719,0.00042772972715460634,"","","","","",""
4360,"2026-08-02 23:00:39.508012","train",13,0.7033759355545044,0.00043072144528246824,"","","","","",""
4380,"2026-08-02 23:00:40.413454","train",13,0.8762475252151489,0.0004337167602640942,"","","","","",""
4400,"2026-08-02 23:00:41.190298","train",13,0.3187074363231659,0.0004367155514242557,"","","","","",""
4420,"2026-08-02 23:00:42.111563","train",13,0.3884071707725525,0.0004397176979476769,"","","","","",""
4440,"2026-08-02 23:00:42.915073","train",13,0.3043140172958374,0.00044272307888389996,"","","","","",""
4460,"2026-08-02 23:00:43.721211","train",13,0.14775535464286804,0.00044573157315215973,"","","","","",""
4480,"2026-08-02 23:00:44.578199","train",13,0.12410970777273178,0.00044874305954626097,"","","","","",""
4500,"2026-08-02 23:00:45.526201","train",13,0.39998534321784973,0.0004517574167394614,"","","","","",""
4520,"2026-08-02 23:00:46.383416","train",13,0.5058001279830933,0.00045477452328936087,"","","","","",""
4540,"2026-08-02 23:00:47.250659","train",13,0.33406883478164673,0.00045779425764279217,"","","","","",""
4560,"2026-08-02 23:00:48.043938","train",13,0.1999819576740265,0.00046081649814071993,"","","","","",""
4580,"2026-08-02 23:00:48.927128","train",13,0.10420079529285431,0.0004638411230231406,"","","","","",""
4600,"2026-08-02 23:00:49.829239","train",13,0.2161835879087448,0.0004668680104339891,"","","","","",""
4620,"2026-08-02 23:00:50.663734","train",13,0.3824382722377777,0.00046989703842604744,"","","","","",""
4620,"2026-08-02 23:01:06.695843","val",13,"","",0.797393442622951,0.26184305385591344,0.6849628755811533,0.7632933104631219,0.7824360105913504,0.7974280522465714
4640,"2026-08-02 23:01:18.472271","train",14,0.23429223895072937,0.00047292808496585766,"","","","","",""
4660,"2026-08-02 23:01:19.377096","train",14,0.14283107221126556,0.00047596102793863893,"","","","","",""
4680,"2026-08-02 23:01:20.224249","train",14,0.2016502320766449,0.0004789957451532067,"","","","","",""
4700,"2026-08-02 23:01:21.048351","train",14,0.14298871159553528,0.00048203211434689607,"","","","","",""
4720,"2026-08-02 23:01:21.915950","train",14,0.355247437953949,0.00048507001319048667,"","","","","",""
4740,"2026-08-02 23:01:22.709563","train",14,0.28425198793411255,0.0004881093192931322,"","","","","",""
4760,"2026-08-02 23:01:23.552256","train",14,0.6531831622123718,0.0004911499102072906,"","","","","",""
4780,"2026-08-02 23:01:24.397293","train",14,0.06417586654424667,0.0004941916634336568,"","","","","",""
4800,"2026-08-02 23:01:25.272432","train",14,0.8045936822891235,0.0004972344564260994,"","","","","",""
4820,"2026-08-02 23:01:26.091879","train",14,0.20865103602409363,0.0005002781665965958,"","","","","",""
4840,"2026-08-02 23:01:26.871349","train",14,0.9214211106300354,0.0005033226713201733,"","","","","",""
4860,"2026-08-02 23:01:27.906769","train",14,0.03498883545398712,0.0005063678479398478,"","","","","",""
4880,"2026-08-02 23:01:28.804566","train",14,1.1970784664154053,0.0005094135737715651,"","","","","",""
4900,"2026-08-02 23:01:29.678852","train",14,0.36475950479507446,0.0005124597261091456,"","","","","",""
4920,"2026-08-02 23:01:30.605747","train",14,0.13281407952308655,0.0005155061822292258,"","","","","",""
4940,"2026-08-02 23:01:31.441932","train",14,0.5812548398971558,0.0005185528193962037,"","","","","",""
4950,"2026-08-02 23:01:47.966303","val",14,"","",0.8041967213114755,0.27798135074355335,0.7076538755117618,0.7478559176672385,0.796557811120918,0.8045723515616506
4960,"2026-08-02 23:01:59.266863","train",15,0.7302088737487793,0.0005215995148671833,"","","","","",""
4980,"2026-08-02 23:02:00.180950","train",15,0.7899723649024963,0.0005246461458969195,"","","","","",""
5000,"2026-08-02 23:02:01.070347","train",15,0.5139274001121521,0.0005276925897427635,"","","","","",""
5020,"2026-08-02 23:02:01.897114","train",15,0.7992401719093323,0.000530738723669608,"","","","","",""
5040,"2026-08-02 23:02:02.763599","train",15,0.32658255100250244,0.0005337844249548311,"","","","","",""
5060,"2026-08-02 23:02:03.620621","train",15,0.1217256709933281,0.0005368295708932417,"","","","","",""
5080,"2026-08-02 23:02:04.466363","train",15,0.5588536858558655,0.0005398740388020224,"","","","","",""
5100,"2026-08-02 23:02:05.385401","train",15,0.2939258813858032,0.0005429177060256725,"","","","","",""
5120,"2026-08-02 23:02:06.225998","train",15,0.5806490182876587,0.0005459604499409485,"","","","","",""
5140,"2026-08-02 23:02:07.063118","train",15,0.5795860886573792,0.0005490021479618057,"","","","","",""
5160,"2026-08-02 23:02:08.048083","train",15,0.08890250325202942,0.0005520426775443366,"","","","","",""
5180,"2026-08-02 23:02:08.872346","train",15,0.17444729804992676,0.0005550819161917074,"","","","","",""
5200,"2026-08-02 23:02:09.793119","train",15,0.23018397390842438,0.0005581197414590931,"","","","","",""
5220,"2026-08-02 23:02:10.617418","train",15,0.9993892908096313,0.000561156030958612,"","","","","",""
5240,"2026-08-02 23:02:11.486918","train",15,0.5049620866775513,0.0005641906623642546,"","","","","",""
5260,"2026-08-02 23:02:12.367514","train",15,0.2602388262748718,0.0005672235134168129,"","","","","",""
5280,"2026-08-02 23:02:13.201051","train",15,0.79285728931427,0.0005702544619288054,"","","","","",""
5280,"2026-08-02 23:02:29.403471","val",15,"","",0.8062786885245902,0.28667823899801903,0.7098744014988551,0.7855917667238422,0.8080317740511915,0.8011865749297219
5300,"2026-08-02 23:02:41.048204","train",16,0.1324593871831894,0.0005732833857894008,"","","","","",""
5320,"2026-08-02 23:02:41.944638","train",16,1.2403888702392578,0.0005763101629693366,"","","","","",""
5340,"2026-08-02 23:02:42.814071","train",16,0.5125763416290283,0.0005793346715258355,"","","","","",""
5360,"2026-08-02 23:02:43.687593","train",16,0.9013482332229614,0.000582356789607519,"","","","","",""
5380,"2026-08-02 23:02:44.692463","train",16,0.11818418651819229,0.0005853763954593158,"","","","","",""
5400,"2026-08-02 23:02:45.533534","train",16,0.6955689191818237,0.000588393367427367,"","","","","",""
5420,"2026-08-02 23:02:46.420703","train",16,0.09526080638170242,0.0005914075839639282,"","","","","",""
5440,"2026-08-02 23:02:47.209583","train",16,1.4374672174453735,0.0005944189236322652,"","","","","",""
5460,"2026-08-02 23:02:48.003358","train",16,0.17477473616600037,0.0005974272651115474,"","","","","",""
5480,"2026-08-02 23:02:48.915211","train",16,0.5204286575317383,0.0006004324872017349,"","","","","",""
5500,"2026-08-02 23:02:49.765681","train",16,1.065086841583252,0.0006034344688284625,"","","","","",""
5520,"2026-08-02 23:02:50.588280","train",16,0.30613455176353455,0.0006064330890479158,"","","","","",""
5540,"2026-08-02 23:02:51.427958","train",16,0.5503774285316467,0.0006094282270517052,"","","","","",""
5560,"2026-08-02 23:02:52.252855","train",16,1.1553349494934082,0.000612419762171733,"","","","","",""
5580,"2026-08-02 23:02:53.163613","train",16,0.34837979078292847,0.0006154075738850534,"","","","","",""
5600,"2026-08-02 23:02:54.105390","train",16,0.18903374671936035,0.0006183915418187301,"","","","","",""
5610,"2026-08-02 23:03:10.647615","val",16,"","",0.7747622950819673,0.23742561808828766,0.6346540836860731,0.6552315608919382,0.761694616063548,0.7817416559243326
5620,"2026-08-02 23:03:21.881019","train",17,0.1607309728860855,0.0006213715457546845,"","","","","",""
5640,"2026-08-02 23:03:22.960380","train",17,0.10112353414297104,0.00062434746563454,"","","","","",""
5660,"2026-08-02 23:03:23.841492","train",17,1.1092004776000977,0.0006273191815644578,"","","","","",""
5680,"2026-08-02 23:03:24.661518","train",17,0.7310792207717896,0.000630286573819968,"","","","","",""
5700,"2026-08-02 23:03:25.553097","train",17,0.5086382627487183,0.0006332495228507935,"","","","","",""
5720,"2026-08-02 23:03:26.493359","train",17,1.2332887649536133,0.0006362079092856647,"","","","","",""
5740,"2026-08-02 23:03:27.475434","train",17,0.3945721983909607,0.0006391616139371306,"","","","","",""
5760,"2026-08-02 23:03:28.337053","train",17,0.1742781400680542,0.0006421105178063597,"","","","","",""
5780,"2026-08-02 23:03:29.275230","train",17,2.54347562789917,0.0006450545020879343,"","","","","",""
5800,"2026-08-02 23:03:30.157894","train",17,0.9168438911437988,0.0006479934481746372,"","","","","",""
5820,"2026-08-02 23:03:30.985646","train",17,0.21811535954475403,0.0006509272376622293,"","","","","",""
5840,"2026-08-02 23:03:31.876717","train",17,0.7210627794265747,0.0006538557523542216,"","","","","",""
5860,"2026-08-02 23:03:32.691800","train",17,0.19900807738304138,0.0006567788742666354,"","","","","",""
5880,"2026-08-02 23:03:33.482273","train",17,0.4308447539806366,0.0006596964856327558,"","","","","",""
5900,"2026-08-02 23:03:34.302777","train",17,0.14115610718727112,0.0006626084689078779,"","","","","",""
5920,"2026-08-02 23:03:35.115078","train",17,0.08399072289466858,0.0006655147067740404,"","","","","",""
5940,"2026-08-02 23:03:35.973229","train",17,0.20450735092163086,0.0006684150821447532,"","","","","",""
5940,"2026-08-02 23:03:52.129593","val",17,"","",0.7791721311475409,0.22140645841450365,0.6350010408715564,0.7152658662092624,0.78045013239188,0.7793343376768602
5960,"2026-08-02 23:04:03.818979","train",18,0.4104050099849701,0.0006713094781697143,"","","","","",""
5980,"2026-08-02 23:04:04.621625","train",18,0.20861732959747314,0.000674197778239518,"","","","","",""
6000,"2026-08-02 23:04:05.443357","train",18,0.10820598900318146,0.0006770798659903522,"","","","","",""
6020,"2026-08-02 23:04:06.434190","train",18,0.4458165168762207,0.0006799556253086858,"","","","","",""
6040,"2026-08-02 23:04:07.284825","train",18,0.7538295984268188,0.0006828249403359489,"","","","","",""
6060,"2026-08-02 23:04:08.081048","train",18,0.9953923225402832,0.0006856876954731983,"","","","","",""
6080,"2026-08-02 23:04:08.950370","train",18,0.2737804651260376,0.0006885437753857758,"","","","","",""
6100,"2026-08-02 23:04:09.818733","train",18,1.061774730682373,0.0006913930650079547,"","","","","",""
6120,"2026-08-02 23:04:10.737597","train",18,0.08068079501390457,0.0006942354495475756,"","","","","",""
6140,"2026-08-02 23:04:11.700472","train",18,0.13219419121742249,0.0006970708144906705,"","","","","",""
6160,"2026-08-02 23:04:12.599931","train",18,0.7554142475128174,0.000699899045606077,"","","","","",""
6180,"2026-08-02 23:04:13.389687","train",18,1.63504958152771,0.0007027200289500409,"","","","","",""
6200,"2026-08-02 23:04:14.254572","train",18,0.34471195936203003,0.0007055336508708055,"","","","","",""
6220,"2026-08-02 23:04:15.202933","train",18,0.35496288537979126,0.0007083397980131914,"","","","","",""
6240,"2026-08-02 23:04:16.130692","train",18,0.10722577571868896,0.0007111383573231628,"","","","","",""
6260,"2026-08-02 23:04:16.972423","train",18,0.6673501133918762,0.0007139292160523827,"","","","","",""
6270,"2026-08-02 23:04:33.612159","val",18,"","",0.8008688524590165,0.24491902222035786,0.7034209978488655,0.7238421955403088,0.7958958517210944,0.8027241523910107
6280,"2026-08-02 23:04:44.718685","train",19,0.11315595358610153,0.0007167122617627547,"","","","","",""
6300,"2026-08-02 23:04:45.583622","train",19,0.8671243190765381,0.0007194873823309533,"","","","","",""
6320,"2026-08-02 23:04:46.407563","train",19,0.6414356231689453,0.0007222544659529418,"","","","","",""
6340,"2026-08-02 23:04:47.271238","train",19,0.3879927396774292,0.0007250134011484747,"","","","","",""
6360,"2026-08-02 23:04:48.119958","train",19,0.21235808730125427,0.0007277640767655912,"","","","","",""
6380,"2026-08-02 23:04:49.121226","train",19,0.07130500674247742,0.0007305063819850921,"","","","","",""
6400,"2026-08-02 23:04:50.008526","train",19,1.326844334602356,0.0007332402063250042,"","","","","",""
6420,"2026-08-02 23:04:50.861236","train",19,0.9373008012771606,0.0007359654396450327,"","","","","",""
6440,"2026-08-02 23:04:51.711736","train",19,0.457058310508728,0.0007386819721509973,"","","","","",""
6460,"2026-08-02 23:04:52.535084","train",19,0.3279953598976135,0.0007413896943992565,"","","","","",""
6480,"2026-08-02 23:04:53.502573","train",19,1.2160910367965698,0.0007440884973011153,"","","","","",""
6500,"2026-08-02 23:04:54.324640","train",19,0.7605249881744385,0.0007467782721272225,"","","","","",""
6520,"2026-08-02 23:04:55.170951","train",19,0.02940906584262848,0.0007494589105119494,"","","","","",""
6540,"2026-08-02 23:04:55.984838","train",19,0.37089675664901733,0.000752130304457756,"","","","","",""
6560,"2026-08-02 23:04:56.808169","train",19,0.7476077079772949,0.0007547923463395426,"","","","","",""
6580,"2026-08-02 23:04:57.710532","train",19,0.11235138773918152,0.0007574449289089851,"","","","","",""
6600,"2026-08-02 23:04:58.562990","train",19,0.4257599115371704,0.0007600879452988564,"","","","","",""
6600,"2026-08-02 23:05:14.694259","val",19,"","",0.8132704918032787,0.2617552801909009,0.7354104503504267,0.7615780445969125,0.788172992056487,0.8186745771661981
6620,"2026-08-02 23:05:26.252427","train",20,0.10820154845714569,0.0007627212890273312,"","","","","",""
6640,"2026-08-02 23:05:27.129168","train",20,0.41523194313049316,0.0007653448540022764,"","","","","",""
6660,"2026-08-02 23:05:27.980662","train",20,1.0470460653305054,0.0007679585345255258,"","","","","",""
6680,"2026-08-02 23:05:28.811657","train",20,0.2088419497013092,0.0007705622252971369,"","","","","",""
6700,"2026-08-02 23:05:29.712050","train",20,0.7224774956703186,0.000773155821419635,"","","","","",""
6720,"2026-08-02 23:05:30.572948","train",20,0.1615900993347168,0.0007757392184022385,"","","","","",""
6740,"2026-08-02 23:05:31.435065","train",20,0.8406316041946411,0.0007783123121650685,"","","","","",""
6760,"2026-08-02 23:05:32.265118","train",20,0.980044960975647,0.000780874999043342,"","","","","",""
6780,"2026-08-02 23:05:33.155464","train",20,0.16016682982444763,0.0007834271757915487,"","","","","",""
6800,"2026-08-02 23:05:34.043965","train",20,0.3934588134288788,0.0007859687395876106,"","","","","",""
6820,"2026-08-02 23:05:34.846001","train",20,0.28116482496261597,0.0007884995880370235,"","","","","",""
6840,"2026-08-02 23:05:35.685620","train",20,0.26425987482070923,0.0007910196191769837,"","","","","",""
6860,"2026-08-02 23:05:36.491392","train",20,0.3273117244243622,0.0007935287314804948,"","","","","",""
6880,"2026-08-02 23:05:37.321244","train",20,0.4986715018749237,0.0007960268238604589,"","","","","",""
6900,"2026-08-02 23:05:38.148959","train",20,0.5702424645423889,0.0007985137956737479,"","","","","",""
6920,"2026-08-02 23:05:39.095878","train",20,0.5823843479156494,0.0008009895467252596,"","","","","",""
6930,"2026-08-02 23:05:55.806645","val",20,"","",0.8135655737704918,0.2836604664426114,0.7252099090972174,0.7873070325900515,0.7830979699911739,0.8175874011834687
6940,"2026-08-02 23:06:07.041119","train",21,0.2893795371055603,0.0008034539772719539,"","","","","",""
6960,"2026-08-02 23:06:07.967506","train",21,0.44537609815597534,0.0008059069880268701,"","","","","",""
6980,"2026-08-02 23:06:08.769917","train",21,0.3665558397769928,0.0008083484801631296,"","","","","",""
7000,"2026-08-02 23:06:09.653054","train",21,0.12520356476306915,0.0008107783553179145,"","","","","",""
7020,"2026-08-02 23:06:10.533228","train",21,0.39454174041748047,0.0008131965155964323,"","","","","",""
7040,"2026-08-02 23:06:11.522696","train",21,0.19645866751670837,0.000815602863575859,"","","","","",""
7060,"2026-08-02 23:06:12.352955","train",21,0.6614199876785278,0.000817997302309265,"","","","","",""
7080,"2026-08-02 23:06:13.180932","train",21,0.025384142994880676,0.00082037973532952,"","","","","",""
7100,"2026-08-02 23:06:14.048451","train",21,0.3143293261528015,0.0008227500666531794,"","","","","",""
7120,"2026-08-02 23:06:14.851594","train",21,0.7738177180290222,0.0008251082007843526,"","","","","",""
7140,"2026-08-02 23:06:15.684124","train",21,0.38864052295684814,0.0008274540427185486,"","","","","",""
7160,"2026-08-02 23:06:16.503402","train",21,0.6321835517883301,0.0008297874979465046,"","","","","",""
7180,"2026-08-02 23:06:17.326616","train",21,0.12097959220409393,0.0008321084724579931,"","","","","",""
7200,"2026-08-02 23:06:18.209591","train",21,0.12514355778694153,0.0008344168727456101,"","","","","",""
7220,"2026-08-02 23:06:19.020597","train",21,0.6479203701019287,0.0008367126058085417,"","","","","",""
7240,"2026-08-02 23:06:19.879399","train",21,0.35623496770858765,0.0008389955791563103,"","","","","",""
7260,"2026-08-02 23:06:20.701589","train",21,0.37202391028404236,0.0008412657008125031,"","","","","",""
7260,"2026-08-02 23:06:36.813560","val",21,"","",0.7679344262295081,0.22611372563988413,0.6339601693151066,0.6946826758147513,0.73477493380406,0.7733859319427835
7280,"2026-08-02 23:06:48.448324","train",22,1.1652710437774658,0.0008435228793184748,"","","","","",""
7300,"2026-08-02 23:06:49.309132","train",22,0.3086497187614441,0.0008457670237370341,"","","","","",""
7320,"2026-08-02 23:06:50.151028","train",22,0.16490644216537476,0.0008479980436561075,"","","","","",""
7340,"2026-08-02 23:06:51.126114","train",22,0.3776920437812805,0.0008502158491923799,"","","","","",""
7360,"2026-08-02 23:06:51.939859","train",22,0.4661354422569275,0.0008524203509949187,"","","","","",""
7380,"2026-08-02 23:06:52.769727","train",22,0.08195957541465759,0.0008546114602487706,"","","","","",""
7400,"2026-08-02 23:06:53.778684","train",22,0.34828609228134155,0.0008567890886785426,"","","","","",""
7420,"2026-08-02 23:06:54.601058","train",22,0.27528831362724304,0.0008589531485519559,"","","","","",""
7440,"2026-08-02 23:06:55.479515","train",22,0.8049614429473877,0.000861103552683382,"","","","","",""
7460,"2026-08-02 23:06:56.262851","train",22,0.16817644238471985,0.0008632402144373552,"","","","","",""
7480,"2026-08-02 23:06:57.092681","train",22,1.0779409408569336,0.000865363047732062,"","","","","",""
7500,"2026-08-02 23:06:57.978974","train",22,0.6129119396209717,0.0008674719670428103,"","","","","",""
7520,"2026-08-02 23:06:58.966877","train",22,0.5316107273101807,0.0008695668874054737,"","","","","",""
7540,"2026-08-02 23:06:59.847999","train",22,0.09208375215530396,0.0008716477244199163,"","","","","",""
7560,"2026-08-02 23:07:00.647235","train",22,1.2610125541687012,0.0008737143942533916,"","","","","",""
7580,"2026-08-02 23:07:01.573409","train",22,0.811079740524292,0.0008757668136439201,"","","","","",""
7590,"2026-08-02 23:07:18.055197","val",22,"","",0.7938852459016393,0.2465088026328853,0.6811463465408368,0.7409948542024014,0.7266107678729038,0.8108935033469489
7600,"2026-08-02 23:07:29.247804","train",23,0.46496158838272095,0.0008778048999036446,"","","","","",""
7620,"2026-08-02 23:07:30.163402","train",23,0.5417473316192627,0.0008798285709221603,"","","","","",""
7640,"2026-08-02 23:07:31.039058","train",23,0.9075037240982056,0.0008818377451698242,"","","","","",""
7660,"2026-08-02 23:07:31.843160","train",23,0.35053151845932007,0.0008838323417010386,"","","","","",""
7680,"2026-08-02 23:07:32.656544","train",23,0.1723599135875702,0.0008858122801575133,"","","","","",""
7700,"2026-08-02 23:07:33.532664","train",23,0.7646763324737549,0.0008877774807715017,"","","","","",""
7720,"2026-08-02 23:07:34.377627","train",23,0.4456350803375244,0.0008897278643690159,"","","","","",""
7740,"2026-08-02 23:07:35.230050","train",23,0.2693369388580322,0.0008916633523730158,"","","","","",""
7760,"2026-08-02 23:07:36.220934","train",23,0.2530243992805481,0.0008935838668065746,"","","","","",""
7780,"2026-08-02 23:07:37.083698","train",23,0.5335118770599365,0.0008954893302960209,"","","","","",""
7800,"2026-08-02 23:07:37.965286","train",23,0.7019241452217102,0.0008973796660740552,"","","","","",""
7820,"2026-08-02 23:07:38.783479","train",23,1.0681647062301636,0.0008992547979828439,"","","","","",""
7840,"2026-08-02 23:07:39.601251","train",23,0.5749633312225342,0.0009011146504770858,"","","","","",""
7860,"2026-08-02 23:07:40.501535","train",23,1.2406458854675293,0.0009029591486270572,"","","","","",""
7880,"2026-08-02 23:07:41.316999","train",23,1.1173186302185059,0.0009047882181216303,"","","","","",""
7900,"2026-08-02 23:07:42.142824","train",23,0.3056585192680359,0.0009066017852712663,"","","","","",""
7920,"2026-08-02 23:07:42.980833","train",23,0.4185042679309845,0.0009083997770109851,"","","","","",""
7920,"2026-08-02 23:07:59.112125","val",23,"","",0.8050819672131148,0.2523949122053159,0.6967594198875858,0.7667238421955402,0.7714033539276257,0.8091074285181792
7940,"2026-08-02 23:08:10.610303","train",24,1.0322538614273071,0.0009101821209033087,"","","","","",""
7960,"2026-08-02 23:08:11.613243","train",24,0.9073873162269592,0.0009119487451411793,"","","","","",""
7980,"2026-08-02 23:08:12.480714","train",24,0.16358381509780884,0.0009136995785508522,"","","","","",""
8000,"2026-08-02 23:08:13.295164","train",24,1.0761051177978516,0.0009154345505947639,"","","","","",""
8020,"2026-08-02 23:08:14.299366","train",24,0.912985622882843,0.0009171535913743734,"","","","","",""
8040,"2026-08-02 23:08:15.195175","train",24,0.38162410259246826,0.0009188566316329779,"","","","","",""
8060,"2026-08-02 23:08:16.069687","train",24,1.079669713973999,0.0009205436027585041,"","","","","",""
8080,"2026-08-02 23:08:16.901902","train",24,2.361884593963623,0.0009222144367862716,"","","","","",""
8100,"2026-08-02 23:08:17.779797","train",24,0.2819530963897705,0.0009238690664017311,"","","","","",""
8120,"2026-08-02 23:08:18.615440","train",24,0.39969366788864136,0.0009255074249431767,"","","","","",""
8140,"2026-08-02 23:08:19.459009","train",24,0.7691357731819153,0.0009271294464044312,"","","","","",""
8160,"2026-08-02 23:08:20.318664","train",24,0.37196338176727295,0.0009287350654375061,"","","","","",""
8180,"2026-08-02 23:08:21.125298","train",24,0.194438174366951,0.0009303242173552332,"","","","","",""
8200,"2026-08-02 23:08:22.012973","train",24,0.33260253071784973,0.0009318968381338715,"","","","","",""
8220,"2026-08-02 23:08:22.841530","train",24,0.33918464183807373,0.0009334528644156868,"","","","","",""
8240,"2026-08-02 23:08:23.693555","train",24,0.07550860196352005,0.0009349922335115035,"","","","","",""
8250,"2026-08-02 23:08:40.243755","val",24,"","",0.7935901639344264,0.2433105900287914,0.6849628755811533,0.7135506003430532,0.7592674315975286,0.8035783620917266
8260,"2026-08-02 23:08:51.284620","train",25,0.2769167721271515,0.0009365148834032304,"","","","","",""
8280,"2026-08-02 23:08:52.131367","train",25,1.1309471130371094,0.00093802075274636,"","","","","",""
8300,"2026-08-02 23:08:53.029261","train",25,0.4168241322040558,0.0009395097808724389,"","","","","",""
8320,"2026-08-02 23:08:53.825940","train",25,0.38323667645454407,0.0009409819077915129,"","","","","",""
8340,"2026-08-02 23:08:54.680893","train",25,1.0531657934188843,0.0009424370741945435,"","","","","",""
8360,"2026-08-02 23:08:55.543818","train",25,0.2853201925754547,0.0009438752214557969,"","","","","",""
8380,"2026-08-02 23:08:56.438260","train",25,0.8823432922363281,0.000945296291635207,"","","","","",""
8400,"2026-08-02 23:08:57.292810","train",25,0.4920322895050049,0.0009467002274807086,"","","","","",""
8420,"2026-08-02 23:08:58.125523","train",25,0.9445419311523438,0.0009480869724305444,"","","","","",""
8440,"2026-08-02 23:08:59.066241","train",25,0.8276814818382263,0.0009494564706155443,"","","","","",""
8460,"2026-08-02 23:08:59.890568","train",25,1.1334617137908936,0.000950808666861375,"","","","","",""
8480,"2026-08-02 23:09:00.729458","train",25,0.5356723070144653,0.0009521435066907642,"","","","","",""
8500,"2026-08-02 23:09:01.762291","train",25,0.27233409881591797,0.0009534609363256944,"","","","","",""
8520,"2026-08-02 23:09:02.690572","train",25,1.6440883874893188,0.0009547609026895703,"","","","","",""
8540,"2026-08-02 23:09:03.532885","train",25,3.5635321140289307,0.0009560433534093561,"","","","","",""
8560,"2026-08-02 23:09:04.402603","train",25,0.14174246788024902,0.0009573082368176868,"","","","","",""
8580,"2026-08-02 23:09:05.177222","train",25,0.37337034940719604,0.0009585555019549487,"","","","","",""
8580,"2026-08-02 23:09:21.252774","val",25,"","",0.8029426229508196,0.26892803070272575,0.6955797654569427,0.7667238421955402,0.753530450132392,0.8120117415006134
8600,"2026-08-02 23:09:32.777217","train",26,0.8549991250038147,0.000959785098571333,"","","","","",""
8620,"2026-08-02 23:09:33.631321","train",26,0.24719208478927612,0.0009609969771288602,"","","","","",""
8640,"2026-08-02 23:09:34.444418","train",26,0.5715281367301941,0.0009621910888033758,"","","","","",""
8660,"2026-08-02 23:09:35.280345","train",26,0.3778005540370941,0.0009633673854865173,"","","","","",""
8680,"2026-08-02 23:09:36.174378","train",26,0.7926719188690186,0.0009645258197876525,"","","","","",""
8700,"2026-08-02 23:09:37.043136","train",26,1.5120689868927002,0.0009656663450357887,"","","","","",""
8720,"2026-08-02 23:09:37.869578","train",26,0.25996190309524536,0.000966788915281453,"","","","","",""
8740,"2026-08-02 23:09:38.740819","train",26,0.38293805718421936,0.0009678934852985432,"","","","","",""
8760,"2026-08-02 23:09:39.617485","train",26,0.32381927967071533,0.0009689800105861508,"","","","","",""
8780,"2026-08-02 23:09:40.517611","train",26,1.031631350517273,0.0009700484473703528,"","","","","",""
8800,"2026-08-02 23:09:41.320584","train",26,1.289802074432373,0.0009710987526059759,"","","","","",""
8820,"2026-08-02 23:09:42.154637","train",26,0.3318226933479309,0.0009721308839783304,"","","","","",""
8840,"2026-08-02 23:09:43.003786","train",26,1.2880125045776367,0.0009731447999049149,"","","","","",""
8860,"2026-08-02 23:09:43.829481","train",26,0.5173660516738892,0.0009741404595370919,"","","","","",""
8880,"2026-08-02 23:09:44.728782","train",26,0.6748433709144592,0.0009751178227617336,"","","","","",""
8900,"2026-08-02 23:09:45.637496","train",26,0.284809947013855,0.0009760768502028374,"","","","","",""
8910,"2026-08-02 23:10:02.054673","val",26,"","",0.7819590163934426,0.2495298196473013,0.6550551661924918,0.7272727272727273,0.748676081200353,0.7855778340348207
8920,"2026-08-02 23:10:13.181853","train",27,0.7597649097442627,0.0009770175032231124,"","","","","",""
8940,"2026-08-02 23:10:14.077366","train",27,0.8510077595710754,0.0009779397439255372,"","","","","",""
8960,"2026-08-02 23:10:14.942612","train",27,0.5760982632637024,0.0009788435351548845,"","","","","",""
8980,"2026-08-02 23:10:15.854675","train",27,0.757031261920929,0.0009797288404992202,"","","","","",""
9000,"2026-08-02 23:10:16.783498","train",27,2.6817359924316406,0.0009805956242913687,"","","","","",""
9020,"2026-08-02 23:10:17.670094","train",27,0.06718563288450241,0.000981443851610351,"","","","","",""
9040,"2026-08-02 23:10:18.512472","train",27,0.3802439570426941,0.0009822734882827912,"","","","","",""
9060,"2026-08-02 23:10:19.353841","train",27,0.4058920741081238,0.0009830845008842928,"","","","","",""
9080,"2026-08-02 23:10:20.292737","train",27,0.22285136580467224,0.0009838768567407862,"","","","","",""
9100,"2026-08-02 23:10:21.127253","train",27,0.5059014558792114,0.0009846505239298443,"","","","","",""
9120,"2026-08-02 23:10:21.947241","train",27,0.5400846600532532,0.0009854054712819691,"","","","","",""
9140,"2026-08-02 23:10:22.755764","train",27,0.16177645325660706,0.000986141668381847,"","","","","",""
9160,"2026-08-02 23:10:23.715399","train",27,0.9244173765182495,0.000986859085569575,"","","","","",""
9180,"2026-08-02 23:10:24.631896","train",27,0.7344902157783508,0.000987557693941854,"","","","","",""
9200,"2026-08-02 23:10:25.441464","train",27,0.135500967502594,0.0009882374653531554,"","","","","",""
9220,"2026-08-02 23:10:26.220479","train",27,0.1949537843465805,0.0009888983724168536,"","","","","",""
9240,"2026-08-02 23:10:26.976970","train",27,0.13260996341705322,0.0009895403885063292,"","","","","",""
9240,"2026-08-02 23:10:43.011909","val",27,"","",0.7991967213114755,0.287141060066919,0.6873221844424398,0.7478559176672385,0.7729479258605472,0.8009691397331759
9260,"2026-08-02 23:10:54.605590","train",28,0.8126300573348999,0.000990163487756043,"","","","","",""
9280,"2026-08-02 23:10:55.459752","train",28,0.2692572772502899,0.000990767645062577,"","","","","",""
9300,"2026-08-02 23:10:56.340816","train",28,0.2732134461402893,0.0009913528360856458,"","","","","",""
9320,"2026-08-02 23:10:57.135886","train",28,0.6086148619651794,0.0009919190372490777,"","","","","",""
9340,"2026-08-02 23:10:57.936195","train",28,0.47650787234306335,0.0009924662257417645,"","","","","",""
9360,"2026-08-02 23:10:58.852284","train",28,2.431989908218384,0.00099299437951858,"","","","","",""
9380,"2026-08-02 23:10:59.880497","train",28,0.2967984080314636,0.000993503477301269,"","","","","",""
9400,"2026-08-02 23:11:00.802116","train",28,1.0570096969604492,0.0009939934985793034,"","","","","",""
9420,"2026-08-02 23:11:01.634738","train",28,0.5314795970916748,0.0009944644236107097,"","","","","",""
9440,"2026-08-02 23:11:02.478948","train",28,0.058501631021499634,0.0009949162334228635,"","","","","",""
9460,"2026-08-02 23:11:03.289994","train",28,0.01963821053504944,0.0009953489098132543,"","","","","",""
9480,"2026-08-02 23:11:04.194517","train",28,0.47345298528671265,0.0009957624353502193,"","","","","",""
9500,"2026-08-02 23:11:05.039035","train",28,0.8755127787590027,0.0009961567933736441,"","","","","",""
9520,"2026-08-02 23:11:06.003369","train",28,0.699471116065979,0.0009965319679956358,"","","","","",""
9540,"2026-08-02 23:11:06.952713","train",28,0.3769378960132599,0.000996887944101162,"","","","","",""
9560,"2026-08-02 23:11:07.890292","train",28,0.045297808945178986,0.0009972247073486598,"","","","","",""
9570,"2026-08-02 23:11:24.459393","val",28,"","",0.7818278688524589,0.24900513200757002,0.6573450836166816,0.6912521440823327,0.7433804060017652,0.7929240374609782
9580,"2026-08-02 23:11:35.718349","train",29,0.8382900953292847,0.000997542244170614,"","","","","",""
9600,"2026-08-02 23:11:36.670903","train",29,0.6895099878311157,0.0009978405417741035,"","","","","",""
9620,"2026-08-02 23:11:37.521410","train",29,1.4818867444992065,0.0009981195881413165,"","","","","",""
9640,"2026-08-02 23:11:38.378267","train",29,1.0562794208526611,0.000998379372030035,"","","","","",""
9660,"2026-08-02 23:11:39.261494","train",29,0.5040823817253113,0.0009986198829740876,"","","","","",""
9680,"2026-08-02 23:11:40.139558","train",29,1.0688886642456055,0.000998841111283771,"","","","","",""
9700,"2026-08-02 23:11:40.958139","train",29,0.3430468440055847,0.0009990430480462408,"","","","","",""
9720,"2026-08-02 23:11:41.915659","train",29,0.18970686197280884,0.0009992256851258704,"","","","","",""
9740,"2026-08-02 23:11:42.850158","train",29,1.006557822227478,0.0009993890151645782,"","","","","",""
9760,"2026-08-02 23:11:43.726319","train",29,0.8612456321716309,0.0009995330315821247,"","","","","",""
9780,"2026-08-02 23:11:44.684016","train",29,0.2548348903656006,0.0009996577285763775,"","","","","",""
9800,"2026-08-02 23:11:45.599025","train",29,0.2842569053173065,0.0009997631011235454,"","","","","",""
9820,"2026-08-02 23:11:46.602559","train",29,0.1407807618379593,0.0009998491449783797,"","","","","",""
9840,"2026-08-02 23:11:47.493300","train",29,1.0064685344696045,0.0009999158566743461,"","","","","",""
9860,"2026-08-02 23:11:48.303177","train",29,0.5747171640396118,0.0009999632335237645,"","","","","",""
9880,"2026-08-02 23:11:49.148164","train",29,0.5963425040245056,0.0009999912736179167,"","","","","",""
9900,"2026-08-02 23:11:49.989611","train",29,0.13215351104736328,0.0009999999953760402,"","","","","",""
9900,"2026-08-02 23:12:05.923923","val",29,"","",0.8143032786885247,0.2988184394381954,0.716882936645618,0.7427101200686106,0.794792586054722,0.8187211704226008
9920,"2026-08-02 23:12:17.484767","train",30,0.12401092052459717,0.0009999979608350798,"","","","","",""
9940,"2026-08-02 23:12:18.299537","train",30,0.25909870862960815,0.0009999922271435838,"","","","","",""
9960,"2026-08-02 23:12:19.192891","train",30,0.2714114189147949,0.0009999827943439723,"","","","","",""
9980,"2026-08-02 23:12:20.042933","train",30,0.18656428158283234,0.0009999696625060323,"","","","","",""
10000,"2026-08-02 23:12:20.988481","train",30,0.12580576539039612,0.0009999528317269184,"","","","","",""
10020,"2026-08-02 23:12:21.868148","train",30,0.7673391103744507,0.00099993230213115,"","","","","",""
10040,"2026-08-02 23:12:22.744548","train",30,0.11678197234869003,0.000999908073870613,"","","","","",""
10060,"2026-08-02 23:12:23.615513","train",30,1.2087695598602295,0.0009998801471245568,"","","","","",""
10080,"2026-08-02 23:12:24.457830","train",30,2.4416215419769287,0.0009998485220995932,"","","","","",""
10100,"2026-08-02 23:12:25.259016","train",30,0.18485958874225616,0.0009998131990296957,"","","","","",""
10120,"2026-08-02 23:12:26.102970","train",30,0.19592222571372986,0.0009997741781761975,"","","","","",""
10140,"2026-08-02 23:12:26.939471","train",30,0.1763969361782074,0.0009997314598277885,"","","","","",""
10160,"2026-08-02 23:12:27.776693","train",30,0.1343493014574051,0.0009996850443005146,"","","","","",""
10180,"2026-08-02 23:12:28.629220","train",30,0.08940587192773819,0.0009996349319377745,"","","","","",""
10200,"2026-08-02 23:12:29.468172","train",30,0.14320185780525208,0.0009995811231103176,"","","","","",""
10220,"2026-08-02 23:12:30.336669","train",30,0.6246858239173889,0.0009995236182162412,"","","","","",""
10230,"2026-08-02 23:12:46.856208","val",30,"","",0.7862622950819672,0.2391225118428208,0.6667823190618277,0.7341337907375642,0.7416151809355693,0.7938093093326292
10240,"2026-08-02 23:12:58.296519","train",31,0.4699033498764038,0.0009994624176809872,"","","","","",""
10260,"2026-08-02 23:12:59.181771","train",31,0.3255273103713989,0.000999397521957339,"","","","","",""
10280,"2026-08-02 23:13:00.061910","train",31,0.3354565501213074,0.000999328931525419,"","","","","",""
10300,"2026-08-02 23:13:00.977922","train",31,0.30815210938453674,0.0009992566468926835,"","","","","",""
10320,"2026-08-02 23:13:01.845082","train",31,0.3864027261734009,0.0009991806685939206,"","","","","",""
10340,"2026-08-02 23:13:02.716674","train",31,0.2014964073896408,0.000999100997191245,"","","","","",""
10360,"2026-08-02 23:13:03.513795","train",31,0.9719446897506714,0.0009990176332740947,"","","","","",""
10380,"2026-08-02 23:13:04.347668","train",31,0.2893299460411072,0.000998930577459226,"","","","","",""
10400,"2026-08-02 23:13:05.280238","train",31,0.4732966423034668,0.000998839830390709,"","","","","",""
10420,"2026-08-02 23:13:06.098001","train",31,0.9984421730041504,0.0009987453927399231,"","","","","",""
10440,"2026-08-02 23:13:06.936909","train",31,0.21466302871704102,0.000998647265205553,"","","","","",""
10460,"2026-08-02 23:13:07.747384","train",31,0.7887963652610779,0.0009985454485135804,"","","","","",""
10480,"2026-08-02 23:13:08.593966","train",31,0.05094378441572189,0.000998439943417283,"","","","","",""
10500,"2026-08-02 23:13:09.541140","train",31,0.1358145773410797,0.000998330750697225,"","","","","",""
10520,"2026-08-02 23:13:10.465433","train",31,0.12673962116241455,0.0009982178711612538,"","","","","",""
10540,"2026-08-02 23:13:11.408421","train",31,0.06054204702377319,0.0009981013056444927,"","","","","",""
10560,"2026-08-02 23:13:12.152984","train",31,0.7439285516738892,0.0009979810550093354,"","","","","",""
10560,"2026-08-02 23:13:28.092533","val",31,"","",0.8037295081967213,0.25816523446168665,0.7055027409617654,0.7735849056603774,0.7751544571932922,0.8067001102707069
10580,"2026-08-02 23:13:39.728916","train",32,0.675629198551178,0.0009978571201454398,"","","","","",""
10600,"2026-08-02 23:13:40.766349","train",32,1.7860509157180786,0.0009977295019697205,"","","","","",""
10620,"2026-08-02 23:13:41.579523","train",32,0.23020441830158234,0.000997598201426343,"","","","","",""
10640,"2026-08-02 23:13:42.449145","train",32,1.3175835609436035,0.000997463219486716,"","","","","",""
10660,"2026-08-02 23:13:43.294318","train",32,0.545887291431427,0.0009973245571494845,"","","","","",""
10680,"2026-08-02 23:13:44.142332","train",32,0.8070164322853088,0.0009971822154405227,"","","","","",""
10700,"2026-08-02 23:13:45.052858","train",32,0.23921363055706024,0.0009970361954129258,"","","","","",""
10720,"2026-08-02 23:13:45.883962","train",32,0.7057725191116333,0.0009968864981470028,"","","","","",""
10740,"2026-08-02 23:13:46.694515","train",32,0.19129431247711182,0.0009967331247502677,"","","","","",""
10760,"2026-08-02 23:13:47.567572","train",32,0.23923981189727783,0.0009965760763574328,"","","","","",""
10780,"2026-08-02 23:13:48.458727","train",32,0.5379835963249207,0.0009964153541303982,"","","","","",""
10800,"2026-08-02 23:13:49.318920","train",32,0.47871074080467224,0.0009962509592582455,"","","","","",""
10820,"2026-08-02 23:13:50.185153","train",32,0.6921659708023071,0.000996082892957227,"","","","","",""
10840,"2026-08-02 23:13:51.044178","train",32,0.1658926010131836,0.0009959111564707575,"","","","","",""
10860,"2026-08-02 23:13:51.901056","train",32,0.3772621154785156,0.000995735751069406,"","","","","",""
10880,"2026-08-02 23:13:52.779814","train",32,0.9936604499816895,0.000995556678050885,"","","","","",""
10890,"2026-08-02 23:14:09.114993","val",32,"","",0.7970573770491803,0.2748833925158829,0.6767052945666505,0.7478559176672384,0.7519858781994704,0.8050848773820803
10900,"2026-08-02 23:14:20.189578","train",33,0.19537782669067383,0.000995373938740041,"","","","","",""
10920,"2026-08-02 23:14:21.068126","train",33,0.19459205865859985,0.0009951875344888454,"","","","","",""
10940,"2026-08-02 23:14:22.000623","train",33,0.5028162598609924,0.000994997466676384,"","","","","",""
10960,"2026-08-02 23:14:22.861571","train",33,0.18953832983970642,0.0009948037367088474,"","","","","",""
10980,"2026-08-02 23:14:23.768467","train",33,2.3039896488189697,0.0009946063460195196,"","","","","",""
11000,"2026-08-02 23:14:24.718420","train",33,0.13857640326023102,0.000994405296068768,"","","","","",""
11020,"2026-08-02 23:14:25.520276","train",33,1.4668552875518799,0.0009942005883440332,"","","","","",""
11040,"2026-08-02 23:14:26.315656","train",33,1.2800350189208984,0.0009939922243598163,"","","","","",""
11060,"2026-08-02 23:14:27.227149","train",33,0.5131268501281738,0.0009937802056576694,"","","","","",""
11080,"2026-08-02 23:14:28.057002","train",33,1.9908413887023926,0.0009935645338061834,"","","","","",""
11100,"2026-08-02 23:14:28.895807","train",33,1.1177709102630615,0.0009933452104009765,"","","","","",""
11120,"2026-08-02 23:14:29.773387","train",33,1.0932607650756836,0.0009931222370646823,"","","","","",""
11140,"2026-08-02 23:14:30.611068","train",33,0.05792007967829704,0.0009928956154469381,"","","","","",""
11160,"2026-08-02 23:14:31.438464","train",33,0.1537298858165741,0.0009926653472243723,"","","","","",""
11180,"2026-08-02 23:14:32.236938","train",33,0.11672747135162354,0.000992431434100592,"","","","","",""
11200,"2026-08-02 23:14:33.068129","train",33,0.27725327014923096,0.0009921938778061719,"","","","","",""
11220,"2026-08-02 23:14:33.919050","train",33,0.06376820057630539,0.0009919526800986382,"","","","","",""
11220,"2026-08-02 23:14:50.049326","val",33,"","",0.8048852459016393,0.2920323660524375,0.6960655055166193,0.7478559176672385,0.7744924977934686,0.8090142420053738
11240,"2026-08-02 23:15:01.596778","train",34,0.44960543513298035,0.0009917078427624589,"","","","","",""
11260,"2026-08-02 23:15:02.473384","train",34,1.2791725397109985,0.0009914593676090288,"","","","","",""
11280,"2026-08-02 23:15:03.297364","train",34,1.0876353979110718,0.0009912072564766572,"","","","","",""
11300,"2026-08-02 23:15:04.125655","train",34,0.42036163806915283,0.0009909515112305528,"","","","","",""
11320,"2026-08-02 23:15:04.938634","train",34,0.18158674240112305,0.0009906921337628112,"","","","","",""
11340,"2026-08-02 23:15:05.739655","train",34,0.740149199962616,0.0009904291259924011,"","","","","",""
11360,"2026-08-02 23:15:06.579624","train",34,2.3335695266723633,0.000990162489865148,"","","","","",""
11380,"2026-08-02 23:15:07.570965","train",34,0.12916511297225952,0.0009898922273537227,"","","","","",""
11400,"2026-08-02 23:15:08.380374","train",34,0.14705368876457214,0.0009896183404576248,"","","","","",""
11420,"2026-08-02 23:15:09.256671","train",34,0.32055819034576416,0.0009893408312031682,"","","","","",""
11440,"2026-08-02 23:15:10.198349","train",34,0.1249876394867897,0.0009890597016434667,"","","","","",""
11460,"2026-08-02 23:15:11.065988","train",34,1.5678253173828125,0.000988774953858418,"","","","","",""
11480,"2026-08-02 23:15:11.940523","train",34,0.8996906876564026,0.000988486589954689,"","","","","",""
11500,"2026-08-02 23:15:12.840963","train",34,0.6269975900650024,0.0009881946120657002,"","","","","",""
11520,"2026-08-02 23:15:13.679150","train",34,0.34243476390838623,0.000987899022351609,"","","","","",""
11540,"2026-08-02 23:15:14.521603","train",34,0.10019847005605698,0.000987599822999295,"","","","","",""
11550,"2026-08-02 23:15:31.115450","val",34,"","",0.807795081967213,0.27809319614851835,0.7179931996391645,0.7427101200686106,0.7592674315975287,0.8191249786447574
11560,"2026-08-02 23:15:42.422492","train",35,0.7550206184387207,0.0009872970162223427,"","","","","",""
11580,"2026-08-02 23:15:43.283878","train",35,0.3805854320526123,0.0009869906042610263,"","","","","",""
11600,"2026-08-02 23:15:44.191117","train",35,1.0128368139266968,0.0009866805893822919,"","","","","",""
11620,"2026-08-02 23:15:45.061838","train",35,0.15966206789016724,0.0009863669738797412,"","","","","",""
11640,"2026-08-02 23:15:45.949709","train",35,1.2150334119796753,0.0009860497600736153,"","","","","",""
11660,"2026-08-02 23:15:46.792168","train",35,0.7984946966171265,0.000985728950310776,"","","","","",""
11680,"2026-08-02 23:15:47.639100","train",35,0.1288132220506668,0.0009854045469646897,"","","","","",""
11700,"2026-08-02 23:15:48.448207","train",35,0.49964451789855957,0.0009850765524354096,"","","","","",""
11720,"2026-08-02 23:15:49.468513","train",35,0.5891551375389099,0.0009847449691495576,"","","","","",""
11740,"2026-08-02 23:15:50.390547","train",35,0.19478371739387512,0.0009844097995603063,"","","","","",""
11760,"2026-08-02 23:15:51.262411","train",35,0.8217403888702393,0.0009840710461473615,"","","","","",""
11780,"2026-08-02 23:15:52.216922","train",35,1.0924627780914307,0.0009837287114169428,"","","","","",""
11800,"2026-08-02 23:15:53.063551","train",35,0.36036044359207153,0.0009833827979017667,"","","","","",""
11820,"2026-08-02 23:15:53.931160","train",35,0.5199699997901917,0.0009830333081610257,"","","","","",""
11840,"2026-08-02 23:15:54.868238","train",35,0.5650892853736877,0.0009826802447803712,"","","","","",""
11860,"2026-08-02 23:15:55.759860","train",35,0.41032183170318604,0.0009823236103718932,"","","","","",""
11880,"2026-08-02 23:15:56.528575","train",35,1.7362867593765259,0.0009819634075741023,"","","","","",""
11880,"2026-08-02 23:16:13.047507","val",35,"","",0.8242950819672131,0.30268419441128097,0.7396433280133231,0.7873070325900515,0.8051632833186231,0.8262382157889016
11900,"2026-08-02 23:16:24.901998","train",36,0.15412616729736328,0.000981599639051908,"","","","","",""
11920,"2026-08-02 23:16:25.799604","train",36,0.4448978900909424,0.0009812323074966018,"","","","","",""
11940,"2026-08-02 23:16:26.622766","train",36,0.3283589482307434,0.000980861415625835,"","","","","",""
11960,"2026-08-02 23:16:27.557669","train",36,0.3200136423110962,0.0009804869661835989,"","","","","",""
11980,"2026-08-02 23:16:28.373396","train",36,0.0999951958656311,0.0009801089619402062,"","","","","",""
12000,"2026-08-02 23:16:29.228866","train",36,0.14086224138736725,0.0009797274056922685,"","","","","",""
12020,"2026-08-02 23:16:30.187544","train",36,0.10304484516382217,0.0009793423002626767,"","","","","",""
12040,"2026-08-02 23:16:31.086584","train",36,0.5289285778999329,0.0009789536485005795,"","","","","",""
12060,"2026-08-02 23:16:31.943173","train",36,0.8621313571929932,0.0009785614532813632,"","","","","",""
12080,"2026-08-02 23:16:32.772703","train",36,0.5385740399360657,0.000978165717506629,"","","","","",""
12100,"2026-08-02 23:16:33.633573","train",36,0.23502057790756226,0.0009777664441041735,"","","","","",""
12120,"2026-08-02 23:16:34.614981","train",36,1.6658720970153809,0.0009773636360279653,"","","","","",""
12140,"2026-08-02 23:16:35.453504","train",36,0.2955479919910431,0.0009769572962581236,"","","","","",""
12160,"2026-08-02 23:16:36.376392","train",36,0.6080625653266907,0.000976547427800897,"","","","","",""
12180,"2026-08-02 23:16:37.261401","train",36,0.5464379191398621,0.00097613403368864,"","","","","",""
12200,"2026-08-02 23:16:38.083004","train",36,1.0828579664230347,0.0009757171169797916,"","","","","",""
12210,"2026-08-02 23:16:54.732858","val",36,"","",0.8198934426229508,0.2932179247386253,0.7236832974810908,0.7924528301886793,0.7923654015887025,0.8223243822510755
12220,"2026-08-02 23:17:05.985072","train",37,0.47941210865974426,0.0009752966807588519,"","","","","",""
12240,"2026-08-02 23:17:06.843780","train",37,2.2285892963409424,0.0009748727281363598,"","","","","",""
12260,"2026-08-02 23:17:07.693528","train",37,0.8902695775032043,0.0009744452622488699,"","","","","",""
12280,"2026-08-02 23:17:08.642969","train",37,0.12612442672252655,0.0009740142862589289,"","","","","",""
12300,"2026-08-02 23:17:09.463371","train",37,0.1626402884721756,0.0009735798033550528,"","","","","",""
12320,"2026-08-02 23:17:10.429312","train",37,1.167019248008728,0.0009731418167517028,"","","","","",""
12340,"2026-08-02 23:17:11.291305","train",37,0.5883691310882568,0.000972700329689262,"","","","","",""
12360,"2026-08-02 23:17:12.114254","train",37,0.8233927488327026,0.0009722553454340109,"","","","","",""
12380,"2026-08-02 23:17:13.005967","train",37,0.9425824880599976,0.0009718068672781036,"","","","","",""
12400,"2026-08-02 23:17:13.852877","train",37,1.0702438354492188,0.0009713548985395432,"","","","","",""
12420,"2026-08-02 23:17:14.875656","train",37,0.26330822706222534,0.0009708994425621578,"","","","","",""
12440,"2026-08-02 23:17:15.674238","train",37,0.19490155577659607,0.0009704405027155748,"","","","","",""
12460,"2026-08-02 23:17:16.504808","train",37,0.42859864234924316,0.0009699780823951968,"","","","","",""
12480,"2026-08-02 23:17:17.450966","train",37,1.2723256349563599,0.0009695121850221765,"","","","","",""
12500,"2026-08-02 23:17:18.286613","train",37,0.4811028838157654,0.0009690428140433901,"","","","","",""
12520,"2026-08-02 23:17:19.110057","train",37,0.6327868700027466,0.0009685699729314143,"","","","","",""
12540,"2026-08-02 23:17:19.966567","train",37,0.13943980634212494,0.0009680936651844978,"","","","","",""
12540,"2026-08-02 23:17:36.521348","val",37,"","",0.8137131147540984,0.29593801716897444,0.7155644993407814,0.7787307032590052,0.7899382171226831,0.816407038687934
12560,"2026-08-02 23:17:48.261652","train",38,0.21210816502571106,0.0009676138943265374,"","","","","",""
12580,"2026-08-02 23:17:49.233709","train",38,0.7417392134666443,0.0009671306639070506,"","","","","",""
12600,"2026-08-02 23:17:50.209106","train",38,0.351156085729599,0.0009666439775011509,"","","","","",""
12620,"2026-08-02 23:17:51.133864","train",38,0.10947855561971664,0.0009661538387095197,"","","","","",""
12640,"2026-08-02 23:17:51.939948","train",38,0.8495867848396301,0.0009656602511583806,"","","","","",""
12660,"2026-08-02 23:17:52.859343","train",38,0.40656521916389465,0.0009651632184994726,"","","","","",""
12680,"2026-08-02 23:17:53.690054","train",38,0.7930846214294434,0.0009646627444100225,"","","","","",""
12700,"2026-08-02 23:17:54.547487","train",38,0.48712992668151855,0.0009641588325927184,"","","","","",""
12720,"2026-08-02 23:17:55.373601","train",38,0.5596696734428406,0.0009636514867756814,"","","","","",""
12740,"2026-08-02 23:17:56.209311","train",38,0.2616267502307892,0.0009631407107124391,"","","","","",""
12760,"2026-08-02 23:17:57.131266","train",38,0.3623175024986267,0.0009626265081818975,"","","","","",""
12780,"2026-08-02 23:17:58.063611","train",38,0.6313597559928894,0.0009621088829883118,"","","","","",""
12800,"2026-08-02 23:17:58.992325","train",38,0.8168846964836121,0.0009615878389612605,"","","","","",""
12820,"2026-08-02 23:17:59.844875","train",38,0.2931769788265228,0.0009610633799556149,"","","","","",""
12840,"2026-08-02 23:18:00.687362","train",38,0.34108129143714905,0.0009605355098515122,"","","","","",""
12860,"2026-08-02 23:18:01.531996","train",38,0.585189163684845,0.000960004232554326,"","","","","",""
12870,"2026-08-02 23:18:18.082365","val",38,"","",0.8095655737704918,0.28536910241671976,0.7089029213795017,0.7598627787307033,0.7771403353927625,0.8172767794741175
12880,"2026-08-02 23:18:29.378796","train",39,1.014618992805481,0.0009594695519946373,"","","","","",""
12900,"2026-08-02 23:18:30.297074","train",39,0.4477418065071106,0.0009589314721282059,"","","","","",""
12920,"2026-08-02 23:18:31.111350","train",39,0.16813790798187256,0.0009583899969359406,"","","","","",""
12940,"2026-08-02 23:18:31.957263","train",39,1.423142671585083,0.0009578451304238705,"","","","","",""
12960,"2026-08-02 23:18:32.813582","train",39,0.47784876823425293,0.0009572968766231145,"","","","","",""
12980,"2026-08-02 23:18:33.689904","train",39,0.2584010064601898,0.0009567452395898524,"","","","","",""
13000,"2026-08-02 23:18:34.586033","train",39,0.23383183777332306,0.0009561902234052934,"","","","","",""
13020,"2026-08-02 23:18:35.475816","train",39,0.19777986407279968,0.000955631832175648,"","","","","",""
13040,"2026-08-02 23:18:36.329379","train",39,0.4555136263370514,0.0009550700700320959,"","","","","",""
13060,"2026-08-02 23:18:37.160633","train",39,0.17619407176971436,0.0009545049411307559,"","","","","",""
13080,"2026-08-02 23:18:38.036033","train",39,0.47724491357803345,0.000953936449652656,"","","","","",""
13100,"2026-08-02 23:18:38.928047","train",39,1.0113428831100464,0.0009533645998037009,"","","","","",""
13120,"2026-08-02 23:18:39.786993","train",39,0.1144932359457016,0.0009527893958146422,"","","","","",""
13140,"2026-08-02 23:18:40.665915","train",39,0.41947615146636963,0.0009522108419410466,"","","","","",""
13160,"2026-08-02 23:18:41.490276","train",39,0.8688061237335205,0.0009516289424632647,"","","","","",""
13180,"2026-08-02 23:18:42.356821","train",39,0.4165142774581909,0.0009510437016863984,"","","","","",""
13200,"2026-08-02 23:18:43.161415","train",39,1.2885048389434814,0.0009504551239402702,"","","","","",""
13200,"2026-08-02 23:18:59.748182","val",39,"","",0.8222131147540983,0.2863389537749759,0.7402678509471932,0.7838765008576329,0.7870697263901147,0.8317051578734838
13220,"2026-08-02 23:19:11.585513","train",40,0.3507547676563263,0.0009498632135793907,"","","","","",""
13240,"2026-08-02 23:19:12.429484","train",40,1.7171869277954102,0.0009492679749829264,"","","","","",""
13260,"2026-08-02 23:19:13.263331","train",40,0.7791752219200134,0.0009486694125546672,"","","","","",""
13280,"2026-08-02 23:19:14.108014","train",40,0.316670686006546,0.000948067530722994,"","","","","",""
13300,"2026-08-02 23:19:14.971710","train",40,0.7668604850769043,0.0009474623339408456,"","","","","",""
13320,"2026-08-02 23:19:15.960243","train",40,1.1146490573883057,0.0009468538266856862,"","","","","",""
13340,"2026-08-02 23:19:16.956000","train",40,0.1861291229724884,0.0009462420134594722,"","","","","",""
13360,"2026-08-02 23:19:17.837629","train",40,0.819003164768219,0.0009456268987886185,"","","","","",""
13380,"2026-08-02 23:19:18.645494","train",40,0.8254976272583008,0.0009450084872239655,"","","","","",""
13400,"2026-08-02 23:19:19.511500","train",40,0.22235824167728424,0.000944386783340745,"","","","","",""
13420,"2026-08-02 23:19:20.411854","train",40,0.16038468480110168,0.0009437617917385465,"","","","","",""
13440,"2026-08-02 23:19:21.239580","train",40,0.3852343261241913,0.0009431335170412836,"","","","","",""
13460,"2026-08-02 23:19:22.331674","train",40,0.17820954322814941,0.0009425019638971592,"","","","","",""
13480,"2026-08-02 23:19:23.270976","train",40,0.6321874856948853,0.0009418671369786314,"","","","","",""
13500,"2026-08-02 23:19:24.254032","train",40,0.5855376720428467,0.0009412290409823789,"","","","","",""
13520,"2026-08-02 23:19:25.247507","train",40,1.6110363006591797,0.0009405876806292657,"","","","","",""
13530,"2026-08-02 23:19:42.184021","val",40,"","",0.7707704918032787,0.23093469532765665,0.63222538338769,0.7015437392795884,0.7515445719329216,0.7793343376768602
13540,"2026-08-02 23:19:53.495906","train",41,0.23122529685497284,0.0009399430606643075,"","","","","",""
13560,"2026-08-02 23:19:54.357223","train",41,0.6832490563392639,0.0009392951858566352,"","","","","",""
13580,"2026-08-02 23:19:55.246761","train",41,0.24450227618217468,0.0009386440609994606,"","","","","",""
13600,"2026-08-02 23:19:56.177965","train",41,0.18260198831558228,0.0009379896909100403,"","","","","",""
13620,"2026-08-02 23:19:57.152932","train",41,0.716478705406189,0.0009373320804296402,"","","","","",""
13640,"2026-08-02 23:19:57.982076","train",41,1.2732173204421997,0.0009366712344235001,"","","","","",""
13660,"2026-08-02 23:19:59.015002","train",41,0.19334550201892853,0.000936007157780797,"","","","","",""
13680,"2026-08-02 23:20:00.049813","train",41,0.38175517320632935,0.0009353398554146096,"","","","","",""
13700,"2026-08-02 23:20:00.998337","train",41,0.5024620294570923,0.0009346693322618817,"","","","","",""
13720,"2026-08-02 23:20:01.812013","train",41,0.453095942735672,0.0009339955932833856,"","","","","",""
13740,"2026-08-02 23:20:02.621580","train",41,0.23671001195907593,0.0009333186434636852,"","","","","",""
13760,"2026-08-02 23:20:03.485901","train",41,0.742506742477417,0.0009326384878110994,"","","","","",""
13780,"2026-08-02 23:20:04.356983","train",41,0.8084617257118225,0.0009319551313576655,"","","","","",""
13800,"2026-08-02 23:20:05.194750","train",41,0.17961162328720093,0.000931268579159101,"","","","","",""
13820,"2026-08-02 23:20:06.031277","train",41,0.13941121101379395,0.0009305788362947666,"","","","","",""
13840,"2026-08-02 23:20:06.900495","train",41,1.5487048625946045,0.000929885907867629,"","","","","",""
13860,"2026-08-02 23:20:07.889614","train",41,0.9828543663024902,0.0009291897990042229,"","","","","",""
13860,"2026-08-02 23:20:24.421018","val",41,"","",0.8137950819672131,0.2970000934365916,0.715842065089168,0.7478559176672384,0.7755957634598412,0.8233339028064671
13880,"2026-08-02 23:20:36.728437","train",42,0.22739122807979584,0.0009284905148546127,"","","","","",""
13900,"2026-08-02 23:20:37.767762","train",42,1.0936672687530518,0.0009277880605923551,"","","","","",""
13920,"2026-08-02 23:20:38.734976","train",42,0.5582101345062256,0.0009270824414144598,"","","","","",""
13940,"2026-08-02 23:20:39.725277","train",42,0.5905659794807434,0.0009263736625413523,"","","","","",""
13960,"2026-08-02 23:20:40.632057","train",42,0.059445299208164215,0.0009256617292168344,"","","","","",""
13980,"2026-08-02 23:20:41.620885","train",42,0.11088689416646957,0.0009249466467080459,"","","","","",""
14000,"2026-08-02 23:20:42.716963","train",42,0.030458882451057434,0.0009242284203054251,"","","","","",""
14020,"2026-08-02 23:20:43.810650","train",42,2.8195881843566895,0.0009235070553226701,"","","","","",""
14040,"2026-08-02 23:20:44.811311","train",42,0.29352378845214844,0.0009227825570966992,"","","","","",""
14060,"2026-08-02 23:20:45.741538","train",42,0.07800120115280151,0.000922054930987612,"","","","","",""
14080,"2026-08-02 23:20:46.595694","train",42,0.38567882776260376,0.0009213241823786488,"","","","","",""
14100,"2026-08-02 23:20:47.611747","train",42,0.3491901159286499,0.0009205903166761517,"","","","","",""
14120,"2026-08-02 23:20:48.629085","train",42,0.2502985894680023,0.0009198533393095235,"","","","","",""
14140,"2026-08-02 23:20:49.620705","train",42,0.29218438267707825,0.0009191132557311893,"","","","","",""
14160,"2026-08-02 23:20:50.656834","train",42,0.26683545112609863,0.000918370071416554,"","","","","",""
14180,"2026-08-02 23:20:51.521269","train",42,0.18995758891105652,0.0009176237918639635,"","","","","",""
14190,"2026-08-02 23:21:08.956689","val",42,"","",0.8221065573770493,0.31109374759393615,0.7440149885504129,0.7444253859348199,0.7742718446601942,0.8415208038889839
14200,"2026-08-02 23:21:20.441886","train",43,0.4586382508277893,0.0009168744225946633,"","","","","",""
14220,"2026-08-02 23:21:21.390729","train",43,1.4663338661193848,0.0009161219691527575,"","","","","",""
14240,"2026-08-02 23:21:22.356200","train",43,0.8710964322090149,0.0009153664371051681,"","","","","",""
14260,"2026-08-02 23:21:23.254773","train",43,0.33577388525009155,0.0009146078320415942,"","","","","",""
14280,"2026-08-02 23:21:24.152719","train",43,0.32587307691574097,0.0009138461595744694,"","","","","",""
14300,"2026-08-02 23:21:25.203436","train",43,0.287061870098114,0.0009130814253389216,"","","","","",""
14320,"2026-08-02 23:21:26.188454","train",43,0.8557727336883545,0.0009123136349927306,"","","","","",""
14340,"2026-08-02 23:21:26.997840","train",43,0.3600315749645233,0.0009115427942162865,"","","","","",""
14360,"2026-08-02 23:21:27.901144","train",43,0.8433000445365906,0.0009107689087125475,"","","","","",""
14380,"2026-08-02 23:21:28.744923","train",43,1.1314605474472046,0.0009099919842069977,"","","","","",""
14400,"2026-08-02 23:21:29.570637","train",43,1.5858204364776611,0.0009092120264476049,"","","","","",""
14420,"2026-08-02 23:21:30.481594","train",43,0.7699074745178223,0.0009084290412047783,"","","","","",""
14440,"2026-08-02 23:21:31.490432","train",43,0.17542821168899536,0.000907643034271325,"","","","","",""
14460,"2026-08-02 23:21:32.438814","train",43,0.5074885487556458,0.0009068540114624081,"","","","","",""
14480,"2026-08-02 23:21:33.362392","train",43,0.283565491437912,0.0009060619786155029,"","","","","",""
14500,"2026-08-02 23:21:34.168813","train",43,0.4840938448905945,0.0009052669415903542,"","","","","",""
14520,"2026-08-02 23:21:35.014484","train",43,0.3061419427394867,0.0009044689062689329,"","","","","",""
14520,"2026-08-02 23:21:51.834963","val",43,"","",0.8107049180327868,0.29218629918878836,0.7157032822149747,0.7684391080617496,0.7897175639894087,0.8205849006787085
14540,"2026-08-02 23:22:03.305491","train",44,0.7368080019950867,0.0009036678785553922,"","","","","",""
14560,"2026-08-02 23:22:04.142587","train",44,0.7730344533920288,0.0009028638643760243,"","","","","",""
14580,"2026-08-02 23:22:04.994018","train",44,0.15903204679489136,0.0009020568696792159,"","","","","",""
14600,"2026-08-02 23:22:05.960837","train",44,1.1137534379959106,0.0009012469004354052,"","","","","",""
14620,"2026-08-02 23:22:06.878308","train",44,0.7661352157592773,0.0009004339626370371,"","","","","",""
14640,"2026-08-02 23:22:07.674549","train",44,0.7562454342842102,0.0008996180622985184,"","","","","",""
14660,"2026-08-02 23:22:08.586803","train",44,0.33162569999694824,0.0008987992054561744,"","","","","",""
14680,"2026-08-02 23:22:09.553963","train",44,0.19703224301338196,0.0008979773981682035,"","","","","",""
14700,"2026-08-02 23:22:10.389972","train",44,0.36201635003089905,0.0008971526465146324,"","","","","",""
14720,"2026-08-02 23:22:11.310290","train",44,0.16724207997322083,0.0008963249565972717,"","","","","",""
14740,"2026-08-02 23:22:12.100212","train",44,0.5837388038635254,0.0008954943345396698,"","","","","",""
14760,"2026-08-02 23:22:13.014539","train",44,0.3142493963241577,0.0008946607864870686,"","","","","",""
14780,"2026-08-02 23:22:13.918993","train",44,0.07624083757400513,0.0008938243186063572,"","","","","",""
14800,"2026-08-02 23:22:14.768090","train",44,0.8045324683189392,0.000892984937086027,"","","","","",""
14820,"2026-08-02 23:22:15.604445","train",44,0.20402388274669647,0.0008921426481361253,"","","","","",""
14840,"2026-08-02 23:22:16.411328","train",44,1.700956106185913,0.0008912974579882096,"","","","","",""
14850,"2026-08-02 23:22:33.037465","val",44,"","",0.8190081967213115,0.2981969031371423,0.7429047255568663,0.7701543739279588,0.778243601059135,0.8280242906176714
14860,"2026-08-02 23:22:44.097528","train",45,0.10000725090503693,0.0008904493728953018,"","","","","",""
14880,"2026-08-02 23:22:44.995430","train",45,0.17169450223445892,0.0008895983991318411,"","","","","",""
14900,"2026-08-02 23:22:45.888033","train",45,0.4363032579421997,0.0008887445429936388,"","","","","",""
14920,"2026-08-02 23:22:46.693417","train",45,0.6673920154571533,0.0008878878107978304,"","","","","",""
14940,"2026-08-02 23:22:47.573917","train",45,0.8450227975845337,0.0008870282088828301,"","","","","",""
14960,"2026-08-02 23:22:48.508352","train",45,0.1289835274219513,0.000886165743608283,"","","","","",""
14980,"2026-08-02 23:22:49.453573","train",45,0.38574203848838806,0.0008853004213550183,"","","","","",""
15000,"2026-08-02 23:22:50.285033","train",45,0.4582419991493225,0.0008844322485250022,"","","","","",""
15020,"2026-08-02 23:22:51.191969","train",45,0.5582239627838135,0.0008835612315412907,"","","","","",""
15040,"2026-08-02 23:22:52.011910","train",45,0.106083944439888,0.0008826873768479818,"","","","","",""
15060,"2026-08-02 23:22:52.863075","train",45,0.23970356583595276,0.0008818106909101677,"","","","","",""
15080,"2026-08-02 23:22:53.732709","train",45,0.06407786905765533,0.0008809311802138875,"","","","","",""
15100,"2026-08-02 23:22:54.668526","train",45,2.064448833465576,0.0008800488512660785,"","","","","",""
15120,"2026-08-02 23:22:55.542927","train",45,0.12245549261569977,0.0008791637105945286,"","","","","",""
15140,"2026-08-02 23:22:56.446216","train",45,1.134300947189331,0.0008782757647478281,"","","","","",""
15160,"2026-08-02 23:22:57.289795","train",45,0.6271312236785889,0.0008773850202953205,"","","","","",""
15180,"2026-08-02 23:22:58.065475","train",45,0.5263102650642395,0.000876491483827055,"","","","","",""
15180,"2026-08-02 23:23:14.211583","val",45,"","",0.8166721311475409,0.2853568819030899,0.7352022760391368,0.7547169811320755,0.7760370697263901,0.8286610651218415
15200,"2026-08-02 23:23:26.035959","train",46,0.28096163272857666,0.0008755951619537365,"","","","","",""
15220,"2026-08-02 23:23:26.933735","train",46,0.37585681676864624,0.0008746960613066779,"","","","","",""
15240,"2026-08-02 23:23:27.811323","train",46,0.08518737554550171,0.0008737941885377502,"","","","","",""
15260,"2026-08-02 23:23:28.678679","train",46,0.4421365261077881,0.0008728895503193332,"","","","","",""
15280,"2026-08-02 23:23:29.497570","train",46,1.8735325336456299,0.0008719821533442674,"","","","","",""
15300,"2026-08-02 23:23:30.338105","train",46,0.31590431928634644,0.0008710720043258027,"","","","","",""
15320,"2026-08-02 23:23:31.269359","train",46,1.035775899887085,0.0008701591099975499,"","","","","",""
15340,"2026-08-02 23:23:32.284052","train",46,0.03759381175041199,0.000869243477113431,"","","","","",""
15360,"2026-08-02 23:23:33.171292","train",46,0.035289861261844635,0.0008683251124476282,"","","","","",""
15380,"2026-08-02 23:23:33.968101","train",46,0.5820469856262207,0.0008674040227945346,"","","","","",""
15400,"2026-08-02 23:23:34.845147","train",46,0.7461436986923218,0.0008664802149687042,"","","","","",""
15420,"2026-08-02 23:23:35.755078","train",46,0.4959336221218109,0.0008655536958048002,"","","","","",""
15440,"2026-08-02 23:23:36.625017","train",46,0.6852640509605408,0.0008646244721575461,"","","","","",""
15460,"2026-08-02 23:23:37.536266","train",46,0.7395032644271851,0.0008636925509016732,"","","","","",""
15480,"2026-08-02 23:23:38.349730","train",46,0.1264619529247284,0.0008627579389318718,"","","","","",""
15500,"2026-08-02 23:23:39.229014","train",46,0.7090102434158325,0.0008618206431627382,"","","","","",""
15510,"2026-08-02 23:24:01.882019","val",46,"","",0.8156967213114753,0.3096485392149298,0.7370758448407466,0.7650085763293311,0.766548984995587,0.8333825151039806
15520,"2026-08-02 23:24:14.582856","train",47,1.2904105186462402,0.0008608806705287248,"","","","","",""
15540,"2026-08-02 23:24:15.401943","train",47,0.6159961819648743,0.0008599380279840882,"","","","","",""
15560,"2026-08-02 23:24:16.358926","train",47,0.6806133985519409,0.0008589927225028383,"","","","","",""
15580,"2026-08-02 23:24:17.471907","train",47,0.9092587828636169,0.000858044761078686,"","","","","",""
15600,"2026-08-02 23:24:18.356910","train",47,0.22382207214832306,0.000857094150724992,"","","","","",""
15620,"2026-08-02 23:24:19.350091","train",47,0.6584271192550659,0.0008561408984747147,"","","","","",""
15640,"2026-08-02 23:24:20.366082","train",47,0.27958929538726807,0.0008551850113803583,"","","","","",""
15660,"2026-08-02 23:24:21.247710","train",47,0.1255960762500763,0.0008542264965139202,"","","","","",""
15680,"2026-08-02 23:24:22.167541","train",47,0.565402090549469,0.0008532653609668395,"","","","","",""
15700,"2026-08-02 23:24:23.272734","train",47,0.09463170170783997,0.0008523016118499437,"","","","","",""
15720,"2026-08-02 23:24:24.284121","train",47,1.1842443943023682,0.0008513352562933966,"","","","","",""
15740,"2026-08-02 23:24:25.366002","train",47,0.2938618063926697,0.0008503663014466452,"","","","","",""
15760,"2026-08-02 23:24:26.426038","train",47,0.3228687644004822,0.0008493947544783672,"","","","","",""
15780,"2026-08-02 23:24:27.461819","train",47,0.917931854724884,0.0008484206225764174,"","","","","",""
15800,"2026-08-02 23:24:28.422397","train",47,0.8018671870231628,0.0008474439129477756,"","","","","",""
15820,"2026-08-02 23:24:29.404306","train",47,0.04581402242183685,0.0008464646328184915,"","","","","",""
15840,"2026-08-02 23:24:30.412968","train",47,1.1234126091003418,0.0008454827894336333,"","","","","",""
15840,"2026-08-02 23:24:49.751718","val",47,"","",0.8196229508196721,0.30319234622189145,0.7490805634584692,0.7307032590051458,0.767431597528685,0.8386786152484197
15860,"2026-08-02 23:25:02.244326","train",48,1.8310353755950928,0.0008444983900572323,"","","","","",""
15880,"2026-08-02 23:25:03.067907","train",48,1.194789171218872,0.0008435114419722305,"","","","","",""
15900,"2026-08-02 23:25:04.147431","train",48,0.8666746020317078,0.000842521952480426,"","","","","",""
15920,"2026-08-02 23:25:05.092189","train",48,0.43359991908073425,0.000841529928902419,"","","","","",""
15940,"2026-08-02 23:25:05.925774","train",48,1.6054296493530273,0.0008405353785775579,"","","","","",""
15960,"2026-08-02 23:25:06.830473","train",48,0.5722618699073792,0.0008395383088638848,"","","","","",""
15980,"2026-08-02 23:25:07.888883","train",48,0.0889987051486969,0.0008385387271380814,"","","","","",""
16000,"2026-08-02 23:25:08.785384","train",48,0.4684159755706787,0.0008375366407954139,"","","","","",""
16020,"2026-08-02 23:25:09.753646","train",48,0.5256713032722473,0.0008365320572496786,"","","","","",""
16040,"2026-08-02 23:25:10.723425","train",48,0.5920160412788391,0.0008355249839331472,"","","","","",""
16060,"2026-08-02 23:25:11.648566","train",48,0.11946339905261993,0.0008345154282965113,"","","","","",""
16080,"2026-08-02 23:25:12.629049","train",48,0.1127019077539444,0.0008335033978088281,"","","","","",""
16100,"2026-08-02 23:25:13.587617","train",48,0.413421630859375,0.0008324888999574638,"","","","","",""
16120,"2026-08-02 23:25:14.607511","train",48,0.8590255379676819,0.0008314719422480401,"","","","","",""
16140,"2026-08-02 23:25:15.692946","train",48,1.0760620832443237,0.0008304525322043768,"","","","","",""
16160,"2026-08-02 23:25:16.506935","train",48,0.16342274844646454,0.0008294306773684374,"","","","","",""
16170,"2026-08-02 23:25:33.885910","val",48,"","",0.8045000000000001,0.26704441924770494,0.7075150926375685,0.7307032590051459,0.7753751103265667,0.815692608756426
16180,"2026-08-02 23:25:45.580868","train",49,0.5135806798934937,0.0008284063853002725,"","","","","",""
16200,"2026-08-02 23:25:46.529953","train",49,0.14549797773361206,0.0008273796635779648,"","","","","",""
16220,"2026-08-02 23:25:47.414908","train",49,1.1256022453308105,0.0008263505197975715,"","","","","",""
16240,"2026-08-02 23:25:48.228266","train",49,0.42586803436279297,0.0008253189615730702,"","","","","",""
16260,"2026-08-02 23:25:49.219199","train",49,0.4628771245479584,0.0008242849965363005,"","","","","",""
16280,"2026-08-02 23:25:50.168945","train",49,0.09212671220302582,0.000823248632336909,"","","","","",""
16300,"2026-08-02 23:25:51.138312","train",49,0.8829653859138489,0.000822209876642292,"","","","","",""
16320,"2026-08-02 23:25:52.025811","train",49,0.2644105553627014,0.0008211687371375391,"","","","","",""
16340,"2026-08-02 23:25:52.977306","train",49,0.4194493293762207,0.0008201252215253757,"","","","","",""
16360,"2026-08-02 23:25:53.938207","train",49,0.5631027817726135,0.0008190793375261071,"","","","","",""
16380,"2026-08-02 23:25:54.914669","train",49,0.4254615902900696,0.0008180310928775603,"","","","","",""
16400,"2026-08-02 23:25:55.732256","train",49,0.18031750619411469,0.0008169804953350277,"","","","","",""
16420,"2026-08-02 23:25:56.643510","train",49,0.14237143099308014,0.0008159275526712089,"","","","","",""
16440,"2026-08-02 23:25:57.569243","train",49,1.607832670211792,0.0008148722726761536,"","","","","",""
16460,"2026-08-02 23:25:58.381533","train",49,0.18681257963180542,0.0008138146631572041,"","","","","",""
16480,"2026-08-02 23:25:59.408183","train",49,0.8981069922447205,0.000812754731938937,"","","","","",""
16500,"2026-08-02 23:26:00.221270","train",49,0.9928312301635742,0.0008116924868631064,"","","","","",""
16500,"2026-08-02 23:26:17.466325","val",49,"","",0.8149754098360656,0.2768199243234874,0.7331899243633335,0.7530017152658662,0.7800088261253308,0.8251976330625747
16520,"2026-08-02 23:26:29.661023","train",50,0.24162563681602478,0.0008106279357885843,"","","","","",""
16540,"2026-08-02 23:26:30.791850","train",50,0.1996016949415207,0.0008095610865913037,"","","","","",""
16560,"2026-08-02 23:26:31.774996","train",50,0.14461573958396912,0.0008084919471642,"","","","","",""
16580,"2026-08-02 23:26:32.777156","train",50,0.31190812587738037,0.0008074205254171526,"","","","","",""
16600,"2026-08-02 23:26:33.645668","train",50,0.8514277935028076,0.0008063468292769259,"","","","","",""
16620,"2026-08-02 23:26:34.714977","train",50,0.3330078125,0.0008052708666871115,"","","","","",""
16640,"2026-08-02 23:26:35.640651","train",50,0.934285581111908,0.0008041926456080691,"","","","","",""
16660,"2026-08-02 23:26:36.535919","train",50,0.6251733303070068,0.0008031121740168669,"","","","","",""
16680,"2026-08-02 23:26:37.398119","train",50,0.8192333579063416,0.0008020294599072239,"","","","","",""
16700,"2026-08-02 23:26:38.356973","train",50,0.0806366354227066,0.0008009445112894496,"","","","","",""
16720,"2026-08-02 23:26:39.300922","train",50,0.09019935876131058,0.0007998573361903856,"","","","","",""
16740,"2026-08-02 23:26:40.227541","train",50,0.6725060939788818,0.0007987679426533454,"","","","","",""
16760,"2026-08-02 23:26:41.152151","train",50,0.0913187637925148,0.0007976763387380555,"","","","","",""
16780,"2026-08-02 23:26:41.967131","train",50,0.5006636381149292,0.0007965825325205955,"","","","","",""
16800,"2026-08-02 23:26:42.908475","train",50,0.13170671463012695,0.0007954865320933387,"","","","","",""
16820,"2026-08-02 23:26:43.803736","train",50,0.26022592186927795,0.0007943883455648914,"","","","","",""
16830,"2026-08-02 23:27:00.479054","val",50,"","",0.8187131147540985,0.3091705436277975,0.7403372423842898,0.7461406518010292,0.7758164165931156,0.8358674887787907
16840,"2026-08-02 23:27:11.625615","train",51,0.9847841858863831,0.0007932879810600342,"","","","","",""
16860,"2026-08-02 23:27:12.483172","train",51,0.27952808141708374,0.0007921854467196603,"","","","","",""
16880,"2026-08-02 23:27:13.283941","train",51,0.5644673109054565,0.000791080750700717,"","","","","",""
16900,"2026-08-02 23:27:14.167449","train",51,0.2253546416759491,0.0007899739011761438,"","","","","",""
16920,"2026-08-02 23:27:15.160127","train",51,0.8893505334854126,0.000788864906334813,"","","","","",""
16940,"2026-08-02 23:27:15.995144","train",51,0.4542312026023865,0.0007877537743814686,"","","","","",""
16960,"2026-08-02 23:27:16.862885","train",51,0.4577903747558594,0.0007866405135366658,"","","","","",""
16980,"2026-08-02 23:27:17.666707","train",51,0.5967241525650024,0.0007855251320367098,"","","","","",""
17000,"2026-08-02 23:27:18.565453","train",51,0.6170645356178284,0.0007844076381335958,"","","","","",""
17020,"2026-08-02 23:27:19.454466","train",51,0.1502671092748642,0.0007832880400949465,"","","","","",""
17040,"2026-08-02 23:27:20.300440","train",51,0.2467781901359558,0.0007821663462039523,"","","","","",""
17060,"2026-08-02 23:27:21.322335","train",51,0.6383190751075745,0.0007810425647593095,"","","","","",""
17080,"2026-08-02 23:27:22.354211","train",51,0.3420991897583008,0.0007799167040751588,"","","","","",""
17100,"2026-08-02 23:27:23.337825","train",51,0.05729066580533981,0.0007787887724810234,"","","","","",""
17120,"2026-08-02 23:27:24.306155","train",51,1.3703781366348267,0.0007776587783217486,"","","","","",""
17140,"2026-08-02 23:27:25.295599","train",51,0.07703825831413269,0.0007765267299574388,"","","","","",""
17160,"2026-08-02 23:27:26.319557","train",51,0.3028756082057953,0.0007753926357633962,"","","","","",""
17160,"2026-08-02 23:27:42.769950","val",51,"","",0.7988688524590163,0.2953937577307537,0.6900284504892096,0.7427101200686106,0.7605913503971757,0.8124000186373026
17180,"2026-08-02 23:27:54.485264","train",52,0.14355111122131348,0.0007742565041300591,"","","","","",""
17200,"2026-08-02 23:27:55.581821","train",52,0.48611149191856384,0.0007731183434629391,"","","","","",""
17220,"2026-08-02 23:27:56.511383","train",52,0.9662470817565918,0.0007719781621825595,"","","","","",""
17240,"2026-08-02 23:27:57.651154","train",52,0.20180143415927887,0.0007708359687243929,"","","","","",""
17260,"2026-08-02 23:27:59.367547","train",52,0.1890336275100708,0.0007696917715387988,"","","","","",""
17280,"2026-08-02 23:28:01.014302","train",52,0.2414095252752304,0.0007685455790909605,"","","","","",""
17300,"2026-08-02 23:28:03.030437","train",52,0.2545018196105957,0.0007673973998608237,"","","","","",""
17320,"2026-08-02 23:28:04.718289","train",52,0.17677363753318787,0.0007662472423430322,"","","","","",""
17340,"2026-08-02 23:28:06.698798","train",52,0.7189928293228149,0.0007650951150468667,"","","","","",""
17360,"2026-08-02 23:28:08.496883","train",52,1.857853651046753,0.0007639410264961805,"","","","","",""
17380,"2026-08-02 23:28:10.384154","train",52,0.5492492914199829,0.0007627849852293374,"","","","","",""
17400,"2026-08-02 23:28:12.114245","train",52,0.12142796069383621,0.0007616269997991476,"","","","","",""
17420,"2026-08-02 23:28:14.072265","train",52,0.0814744234085083,0.0007604670787728049,"","","","","",""
17440,"2026-08-02 23:28:15.792300","train",52,0.48287495970726013,0.0007593052307318242,"","","","","",""
17460,"2026-08-02 23:28:17.447346","train",52,1.381264567375183,0.000758141464271976,"","","","","",""
17480,"2026-08-02 23:28:19.418446","train",52,0.4071688950061798,0.0007569757880032251,"","","","","",""
17490,"2026-08-02 23:28:51.063076","val",52,"","",0.809327868852459,0.30265722073542217,0.7115397959891749,0.7427101200686106,0.776919682259488,0.8206314939351111
17500,"2026-08-02 23:29:12.456699","train",53,0.7692389488220215,0.0007558082105496642,"","","","","",""
17520,"2026-08-02 23:29:14.202441","train",53,0.41168412566185,0.0007546387405494536,"","","","","",""
17540,"2026-08-02 23:29:16.352285","train",53,0.2129208892583847,0.000753467386654754,"","","","","",""
17560,"2026-08-02 23:29:18.236176","train",53,0.678948700428009,0.000752294157531664,"","","","","",""
17580,"2026-08-02 23:29:20.285080","train",53,0.30727896094322205,0.0007511190618601558,"","","","","",""
17600,"2026-08-02 23:29:22.310602","train",53,0.5308355689048767,0.000749942108334012,"","","","","",""
17620,"2026-08-02 23:29:24.230204","train",53,0.19334053993225098,0.0007487633056607588,"","","","","",""
17640,"2026-08-02 23:29:26.104722","train",53,0.15871599316596985,0.0007475826625616039,"","","","","",""
17660,"2026-08-02 23:29:28.143541","train",53,0.6038498878479004,0.0007464001877713711,"","","","","",""
17680,"2026-08-02 23:29:30.084614","train",53,0.12466030567884445,0.0007452158900384354,"","","","","",""
17700,"2026-08-02 23:29:31.950584","train",53,0.3518948256969452,0.0007440297781246589,"","","","","",""
17720,"2026-08-02 23:29:33.414136","train",53,0.5453504920005798,0.0007428418608053254,"","","","","",""
17740,"2026-08-02 23:29:35.180931","train",53,0.38294440507888794,0.000741652146869076,"","","","","",""
17760,"2026-08-02 23:29:36.914843","train",53,0.13427162170410156,0.0007404606451178436,"","","","","",""
17780,"2026-08-02 23:29:38.452083","train",53,1.1969196796417236,0.0007392673643667882,"","","","","",""
17800,"2026-08-02 23:29:40.281851","train",53,1.7640239000320435,0.0007380723134442313,"","","","","",""
17820,"2026-08-02 23:29:42.059267","train",53,0.4256749451160431,0.0007368755011915907,"","","","","",""
17820,"2026-08-02 23:30:13.152252","val",53,"","",0.8215327868852459,0.3199071998003181,0.7482478662133093,0.7392795883361921,0.7738305383936452,0.8414897417180487
17840,"2026-08-02 23:30:36.334477","train",54,0.29674625396728516,0.0007356769364633155,"","","","","",""
17860,"2026-08-02 23:30:38.126145","train",54,1.035737156867981,0.0007344766281268202,"","","","","",""
17880,"2026-08-02 23:30:40.129743","train",54,0.42104119062423706,0.0007332745850624187,"","","","","",""
17900,"2026-08-02 23:30:41.795945","train",54,0.2279515117406845,0.0007320708161632593,"","","","","",""
17920,"2026-08-02 23:30:43.814585","train",54,0.23663493990898132,0.0007308653303352589,"","","","","",""
17940,"2026-08-02 23:30:45.647087","train",54,0.22325143218040466,0.0007296581364970365,"","","","","",""
17960,"2026-08-02 23:30:47.107594","train",54,0.3544080853462219,0.0007284492435798479,"","","","","",""
17980,"2026-08-02 23:30:48.805236","train",54,0.5269463658332825,0.0007272386605275188,"","","","","",""
18000,"2026-08-02 23:30:50.780893","train",54,0.21426504850387573,0.0007260263962963798,"","","","","",""
18020,"2026-08-02 23:30:52.546926","train",54,0.16371262073516846,0.0007248124598551987,"","","","","",""
18040,"2026-08-02 23:30:54.268233","train",54,0.9595775008201599,0.0007235968601851157,"","","","","",""
18060,"2026-08-02 23:30:56.066888","train",54,0.09196998924016953,0.0007223796062795756,"","","","","",""
18080,"2026-08-02 23:30:57.880526","train",54,0.6705831289291382,0.000721160707144262,"","","","","",""
18100,"2026-08-02 23:30:59.724711","train",54,0.2518662214279175,0.0007199401717970308,"","","","","",""
18120,"2026-08-02 23:31:01.478471","train",54,0.0324850007891655,0.0007187180092678426,"","","","","",""
18140,"2026-08-02 23:31:03.233255","train",54,0.16080325841903687,0.0007174942285986969,"","","","","",""
18150,"2026-08-02 23:31:34.898079","val",54,"","",0.8142213114754098,0.2899201460685122,0.7338838387343002,0.7650085763293311,0.76522506619594,0.8295463369934923
18160,"2026-08-02 23:31:57.762687","train",55,0.2071511149406433,0.0007162688388435649,"","","","","",""
18180,"2026-08-02 23:31:59.596055","train",55,1.4193825721740723,0.0007150418490683215,"","","","","",""
18200,"2026-08-02 23:32:01.401503","train",55,0.9503002166748047,0.0007138132683506806,"","","","","",""
18220,"2026-08-02 23:32:03.315801","train",55,2.200129508972168,0.0007125831057801255,"","","","","",""
18240,"2026-08-02 23:32:05.065156","train",55,0.22494220733642578,0.0007113513704578422,"","","","","",""
18260,"2026-08-02 23:32:07.218674","train",55,1.1508694887161255,0.0007101180714966537,"","","","","",""
18280,"2026-08-02 23:32:08.785019","train",55,0.9970012903213501,0.0007088832180209505,"","","","","",""
18300,"2026-08-02 23:32:10.602514","train",55,1.1269322633743286,0.0007076468191666243,"","","","","",""
18320,"2026-08-02 23:32:12.282677","train",55,0.19601377844810486,0.0007064088840809997,"","","","","",""
18340,"2026-08-02 23:32:14.389389","train",55,0.14281025528907776,0.0007051694219227674,"","","","","",""
18360,"2026-08-02 23:32:16.610797","train",55,0.3355008065700531,0.0007039284418619156,"","","","","",""
18380,"2026-08-02 23:32:18.251726","train",55,0.3549190163612366,0.0007026859530796627,"","","","","",""
18400,"2026-08-02 23:32:19.873447","train",55,0.2400408685207367,0.0007014419647683888,"","","","","",""
18420,"2026-08-02 23:32:21.568693","train",55,0.19292788207530975,0.0007001964861315686,"","","","","",""
18440,"2026-08-02 23:32:23.424180","train",55,0.06742878258228302,0.0006989495263837024,"","","","","",""
18460,"2026-08-02 23:32:25.096347","train",55,0.8839268684387207,0.0006977010947502481,"","","","","",""
18480,"2026-08-02 23:32:26.791632","train",55,0.28822261095046997,0.0006964512004675539,"","","","","",""
18480,"2026-08-02 23:32:57.346204","val",55,"","",0.8066967213114754,0.3087336291686469,0.7098050100617583,0.7204116638078902,0.7716240070609002,0.8227126593877646
18500,"2026-08-02 23:33:22.481577","train",56,0.109295554459095,0.0006951998527827879,"","","","","",""
18520,"2026-08-02 23:33:24.440442","train",56,0.8398396968841553,0.0006939470609538729,"","","","","",""
18540,"2026-08-02 23:33:26.537622","train",56,1.5780009031295776,0.0006926928342494139,"","","","","",""
18560,"2026-08-02 23:33:28.263893","train",56,0.32426151633262634,0.0006914371819486333,"","","","","",""
18580,"2026-08-02 23:33:29.894451","train",56,1.6575968265533447,0.0006901801133412994,"","","","","",""
18600,"2026-08-02 23:33:32.263800","train",56,0.38893452286720276,0.0006889216377276599,"","","","","",""
18620,"2026-08-02 23:33:34.391018","train",56,0.6798831820487976,0.000687661764418371,"","","","","",""
18640,"2026-08-02 23:33:35.785133","train",56,0.802108883857727,0.0006864005027344305,"","","","","",""
18660,"2026-08-02 23:33:37.749631","train",56,1.1845649480819702,0.000685137862007107,"","","","","",""
18680,"2026-08-02 23:33:39.699213","train",56,0.36110296845436096,0.0006838738515778724,"","","","","",""
18700,"2026-08-02 23:33:41.484524","train",56,0.07804664969444275,0.0006826084807983322,"","","","","",""
18720,"2026-08-02 23:33:43.213872","train",56,0.7188124060630798,0.0006813417590301555,"","","","","",""
18740,"2026-08-02 23:33:45.020862","train",56,0.8693234920501709,0.0006800736956450075,"","","","","",""
18760,"2026-08-02 23:33:46.952750","train",56,0.08236025273799896,0.0006788043000244785,"","","","","",""
18780,"2026-08-02 23:33:48.723122","train",56,0.6136254072189331,0.0006775335815600153,"","","","","",""
18800,"2026-08-02 23:33:50.649207","train",56,0.540291428565979,0.0006762615496528517,"","","","","",""
18810,"2026-08-02 23:34:23.846489","val",56,"","",0.8025901639344263,0.27258823723947784,0.694053153840816,0.7204116638078902,0.7561782877316859,0.8238619597123643
18820,"2026-08-02 23:34:45.424758","train",57,0.3027169108390808,0.0006749882137139388,"","","","","",""
18840,"2026-08-02 23:34:47.110034","train",57,0.12666438519954681,0.0006737135831638752,"","","","","",""
18860,"2026-08-02 23:34:49.260547","train",57,0.15020546317100525,0.0006724376674328376,"","","","","",""
18880,"2026-08-02 23:34:51.264316","train",57,0.04570404440164566,0.0006711604759605112,"","","","","",""
18900,"2026-08-02 23:34:53.043945","train",57,1.3630170822143555,0.0006698820181960194,"","","","","",""
18920,"2026-08-02 23:34:54.957606","train",57,0.11125217378139496,0.0006686023035978537,"","","","","",""
18940,"2026-08-02 23:34:56.472794","train",57,0.49819517135620117,0.0006673213416338047,"","","","","",""
18960,"2026-08-02 23:34:58.396689","train",57,0.11757014691829681,0.0006660391417808913,"","","","","",""
18980,"2026-08-02 23:35:00.454636","train",57,1.5560894012451172,0.0006647557135252904,"","","","","",""
19000,"2026-08-02 23:35:02.481523","train",57,0.34075939655303955,0.0006634710663622678,"","","","","",""
19020,"2026-08-02 23:35:04.267397","train",57,0.998055100440979,0.0006621852097961063,"","","","","",""
19040,"2026-08-02 23:35:06.137272","train",57,1.048560380935669,0.000660898153340037,"","","","","",""
19060,"2026-08-02 23:35:08.386283","train",57,0.48675453662872314,0.0006596099065161678,"","","","","",""
19080,"2026-08-02 23:35:10.102264","train",57,0.9280283451080322,0.000658320478855414,"","","","","",""
19100,"2026-08-02 23:35:11.946054","train",57,1.3585014343261719,0.000657029879897426,"","","","","",""
19120,"2026-08-02 23:35:13.676141","train",57,0.5816307663917542,0.0006557381191905214,"","","","","",""
19140,"2026-08-02 23:35:15.428354","train",57,0.9905710816383362,0.0006544452062916113,"","","","","",""
19140,"2026-08-02 23:35:46.696237","val",57,"","",0.8266721311475409,0.30082441264033116,0.757754493095552,0.7753001715265866,0.7928067078552515,0.8395328249491357
19160,"2026-08-02 23:36:08.839036","train",58,0.04977700859308243,0.0006531511507661324,"","","","","",""
19180,"2026-08-02 23:36:09.909002","train",58,0.17285628616809845,0.000651855962187974,"","","","","",""
19200,"2026-08-02 23:36:10.756820","train",58,0.26737549901008606,0.0006505596501394087,"","","","","",""
19220,"2026-08-02 23:36:11.829235","train",58,0.3423457145690918,0.000649262224211021,"","","","","",""
19240,"2026-08-02 23:36:12.792892","train",58,0.27024614810943604,0.0006479636940016358,"","","","","",""
19260,"2026-08-02 23:36:13.660703","train",58,0.6074658632278442,0.0006466640691182483,"","","","","",""
19280,"2026-08-02 23:36:14.700111","train",58,0.44316399097442627,0.0006453633591759523,"","","","","",""
19300,"2026-08-02 23:36:15.728988","train",58,1.6880934238433838,0.0006440615737978692,"","","","","",""
19320,"2026-08-02 23:36:16.789723","train",58,1.5386122465133667,0.000642758722615077,"","","","","",""
19340,"2026-08-02 23:36:17.616078","train",58,1.1502876281738281,0.0006414548152665391,"","","","","",""
19360,"2026-08-02 23:36:18.468158","train",58,0.07190634310245514,0.0006401498613990322,"","","","","",""
19380,"2026-08-02 23:36:19.318283","train",58,0.2641989588737488,0.0006388438706670764,"","","","","",""
19400,"2026-08-02 23:36:20.199867","train",58,0.7802137732505798,0.0006375368527328617,"","","","","",""
19420,"2026-08-02 23:36:21.063736","train",58,0.25600284337997437,0.000636228817266179,"","","","","",""
19440,"2026-08-02 23:36:21.908665","train",58,0.5227118730545044,0.0006349197739443463,"","","","","",""
19460,"2026-08-02 23:36:22.739647","train",58,0.47584691643714905,0.0006336097324521387,"","","","","",""
19470,"2026-08-02 23:36:39.945882","val",58,"","",0.8271147540983607,0.3066427569403538,0.7565054472278121,0.7598627787307033,0.779126213592233,0.8423439514187646
19480,"2026-08-02 23:36:51.754564","train",59,0.688100278377533,0.0006322987024817156,"","","","","",""
19500,"2026-08-02 23:36:52.790432","train",59,0.5788067579269409,0.00063098669373255,"","","","","",""
19520,"2026-08-02 23:36:53.834040","train",59,1.834653615951538,0.0006296737159113561,"","","","","",""
19540,"2026-08-02 23:36:54.714767","train",59,0.41858792304992676,0.0006283597787320171,"","","","","",""
19560,"2026-08-02 23:36:55.667477","train",59,0.5980947613716125,0.0006270448919155152,"","","","","",""
19580,"2026-08-02 23:36:56.520548","train",59,0.2431507408618927,0.0006257290651898569,"","","","","",""
19600,"2026-08-02 23:36:57.430786","train",59,0.125758558511734,0.0006244123082900032,"","","","","",""
19620,"2026-08-02 23:36:58.497033","train",59,0.19113853573799133,0.0006230946309577968,"","","","","",""
19640,"2026-08-02 23:36:59.532710","train",59,0.2378653585910797,0.0006217760429418904,"","","","","",""
19660,"2026-08-02 23:37:00.466718","train",59,1.2743281126022339,0.0006204565539976736,"","","","","",""
19680,"2026-08-02 23:37:01.476444","train",59,1.5780844688415527,0.0006191361738872018,"","","","","",""
19700,"2026-08-02 23:37:02.470094","train",59,0.17662805318832397,0.0006178149123791235,"","","","","",""
19720,"2026-08-02 23:37:03.369636","train",59,0.8075794577598572,0.000616492779248608,"","","","","",""
19740,"2026-08-02 23:37:04.251559","train",59,0.8906634449958801,0.0006151697842772735,"","","","","",""
19760,"2026-08-02 23:37:05.250503","train",59,0.5286940336227417,0.0006138459372531141,"","","","","",""
19780,"2026-08-02 23:37:06.257115","train",59,0.6287730932235718,0.0006125212479704276,"","","","","",""
19800,"2026-08-02 23:37:07.237460","train",59,0.749212384223938,0.0006111957262297435,"","","","","",""
19800,"2026-08-02 23:37:24.123196","val",59,"","",0.8129672131147542,0.30036305367130495,0.7247241690375408,0.7272727272727273,0.7797881729920565,0.8265333064127851
19820,"2026-08-02 23:37:36.345860","train",60,0.10997285693883896,0.0006098693818377501,"","","","","",""
19840,"2026-08-02 23:37:37.319219","train",60,0.5376327037811279,0.0006085422246072213,"","","","","",""
19860,"2026-08-02 23:37:38.166340","train",60,0.0664161741733551,0.0006072142643569456,"","","","","",""
19880,"2026-08-02 23:37:39.199766","train",60,0.21118517220020294,0.000605885510911652,"","","","","",""
19900,"2026-08-02 23:37:40.089924","train",60,1.0029969215393066,0.000604555974101938,"","","","","",""
19920,"2026-08-02 23:37:41.076728","train",60,0.06241114065051079,0.0006032256637641966,"","","","","",""
19940,"2026-08-02 23:37:41.905399","train",60,0.08147475123405457,0.0006018945897405437,"","","","","",""
19960,"2026-08-02 23:37:42.894456","train",60,0.5803226828575134,0.0006005627618787451,"","","","","",""
19980,"2026-08-02 23:37:43.819885","train",60,1.8708398342132568,0.0005992301900321441,"","","","","",""
20000,"2026-08-02 23:37:44.663931","train",60,0.32422584295272827,0.0005978968840595881,"","","","","",""
20020,"2026-08-02 23:37:45.498647","train",60,0.08669780939817429,0.0005965628538253555,"","","","","",""
20040,"2026-08-02 23:37:46.633238","train",60,0.7853008508682251,0.0005952281091990836,"","","","","",""
20060,"2026-08-02 23:37:47.629024","train",60,1.0447858572006226,0.0005938926600556948,"","","","","",""
20080,"2026-08-02 23:37:48.470929","train",60,0.5713079571723938,0.0005925565162753236,"","","","","",""
20100,"2026-08-02 23:37:49.361548","train",60,0.10999739170074463,0.0005912196877432438,"","","","","",""
20120,"2026-08-02 23:37:50.356988","train",60,0.2210620939731598,0.0005898821843497954,"","","","","",""
20130,"2026-08-02 23:38:07.940974","val",60,"","",0.808327868852459,0.29951709067596055,0.7176462424536812,0.7101200686106347,0.760370697263901,0.831549847018808
20140,"2026-08-02 23:38:19.545689","train",61,0.16245780885219574,0.000588544015990311,"","","","","",""
20160,"2026-08-02 23:38:20.490135","train",61,0.0942462906241417,0.000587205192565043,"","","","","",""
20180,"2026-08-02 23:38:21.524023","train",61,0.5173794627189636,0.0005858657239790902,"","","","","",""
20200,"2026-08-02 23:38:22.487283","train",61,0.7317522764205933,0.0005845256201423246,"","","","","",""
20220,"2026-08-02 23:38:23.476832","train",61,0.19390207529067993,0.000583184890969318,"","","","","",""
20240,"2026-08-02 23:38:24.562648","train",61,0.16550546884536743,0.0005818435463792684,"","","","","",""
20260,"2026-08-02 23:38:25.539999","train",61,0.9070727825164795,0.0005805015962959272,"","","","","",""
20280,"2026-08-02 23:38:26.556707","train",61,0.5593751072883606,0.0005791590506475252,"","","","","",""
20300,"2026-08-02 23:38:27.525894","train",61,1.110310435295105,0.0005778159193666999,"","","","","",""
20320,"2026-08-02 23:38:28.387098","train",61,1.9158685207366943,0.0005764722123904208,"","","","","",""
20340,"2026-08-02 23:38:29.452812","train",61,0.4928525388240814,0.0005751279396599173,"","","","","",""
20360,"2026-08-02 23:38:30.385327","train",61,1.3212666511535645,0.0005737831111206038,"","","","","",""
20380,"2026-08-02 23:38:31.326050","train",61,0.38375914096832275,0.0005724377367220072,"","","","","",""
20400,"2026-08-02 23:38:32.149183","train",61,0.4389694929122925,0.0005710918264176929,"","","","","",""
20420,"2026-08-02 23:38:33.105476","train",61,0.45376741886138916,0.0005697453901651909,"","","","","",""
20440,"2026-08-02 23:38:34.120069","train",61,0.7882541418075562,0.0005683984379259223,"","","","","",""
20460,"2026-08-02 23:38:34.935087","train",61,0.04563194513320923,0.0005670509796651261,"","","","","",""
20460,"2026-08-02 23:38:52.173144","val",61,"","",0.821,0.28883984226424037,0.7474151689681493,0.7341337907375644,0.7469108561341571,0.8450152981191856
20480,"2026-08-02 23:39:04.141786","train",62,0.7789269089698792,0.0005657030253517846,"","","","","",""
20500,"2026-08-02 23:39:04.990124","train",62,0.9776360392570496,0.00056435458495855,"","","","","",""
20520,"2026-08-02 23:39:05.872901","train",62,0.6945723295211792,0.0005630056684616711,"","","","","",""
20540,"2026-08-02 23:39:06.891114","train",62,0.18378406763076782,0.0005616562858409188,"","","","","",""
20560,"2026-08-02 23:39:07.751360","train",62,0.9110561013221741,0.0005603064470795127,"","","","","",""
20580,"2026-08-02 23:39:08.758338","train",62,0.18752095103263855,0.0005589561621640469,"","","","","",""
20600,"2026-08-02 23:39:09.580437","train",62,0.5493707060813904,0.0005576054410844168,"","","","","",""
20620,"2026-08-02 23:39:10.478707","train",62,0.5940784811973572,0.0005562542938337439,"","","","","",""
20640,"2026-08-02 23:39:11.452959","train",62,0.7851922512054443,0.0005549027304083033,"","","","","",""
20660,"2026-08-02 23:39:12.376446","train",62,0.29641491174697876,0.0005535507608074488,"","","","","",""
20680,"2026-08-02 23:39:13.264572","train",62,1.010198712348938,0.0005521983950335397,"","","","","",""
20700,"2026-08-02 23:39:14.219556","train",62,0.14490744471549988,0.0005508456430918656,"","","","","",""
20720,"2026-08-02 23:39:15.136429","train",62,0.34261900186538696,0.0005494925149905735,"","","","","",""
20740,"2026-08-02 23:39:16.144988","train",62,1.1540194749832153,0.0005481390207405936,"","","","","",""
20760,"2026-08-02 23:39:17.121286","train",62,0.14678172767162323,0.0005467851703555646,"","","","","",""
20780,"2026-08-02 23:39:18.027204","train",62,0.8120194673538208,0.0005454309738517603,"","","","","",""
20790,"2026-08-02 23:39:35.588073","val",62,"","",0.8006393442622951,0.28447827071036264,0.7050863923391854,0.7152658662092624,0.7449249779346866,0.8246385139857426
20800,"2026-08-02 23:39:47.195083","train",63,0.1402272880077362,0.0005440764412480147,"","","","","",""
20820,"2026-08-02 23:39:48.122766","train",63,0.08250994980335236,0.0005427215825656491,"","","","","",""
20840,"2026-08-02 23:39:49.129262","train",63,0.31002020835876465,0.000541366407828397,"","","","","",""
20860,"2026-08-02 23:39:49.968972","train",63,0.07779595255851746,0.00054001092706233,"","","","","",""
20880,"2026-08-02 23:39:50.880455","train",63,0.6283955574035645,0.0005386551502957836,"","","","","",""
20900,"2026-08-02 23:39:51.914585","train",63,1.191943645477295,0.0005372990875592841,"","","","","",""
20920,"2026-08-02 23:39:52.900683","train",63,0.23314517736434937,0.0005359427488854725,"","","","","",""
20940,"2026-08-02 23:39:53.769454","train",63,0.33053117990493774,0.0005345861443090319,"","","","","",""
20960,"2026-08-02 23:39:54.709665","train",63,0.25759172439575195,0.0005332292838666125,"","","","","",""
20980,"2026-08-02 23:39:55.629269","train",63,0.5697068572044373,0.0005318721775967574,"","","","","",""
21000,"2026-08-02 23:39:56.535594","train",63,1.7118312120437622,0.0005305148355398283,"","","","","",""
21020,"2026-08-02 23:39:57.508786","train",63,0.7376306056976318,0.0005291572677379319,"","","","","",""
21040,"2026-08-02 23:39:58.476831","train",63,0.9598432183265686,0.0005277994842348444,"","","","","",""
21060,"2026-08-02 23:39:59.441650","train",63,0.7522780299186707,0.0005264414950759381,"","","","","",""
21080,"2026-08-02 23:40:00.360100","train",63,1.0565876960754395,0.000525083310308107,"","","","","",""
21100,"2026-08-02 23:40:01.290219","train",63,0.7697741985321045,0.0005237249399796919,"","","","","",""
21120,"2026-08-02 23:40:02.231758","train",63,0.7935664057731628,0.0005223663941404067,"","","","","",""
21120,"2026-08-02 23:40:19.051229","val",63,"","",0.8100655737704918,0.28046905404875544,0.7150787592811048,0.7512864493996569,0.7720653133274493,0.8220448227126594
21140,"2026-08-02 23:40:31.095728","train",64,0.5091710686683655,0.0005210076828412637,"","","","","",""
21160,"2026-08-02 23:40:32.112085","train",64,1.3178133964538574,0.0005196488161344995,"","","","","",""
21180,"2026-08-02 23:40:33.056497","train",64,0.5140101909637451,0.0005182898040735002,"","","","","",""
21200,"2026-08-02 23:40:34.008016","train",64,0.7969046831130981,0.0005169306567127274,"","","","","",""
21220,"2026-08-02 23:40:34.952626","train",64,1.2472261190414429,0.0005155713841076438,"","","","","",""
21240,"2026-08-02 23:40:35.965343","train",64,0.21649186313152313,0.0005142119963146384,"","","","","",""
21260,"2026-08-02 23:40:36.843976","train",64,2.0990896224975586,0.000512852503390953,"","","","","",""
21280,"2026-08-02 23:40:37.915684","train",64,1.04449462890625,0.0005114929153946065,"","","","","",""
21300,"2026-08-02 23:40:38.903358","train",64,0.856670618057251,0.0005101332423843213,"","","","","",""
21320,"2026-08-02 23:40:39.848208","train",64,0.1796736717224121,0.0005087734944194495,"","","","","",""
21340,"2026-08-02 23:40:40.728158","train",64,0.23096077144145966,0.0005074136815598969,"","","","","",""
21360,"2026-08-02 23:40:41.623200","train",64,0.2343679517507553,0.0005060538138660495,"","","","","",""
21380,"2026-08-02 23:40:42.513225","train",64,0.05892960727214813,0.0005046939013986997,"","","","","",""
21400,"2026-08-02 23:40:43.379035","train",64,0.5735087394714355,0.00050333395421897,"","","","","",""
21420,"2026-08-02 23:40:44.288247","train",64,0.03800413757562637,0.0005019739823882409,"","","","","",""
21440,"2026-08-02 23:40:45.231307","train",64,1.342302680015564,0.0005006139959680745,"","","","","",""
21450,"2026-08-02 23:41:01.845131","val",64,"","",0.8242295081967214,0.31158421762425337,0.7537991811810423,0.7787307032590052,0.7766990291262136,0.8376535636075606
21460,"2026-08-02 23:41:13.056036","train",65,0.1329018622636795,0.0004992540050201411,"","","","","",""
21480,"2026-08-02 23:41:13.928055","train",65,0.29416292905807495,0.0004978940196061446,"","","","","",""
21500,"2026-08-02 23:41:14.851516","train",65,0.17665928602218628,0.0004965340497877474,"","","","","",""
21520,"2026-08-02 23:41:15.701804","train",65,0.21122843027114868,0.0004951741056264974,"","","","","",""
21540,"2026-08-02 23:41:16.541050","train",65,0.06256072223186493,0.0004938141971837522,"","","","","",""
21560,"2026-08-02 23:41:17.561318","train",65,1.0166181325912476,0.0004924543345206047,"","","","","",""
21580,"2026-08-02 23:41:18.457924","train",65,0.9612185955047607,0.00049109452769781,"","","","","",""
21600,"2026-08-02 23:41:19.273160","train",65,0.028451651334762573,0.0004897347867757098,"","","","","",""
21620,"2026-08-02 23:41:20.100179","train",65,0.19814623892307281,0.0004883751218141575,"","","","","",""
21640,"2026-08-02 23:41:20.964140","train",65,0.9028202891349792,0.00048701554287244555,"","","","","",""
21660,"2026-08-02 23:41:21.782898","train",65,0.4557596743106842,0.0004856560600092295,"","","","","",""
21680,"2026-08-02 23:41:22.588058","train",65,0.3528052568435669,0.000484296683282454,"","","","","",""
21700,"2026-08-02 23:41:23.465967","train",65,1.448254108428955,0.0004829374227492786,"","","","","",""
21720,"2026-08-02 23:41:24.384283","train",65,0.6165465116500854,0.0004815782884660034,"","","","","",""
21740,"2026-08-02 23:41:25.170468","train",65,0.5036780834197998,0.00048021929048799395,"","","","","",""
21760,"2026-08-02 23:41:26.063132","train",65,0.5219099521636963,0.0004788604388696077,"","","","","",""
21780,"2026-08-02 23:41:26.845412","train",65,0.22789087891578674,0.00047750174366411967,"","","","","",""
21780,"2026-08-02 23:41:43.076942","val",65,"","",0.8227459016393442,0.3070808242339911,0.7465824717229894,0.7512864493996569,0.7766990291262136,0.8403093792225138
21800,"2026-08-02 23:41:54.658187","train",66,0.21169979870319366,0.00047614321492364664,"","","","","",""
21820,"2026-08-02 23:41:55.607763","train",66,0.12850314378738403,0.00047478486269907484,"","","","","",""
21840,"2026-08-02 23:41:56.416743","train",66,0.38160908222198486,0.0004734266970399842,"","","","","",""
21860,"2026-08-02 23:41:57.283801","train",66,0.32021790742874146,0.0004720687279945742,"","","","","",""
21880,"2026-08-02 23:41:58.112671","train",66,0.5744198560714722,0.0004707109656095898,"","","","","",""
21900,"2026-08-02 23:41:58.974621","train",66,0.30760428309440613,0.00046935341993024714,"","","","","",""
21920,"2026-08-02 23:41:59.968282","train",66,0.19225150346755981,0.00046799610100015896,"","","","","",""
21940,"2026-08-02 23:42:00.811644","train",66,0.4933561086654663,0.0004666390188612604,"","","","","",""
21960,"2026-08-02 23:42:01.680770","train",66,0.08826805651187897,0.0004652821835537353,"","","","","",""
21980,"2026-08-02 23:42:02.653805","train",66,0.18853846192359924,0.00046392560511594006,"","","","","",""
22000,"2026-08-02 23:42:03.521612","train",66,0.3026233911514282,0.00046256929358433205,"","","","","",""
22020,"2026-08-02 23:42:04.431090","train",66,0.8140920400619507,0.00046121325899339333,"","","","","",""
22040,"2026-08-02 23:42:05.355423","train",66,0.8860640525817871,0.00045985751137555685,"","","","","",""
22060,"2026-08-02 23:42:06.162211","train",66,0.7830490469932556,0.0004585020607611329,"","","","","",""
22080,"2026-08-02 23:42:06.989317","train",66,1.2393932342529297,0.00045714691717823426,"","","","","",""
22100,"2026-08-02 23:42:07.963396","train",66,0.49363279342651367,0.0004557920906527019,"","","","","",""
22110,"2026-08-02 23:42:24.593808","val",66,"","",0.8227295081967214,0.2874308207009548,0.7508153493858858,0.7873070325900514,0.7678729037952339,0.8364732011120257
22120,"2026-08-02 23:42:35.729525","train",67,0.08104036003351212,0.00045443759120803145,"","","","","",""
22140,"2026-08-02 23:42:36.626050","train",67,0.6094706654548645,0.0004530834288652988,"","","","","",""
22160,"2026-08-02 23:42:37.580698","train",67,0.09201182425022125,0.0004517296136430853,"","","","","",""
22180,"2026-08-02 23:42:38.460852","train",67,0.07127146422863007,0.00045037615555740447,"","","","","",""
22200,"2026-08-02 23:42:39.270908","train",67,0.08844466507434845,0.0004490230646216278,"","","","","",""
22220,"2026-08-02 23:42:40.085546","train",67,0.7123509049415588,0.00044767035084641014,"","","","","",""
22240,"2026-08-02 23:42:41.128776","train",67,0.5064021944999695,0.000446318024239616,"","","","","",""
22260,"2026-08-02 23:42:42.108773","train",67,0.27808359265327454,0.000444966094806246,"","","","","",""
22280,"2026-08-02 23:42:42.950722","train",67,0.11869561672210693,0.0004436145725483613,"","","","","",""
22300,"2026-08-02 23:42:43.779829","train",67,0.9371315240859985,0.00044226346746501177,"","","","","",""
22320,"2026-08-02 23:42:44.635343","train",67,0.19839048385620117,0.0004409127895521602,"","","","","",""
22340,"2026-08-02 23:42:45.533954","train",67,0.47891685366630554,0.00043956254880260905,"","","","","",""
22360,"2026-08-02 23:42:46.343172","train",67,0.1444532573223114,0.0004382127552059268,"","","","","",""
22380,"2026-08-02 23:42:47.154801","train",67,0.08413927257061005,0.0004368634187483733,"","","","","",""
22400,"2026-08-02 23:42:48.178312","train",67,0.3454439640045166,0.0004355145494128266,"","","","","",""
22420,"2026-08-02 23:42:49.118276","train",67,0.6387337446212769,0.00043416615717870906,"","","","","",""
22440,"2026-08-02 23:42:49.966382","train",67,0.2414236068725586,0.0004328182520219125,"","","","","",""
22440,"2026-08-02 23:43:05.851902","val",67,"","",0.8193688524590165,0.29314366227246036,0.741933245437513,0.7684391080617495,0.7627978817299206,0.8365508565393636
22460,"2026-08-02 23:43:17.407015","train",68,0.027204491198062897,0.0004314708439147259,"","","","","",""
22480,"2026-08-02 23:43:18.257177","train",68,0.05191795527935028,0.0004301239428257608,"","","","","",""
22500,"2026-08-02 23:43:19.110543","train",68,0.4426764249801636,0.0004287775587198772,"","","","","",""
22520,"2026-08-02 23:43:19.950004","train",68,1.58485746383667,0.00042743170155811063,"","","","","",""
22540,"2026-08-02 23:43:20.889430","train",68,0.16942961513996124,0.0004260863812975981,"","","","","",""
22560,"2026-08-02 23:43:21.771685","train",68,2.1786065101623535,0.00042474160789150413,"","","","","",""
22580,"2026-08-02 23:43:22.645005","train",68,0.07650299370288849,0.0004233973912889477,"","","","","",""
22600,"2026-08-02 23:43:23.587552","train",68,0.08131471276283264,0.0004220537414349286,"","","","","",""
22620,"2026-08-02 23:43:24.416125","train",68,0.08149220794439316,0.0004207106682702527,"","","","","",""
22640,"2026-08-02 23:43:25.332222","train",68,0.29404592514038086,0.0004193681817314603,"","","","","",""
22660,"2026-08-02 23:43:26.237532","train",68,0.454576313495636,0.0004180262917507513,"","","","","",""
22680,"2026-08-02 23:43:27.038028","train",68,1.3265764713287354,0.00041668500825591177,"","","","","",""
22700,"2026-08-02 23:43:27.843719","train",68,0.3614513874053955,0.000415344341170241,"","","","","",""
22720,"2026-08-02 23:43:28.645343","train",68,0.8573518991470337,0.000414004300412478,"","","","","",""
22740,"2026-08-02 23:43:29.616061","train",68,1.5153419971466064,0.00041266489589672766,"","","","","",""
22760,"2026-08-02 23:43:30.465076","train",68,0.21603259444236755,0.0004113261375323879,"","","","","",""
22770,"2026-08-02 23:43:47.071469","val",68,"","",0.8303114754098362,0.3144125143164581,0.7539379640552356,0.7787307032590052,0.8168578993821712,0.8375293149238201
22780,"2026-08-02 23:43:58.303582","train",69,0.17342787981033325,0.00040998803522407644,"","","","","",""
22800,"2026-08-02 23:43:59.125238","train",69,0.5334503650665283,0.0004086505988715566,"","","","","",""
22820,"2026-08-02 23:43:59.996140","train",69,0.13162687420845032,0.00040731383836966543,"","","","","",""
22840,"2026-08-02 23:44:00.903618","train",69,0.2550728917121887,0.00040597776360823943,"","","","","",""
22860,"2026-08-02 23:44:01.800306","train",69,1.8386566638946533,0.0004046423844720416,"","","","","",""
22880,"2026-08-02 23:44:02.707425","train",69,0.19434604048728943,0.0004033077108406887,"","","","","",""
22900,"2026-08-02 23:44:03.523501","train",69,0.29238253831863403,0.0004019737525885781,"","","","","",""
22920,"2026-08-02 23:44:04.386530","train",69,1.5356872081756592,0.000400640519584814,"","","","","",""
22940,"2026-08-02 23:44:05.250142","train",69,0.7127448320388794,0.0003993080216931353,"","","","","",""
22960,"2026-08-02 23:44:06.040961","train",69,0.08888848125934601,0.00039797626877184243,"","","","","",""
22980,"2026-08-02 23:44:06.975455","train",69,1.0202317237854004,0.0003966452706737238,"","","","","",""
23000,"2026-08-02 23:44:07.779671","train",69,0.20057453215122223,0.00039531503724598373,"","","","","",""
23020,"2026-08-02 23:44:08.670046","train",69,0.15085086226463318,0.0003939855783301692,"","","","","",""
23040,"2026-08-02 23:44:09.550302","train",69,0.18659543991088867,0.0003926569037620967,"","","","","",""
23060,"2026-08-02 23:44:10.415501","train",69,0.05726729705929756,0.00039132902337178025,"","","","","",""
23080,"2026-08-02 23:44:11.324053","train",69,1.3995555639266968,0.0003900019469833585,"","","","","",""
23100,"2026-08-02 23:44:12.164889","train",69,0.9298221468925476,0.00038867568441502075,"","","","","",""
23100,"2026-08-02 23:44:28.375586","val",69,"","",0.8283196721311475,0.3144326020613509,0.7596280618971619,0.79073756432247,0.8201676963812887,0.8335688881295914
23120,"2026-08-02 23:44:40.024280","train",70,0.08590817451477051,0.00038735024547893656,"","","","","",""
23140,"2026-08-02 23:44:40.947005","train",70,0.5437548756599426,0.00038602563998118135,"","","","","",""
23160,"2026-08-02 23:44:41.756979","train",70,0.523155689239502,0.0003847018777216644,"","","","","",""
23180,"2026-08-02 23:44:42.584574","train",70,0.2051384150981903,0.0003833789684940567,"","","","","",""
23200,"2026-08-02 23:44:43.389543","train",70,0.7180557250976562,0.0003820569220857181,"","","","","",""
23220,"2026-08-02 23:44:44.305225","train",70,0.5724256634712219,0.0003807357482776248,"","","","","",""
23240,"2026-08-02 23:44:45.162473","train",70,0.0496913343667984,0.0003794154568442974,"","","","","",""
23260,"2026-08-02 23:44:45.980235","train",70,0.19262833893299103,0.0003780960575537287,"","","","","",""
23280,"2026-08-02 23:44:46.851452","train",70,0.2159675657749176,0.0003767775601673101,"","","","","",""
23300,"2026-08-02 23:44:47.687399","train",70,0.2668755352497101,0.00037545997443976154,"","","","","",""
23320,"2026-08-02 23:44:48.509361","train",70,0.23317165672779083,0.0003741433101190576,"","","","","",""
23340,"2026-08-02 23:44:49.395726","train",70,0.5335954427719116,0.00037282757694635576,"","","","","",""
23360,"2026-08-02 23:44:50.204015","train",70,0.03874775767326355,0.00037151278465592504,"","","","","",""
23380,"2026-08-02 23:44:51.142442","train",70,0.7349217534065247,0.00037019894297507327,"","","","","",""
23400,"2026-08-02 23:44:51.983462","train",70,0.1499604880809784,0.0003688860616240749,"","","","","",""
23420,"2026-08-02 23:44:52.948497","train",70,0.7988234758377075,0.00036757415031610035,"","","","","",""
23430,"2026-08-02 23:45:09.452413","val",70,"","",0.821967213114754,0.29842539310824523,0.741100548192353,0.725557461406518,0.7742718446601942,0.8406200009318651
23440,"2026-08-02 23:45:20.579719","train",71,0.4733480215072632,0.0003662632187571427,"","","","","",""
23460,"2026-08-02 23:45:21.489730","train",71,0.5210898518562317,0.0003649532766459466,"","","","","",""
23480,"2026-08-02 23:45:22.378801","train",71,0.11038795113563538,0.0003636443336739365,"","","","","",""
23500,"2026-08-02 23:45:23.291278","train",71,0.3538341522216797,0.000362336399525145,"","","","","",""
23520,"2026-08-02 23:45:24.365219","train",71,0.4458027780056,0.00036102948387614056,"","","","","",""
23540,"2026-08-02 23:45:25.348770","train",71,0.10512707382440567,0.00035972359639595676,"","","","","",""
23560,"2026-08-02 23:45:26.288643","train",71,1.7205395698547363,0.00035841874674602086,"","","","","",""
23580,"2026-08-02 23:45:27.111700","train",71,0.5177257061004639,0.0003571149445800808,"","","","","",""
23600,"2026-08-02 23:45:28.011822","train",71,0.12073861062526703,0.0003558121995441358,"","","","","",""
23620,"2026-08-02 23:45:28.907488","train",71,1.9766154289245605,0.00035451052127636375,"","","","","",""
23640,"2026-08-02 23:45:29.747627","train",71,0.23892278969287872,0.00035320991940704995,"","","","","",""
23660,"2026-08-02 23:45:30.608633","train",71,0.19907915592193604,0.00035191040355851645,"","","","","",""
23680,"2026-08-02 23:45:31.422752","train",71,0.49388110637664795,0.0003506119833450506,"","","","","",""
23700,"2026-08-02 23:45:32.326467","train",71,0.04278852790594101,0.0003493146683728333,"","","","","",""
23720,"2026-08-02 23:45:33.187162","train",71,0.056412216275930405,0.00034801846823986893,"","","","","",""
23740,"2026-08-02 23:45:34.054157","train",71,1.3229734897613525,0.0003467233925359142,"","","","","",""
23760,"2026-08-02 23:45:34.895468","train",71,0.36599838733673096,0.00034542945084240585,"","","","","",""
23760,"2026-08-02 23:45:51.017158","val",71,"","",0.816483606557377,0.32026986139178903,0.7406148081326764,0.7392795883361922,0.766548984995587,0.8376069703511578
23780,"2026-08-02 23:46:02.714306","train",72,0.045765191316604614,0.00034413665273239183,"","","","","",""
23800,"2026-08-02 23:46:03.616975","train",72,0.38560041785240173,0.000342845007770459,"","","","","",""
23820,"2026-08-02 23:46:04.505674","train",72,0.5370533466339111,0.0003415545255126627,"","","","","",""
23840,"2026-08-02 23:46:05.399382","train",72,0.03713943064212799,0.0003402652155064565,"","","","","",""
23860,"2026-08-02 23:46:06.342574","train",72,0.21916155517101288,0.0003389770872906211,"","","","","",""
23880,"2026-08-02 23:46:07.200391","train",72,0.03594643622636795,0.00033769015039519356,"","","","","",""
23900,"2026-08-02 23:46:08.090721","train",72,0.19351071119308472,0.00033640441434139767,"","","","","",""
23920,"2026-08-02 23:46:08.965187","train",72,0.10175429284572601,0.0003351198886415727,"","","","","",""
23940,"2026-08-02 23:46:09.768109","train",72,0.7159023880958557,0.00033383658279910304,"","","","","",""
23960,"2026-08-02 23:46:10.657654","train",72,0.09002227336168289,0.00033255450630834864,"","","","","",""
23980,"2026-08-02 23:46:11.497845","train",72,0.0449087992310524,0.000331273668654574,"","","","","",""
24000,"2026-08-02 23:46:12.357320","train",72,1.5886266231536865,0.00032999407931387796,"","","","","",""
24020,"2026-08-02 23:46:13.285565","train",72,1.219738245010376,0.0003287157477531244,"","","","","",""
24040,"2026-08-02 23:46:14.128054","train",72,0.0985184907913208,0.0003274386834298716,"","","","","",""
24060,"2026-08-02 23:46:15.146661","train",72,0.9450106620788574,0.00032616289579230195,"","","","","",""
24080,"2026-08-02 23:46:16.068392","train",72,0.6612212061882019,0.00032488839427915296,"","","","","",""
24090,"2026-08-02 23:46:32.515822","val",72,"","",0.8206065573770491,0.2835538545626537,0.747068211782666,0.7375643224699828,0.776919682259488,0.8381816205134578
24100,"2026-08-02 23:46:43.656299","train",73,0.5719724893569946,0.00032361518831964663,"","","","","",""
24120,"2026-08-02 23:46:44.567336","train",73,0.11461643874645233,0.0003223432873334201,"","","","","",""
24140,"2026-08-02 23:46:45.383126","train",73,0.13726530969142914,0.0003210727007304557,"","","","","",""
24160,"2026-08-02 23:46:46.216296","train",73,0.8498573303222656,0.00031980343791101183,"","","","","",""
24180,"2026-08-02 23:46:47.135588","train",73,1.749800682067871,0.00031853550826555264,"","","","","",""
24200,"2026-08-02 23:46:48.012035","train",73,1.4025884866714478,0.000317268921174679,"","","","","",""
24220,"2026-08-02 23:46:48.879658","train",73,1.1031367778778076,0.0003160036860090598,"","","","","",""
24240,"2026-08-02 23:46:49.752512","train",73,0.1905559003353119,0.00031473981212936075,"","","","","",""
24260,"2026-08-02 23:46:50.712859","train",73,0.41098782420158386,0.00031347730888617705,"","","","","",""
24280,"2026-08-02 23:46:51.628749","train",73,0.8873578906059265,0.0003122161856199635,"","","","","",""
24300,"2026-08-02 23:46:52.535690","train",73,0.1368570476770401,0.0003109564516609648,"","","","","",""
24320,"2026-08-02 23:46:53.360404","train",73,0.17406783998012543,0.00030969811632914745,"","","","","",""
24340,"2026-08-02 23:46:54.233242","train",73,0.25859615206718445,0.0003084411889341303,"","","","","",""
24360,"2026-08-02 23:46:55.012139","train",73,0.31410345435142517,0.00030718567877511556,"","","","","",""
24380,"2026-08-02 23:46:55.926385","train",73,0.20272722840309143,0.0003059315951408207,"","","","","",""
24400,"2026-08-02 23:46:56.888225","train",73,0.08246330916881561,0.00030467894730940893,"","","","","",""
24420,"2026-08-02 23:46:57.713245","train",73,0.4385160207748413,0.0003034277445484208,"","","","","",""
24420,"2026-08-02 23:47:13.895433","val",73,"","",0.8252540983606558,0.3012048552264492,0.7606689334536119,0.7512864493996569,0.7833186231244483,0.8438194045381832
24440,"2026-08-02 23:47:25.508860","train",74,0.7742998600006104,0.0003021779961147058,"","","","","",""
24460,"2026-08-02 23:47:26.360667","train",74,0.3172178864479065,0.0003009297112543539,"","","","","",""
24480,"2026-08-02 23:47:27.273660","train",74,0.23577947914600372,0.0002996828992026268,"","","","","",""
24500,"2026-08-02 23:47:28.203895","train",74,0.5535438060760498,0.00029843756918389,"","","","","",""
24520,"2026-08-02 23:47:28.997043","train",74,0.05318412929773331,0.00029719373041154463,"","","","","",""
24540,"2026-08-02 23:47:29.815872","train",74,0.4030056297779083,0.0002959513920879582,"","","","","",""
24560,"2026-08-02 23:47:30.637522","train",74,1.8033709526062012,0.0002947105634043984,"","","","","",""
24580,"2026-08-02 23:47:31.585490","train",74,0.12419700622558594,0.00029347125354096335,"","","","","",""
24600,"2026-08-02 23:47:32.424609","train",74,1.734194278717041,0.0002922334716665145,"","","","","",""
24620,"2026-08-02 23:47:33.371024","train",74,1.2249693870544434,0.00029099722693860894,"","","","","",""
24640,"2026-08-02 23:47:34.337007","train",74,0.9746905565261841,0.0002897625285034314,"","","","","",""
24660,"2026-08-02 23:47:35.245708","train",74,0.043339911848306656,0.00028852938549572626,"","","","","",""
24680,"2026-08-02 23:47:36.077184","train",74,0.053052909672260284,0.0002872978070387302,"","","","","",""
24700,"2026-08-02 23:47:37.032899","train",74,1.0787463188171387,0.0002860678022441056,"","","","","",""
24720,"2026-08-02 23:47:37.888728","train",74,0.04911811649799347,0.00028483938021187143,"","","","","",""
24740,"2026-08-02 23:47:38.894001","train",74,0.18176856637001038,0.00028361255003033696,"","","","","",""
24750,"2026-08-02 23:47:55.469634","val",74,"","",0.81877868852459,0.2848665765408241,0.741516896814933,0.7478559176672384,0.7511032656663724,0.8419867364530107
24760,"2026-08-02 23:48:06.653604","train",75,0.8018313646316528,0.00028238732077603507,"","","","","",""
24780,"2026-08-02 23:48:07.495680","train",75,0.46448206901550293,0.0002811637015136533,"","","","","",""
24800,"2026-08-02 23:48:08.341078","train",75,0.613351583480835,0.000279941701295969,"","","","","",""
24820,"2026-08-02 23:48:09.217788","train",75,0.7113093137741089,0.0002787213291637806,"","","","","",""
24840,"2026-08-02 23:48:10.084948","train",75,0.08347940444946289,0.0002775025941458411,"","","","","",""
24860,"2026-08-02 23:48:10.925889","train",75,0.06495171785354614,0.0002762855052587925,"","","","","",""
24880,"2026-08-02 23:48:11.850631","train",75,1.0025814771652222,0.0002750700715070972,"","","","","",""
24900,"2026-08-02 23:48:12.724927","train",75,0.432899534702301,0.0002738563018829726,"","","","","",""
24920,"2026-08-02 23:48:13.595701","train",75,0.08682869374752045,0.0002726442053663247,"","","","","",""
24940,"2026-08-02 23:48:14.455736","train",75,0.16198398172855377,0.00027143379092468074,"","","","","",""
24960,"2026-08-02 23:48:15.348537","train",75,0.6918352842330933,0.00027022506751312326,"","","","","",""
24980,"2026-08-02 23:48:16.173002","train",75,0.07256101071834564,0.0002690180440742246,"","","","","",""
25000,"2026-08-02 23:48:16.970883","train",75,1.1103012561798096,0.00026781272953797943,"","","","","",""
25020,"2026-08-02 23:48:17.848998","train",75,0.4284178912639618,0.0002666091328217399,"","","","","",""
25040,"2026-08-02 23:48:18.731951","train",75,0.0845390111207962,0.00026540726283014865,"","","","","",""
25060,"2026-08-02 23:48:19.549352","train",75,0.06201169639825821,0.0002642071284550733,"","","","","",""
25080,"2026-08-02 23:48:20.418680","train",75,0.09718342870473862,0.0002630087385755413,"","","","","",""
25080,"2026-08-02 23:48:36.390695","val",75,"","",0.8216475409836065,0.28026500232530555,0.7459579487891195,0.7530017152658661,0.77603706972639,0.8405423455045273
25100,"2026-08-02 23:48:48.035840","train",76,2.233804702758789,0.0002618121020576737,"","","","","",""
25120,"2026-08-02 23:48:48.878605","train",76,0.06004446744918823,0.0002606172277546186,"","","","","",""
25140,"2026-08-02 23:48:49.781242","train",76,0.03825140744447708,0.0002594241245064875,"","","","","",""
25160,"2026-08-02 23:48:50.620107","train",76,0.856243371963501,0.000258232801140289,"","","","","",""
25180,"2026-08-02 23:48:51.460722","train",76,0.2242046743631363,0.0002570432664698631,"","","","","",""
25200,"2026-08-02 23:48:52.390495","train",76,0.7518020272254944,0.0002558555292958162,"","","","","",""
25220,"2026-08-02 23:48:53.195466","train",76,0.4044443964958191,0.000254669598405457,"","","","","",""
25240,"2026-08-02 23:48:54.054331","train",76,0.11334926635026932,0.0002534854825727299,"","","","","",""
25260,"2026-08-02 23:48:55.030593","train",76,0.4491735100746155,0.00025230319055815096,"","","","","",""
25280,"2026-08-02 23:48:55.872126","train",76,0.4444904923439026,0.0002511227311087434,"","","","","",""
25300,"2026-08-02 23:48:56.688477","train",76,0.1112733781337738,0.0002499441129579719,"","","","","",""
25320,"2026-08-02 23:48:57.558387","train",76,0.2276175320148468,0.00024876734482567924,"","","","","",""
25340,"2026-08-02 23:48:58.367257","train",76,0.255985826253891,0.00024759243541802036,"","","","","",""
25360,"2026-08-02 23:48:59.278779","train",76,1.1203186511993408,0.00024641939342739895,"","","","","",""
25380,"2026-08-02 23:49:00.110513","train",76,0.09390188753604889,0.0002452482275324032,"","","","","",""
25400,"2026-08-02 23:49:00.972250","train",76,0.26353704929351807,0.00024407894639774089,"","","","","",""
25410,"2026-08-02 23:49:17.625386","val",76,"","",0.8259180327868852,0.27654084963053643,0.7562278814794254,0.7530017152658662,0.7658870255957635,0.8448755183499774
25420,"2026-08-02 23:49:28.818598","train",77,0.9449378848075867,0.00024291155867417556,"","","","","",""
25440,"2026-08-02 23:49:29.716299","train",77,0.291357159614563,0.00024174607299846297,"","","","","",""
25460,"2026-08-02 23:49:30.698416","train",77,0.08371207118034363,0.00024058249799328702,"","","","","",""
25480,"2026-08-02 23:49:31.499982","train",77,0.09881807863712311,0.0002394208422671951,"","","","","",""
25500,"2026-08-02 23:49:32.384220","train",77,0.5455480813980103,0.00023826111441453544,"","","","","",""
25520,"2026-08-02 23:49:33.207603","train",77,1.7195584774017334,0.0002371033230153934,"","","","","",""
25540,"2026-08-02 23:49:34.139193","train",77,0.7524040937423706,0.0002359474766355273,"","","","","",""
25560,"2026-08-02 23:49:35.051272","train",77,0.5791885256767273,0.0002347935838263057,"","","","","",""
25580,"2026-08-02 23:49:35.861577","train",77,1.131399393081665,0.00023364165312464427,"","","","","",""
25600,"2026-08-02 23:49:36.748755","train",77,0.08294109255075455,0.00023249169305294165,"","","","","",""
25620,"2026-08-02 23:49:37.607321","train",77,0.8024235963821411,0.0002313437121190177,"","","","","",""
25640,"2026-08-02 23:49:38.471593","train",77,0.7995176315307617,0.00023019771881604945,"","","","","",""
25660,"2026-08-02 23:49:39.286551","train",77,0.8172681331634521,0.00022905372162250877,"","","","","",""
25680,"2026-08-02 23:49:40.112537","train",77,0.04880298674106598,0.00022791172900209994,"","","","","",""
25700,"2026-08-02 23:49:40.983864","train",77,0.16591273248195648,0.0002267717494036963,"","","","","",""
25720,"2026-08-02 23:49:41.992085","train",77,0.7398467659950256,0.0002256337912612782,"","","","","",""
25740,"2026-08-02 23:49:42.756966","train",77,0.1252046376466751,0.00022449786299387053,"","","","","",""
25740,"2026-08-02 23:49:58.876741","val",77,"","",0.8261803278688524,0.27516823380041855,0.7592117132745819,0.7632933104631218,0.7868490732568402,0.8415363349744512
25760,"2026-08-02 23:50:10.596031","train",78,0.06681019812822342,0.00022336397300548114,"","","","","",""
25780,"2026-08-02 23:50:11.523603","train",78,1.0497385263442993,0.00022223212968503636,"","","","","",""
25800,"2026-08-02 23:50:12.387082","train",78,0.2581632435321808,0.00022110234140632195,"","","","","",""
25820,"2026-08-02 23:50:13.225111","train",78,0.16351047158241272,0.00021997461652791946,"","","","","",""
25840,"2026-08-02 23:50:14.072431","train",78,0.16531096398830414,0.00021884896339314426,"","","","","",""
25860,"2026-08-02 23:50:14.907012","train",78,2.016716718673706,0.00021772539032998428,"","","","","",""
25880,"2026-08-02 23:50:15.714360","train",78,1.296482801437378,0.0002166039056510387,"","","","","",""
25900,"2026-08-02 23:50:16.535603","train",78,0.11154348403215408,0.00021548451765345585,"","","","","",""
25920,"2026-08-02 23:50:17.487535","train",78,0.030032098293304443,0.00021436723461887175,"","","","","",""
25940,"2026-08-02 23:50:18.287361","train",78,0.8070188760757446,0.00021325206481334982,"","","","","",""
25960,"2026-08-02 23:50:19.139858","train",78,1.4784982204437256,0.00021213901648731834,"","","","","",""
25980,"2026-08-02 23:50:19.978083","train",78,0.6890923976898193,0.00021102809787551088,"","","","","",""
26000,"2026-08-02 23:50:20.850450","train",78,0.10418638586997986,0.00020991931719690387,"","","","","",""
26020,"2026-08-02 23:50:21.725138","train",78,0.06804157793521881,0.00020881268265465677,"","","","","",""
26040,"2026-08-02 23:50:22.549279","train",78,0.9037665128707886,0.00020770820243605137,"","","","","",""
26060,"2026-08-02 23:50:23.385311","train",78,0.06038800626993179,0.00020660588471243128,"","","","","",""
26070,"2026-08-02 23:50:39.761904","val",78,"","",0.8095081967213115,0.25559348987010533,0.7206994656859343,0.7478559176672385,0.7511032656663724,0.8311305077111839
26080,"2026-08-02 23:50:50.968470","train",79,2.7913966178894043,0.0002055057376391401,"","","","","",""
26100,"2026-08-02 23:50:51.818951","train",79,0.3911644220352173,0.00020440776935546308,"","","","","",""
26120,"2026-08-02 23:50:52.620990","train",79,1.136922001838684,0.00020331198798456598,"","","","","",""
26140,"2026-08-02 23:50:53.440083","train",79,0.4563910663127899,0.00020221840163343467,"","","","","",""
26160,"2026-08-02 23:50:54.305093","train",79,0.9968886375427246,0.00020112701839281543,"","","","","",""
26180,"2026-08-02 23:50:55.206638","train",79,0.1742096245288849,0.00020003784633715552,"","","","","",""
26200,"2026-08-02 23:50:56.059706","train",79,0.6079161167144775,0.00019895089352454272,"","","","","",""
26220,"2026-08-02 23:50:56.859416","train",79,0.5660595893859863,0.00019786616799664597,"","","","","",""
26240,"2026-08-02 23:50:57.726411","train",79,0.3225330114364624,0.00019678367777865649,"","","","","",""
26260,"2026-08-02 23:50:58.670715","train",79,0.03435876965522766,0.0001957034308792271,"","","","","",""
26280,"2026-08-02 23:50:59.554701","train",79,0.29068049788475037,0.00019462543529041464,"","","","","",""
26300,"2026-08-02 23:51:00.383085","train",79,0.21555545926094055,0.00019354969898761917,"","","","","",""
26320,"2026-08-02 23:51:01.205120","train",79,0.3260937035083771,0.00019247622992952588,"","","","","",""
26340,"2026-08-02 23:51:02.118542","train",79,0.04955354332923889,0.00019140503605804656,"","","","","",""
26360,"2026-08-02 23:51:03.085402","train",79,0.1775156557559967,0.00019033612529825985,"","","","","",""
26380,"2026-08-02 23:51:03.938032","train",79,0.15234383940696716,0.00018926950555835296,"","","","","",""
26400,"2026-08-02 23:51:04.755644","train",79,0.524282693862915,0.00018820518472956397,"","","","","",""
26400,"2026-08-02 23:51:20.955270","val",79,"","",0.8174426229508197,0.2789014402612157,0.7374921934633266,0.7461406518010292,0.7669902912621359,0.8365819187102987
26420,"2026-08-02 23:51:32.572620","train",80,0.9004204869270325,0.00018714317068612243,"","","","","",""
26440,"2026-08-02 23:51:33.435424","train",80,0.08879367262125015,0.0001860834712851914,"","","","","",""
26460,"2026-08-02 23:51:34.353737","train",80,0.34551411867141724,0.00018502609436680915,"","","","","",""
26480,"2026-08-02 23:51:35.280487","train",80,0.6828503608703613,0.000183971047753832,"","","","","",""
26500,"2026-08-02 23:51:36.094954","train",80,0.48368752002716064,0.0001829183392518755,"","","","","",""
26520,"2026-08-02 23:51:36.894476","train",80,0.15826113522052765,0.0001818679766492566,"","","","","",""
26540,"2026-08-02 23:51:37.744571","train",80,0.5193610191345215,0.0001808199677169373,"","","","","",""
26560,"2026-08-02 23:51:38.558091","train",80,0.9184790253639221,0.00017977432020846551,"","","","","",""
26580,"2026-08-02 23:51:39.540349","train",80,0.8852892518043518,0.00017873104185991913,"","","","","",""
26600,"2026-08-02 23:51:40.366016","train",80,0.3661527633666992,0.00017769014038984763,"","","","","",""
26620,"2026-08-02 23:51:41.263951","train",80,0.30289265513420105,0.00017665162349921558,"","","","","",""
26640,"2026-08-02 23:51:42.096472","train",80,0.05796203017234802,0.00017561549887134599,"","","","","",""
26660,"2026-08-02 23:51:42.944341","train",80,0.38226693868637085,0.00017458177417186254,"","","","","",""
26680,"2026-08-02 23:51:43.848528","train",80,0.43622857332229614,0.0001735504570486334,"","","","","",""
26700,"2026-08-02 23:51:44.732347","train",80,0.035983674228191376,0.0001725215551317149,"","","","","",""
26720,"2026-08-02 23:51:45.564282","train",80,0.2519634962081909,0.00017149507603329516,"","","","","",""
26730,"2026-08-02 23:52:02.187570","val",80,"","",0.8186885245901638,0.26631549657042036,0.7401984595100964,0.7547169811320755,0.7755957634598412,0.8347958438815288
26740,"2026-08-02 23:52:13.335594","train",81,1.1865956783294678,0.00017047102734763617,"","","","","",""
26760,"2026-08-02 23:52:14.362184","train",81,0.4887964427471161,0.00016944941665101996,"","","","","",""
26780,"2026-08-02 23:52:15.180093","train",81,1.5814714431762695,0.00016843025150169128,"","","","","",""
26800,"2026-08-02 23:52:16.037142","train",81,1.0553781986236572,0.0001674135394398015,"","","","","",""
26820,"2026-08-02 23:52:16.883563","train",81,0.0639028549194336,0.00016639928798735314,"","","","","",""
26840,"2026-08-02 23:52:17.719330","train",81,0.8540636897087097,0.00016538750464814483,"","","","","",""
26860,"2026-08-02 23:52:18.557755","train",81,0.14721663296222687,0.0001643781969077145,"","","","","",""
26880,"2026-08-02 23:52:19.385242","train",81,0.07794465869665146,0.00016337137223328496,"","","","","",""
26900,"2026-08-02 23:52:20.254268","train",81,0.11667107790708542,0.0001623670380737087,"","","","","",""
26920,"2026-08-02 23:52:21.133067","train",81,0.06048640236258507,0.00016136520185941198,"","","","","",""
26940,"2026-08-02 23:52:22.046304","train",81,0.055418968200683594,0.00016036587100234088,"","","","","",""
26960,"2026-08-02 23:52:22.852926","train",81,0.6507129669189453,0.00015936905289590556,"","","","","",""
26980,"2026-08-02 23:52:23.743663","train",81,1.2932608127593994,0.0001583747549149259,"","","","","",""
27000,"2026-08-02 23:52:24.544548","train",81,0.08192496001720428,0.00015738298441557726,"","","","","",""
27020,"2026-08-02 23:52:25.551463","train",81,0.29599595069885254,0.00015639374873533597,"","","","","",""
27040,"2026-08-02 23:52:26.350809","train",81,0.684784471988678,0.000155407055192924,"","","","","",""
27060,"2026-08-02 23:52:27.203873","train",81,0.032719604671001434,0.00015442291108825644,"","","","","",""
27060,"2026-08-02 23:52:43.353514","val",81,"","",0.8186557377049181,0.27466355120011976,0.7476233432794394,0.7478559176672384,0.7689761694616064,0.8379175920605091
27080,"2026-08-02 23:52:54.891670","train",82,2.5045711994171143,0.0001534413237023867,"","","","","",""
27100,"2026-08-02 23:52:55.869612","train",82,1.4279083013534546,0.0001524623002974523,"","","","","",""
27120,"2026-08-02 23:52:56.784721","train",82,0.04855504259467125,0.00015148584811662142,"","","","","",""
27140,"2026-08-02 23:52:57.582238","train",82,0.11433631181716919,0.00015051197438404007,"","","","","",""
27160,"2026-08-02 23:52:58.513278","train",82,0.67160564661026,0.0001495406863047773,"","","","","",""
27180,"2026-08-02 23:52:59.372862","train",82,0.33701685070991516,0.00014857199106477263,"","","","","",""
27200,"2026-08-02 23:53:00.197248","train",82,0.2959098219871521,0.00014760589583078334,"","","","","",""
27220,"2026-08-02 23:53:01.087624","train",82,0.031739167869091034,0.00014664240775033027,"","","","","",""
27240,"2026-08-02 23:53:01.943693","train",82,0.043839991092681885,0.00014568153395164618,"","","","","",""
27260,"2026-08-02 23:53:02.858875","train",82,0.07826351374387741,0.00014472328154362205,"","","","","",""
27280,"2026-08-02 23:53:03.929304","train",82,0.10757153481245041,0.0001437676576157547,"","","","","",""
27300,"2026-08-02 23:53:04.989774","train",82,0.029608171433210373,0.00014281466923809518,"","","","","",""
27320,"2026-08-02 23:53:05.801465","train",82,0.6119806170463562,0.00014186432346119523,"","","","","",""
27340,"2026-08-02 23:53:06.615879","train",82,0.6155039668083191,0.00014091662731605562,"","","","","",""
27360,"2026-08-02 23:53:07.504732","train",82,0.7050204873085022,0.0001399715878140746,"","","","","",""
27380,"2026-08-02 23:53:08.319327","train",82,0.03545322269201279,0.00013902921194699548,"","","","","",""
27390,"2026-08-02 23:53:25.059154","val",82,"","",0.8155409836065575,0.28148060619194554,0.726320172090764,0.7478559176672385,0.763018534863195,0.8326059608306025
27400,"2026-08-02 23:53:36.288064","train",83,0.14721855521202087,0.00013808950668685495,"","","","","",""
27420,"2026-08-02 23:53:37.218339","train",83,0.8446165919303894,0.00013715247898593135,"","","","","",""
27440,"2026-08-02 23:53:38.054063","train",83,0.0732208788394928,0.00013621813577669405,"","","","","",""
27460,"2026-08-02 23:53:38.909401","train",83,0.050266556441783905,0.00013528648397175114,"","","","","",""
27480,"2026-08-02 23:53:39.726432","train",83,0.8529216647148132,0.00013435753046379863,"","","","","",""
27500,"2026-08-02 23:53:40.738954","train",83,0.05914522334933281,0.00013343128212557016,"","","","","",""
27520,"2026-08-02 23:53:41.608890","train",83,0.7581034302711487,0.00013250774580978475,"","","","","",""
27540,"2026-08-02 23:53:42.560265","train",83,0.05042276531457901,0.00013158692834909792,"","","","","",""
27560,"2026-08-02 23:53:43.405386","train",83,0.32097333669662476,0.00013066883655604876,"","","","","",""
27580,"2026-08-02 23:53:44.252492","train",83,0.044966887682676315,0.00012975347722301198,"","","","","",""
27600,"2026-08-02 23:53:45.092000","train",83,0.855902373790741,0.00012884085712214647,"","","","","",""
27620,"2026-08-02 23:53:45.905530","train",83,0.18221412599086761,0.00012793098300534474,"","","","","",""
27640,"2026-08-02 23:53:46.751689","train",83,0.02446535974740982,0.00012702386160418376,"","","","","",""
27660,"2026-08-02 23:53:47.579072","train",83,0.6920726895332336,0.00012611949962987524,"","","","","",""
27680,"2026-08-02 23:53:48.483073","train",83,1.008786916732788,0.00012521790377321531,"","","","","",""
27700,"2026-08-02 23:53:49.299144","train",83,0.12076065689325333,0.00012431908070453525,"","","","","",""
27720,"2026-08-02 23:53:50.183515","train",83,0.030450113117694855,0.00012342303707365274,"","","","","",""
27720,"2026-08-02 23:54:06.486828","val",83,"","",0.8106147540983606,0.26973924858599235,0.7233363402956076,0.7650085763293311,0.7539717563989408,0.83013651824126
27740,"2026-08-02 23:54:18.133690","train",84,1.4753446578979492,0.0001225297795098216,"","","","","",""
27760,"2026-08-02 23:54:18.947620","train",84,0.6399881839752197,0.00012163931462168392,"","","","","",""
27780,"2026-08-02 23:54:19.767889","train",84,0.4048960208892822,0.00012075164899722007,"","","","","",""
27800,"2026-08-02 23:54:20.615220","train",84,0.09224916994571686,0.00011986678920370053,"","","","","",""
27820,"2026-08-02 23:54:21.529095","train",84,0.823346734046936,0.0001189847417876375,"","","","","",""
27840,"2026-08-02 23:54:22.457770","train",84,0.04505410045385361,0.00011810551327473631,"","","","","",""
27860,"2026-08-02 23:54:23.268996","train",84,0.10517656803131104,0.00011722911016984617,"","","","","",""
27880,"2026-08-02 23:54:24.099671","train",84,0.6199222207069397,0.00011635553895691379,"","","","","",""
27900,"2026-08-02 23:54:24.996513","train",84,0.09883303940296173,0.00011548480609893433,"","","","","",""
27920,"2026-08-02 23:54:25.788091","train",84,0.06748364865779877,0.00011461691803790359,"","","","","",""
27940,"2026-08-02 23:54:26.652114","train",84,1.2573412656784058,0.00011375188119477043,"","","","","",""
27960,"2026-08-02 23:54:27.417361","train",84,0.288428395986557,0.00011288970196938982,"","","","","",""
27980,"2026-08-02 23:54:28.283923","train",84,0.8798788189888,0.00011203038674047471,"","","","","",""
28000,"2026-08-02 23:54:29.141130","train",84,0.26222866773605347,0.00011117394186554896,"","","","","",""
28020,"2026-08-02 23:54:29.949973","train",84,0.09293682873249054,0.00011032037368090123,"","","","","",""
28040,"2026-08-02 23:54:30.851138","train",84,0.0814530998468399,0.00010946968850153655,"","","","","",""
28050,"2026-08-02 23:54:47.529823","val",84,"","",0.8101885245901639,0.26697803974205503,0.7208382485601277,0.7547169811320755,0.750441306266549,0.8288629692329197
28060,"2026-08-02 23:54:58.765221","train",85,0.8874173164367676,0.0001086218926211312,"","","","","",""
28080,"2026-08-02 23:54:59.679816","train",85,1.2365802526474,0.00010777699231198479,"","","","","",""
28100,"2026-08-02 23:55:00.539451","train",85,0.16166749596595764,0.0001069349938249746,"","","","","",""
28120,"2026-08-02 23:55:01.345070","train",85,0.049029964953660965,0.0001060959033895095,"","","","","",""
28140,"2026-08-02 23:55:02.314298","train",85,0.05012071877717972,0.00010525972721348326,"","","","","",""
28160,"2026-08-02 23:55:03.132394","train",85,0.15487612783908844,0.00010442647148322871,"","","","","",""
28180,"2026-08-02 23:55:03.948800","train",85,0.3728008568286896,0.0001035961423634726,"","","","","",""
28200,"2026-08-02 23:55:04.825116","train",85,0.1850065141916275,0.00010276874599728948,"","","","","",""
28220,"2026-08-02 23:55:05.701936","train",85,0.06136908009648323,0.00010194428850605613,"","","","","",""
28240,"2026-08-02 23:55:06.594833","train",85,0.4157627522945404,0.00010112277598940641,"","","","","",""
28260,"2026-08-02 23:55:07.417913","train",85,0.028777018189430237,0.00010030421452518662,"","","","","",""
28280,"2026-08-02 23:55:08.319631","train",85,0.3054921329021454,9.948861016940972e-05,"","","","","",""
28300,"2026-08-02 23:55:09.229258","train",85,0.08299103379249573,9.867596895621085e-05,"","","","","",""
28320,"2026-08-02 23:55:10.111506","train",85,0.3497171103954315,9.786629689780326e-05,"","","","","",""
28340,"2026-08-02 23:55:11.041692","train",85,1.3978571891784668,9.705959998443267e-05,"","","","","",""
28360,"2026-08-02 23:55:11.981398","train",85,0.10604241490364075,9.625588418433429e-05,"","","","","",""
28380,"2026-08-02 23:55:12.825677","train",85,0.03707262501120567,9.54551554436874e-05,"","","","","",""
28380,"2026-08-02 23:55:29.230888","val",85,"","",0.8102459016393442,0.25713454887623255,0.721601554368191,0.7718696397941681,0.7625772285966461,0.8252908195753801
28400,"2026-08-02 23:55:40.999722","train",86,0.06070467084646225,9.465741968657202e-05,"","","","","",""
28420,"2026-08-02 23:55:41.894148","train",86,0.03932706266641617,9.386268281492552e-05,"","","","","",""
28440,"2026-08-02 23:55:42.696579","train",86,1.1757657527923584,9.307095070849777e-05,"","","","","",""
28460,"2026-08-02 23:55:43.671228","train",86,0.07092621922492981,9.228222922480851e-05,"","","","","",""
28480,"2026-08-02 23:55:44.633644","train",86,0.10753583163022995,9.149652419910401e-05,"","","","","",""
28500,"2026-08-02 23:55:45.515552","train",86,0.8915868997573853,9.071384144431384e-05,"","","","","",""
28520,"2026-08-02 23:55:46.363110","train",86,0.2258506715297699,8.993418675100692e-05,"","","","","",""
28540,"2026-08-02 23:55:47.212319","train",86,0.19519565999507904,8.915756588735019e-05,"","","","","",""
28560,"2026-08-02 23:55:48.038421","train",86,0.13593444228172302,8.838398459906524e-05,"","","","","",""
28580,"2026-08-02 23:55:49.025966","train",86,0.635993480682373,8.761344860938543e-05,"","","","","",""
28600,"2026-08-02 23:55:49.830538","train",86,0.2066032737493515,8.684596361901389e-05,"","","","","",""
28620,"2026-08-02 23:55:50.651075","train",86,0.507660448551178,8.608153530608179e-05,"","","","","",""
28640,"2026-08-02 23:55:51.564141","train",86,0.03803404048085213,8.532016932610552e-05,"","","","","",""
28660,"2026-08-02 23:55:52.392764","train",86,0.030821427702903748,8.45618713119452e-05,"","","","","",""
28680,"2026-08-02 23:55:53.232373","train",86,0.09668301790952682,8.380664687376335e-05,"","","","","",""
28700,"2026-08-02 23:55:54.124810","train",86,0.3431338667869568,8.305450159898271e-05,"","","","","",""
28710,"2026-08-02 23:56:10.741234","val",86,"","",0.8087704918032786,0.25048444525513536,0.7216709458052877,0.7564322469982847,0.7511032656663724,0.8255237858573936
28720,"2026-08-02 23:56:21.870100","train",87,0.06138201802968979,8.230544105224562e-05,"","","","","",""
28740,"2026-08-02 23:56:22.723440","train",87,0.9125971794128418,8.155947077537219e-05,"","","","","",""
28760,"2026-08-02 23:56:23.530107","train",87,0.5599247813224792,8.08165962873196e-05,"","","","","",""
28780,"2026-08-02 23:56:24.402747","train",87,1.0624630451202393,8.007682308414144e-05,"","","","","",""
28800,"2026-08-02 23:56:25.364289","train",87,0.05708304047584534,7.934015663894712e-05,"","","","","",""
28820,"2026-08-02 23:56:26.332909","train",87,0.07198750972747803,7.860660240186023e-05,"","","","","",""
28840,"2026-08-02 23:56:27.132854","train",87,0.37141329050064087,7.787616579998005e-05,"","","","","",""
28860,"2026-08-02 23:56:27.946726","train",87,0.03525283932685852,7.714885223734017e-05,"","","","","",""
28880,"2026-08-02 23:56:28.878691","train",87,0.15714769065380096,7.642466709486874e-05,"","","","","",""
28900,"2026-08-02 23:56:29.710443","train",87,0.33692818880081177,7.570361573034855e-05,"","","","","",""
28920,"2026-08-02 23:56:30.517867","train",87,1.033447504043579,7.498570347837809e-05,"","","","","",""
28940,"2026-08-02 23:56:31.358619","train",87,0.08762040734291077,7.427093565033106e-05,"","","","","",""
28960,"2026-08-02 23:56:32.325077","train",87,0.12906217575073242,7.355931753431769e-05,"","","","","",""
28980,"2026-08-02 23:56:33.205405","train",87,0.06899815052747726,7.285085439514577e-05,"","","","","",""
29000,"2026-08-02 23:56:34.058397","train",87,0.09443028271198273,7.214555147428114e-05,"","","","","",""
29020,"2026-08-02 23:56:34.860375","train",87,0.12095886468887329,7.144341398980937e-05,"","","","","",""
29040,"2026-08-02 23:56:35.677667","train",87,0.052486222237348557,7.07444471363969e-05,"","","","","",""
29040,"2026-08-02 23:56:52.000316","val",87,"","",0.8117786885245901,0.25780222058520136,0.7229199916730276,0.7598627787307033,0.7581641659311562,0.8293289017969464
29060,"2026-08-02 23:57:03.621261","train",88,1.5708048343658447,7.004865608525263e-05,"","","","","",""
29080,"2026-08-02 23:57:04.536774","train",88,0.45341819524765015,6.935604598409002e-05,"","","","","",""
29100,"2026-08-02 23:57:05.366589","train",88,0.06818825006484985,6.866662195708842e-05,"","","","","",""
29120,"2026-08-02 23:57:06.212213","train",88,0.9833195209503174,6.79803891048554e-05,"","","","","",""
29140,"2026-08-02 23:57:07.064817","train",88,0.7924338579177856,6.729735250438937e-05,"","","","","",""
29160,"2026-08-02 23:57:07.956149","train",88,0.031209712848067284,6.661751720904164e-05,"","","","","",""
29180,"2026-08-02 23:57:08.801413","train",88,0.1499130129814148,6.5940888248479e-05,"","","","","",""
29200,"2026-08-02 23:57:09.684720","train",88,0.11005839705467224,6.526747062864644e-05,"","","","","",""
29220,"2026-08-02 23:57:10.541990","train",88,1.055907964706421,6.459726933173082e-05,"","","","","",""
29240,"2026-08-02 23:57:11.363109","train",88,0.26114341616630554,6.393028931612301e-05,"","","","","",""
29260,"2026-08-02 23:57:12.212950","train",88,0.2644241750240326,6.32665355163817e-05,"","","","","",""
29280,"2026-08-02 23:57:13.057450","train",88,0.6990220546722412,6.260601284319731e-05,"","","","","",""
29300,"2026-08-02 23:57:13.842906","train",88,0.05988703668117523,6.194872618335463e-05,"","","","","",""
29320,"2026-08-02 23:57:14.679726","train",88,0.5901868939399719,6.129468039969772e-05,"","","","","",""
29340,"2026-08-02 23:57:15.536407","train",88,1.7333251237869263,6.0643880331093316e-05,"","","","","",""
29360,"2026-08-02 23:57:16.332735","train",88,0.018182039260864258,5.9996330792395e-05,"","","","","",""
29370,"2026-08-02 23:57:32.915108","val",88,"","",0.8079344262295083,0.25001302492355176,0.7217403372423843,0.7530017152658662,0.7577228596646073,0.8260673738487583
29380,"2026-08-02 23:57:44.247910","train",89,1.0003573894500732,5.935203657440805e-05,"","","","","",""
29400,"2026-08-02 23:57:45.134157","train",89,1.4070513248443604,5.8711002443853545e-05,"","","","","",""
29420,"2026-08-02 23:57:45.988893","train",89,1.0157517194747925,5.8073233143333216e-05,"","","","","",""
29440,"2026-08-02 23:57:46.798585","train",89,0.06536757200956345,5.7438733391294466e-05,"","","","","",""
29460,"2026-08-02 23:57:47.648885","train",89,0.49345481395721436,5.680750788199576e-05,"","","","","",""
29480,"2026-08-02 23:57:48.524361","train",89,1.058830738067627,5.6179561285470656e-05,"","","","","",""
29500,"2026-08-02 23:57:49.438208","train",89,0.8227300047874451,5.555489824749499e-05,"","","","","",""
29520,"2026-08-02 23:57:50.278791","train",89,0.5662901401519775,5.493352338955129e-05,"","","","","",""
29540,"2026-08-02 23:57:51.180661","train",89,0.01179678738117218,5.4315441308794965e-05,"","","","","",""
29560,"2026-08-02 23:57:52.060279","train",89,0.033709414303302765,5.3700656578020086e-05,"","","","","",""
29580,"2026-08-02 23:57:52.881942","train",89,0.062290627509355545,5.308917374562621e-05,"","","","","",""
29600,"2026-08-02 23:57:53.742690","train",89,0.04757174476981163,5.248099733558387e-05,"","","","","",""
29620,"2026-08-02 23:57:54.589326","train",89,1.1900994777679443,5.187613184740148e-05,"","","","","",""
29640,"2026-08-02 23:57:55.437127","train",89,0.146659255027771,5.127458175609233e-05,"","","","","",""
29660,"2026-08-02 23:57:56.338750","train",89,0.8788923025131226,5.067635151214097e-05,"","","","","",""
29680,"2026-08-02 23:57:57.147526","train",89,0.0664583072066307,5.008144554147069e-05,"","","","","",""
29700,"2026-08-02 23:57:57.912294","train",89,1.5772581100463867,4.948986824541051e-05,"","","","","",""
29700,"2026-08-02 23:58:14.251942","val",89,"","",0.8064836065573769,0.2545029520792377,0.7175074595794879,0.7409948542024014,0.7603706972639012,0.8255082547719259
29720,"2026-08-02 23:58:25.842603","train",90,0.3955678343772888,4.890162400066258e-05,"","","","","",""
29740,"2026-08-02 23:58:26.747911","train",90,0.6580654382705688,4.8316717159270205e-05,"","","","","",""
29760,"2026-08-02 23:58:27.580446","train",90,0.10924730449914932,4.7735152048585476e-05,"","","","","",""
29780,"2026-08-02 23:58:28.437372","train",90,0.7627409100532532,4.7156932971236475e-05,"","","","","",""
29800,"2026-08-02 23:58:29.233507","train",90,0.037571921944618225,4.6582064205096815e-05,"","","","","",""
29820,"2026-08-02 23:58:30.191017","train",90,0.044913388788700104,4.601055000325317e-05,"","","","","",""
29840,"2026-08-02 23:58:31.108907","train",90,0.0982164815068245,4.5442394593973744e-05,"","","","","",""
29860,"2026-08-02 23:58:31.975511","train",90,0.0549231693148613,4.48776021806771e-05,"","","","","",""
29880,"2026-08-02 23:58:32.978488","train",90,0.051762357354164124,4.431617694190158e-05,"","","","","",""
29900,"2026-08-02 23:58:33.981256","train",90,1.758814811706543,4.375812303127351e-05,"","","","","",""
29920,"2026-08-02 23:58:34.928574","train",90,0.8752604722976685,4.320344457747707e-05,"","","","","",""
29940,"2026-08-02 23:58:35.729489","train",90,0.06241452693939209,4.2652145684223776e-05,"","","","","",""
29960,"2026-08-02 23:58:36.591948","train",90,0.9546624422073364,4.210423043022155e-05,"","","","","",""
29980,"2026-08-02 23:58:37.510630","train",90,0.8169527649879456,4.155970286914534e-05,"","","","","",""
30000,"2026-08-02 23:58:38.403566","train",90,0.9245525598526001,4.101856702960652e-05,"","","","","",""
30020,"2026-08-02 23:58:39.261199","train",90,1.1749627590179443,4.0480826915123085e-05,"","","","","",""
30030,"2026-08-02 23:58:56.222958","val",90,"","",0.8069508196721311,0.25100341371750434,0.7196585941294844,0.7547169811320755,0.7557369814651368,0.8252286952335098
30040,"2026-08-02 23:59:07.367384","train",91,0.5505324602127075,3.9946486504090655e-05,"","","","","",""
30060,"2026-08-02 23:59:08.189225","train",91,0.2583509087562561,3.941554974975237e-05,"","","","","",""
30080,"2026-08-02 23:59:09.077766","train",91,0.4844668209552765,3.8888020580169755e-05,"","","","","",""
30100,"2026-08-02 23:59:09.901044","train",91,0.05163981765508652,3.836390289819419e-05,"","","","","",""
30120,"2026-08-02 23:59:10.704126","train",91,0.9259840250015259,3.784320058143721e-05,"","","","","",""
30140,"2026-08-02 23:59:11.711755","train",91,0.42194125056266785,3.732591748224262e-05,"","","","","",""
30160,"2026-08-02 23:59:12.492307","train",91,0.6456329226493835,3.681205742765732e-05,"","","","","",""
30180,"2026-08-02 23:59:13.382838","train",91,2.340080738067627,3.630162421940338e-05,"","","","","",""
30200,"2026-08-02 23:59:14.312807","train",91,0.02954147756099701,3.579462163385005e-05,"","","","","",""
30220,"2026-08-02 23:59:15.191315","train",91,0.09229624271392822,3.529105342198523e-05,"","","","","",""
30240,"2026-08-02 23:59:16.015472","train",91,0.32768410444259644,3.4790923309388246e-05,"","","","","",""
30260,"2026-08-02 23:59:16.833939","train",91,0.06997373700141907,3.4294234996202186e-05,"","","","","",""
30280,"2026-08-02 23:59:17.690194","train",91,0.293013334274292,3.380099215710658e-05,"","","","","",""
30300,"2026-08-02 23:59:18.514152","train",91,0.14036442339420319,3.331119844128965e-05,"","","","","",""
30320,"2026-08-02 23:59:19.394764","train",91,0.09335126727819443,3.282485747242215e-05,"","","","","",""
30340,"2026-08-02 23:59:20.391883","train",91,0.044180065393447876,3.234197284863014e-05,"","","","","",""
30360,"2026-08-02 23:59:21.217475","train",91,0.08372959494590759,3.1862548142468285e-05,"","","","","",""
30360,"2026-08-02 23:59:37.337176","val",91,"","",0.8091393442622951,0.25577988409998464,0.7195892026923878,0.7495711835334478,0.7597087378640777,0.8275583580536444
30380,"2026-08-02 23:59:48.915597","train",92,0.17180676758289337,3.138658690089345e-05,"","","","","",""
30400,"2026-08-02 23:59:49.759724","train",92,0.1992446631193161,3.091409264523871e-05,"","","","","",""
30420,"2026-08-02 23:59:50.614499","train",92,0.6766858696937561,3.0445068871187142e-05,"","","","","",""
30440,"2026-08-02 23:59:51.443258","train",92,0.04776238650083542,2.99795190487457e-05,"","","","","",""
30460,"2026-08-02 23:59:52.367602","train",92,0.07871725410223007,2.9517446622220102e-05,"","","","","",""
30480,"2026-08-02 23:59:53.216197","train",92,0.2241714596748352,2.90588550101888e-05,"","","","","",""
30500,"2026-08-02 23:59:54.059333","train",92,0.052152909338474274,2.8603747605478067e-05,"","","","","",""
30520,"2026-08-02 23:59:54.888410","train",92,0.0673411637544632,2.8152127775136735e-05,"","","","","",""
30540,"2026-08-02 23:59:55.762877","train",92,0.1093490719795227,2.7703998860411147e-05,"","","","","",""
30560,"2026-08-02 23:59:56.717246","train",92,0.850120484828949,2.7259364176720916e-05,"","","","","",""
30580,"2026-08-02 23:59:57.621252","train",92,0.05369154363870621,2.681822701363371e-05,"","","","","",""
30600,"2026-08-02 23:59:58.499613","train",92,0.16220957040786743,2.6380590634841398e-05,"","","","","",""
30620,"2026-08-02 23:59:59.396616","train",92,0.06139640137553215,2.5946458278135938e-05,"","","","","",""
30640,"2026-08-03 00:00:00.249141","train",92,0.27902841567993164,2.5515833155385186e-05,"","","","","",""
30660,"2026-08-03 00:00:01.139513","train",92,0.06243368238210678,2.508871845250909e-05,"","","","","",""
30680,"2026-08-03 00:00:02.133251","train",92,1.1953824758529663,2.466511732945635e-05,"","","","","",""
30690,"2026-08-03 00:00:19.012825","val",92,"","",0.8097622950819672,0.25730045043913913,0.7178544167649712,0.7495711835334478,0.7614739629302736,0.8273875161135011
30700,"2026-08-03 00:00:30.130232","train",93,0.6606309413909912,2.4245032920181022e-05,"","","","","",""
30720,"2026-08-03 00:00:31.033080","train",93,0.35678207874298096,2.3828468332619125e-05,"","","","","",""
30740,"2026-08-03 00:00:32.030020","train",93,0.18414169549942017,2.341542664866562e-05,"","","","","",""
30760,"2026-08-03 00:00:32.849206","train",93,0.029531894251704216,2.3005910924152136e-05,"","","","","",""
30780,"2026-08-03 00:00:33.754511","train",93,0.5048407316207886,2.2599924188823613e-05,"","","","","",""
30800,"2026-08-03 00:00:34.566990","train",93,0.15456891059875488,2.2197469446316585e-05,"","","","","",""
30820,"2026-08-03 00:00:35.411450","train",93,0.02212299220263958,2.1798549674136323e-05,"","","","","",""
30840,"2026-08-03 00:00:36.268878","train",93,1.6271965503692627,2.1403167823635226e-05,"","","","","",""
30860,"2026-08-03 00:00:37.144526","train",93,0.0804167091846466,2.101132681999102e-05,"","","","","",""
30880,"2026-08-03 00:00:38.045422","train",93,0.9670262336730957,2.0623029562184768e-05,"","","","","",""
30900,"2026-08-03 00:00:38.902055","train",93,0.12570133805274963,2.023827892297966e-05,"","","","","",""
30920,"2026-08-03 00:00:39.790988","train",93,0.6505321860313416,1.985707774889982e-05,"","","","","",""
30940,"2026-08-03 00:00:40.644536","train",93,0.0509200245141983,1.9479428860209143e-05,"","","","","",""
30960,"2026-08-03 00:00:41.475683","train",93,0.05730373039841652,1.910533505089016e-05,"","","","","",""
30980,"2026-08-03 00:00:42.337745","train",93,0.020758897066116333,1.873479908862404e-05,"","","","","",""
31000,"2026-08-03 00:00:43.221439","train",93,0.19680780172348022,1.8367823714769505e-05,"","","","","",""
31020,"2026-08-03 00:00:44.017723","train",93,0.042591750621795654,1.8004411644342845e-05,"","","","","",""
31020,"2026-08-03 00:01:00.197150","val",93,"","",0.8097295081967214,0.25342443579993523,0.7236139060439942,0.7530017152658661,0.763901147396293,0.8265643685837204
