"step","time","part","epoch","loss","lr","auroc","auprc","auroc_age_cond","auroc_I0002","auroc_I0006","auroc_S0001"
20,"2026-08-02 12:24:41.605906","train",0,0.9961070418357849,4.0009669118256925e-05,"","","","","",""
40,"2026-08-02 12:24:42.380451","train",0,0.9764499664306641,4.003867608347821e-05,"","","","","",""
60,"2026-08-02 12:24:43.301062","train",0,1.0633931159973145,4.008701972703149e-05,"","","","","",""
80,"2026-08-02 12:24:44.179012","train",0,1.1745448112487793,4.01546981012485e-05,"","","","","",""
100,"2026-08-02 12:24:44.971137","train",0,1.0993690490722656,4.024170847950336e-05,"","","","","",""
120,"2026-08-02 12:24:45.829328","train",0,1.089914083480835,4.034804735632237e-05,"","","","","",""
140,"2026-08-02 12:24:46.646169","train",0,1.2115107774734497,4.047371044752597e-05,"","","","","",""
160,"2026-08-02 12:24:47.502606","train",0,1.0019664764404297,4.0618692690400234e-05,"","","","","",""
180,"2026-08-02 12:24:48.272472","train",0,0.867740273475647,4.078298824390159e-05,"","","","","",""
200,"2026-08-02 12:24:49.144790","train",0,0.7071822285652161,4.0966590488892185e-05,"","","","","",""
220,"2026-08-02 12:24:49.900525","train",0,0.7087972164154053,4.116949202840584e-05,"","","","","",""
240,"2026-08-02 12:24:50.637643","train",0,0.6979197263717651,4.139168468794696e-05,"","","","","",""
260,"2026-08-02 12:24:51.497342","train",0,0.42314475774765015,4.163315951581951e-05,"","","","","",""
280,"2026-08-02 12:24:52.403184","train",0,0.4865179657936096,4.1893906783486826e-05,"","","","","",""
300,"2026-08-02 12:24:53.143804","train",0,0.18616196513175964,4.2173915985965304e-05,"","","","","",""
320,"2026-08-02 12:24:53.924557","train",0,0.4840549826622009,4.247317584224616e-05,"","","","","",""
330,"2026-08-02 12:25:10.530260","val",0,"","",0.39279508196721313,0.06821574836839976,0.4321698702380126,0.3516295025728988,0.4777140335392762,0.38816841909081023
340,"2026-08-02 12:25:21.401865","train",1,0.20740023255348206,4.2791674295750344e-05,"","","","","",""
360,"2026-08-02 12:25:22.218246","train",1,0.3785327970981598,4.312939851481461e-05,"","","","","",""
380,"2026-08-02 12:25:23.099198","train",1,0.3359614908695221,4.3486334893207915e-05,"","","","","",""
400,"2026-08-02 12:25:24.009141","train",1,0.643818736076355,4.386246905068044e-05,"","","","","",""
420,"2026-08-02 12:25:24.856238","train",1,0.7495396137237549,4.425778583354138e-05,"","","","","",""
440,"2026-08-02 12:25:25.613919","train",1,0.45166993141174316,4.467226931527152e-05,"","","","","",""
460,"2026-08-02 12:25:26.440942","train",1,0.454074501991272,4.5105902797163235e-05,"","","","","",""
480,"2026-08-02 12:25:27.290952","train",1,0.8419250249862671,4.555866880899377e-05,"","","","","",""
500,"2026-08-02 12:25:28.151402","train",1,0.7588075399398804,4.6030549109729656e-05,"","","","","",""
520,"2026-08-02 12:25:28.991601","train",1,0.6303724050521851,4.65215246882605e-05,"","","","","",""
540,"2026-08-02 12:25:29.883101","train",1,0.6228339076042175,4.703157576416595e-05,"","","","","",""
560,"2026-08-02 12:25:30.759897","train",1,0.5604891180992126,4.756068178851181e-05,"","","","","",""
580,"2026-08-02 12:25:31.534774","train",1,0.545461118221283,4.8108821444678386e-05,"","","","","",""
600,"2026-08-02 12:25:32.329470","train",1,0.6517133712768555,4.867597264921939e-05,"","","","","",""
620,"2026-08-02 12:25:33.136579","train",1,0.6419527530670166,4.9262112552751194e-05,"","","","","",""
640,"2026-08-02 12:25:34.019434","train",1,0.3096631169319153,4.9867217540873325e-05,"","","","","",""
660,"2026-08-02 12:25:34.974821","train",1,0.9710145592689514,5.0491263235120714e-05,"","","","","",""
660,"2026-08-02 12:25:51.517904","val",1,"","",0.38738934426229504,0.07534422018506176,0.389875789327597,0.3756432246998284,0.4616063548102383,0.38269371146349423
680,"2026-08-02 12:26:04.318232","train",2,0.2276594489812851,5.1134224493944907e-05,"","","","","",""
700,"2026-08-02 12:26:05.106131","train",2,0.3821648955345154,5.179607541372735e-05,"","","","","",""
720,"2026-08-02 12:26:05.905613","train",2,0.3440718650817871,5.247678932982294e-05,"","","","","",""
740,"2026-08-02 12:26:06.678119","train",2,0.17524412274360657,5.317633881763437e-05,"","","","","",""
760,"2026-08-02 12:26:07.490028","train",2,0.50411057472229,5.389469569371701e-05,"","","","","",""
780,"2026-08-02 12:26:08.270934","train",2,0.15602627396583557,5.4631831016914325e-05,"","","","","",""
800,"2026-08-02 12:26:09.041326","train",2,0.5701873302459717,5.538771508952368e-05,"","","","","",""
820,"2026-08-02 12:26:09.814180","train",2,0.285918653011322,5.616231745849299e-05,"","","","","",""
840,"2026-08-02 12:26:10.590755","train",2,0.3803078234195709,5.6955606916647824e-05,"","","","","",""
860,"2026-08-02 12:26:11.453261","train",2,0.7377741932868958,5.7767551503947996e-05,"","","","","",""
880,"2026-08-02 12:26:12.304336","train",2,0.416500061750412,5.859811850877602e-05,"","","","","",""
900,"2026-08-02 12:26:13.070066","train",2,0.3486775755882263,5.944727446925452e-05,"","","","","",""
920,"2026-08-02 12:26:13.937664","train",2,0.49553942680358887,6.0314985174594144e-05,"","","","","",""
940,"2026-08-02 12:26:14.797741","train",2,0.6948343515396118,6.12012156664724e-05,"","","","","",""
960,"2026-08-02 12:26:15.686632","train",2,0.4715583920478821,6.210593024044177e-05,"","","","","",""
980,"2026-08-02 12:26:16.664191","train",2,0.7806448936462402,6.302909244736783e-05,"","","","","",""
990,"2026-08-02 12:26:32.607103","val",2,"","",0.444,0.08860849383899923,0.37388106307681634,0.4751286449399657,0.5875992939099736,0.4170018792613416
1000,"2026-08-02 12:26:43.515706","train",3,0.8344329595565796,6.397066509489843e-05,"","","","","",""
1020,"2026-08-02 12:26:44.346947","train",3,0.6442053318023682,6.493061024896165e-05,"","","","","",""
1040,"2026-08-02 12:26:45.177812","train",3,0.4098331332206726,6.590888923529385e-05,"","","","","",""
1060,"2026-08-02 12:26:46.098337","train",3,0.5901040434837341,6.690546264099867e-05,"","","","","",""
1080,"2026-08-02 12:26:46.926984","train",3,0.5897271037101746,6.792029031613383e-05,"","","","","",""
1100,"2026-08-02 12:26:47.651454","train",3,0.36201971769332886,6.895333137532905e-05,"","","","","",""
1120,"2026-08-02 12:26:48.363894","train",3,0.857833206653595,7.000454419943424e-05,"","","","","",""
1140,"2026-08-02 12:26:49.239575","train",3,0.6007731556892395,7.107388643719421e-05,"","","","","",""
1160,"2026-08-02 12:26:50.105324","train",3,1.2491040229797363,7.216131500695699e-05,"","","","","",""
1180,"2026-08-02 12:26:50.936153","train",3,1.156735897064209,7.326678609840805e-05,"","","","","",""
1200,"2026-08-02 12:26:51.876451","train",3,0.7729369401931763,7.439025517433622e-05,"","","","","",""
1220,"2026-08-02 12:26:52.614286","train",3,0.5996339917182922,7.553167697242744e-05,"","","","","",""
1240,"2026-08-02 12:26:53.447351","train",3,0.9279746413230896,7.669100550708853e-05,"","","","","",""
1260,"2026-08-02 12:26:54.269593","train",3,0.515605092048645,7.78681940713003e-05,"","","","","",""
1280,"2026-08-02 12:26:55.025925","train",3,0.7502822875976562,7.906319523849799e-05,"","","","","",""
1300,"2026-08-02 12:26:55.778746","train",3,0.5212674140930176,8.027596086448345e-05,"","","","","",""
1320,"2026-08-02 12:26:56.647431","train",3,0.6200462579727173,8.150644208936388e-05,"","","","","",""
1320,"2026-08-02 12:27:12.191213","val",3,"","",0.6235983606557377,0.15431263178076868,0.4515300811879814,0.6329331046312179,0.6526919682259488,0.6251261900694239
1340,"2026-08-02 12:27:23.407819","train",4,0.3124576807022095,8.275458933952075e-05,"","","","","",""
1360,"2026-08-02 12:27:24.277268","train",4,0.6870118975639343,8.402035232960643e-05,"","","","","",""
1380,"2026-08-02 12:27:25.033430","train",4,0.501376748085022,8.530368006457107e-05,"","","","","",""
1400,"2026-08-02 12:27:25.793958","train",4,0.49314820766448975,8.660452084171611e-05,"","","","","",""
1420,"2026-08-02 12:27:26.540966","train",4,0.44987866282463074,8.792282225277784e-05,"","","","","",""
1440,"2026-08-02 12:27:27.387768","train",4,0.5043717622756958,8.925853118603834e-05,"","","","","",""
1460,"2026-08-02 12:27:28.194734","train",4,0.8060102462768555,9.061159382846599e-05,"","","","","",""
1480,"2026-08-02 12:27:29.098694","train",4,0.3847007751464844,9.198195566788303e-05,"","","","","",""
1500,"2026-08-02 12:27:29.986913","train",4,0.4843442440032959,9.336956149516129e-05,"","","","","",""
1520,"2026-08-02 12:27:30.855907","train",4,0.5562811493873596,9.477435540644738e-05,"","","","","",""
1540,"2026-08-02 12:27:31.666254","train",4,0.6311061382293701,9.619628080541462e-05,"","","","","",""
1560,"2026-08-02 12:27:32.417973","train",4,0.5414097309112549,9.763528040554253e-05,"","","","","",""
1580,"2026-08-02 12:27:33.214030","train",4,0.3892349898815155,9.9091296232426e-05,"","","","","",""
1600,"2026-08-02 12:27:34.021980","train",4,0.15240830183029175,0.00010056426962610978,"","","","","",""
1620,"2026-08-02 12:27:34.870134","train",4,0.607112467288971,0.00010205414124345256,"","","","","",""
1640,"2026-08-02 12:27:35.696833","train",4,0.6206635236740112,0.00010356085106051735,"","","","","",""
1650,"2026-08-02 12:27:51.448642","val",4,"","",0.6902008196721312,0.17368263633631956,0.5162375962806189,0.7169811320754716,0.6906443071491615,0.6960022986006491
1660,"2026-08-02 12:28:02.202021","train",5,0.47881749272346497,0.00010508433837499,"","","","","",""
1680,"2026-08-02 12:28:03.160158","train",5,0.6750761866569519,0.00010662454180862481,"","","","","",""
1700,"2026-08-02 12:28:03.955308","train",5,0.23996619880199432,0.00010818139930971696,"","","","","",""
1720,"2026-08-02 12:28:04.765604","train",5,0.20273572206497192,0.00010975484815560249,"","","","","",""
1740,"2026-08-02 12:28:05.565450","train",5,0.6114116311073303,0.00011134482495518607,"","","","","",""
1760,"2026-08-02 12:28:06.380757","train",5,0.27648821473121643,0.00011295126565149388,"","","","","",""
1780,"2026-08-02 12:28:07.219319","train",5,0.43889182806015015,0.00011457410552425469,"","","","","",""
1800,"2026-08-02 12:28:08.027152","train",5,0.7117310166358948,0.00011621327919250754,"","","","","",""
1820,"2026-08-02 12:28:08.945106","train",5,0.47478052973747253,0.00011786872061723562,"","","","","",""
1840,"2026-08-02 12:28:10.035936","train",5,0.4257746636867523,0.00011954036310402667,"","","","","",""
1860,"2026-08-02 12:28:10.899317","train",5,0.4773859679698944,0.00012122813930576064,"","","","","",""
1880,"2026-08-02 12:28:11.686489","train",5,0.472997784614563,0.00012293198122532197,"","","","","",""
1900,"2026-08-02 12:28:12.502170","train",5,0.480631947517395,0.0001246518202183398,"","","","","",""
1920,"2026-08-02 12:28:13.250408","train",5,0.8353738784790039,0.0001263875869959532,"","","","","",""
1940,"2026-08-02 12:28:14.030758","train",5,0.5027900338172913,0.0001281392116276029,"","","","","",""
1960,"2026-08-02 12:28:14.797790","train",5,0.3194533586502075,0.00012990662354384877,"","","","","",""
1980,"2026-08-02 12:28:15.525651","train",5,0.44207045435905457,0.00013168975153921188,"","","","","",""
1980,"2026-08-02 12:28:30.860456","val",5,"","",0.7255737704918033,0.19417064272530735,0.5485393102491153,0.7358490566037735,0.7155781112091791,0.7293708357277091
2000,"2026-08-02 12:28:42.100760","train",6,0.7206379175186157,0.00013348852377504468,"","","","","",""
2020,"2026-08-02 12:28:42.973721","train",6,0.6483979225158691,0.00013530286778242438,"","","","","",""
2040,"2026-08-02 12:28:43.834210","train",6,0.4989272654056549,0.00013713271046507294,"","","","","",""
2060,"2026-08-02 12:28:44.682218","train",6,0.28863057494163513,0.0001389779781023015,"","","","","",""
2080,"2026-08-02 12:28:45.601926","train",6,0.7066707611083984,0.00014083859635198094,"","","","","",""
2100,"2026-08-02 12:28:46.633433","train",6,0.4691203236579895,0.00014271449025353672,"","","","","",""
2120,"2026-08-02 12:28:47.592969","train",6,0.681378185749054,0.00014460558423096896,"","","","","",""
2140,"2026-08-02 12:28:48.414048","train",6,0.5570684671401978,0.00014651180209589718,"","","","","",""
2160,"2026-08-02 12:28:49.243825","train",6,0.42017850279808044,0.00014843306705063003,"","","","","",""
2180,"2026-08-02 12:28:50.133155","train",6,0.25016045570373535,0.0001503693016912589,"","","","","",""
2200,"2026-08-02 12:28:50.884845","train",6,0.24785849452018738,0.0001523204280107765,"","","","","",""
2220,"2026-08-02 12:28:51.619795","train",6,0.5365493893623352,0.0001542863674022201,"","","","","",""
2240,"2026-08-02 12:28:52.434493","train",6,0.29595139622688293,0.00015626704066183759,"","","","","",""
2260,"2026-08-02 12:28:53.213836","train",6,0.13759776949882507,0.00015826236799227906,"","","","","",""
2280,"2026-08-02 12:28:54.103916","train",6,0.7626851797103882,0.0001602722690058116,"","","","","",""
2300,"2026-08-02 12:28:55.052275","train",6,0.791886568069458,0.00016229666272755765,"","","","","",""
2310,"2026-08-02 12:29:11.002785","val",6,"","",0.7495655737704918,0.22197175134994718,0.5901741725071126,0.7495711835334476,0.7345542806707855,0.7504465187071924
2320,"2026-08-02 12:29:21.697771","train",7,0.4055858254432678,0.00016433546759875794,"","","","","",""
2340,"2026-08-02 12:29:22.493070","train",7,0.2947118878364563,0.00016638860148005636,"","","","","",""
2360,"2026-08-02 12:29:23.300620","train",7,0.7559707760810852,0.00016845598165481004,"","","","","",""
2380,"2026-08-02 12:29:24.189210","train",7,0.27420639991760254,0.00017053752483242178,"","","","","",""
2400,"2026-08-02 12:29:24.907925","train",7,0.2265935093164444,0.00017263314715169475,"","","","","",""
2420,"2026-08-02 12:29:25.706423","train",7,0.24987363815307617,0.0001747427641842124,"","","","","",""
2440,"2026-08-02 12:29:26.454308","train",7,0.28461575508117676,0.0001768662909377391,"","","","","",""
2460,"2026-08-02 12:29:27.284499","train",7,0.33338838815689087,0.00017900364185964416,"","","","","",""
2480,"2026-08-02 12:29:28.018187","train",7,0.9049493074417114,0.0001811547308403494,"","","","","",""
2500,"2026-08-02 12:29:28.756913","train",7,0.22143436968326569,0.0001833194712167976,"","","","","",""
2520,"2026-08-02 12:29:29.498494","train",7,0.2439294159412384,0.0001854977757759441,"","","","","",""
2540,"2026-08-02 12:29:30.289831","train",7,0.10515721142292023,0.00018768955675827067,"","","","","",""
2560,"2026-08-02 12:29:31.186870","train",7,0.34577858448028564,0.00018989472586132105,"","","","","",""
2580,"2026-08-02 12:29:31.991406","train",7,1.997405767440796,0.00019211319424325835,"","","","","",""
2600,"2026-08-02 12:29:32.873849","train",7,0.9694070219993591,0.0001943448725264446,"","","","","",""
2620,"2026-08-02 12:29:33.697507","train",7,0.13079676032066345,0.00019658967080104118,"","","","","",""
2640,"2026-08-02 12:29:34.450275","train",7,0.04063980653882027,0.0001988474986286317,"","","","","",""
2640,"2026-08-02 12:29:50.174870","val",7,"","",0.7695614754098361,0.2159890346666295,0.6079036846853099,0.7221269296740995,0.7619152691968225,0.7680665351701429
2660,"2026-08-02 12:30:01.472419","train",8,0.20417964458465576,0.00020111826504586505,"","","","","",""
2680,"2026-08-02 12:30:02.268999","train",8,0.21977752447128296,0.00020340187856812003,"","","","","",""
2700,"2026-08-02 12:30:03.139383","train",8,0.06997993588447571,0.00020569824719319195,"","","","","",""
2720,"2026-08-02 12:30:03.931152","train",8,0.1904871165752411,0.00020800727840499813,"","","","","",""
2740,"2026-08-02 12:30:04.719427","train",8,0.07195068895816803,0.0002103288791773058,"","","","","",""
2760,"2026-08-02 12:30:05.529883","train",8,0.04779266193509102,0.0002126629559774803,"","","","","",""
2780,"2026-08-02 12:30:06.327753","train",8,0.18722276389598846,0.00021500941477025216,"","","","","",""
2800,"2026-08-02 12:30:07.265516","train",8,0.5597296357154846,0.00021736816102150658,"","","","","",""
2820,"2026-08-02 12:30:08.181403","train",8,0.6127012968063354,0.0002197390997020918,"","","","","",""
2840,"2026-08-02 12:30:08.969552","train",8,0.08064375072717667,0.0002221221352916473,"","","","","",""
2860,"2026-08-02 12:30:09.711730","train",8,0.3477005064487457,0.00022451717178245288,"","","","","",""
2880,"2026-08-02 12:30:10.605029","train",8,0.24174103140830994,0.0002269241126832955,"","","","","",""
2900,"2026-08-02 12:30:11.550931","train",8,0.31790828704833984,0.00022934286102335776,"","","","","",""
2920,"2026-08-02 12:30:12.386341","train",8,0.1577645093202591,0.00023177331935612412,"","","","","",""
2940,"2026-08-02 12:30:13.142336","train",8,0.21358883380889893,0.00023421538976330688,"","","","","",""
2960,"2026-08-02 12:30:14.018486","train",8,0.06209805980324745,0.00023666897385879134,"","","","","",""
2970,"2026-08-02 12:30:30.046754","val",8,"","",0.7688893442622952,0.2095904261883938,0.6104017764207896,0.7084048027444253,0.7654457193292145,0.7678335688881297
2980,"2026-08-02 12:30:40.809675","train",9,0.2445443719625473,0.00023913397279259896,"","","","","",""
3000,"2026-08-02 12:30:41.557667","train",9,0.0725349485874176,0.0002416102872548709,"","","","","",""
3020,"2026-08-02 12:30:42.443123","train",9,0.5040185451507568,0.00024409781747986796,"","","","","",""
3040,"2026-08-02 12:30:43.307743","train",9,0.24328207969665527,0.0002465964632499904,"","","","","",""
3060,"2026-08-02 12:30:44.209652","train",9,0.14729750156402588,0.0002491061238998159,"","","","","",""
3080,"2026-08-02 12:30:45.066467","train",9,0.522661030292511,0.0002516266983201542,"","","","","",""
3100,"2026-08-02 12:30:45.932086","train",9,0.13814420998096466,0.0002541580849621214,"","","","","",""
3120,"2026-08-02 12:30:46.673193","train",9,0.277639240026474,0.00025670018184123077,"","","","","",""
3140,"2026-08-02 12:30:47.561469","train",9,0.5228299498558044,0.00025925288654150196,"","","","","",""
3160,"2026-08-02 12:30:48.363343","train",9,0.24120882153511047,0.0002618160962195861,"","","","","",""
3180,"2026-08-02 12:30:49.229818","train",9,0.4397174119949341,0.0002643897076089108,"","","","","",""
3200,"2026-08-02 12:30:50.000225","train",9,0.41103261709213257,0.0002669736170238388,"","","","","",""
3220,"2026-08-02 12:30:50.810082","train",9,0.14041833579540253,0.00026956772036384634,"","","","","",""
3240,"2026-08-02 12:30:51.568693","train",9,0.22799941897392273,0.00027217191311771716,"","","","","",""
3260,"2026-08-02 12:30:52.368692","train",9,0.4874136745929718,0.0002747860903677523,"","","","","",""
3280,"2026-08-02 12:30:53.192937","train",9,0.502934455871582,0.0002774101467939977,"","","","","",""
3300,"2026-08-02 12:30:53.945902","train",9,0.11268539726734161,0.0002800439766784871,"","","","","",""
3300,"2026-08-02 12:31:09.392817","val",9,"","",0.7767213114754098,0.2201464296117221,0.6210533620151273,0.725557461406518,0.7720653133274493,0.775109882429683
3320,"2026-08-02 12:31:20.723739","train",10,0.7227211594581604,0.00028268747390950116,"","","","","",""
3340,"2026-08-02 12:31:21.568633","train",10,0.36121469736099243,0.000285340531985843,"","","","","",""
3360,"2026-08-02 12:31:22.394636","train",10,0.013904232531785965,0.00028800304402112767,"","","","","",""
3380,"2026-08-02 12:31:23.186445","train",10,0.291250079870224,0.00029067490274809014,"","","","","",""
3400,"2026-08-02 12:31:23.940772","train",10,0.32990923523902893,0.0002933560005229049,"","","","","",""
3420,"2026-08-02 12:31:24.766616","train",10,0.24608655273914337,0.00029604622932952456,"","","","","",""
3440,"2026-08-02 12:31:25.571500","train",10,0.40579110383987427,0.0002987454807840304,"","","","","",""
3460,"2026-08-02 12:31:26.382128","train",10,0.41927358508110046,0.0003014536461389993,"","","","","",""
3480,"2026-08-02 12:31:27.190154","train",10,0.43161219358444214,0.0003041706162878855,"","","","","",""
3500,"2026-08-02 12:31:27.922140","train",10,0.08301703631877899,0.00030689628176941506,"","","","","",""
3520,"2026-08-02 12:31:28.796793","train",10,0.18491631746292114,0.00030963053277199696,"","","","","",""
3540,"2026-08-02 12:31:29.590245","train",10,0.5198373198509216,0.0003123732591381466,"","","","","",""
3560,"2026-08-02 12:31:30.394075","train",10,0.05079077184200287,0.00031512435036892405,"","","","","",""
3580,"2026-08-02 12:31:31.201573","train",10,0.23130358755588531,0.000317883695628386,"","","","","",""
3600,"2026-08-02 12:31:31.929989","train",10,0.21750709414482117,0.00032065118374805033,"","","","","",""
3620,"2026-08-02 12:31:32.685058","train",10,0.3906122148036957,0.00032342670323137605,"","","","","",""
3630,"2026-08-02 12:31:48.633913","val",10,"","",0.7790409836065574,0.22693593055468664,0.621539102074804,0.7358490566037735,0.7698587819947043,0.777206578967804
3640,"2026-08-02 12:31:59.454341","train",11,0.3626810312271118,0.0003262101422582543,"","","","","",""
3660,"2026-08-02 12:32:00.248832","train",11,0.04653019458055496,0.0003290013886895136,"","","","","",""
3680,"2026-08-02 12:32:01.100550","train",11,0.12561869621276855,0.00033180033007143843,"","","","","",""
3700,"2026-08-02 12:32:01.874787","train",11,0.22631096839904785,0.0003346068536402983,"","","","","",""
3720,"2026-08-02 12:32:02.709104","train",11,0.05149439722299576,0.0003374208463268921,"","","","","",""
3740,"2026-08-02 12:32:03.582332","train",11,0.519460916519165,0.00034024219476110334,"","","","","",""
3760,"2026-08-02 12:32:04.420810","train",11,0.15783341228961945,0.00034307078527646615,"","","","","",""
3780,"2026-08-02 12:32:05.231567","train",11,0.10798001289367676,0.00034590650391474694,"","","","","",""
3800,"2026-08-02 12:32:06.081735","train",11,0.332962304353714,0.00034874923643053355,"","","","","",""
3820,"2026-08-02 12:32:06.850488","train",11,0.45988550782203674,0.00035159886829583893,"","","","","",""
3840,"2026-08-02 12:32:07.707151","train",11,0.127530038356781,0.00035445528470471547,"","","","","",""
3860,"2026-08-02 12:32:08.500161","train",11,0.255249559879303,0.0003573183705778793,"","","","","",""
3880,"2026-08-02 12:32:09.261192","train",11,0.2789582908153534,0.000360188010567348,"","","","","",""
3900,"2026-08-02 12:32:10.145832","train",11,0.06779135763645172,0.00036306408906108594,"","","","","",""
3920,"2026-08-02 12:32:10.929096","train",11,0.36641162633895874,0.00036594649018766425,"","","","","",""
3940,"2026-08-02 12:32:11.742806","train",11,0.407333642244339,0.000368835097820927,"","","","","",""
3960,"2026-08-02 12:32:12.546261","train",11,0.24380014836788177,0.00037172979558467063,"","","","","",""
3960,"2026-08-02 12:32:28.118412","val",11,"","",0.7750655737704917,0.21980008610527377,0.6281312885989869,0.7152658662092624,0.7714033539276257,0.7731374345753026
3980,"2026-08-02 12:32:39.159955","train",12,0.1915281116962433,0.000374630466857333,"","","","","",""
4000,"2026-08-02 12:32:40.080900","train",12,0.1251610666513443,0.00037753699477669075,"","","","","",""
4020,"2026-08-02 12:32:40.870787","train",12,0.12560704350471497,0.00038044926224456834,"","","","","",""
4040,"2026-08-02 12:32:41.702263","train",12,0.0607362799346447,0.0003833671519315548,"","","","","",""
4060,"2026-08-02 12:32:42.500661","train",12,0.2850494980812073,0.00038629054628173216,"","","","","",""
4080,"2026-08-02 12:32:43.373842","train",12,0.18810543417930603,0.0003892193275174098,"","","","","",""
4100,"2026-08-02 12:32:44.201183","train",12,0.08881017565727234,0.0003921533776438704,"","","","","",""
4120,"2026-08-02 12:32:44.989190","train",12,0.051541924476623535,0.000395092578454124,"","","","","",""
4140,"2026-08-02 12:32:45.739274","train",12,0.207558274269104,0.00039803681153366963,"","","","","",""
4160,"2026-08-02 12:32:46.562698","train",12,0.29300057888031006,0.00040098595826526637,"","","","","",""
4180,"2026-08-02 12:32:47.387629","train",12,0.4872450530529022,0.0004039398998337123,"","","","","",""
4200,"2026-08-02 12:32:48.219498","train",12,0.14812037348747253,0.00040689851723063066,"","","","","",""
4220,"2026-08-02 12:32:49.018115","train",12,0.24293094873428345,0.0004098616912592654,"","","","","",""
4240,"2026-08-02 12:32:49.877133","train",12,0.18018870055675507,0.00041282930253928266,"","","","","",""
4260,"2026-08-02 12:32:50.812637","train",12,0.6728218793869019,0.0004158012315115811,"","","","","",""
4280,"2026-08-02 12:32:51.594763","train",12,0.20186525583267212,0.0004187773584431074,"","","","","",""
4290,"2026-08-02 12:33:07.308201","val",12,"","",0.7844508196721313,0.23072725930423887,0.652765248768302,0.7324185248713551,0.7804501323918799,0.7825337412831782
4300,"2026-08-02 12:33:17.932037","train",13,0.6874799728393555,0.00042175756343168145,"","","","","",""
4320,"2026-08-02 12:33:18.671048","train",13,0.21443799138069153,0.00042474172641082664,"","","","","",""
4340,"2026-08-02 12:33:19.515244","train",13,0.2652551233768463,0.00042772972715460634,"","","","","",""
4360,"2026-08-02 12:33:20.290155","train",13,0.41325366497039795,0.00043072144528246824,"","","","","",""
4380,"2026-08-02 12:33:21.177646","train",13,0.30012795329093933,0.0004337167602640942,"","","","","",""
4400,"2026-08-02 12:33:21.979797","train",13,0.1920004040002823,0.0004367155514242557,"","","","","",""
4420,"2026-08-02 12:33:22.818197","train",13,0.143751323223114,0.0004397176979476769,"","","","","",""
4440,"2026-08-02 12:33:23.629904","train",13,0.06226392090320587,0.00044272307888389996,"","","","","",""
4460,"2026-08-02 12:33:24.395473","train",13,0.04235805571079254,0.00044573157315215973,"","","","","",""
4480,"2026-08-02 12:33:25.186344","train",13,0.36496561765670776,0.00044874305954626097,"","","","","",""
4500,"2026-08-02 12:33:25.944483","train",13,0.06820839643478394,0.0004517574167394614,"","","","","",""
4520,"2026-08-02 12:33:26.975230","train",13,0.4347400665283203,0.00045477452328936087,"","","","","",""
4540,"2026-08-02 12:33:27.940907","train",13,0.5298119783401489,0.00045779425764279217,"","","","","",""
4560,"2026-08-02 12:33:28.931024","train",13,0.04810181260108948,0.00046081649814071993,"","","","","",""
4580,"2026-08-02 12:33:29.760168","train",13,0.6069056987762451,0.0004638411230231406,"","","","","",""
4600,"2026-08-02 12:33:30.547869","train",13,0.45742398500442505,0.0004668680104339891,"","","","","",""
4620,"2026-08-02 12:33:31.422878","train",13,0.23623394966125488,0.00046989703842604744,"","","","","",""
4620,"2026-08-02 12:33:46.872117","val",13,"","",0.7672622950819672,0.20705791417217992,0.5926028728054958,0.7204116638078902,0.7601500441306266,0.7649214903629614
4640,"2026-08-02 12:33:58.134885","train",14,0.7173132300376892,0.00047292808496585766,"","","","","",""
4660,"2026-08-02 12:33:59.032748","train",14,0.07481513917446136,0.00047596102793863893,"","","","","",""
4680,"2026-08-02 12:33:59.997557","train",14,0.057060305029153824,0.0004789957451532067,"","","","","",""
4700,"2026-08-02 12:34:00.818015","train",14,0.08490152657032013,0.00048203211434689607,"","","","","",""
4720,"2026-08-02 12:34:01.588039","train",14,0.07612258195877075,0.00048507001319048667,"","","","","",""
4740,"2026-08-02 12:34:02.440400","train",14,0.15707609057426453,0.0004881093192931322,"","","","","",""
4760,"2026-08-02 12:34:03.225817","train",14,0.13697677850723267,0.0004911499102072906,"","","","","",""
4780,"2026-08-02 12:34:03.977541","train",14,0.11719490587711334,0.0004941916634336568,"","","","","",""
4800,"2026-08-02 12:34:04.772750","train",14,0.2365763634443283,0.0004972344564260994,"","","","","",""
4820,"2026-08-02 12:34:05.570921","train",14,0.3877620995044708,0.0005002781665965958,"","","","","",""
4840,"2026-08-02 12:34:06.339085","train",14,0.07895936816930771,0.0005033226713201733,"","","","","",""
4860,"2026-08-02 12:34:07.116347","train",14,0.04905802011489868,0.0005063678479398478,"","","","","",""
4880,"2026-08-02 12:34:07.923496","train",14,0.16619648039340973,0.0005094135737715651,"","","","","",""
4900,"2026-08-02 12:34:08.729485","train",14,0.09769632667303085,0.0005124597261091456,"","","","","",""
4920,"2026-08-02 12:34:09.690188","train",14,0.4996996521949768,0.0005155061822292258,"","","","","",""
4940,"2026-08-02 12:34:10.513069","train",14,0.35581520199775696,0.0005185528193962037,"","","","","",""
4950,"2026-08-02 12:34:26.381299","val",14,"","",0.7843893442622951,0.23349190453045224,0.6456526264658942,0.7307032590051458,0.7758164165931156,0.7825881000823147
4960,"2026-08-02 12:34:37.209694","train",15,0.2680988907814026,0.0005215995148671833,"","","","","",""
4980,"2026-08-02 12:34:38.112623","train",15,0.3539094030857086,0.0005246461458969195,"","","","","",""
5000,"2026-08-02 12:34:38.961387","train",15,0.2319614738225937,0.0005276925897427635,"","","","","",""
5020,"2026-08-02 12:34:39.814076","train",15,0.3392984867095947,0.000530738723669608,"","","","","",""
5040,"2026-08-02 12:34:40.576625","train",15,0.14225846529006958,0.0005337844249548311,"","","","","",""
5060,"2026-08-02 12:34:41.418551","train",15,0.37595805525779724,0.0005368295708932417,"","","","","",""
5080,"2026-08-02 12:34:42.262378","train",15,0.2890753448009491,0.0005398740388020224,"","","","","",""
5100,"2026-08-02 12:34:43.049582","train",15,0.7354286313056946,0.0005429177060256725,"","","","","",""
5120,"2026-08-02 12:34:43.928821","train",15,0.22256781160831451,0.0005459604499409485,"","","","","",""
5140,"2026-08-02 12:34:44.735742","train",15,0.030125822871923447,0.0005490021479618057,"","","","","",""
5160,"2026-08-02 12:34:45.596393","train",15,0.038965124636888504,0.0005520426775443366,"","","","","",""
5180,"2026-08-02 12:34:46.345360","train",15,0.07613018155097961,0.0005550819161917074,"","","","","",""
5200,"2026-08-02 12:34:47.197823","train",15,0.1855180412530899,0.0005581197414590931,"","","","","",""
5220,"2026-08-02 12:34:47.951263","train",15,0.500446617603302,0.000561156030958612,"","","","","",""
5240,"2026-08-02 12:34:48.805196","train",15,0.08547788113355637,0.0005641906623642546,"","","","","",""
5260,"2026-08-02 12:34:49.612311","train",15,0.3074394166469574,0.0005672235134168129,"","","","","",""
5280,"2026-08-02 12:34:50.415549","train",15,0.20165444910526276,0.0005702544619288054,"","","","","",""
5280,"2026-08-02 12:35:05.981706","val",15,"","",0.7800737704918032,0.22341213786773487,0.6501977655957255,0.7066895368782162,0.7515445719329216,0.7834656064112321
5300,"2026-08-02 12:35:17.032404","train",16,0.025215307250618935,0.0005732833857894008,"","","","","",""
5320,"2026-08-02 12:35:17.921676","train",16,0.1020989716053009,0.0005763101629693366,"","","","","",""
5340,"2026-08-02 12:35:18.821052","train",16,0.270497590303421,0.0005793346715258355,"","","","","",""
5360,"2026-08-02 12:35:19.557532","train",16,0.08763013035058975,0.000582356789607519,"","","","","",""
5380,"2026-08-02 12:35:20.424937","train",16,0.23439137637615204,0.0005853763954593158,"","","","","",""
5400,"2026-08-02 12:35:21.287738","train",16,0.4348238706588745,0.000588393367427367,"","","","","",""
5420,"2026-08-02 12:35:22.310111","train",16,0.08063966780900955,0.0005914075839639282,"","","","","",""
5440,"2026-08-02 12:35:23.189705","train",16,0.2717858850955963,0.0005944189236322652,"","","","","",""
5460,"2026-08-02 12:35:23.966031","train",16,0.0609913170337677,0.0005974272651115474,"","","","","",""
5480,"2026-08-02 12:35:24.754758","train",16,0.3614729344844818,0.0006004324872017349,"","","","","",""
5500,"2026-08-02 12:35:25.625290","train",16,0.2699846923351288,0.0006034344688284625,"","","","","",""
5520,"2026-08-02 12:35:26.351647","train",16,0.10817908495664597,0.0006064330890479158,"","","","","",""
5540,"2026-08-02 12:35:27.106591","train",16,0.4150169789791107,0.0006094282270517052,"","","","","",""
5560,"2026-08-02 12:35:27.899589","train",16,0.4579966962337494,0.000612419762171733,"","","","","",""
5580,"2026-08-02 12:35:28.842814","train",16,0.041785839945077896,0.0006154075738850534,"","","","","",""
5600,"2026-08-02 12:35:29.628421","train",16,0.05571915954351425,0.0006183915418187301,"","","","","",""
5610,"2026-08-02 12:35:45.783688","val",16,"","",0.779311475409836,0.22659918425618955,0.6457567136215391,0.7101200686106346,0.7522065313327448,0.7826113967105162
5620,"2026-08-02 12:35:56.383674","train",17,0.32177966833114624,0.0006213715457546845,"","","","","",""
5640,"2026-08-02 12:35:57.161774","train",17,0.16420622169971466,0.00062434746563454,"","","","","",""
5660,"2026-08-02 12:35:57.891732","train",17,0.11224355548620224,0.0006273191815644578,"","","","","",""
5680,"2026-08-02 12:35:58.642642","train",17,0.253012478351593,0.000630286573819968,"","","","","",""
5700,"2026-08-02 12:35:59.381057","train",17,0.4461947977542877,0.0006332495228507935,"","","","","",""
5720,"2026-08-02 12:36:00.122038","train",17,0.3719269633293152,0.0006362079092856647,"","","","","",""
5740,"2026-08-02 12:36:00.985347","train",17,0.23030100762844086,0.0006391616139371306,"","","","","",""
5760,"2026-08-02 12:36:01.823845","train",17,0.44881927967071533,0.0006421105178063597,"","","","","",""
5780,"2026-08-02 12:36:02.558942","train",17,0.046483565121889114,0.0006450545020879343,"","","","","",""
5800,"2026-08-02 12:36:03.355418","train",17,0.07914555072784424,0.0006479934481746372,"","","","","",""
5820,"2026-08-02 12:36:04.119650","train",17,0.33984503149986267,0.0006509272376622293,"","","","","",""
5840,"2026-08-02 12:36:04.897303","train",17,0.3369905352592468,0.0006538557523542216,"","","","","",""
5860,"2026-08-02 12:36:05.731019","train",17,0.0316011905670166,0.0006567788742666354,"","","","","",""
5880,"2026-08-02 12:36:06.456825","train",17,0.306699275970459,0.0006596964856327558,"","","","","",""
5900,"2026-08-02 12:36:07.306653","train",17,0.44924554228782654,0.0006626084689078779,"","","","","",""
5920,"2026-08-02 12:36:08.089406","train",17,0.617266833782196,0.0006655147067740404,"","","","","",""
5940,"2026-08-02 12:36:08.830607","train",17,0.07849596440792084,0.0006684150821447532,"","","","","",""
5940,"2026-08-02 12:36:24.423159","val",17,"","",0.7749016393442623,0.21133313746230692,0.6216778849489973,0.7169811320754718,0.7572815533980582,0.77436439032724
5960,"2026-08-02 12:36:35.652436","train",18,0.18184567987918854,0.0006713094781697143,"","","","","",""
5980,"2026-08-02 12:36:36.530644","train",18,0.17764751613140106,0.000674197778239518,"","","","","",""
6000,"2026-08-02 12:36:37.425449","train",18,0.09362272918224335,0.0006770798659903522,"","","","","",""
6020,"2026-08-02 12:36:38.169674","train",18,0.2598041296005249,0.0006799556253086858,"","","","","",""
6040,"2026-08-02 12:36:38.953195","train",18,0.2150547057390213,0.0006828249403359489,"","","","","",""
6060,"2026-08-02 12:36:39.869119","train",18,0.8091707229614258,0.0006856876954731983,"","","","","",""
6080,"2026-08-02 12:36:40.859648","train",18,0.20483550429344177,0.0006885437753857758,"","","","","",""
6100,"2026-08-02 12:36:41.613790","train",18,0.19122952222824097,0.0006913930650079547,"","","","","",""
6120,"2026-08-02 12:36:42.438000","train",18,0.07764390856027603,0.0006942354495475756,"","","","","",""
6140,"2026-08-02 12:36:43.273401","train",18,0.09469565004110336,0.0006970708144906705,"","","","","",""
6160,"2026-08-02 12:36:44.123778","train",18,0.06420434266328812,0.000699899045606077,"","","","","",""
6180,"2026-08-02 12:36:45.023819","train",18,0.06877518445253372,0.0007027200289500409,"","","","","",""
6200,"2026-08-02 12:36:45.923862","train",18,0.1088126003742218,0.0007055336508708055,"","","","","",""
6220,"2026-08-02 12:36:46.740272","train",18,0.3283326029777527,0.0007083397980131914,"","","","","",""
6240,"2026-08-02 12:36:47.587803","train",18,0.053605541586875916,0.0007111383573231628,"","","","","",""
6260,"2026-08-02 12:36:48.406609","train",18,0.05788198858499527,0.0007139292160523827,"","","","","",""
6270,"2026-08-02 12:37:04.101065","val",18,"","",0.7804016393442622,0.22349956477979424,0.6328499063215599,0.7289879931389366,0.7548543689320388,0.7822697128302297
6280,"2026-08-02 12:37:14.885172","train",19,0.060417741537094116,0.0007167122617627547,"","","","","",""
6300,"2026-08-02 12:37:15.718277","train",19,0.2963436543941498,0.0007194873823309533,"","","","","",""
6320,"2026-08-02 12:37:16.547469","train",19,0.14311759173870087,0.0007222544659529418,"","","","","",""
6340,"2026-08-02 12:37:17.460788","train",19,0.5022472739219666,0.0007250134011484747,"","","","","",""
6360,"2026-08-02 12:37:18.274570","train",19,0.0679120123386383,0.0007277640767655912,"","","","","",""
6380,"2026-08-02 12:37:19.077821","train",19,0.05070196092128754,0.0007305063819850921,"","","","","",""
6400,"2026-08-02 12:37:19.974246","train",19,0.18543820083141327,0.0007332402063250042,"","","","","",""
6420,"2026-08-02 12:37:20.905074","train",19,0.45098602771759033,0.0007359654396450327,"","","","","",""
6440,"2026-08-02 12:37:21.702795","train",19,0.5015046000480652,0.0007386819721509973,"","","","","",""
6460,"2026-08-02 12:37:22.505332","train",19,0.23874545097351074,0.0007413896943992565,"","","","","",""
6480,"2026-08-02 12:37:23.327419","train",19,0.26114732027053833,0.0007440884973011153,"","","","","",""
6500,"2026-08-02 12:37:24.169032","train",19,0.25702908635139465,0.0007467782721272225,"","","","","",""
6520,"2026-08-02 12:37:24.996268","train",19,0.1496308296918869,0.0007494589105119494,"","","","","",""
6540,"2026-08-02 12:37:25.819099","train",19,0.4626581072807312,0.000752130304457756,"","","","","",""
6560,"2026-08-02 12:37:26.776484","train",19,0.3025917112827301,0.0007547923463395426,"","","","","",""
6580,"2026-08-02 12:37:27.635583","train",19,0.13570347428321838,0.0007574449289089851,"","","","","",""
6600,"2026-08-02 12:37:28.423898","train",19,0.3149726688861847,0.0007600879452988564,"","","","","",""
6600,"2026-08-02 12:37:44.063395","val",19,"","",0.7882950819672131,0.24521774776560545,0.6607452640344181,0.7307032590051458,0.7830979699911739,0.7874570953763959
6620,"2026-08-02 12:37:55.377507","train",20,0.3819144666194916,0.0007627212890273312,"","","","","",""
6640,"2026-08-02 12:37:56.210888","train",20,0.03251636400818825,0.0007653448540022764,"","","","","",""
6660,"2026-08-02 12:37:57.088693","train",20,0.1800563484430313,0.0007679585345255258,"","","","","",""
6680,"2026-08-02 12:37:57.971298","train",20,0.3818189203739166,0.0007705622252971369,"","","","","",""
6700,"2026-08-02 12:37:58.858250","train",20,0.055003464221954346,0.000773155821419635,"","","","","",""
6720,"2026-08-02 12:37:59.607357","train",20,0.6442928910255432,0.0007757392184022385,"","","","","",""
6740,"2026-08-02 12:38:00.591585","train",20,0.6400235295295715,0.0007783123121650685,"","","","","",""
6760,"2026-08-02 12:38:01.432398","train",20,0.04708942770957947,0.000780874999043342,"","","","","",""
6780,"2026-08-02 12:38:02.205280","train",20,0.4273436963558197,0.0007834271757915487,"","","","","",""
6800,"2026-08-02 12:38:03.018235","train",20,0.07904993742704391,0.0007859687395876106,"","","","","",""
6820,"2026-08-02 12:38:03.772280","train",20,0.422554075717926,0.0007884995880370235,"","","","","",""
6840,"2026-08-02 12:38:04.539775","train",20,0.5420615673065186,0.0007910196191769837,"","","","","",""
6860,"2026-08-02 12:38:05.331194","train",20,0.6041917204856873,0.0007935287314804948,"","","","","",""
6880,"2026-08-02 12:38:06.170376","train",20,0.31495773792266846,0.0007960268238604589,"","","","","",""
6900,"2026-08-02 12:38:07.067388","train",20,0.3534684479236603,0.0007985137956737479,"","","","","",""
6920,"2026-08-02 12:38:07.924062","train",20,0.1984391212463379,0.0008009895467252596,"","","","","",""
6930,"2026-08-02 12:38:23.951263","val",20,"","",0.7828852459016394,0.23311941861407764,0.6596350010408716,0.6929674099485421,0.7729479258605473,0.7862301396244583
6940,"2026-08-02 12:38:34.622516","train",21,0.21674564480781555,0.0008034539772719539,"","","","","",""
6960,"2026-08-02 12:38:35.406165","train",21,0.2731025516986847,0.0008059069880268701,"","","","","",""
6980,"2026-08-02 12:38:36.278668","train",21,0.03458549827337265,0.0008083484801631296,"","","","","",""
7000,"2026-08-02 12:38:37.223392","train",21,0.3423006236553192,0.0008107783553179145,"","","","","",""
7020,"2026-08-02 12:38:37.988475","train",21,0.06273447722196579,0.0008131965155964323,"","","","","",""
7040,"2026-08-02 12:38:38.864572","train",21,0.13725332915782928,0.000815602863575859,"","","","","",""
7060,"2026-08-02 12:38:39.730223","train",21,0.10527651011943817,0.000817997302309265,"","","","","",""
7080,"2026-08-02 12:38:40.504289","train",21,0.2648782730102539,0.00082037973532952,"","","","","",""
7100,"2026-08-02 12:38:41.296907","train",21,0.19341838359832764,0.0008227500666531794,"","","","","",""
7120,"2026-08-02 12:38:42.118527","train",21,0.38358938694000244,0.0008251082007843526,"","","","","",""
7140,"2026-08-02 12:38:43.027194","train",21,0.386056512594223,0.0008274540427185486,"","","","","",""
7160,"2026-08-02 12:38:43.837291","train",21,0.05652003362774849,0.0008297874979465046,"","","","","",""
7180,"2026-08-02 12:38:44.719125","train",21,0.2318696677684784,0.0008321084724579931,"","","","","",""
7200,"2026-08-02 12:38:45.534336","train",21,0.270993173122406,0.0008344168727456101,"","","","","",""
7220,"2026-08-02 12:38:46.401220","train",21,0.16232924163341522,0.0008367126058085417,"","","","","",""
7240,"2026-08-02 12:38:47.128651","train",21,0.1462439000606537,0.0008389955791563103,"","","","","",""
7260,"2026-08-02 12:38:47.918257","train",21,0.08859805017709732,0.0008412657008125031,"","","","","",""
7260,"2026-08-02 12:39:03.491235","val",21,"","",0.7893934426229507,0.23984107334572285,0.6835056554021234,0.7066895368782161,0.7786849073256841,0.7920387655893271
7280,"2026-08-02 12:39:14.754710","train",22,0.02068447880446911,0.0008435228793184748,"","","","","",""
7300,"2026-08-02 12:39:15.543078","train",22,0.17908984422683716,0.0008457670237370341,"","","","","",""
7320,"2026-08-02 12:39:16.505194","train",22,0.6037455201148987,0.0008479980436561075,"","","","","",""
7340,"2026-08-02 12:39:17.410886","train",22,0.04923585057258606,0.0008502158491923799,"","","","","",""
7360,"2026-08-02 12:39:18.233189","train",22,0.04756692796945572,0.0008524203509949187,"","","","","",""
7380,"2026-08-02 12:39:18.996216","train",22,0.24060076475143433,0.0008546114602487706,"","","","","",""
7400,"2026-08-02 12:39:19.848760","train",22,0.12684398889541626,0.0008567890886785426,"","","","","",""
7420,"2026-08-02 12:39:20.591793","train",22,0.7662321329116821,0.0008589531485519559,"","","","","",""
7440,"2026-08-02 12:39:21.353660","train",22,0.17909616231918335,0.000861103552683382,"","","","","",""
7460,"2026-08-02 12:39:22.105658","train",22,0.08628670871257782,0.0008632402144373552,"","","","","",""
7480,"2026-08-02 12:39:22.823362","train",22,0.33942723274230957,0.000865363047732062,"","","","","",""
7500,"2026-08-02 12:39:23.614102","train",22,0.3479211926460266,0.0008674719670428103,"","","","","",""
7520,"2026-08-02 12:39:24.522210","train",22,0.3286329209804535,0.0008695668874054737,"","","","","",""
7540,"2026-08-02 12:39:25.346107","train",22,0.1800680011510849,0.0008716477244199163,"","","","","",""
7560,"2026-08-02 12:39:26.226324","train",22,0.14829912781715393,0.0008737143942533916,"","","","","",""
7580,"2026-08-02 12:39:27.173096","train",22,0.18632063269615173,0.0008757668136439201,"","","","","",""
7590,"2026-08-02 12:39:43.322744","val",22,"","",0.7948770491803279,0.24552320372116654,0.6868364443827631,0.7358490566037736,0.763018534863195,0.8000372746051221
7600,"2026-08-02 12:39:53.971531","train",23,0.5441983342170715,0.0008778048999036446,"","","","","",""
7620,"2026-08-02 12:39:54.823513","train",23,0.09112654626369476,0.0008798285709221603,"","","","","",""
7640,"2026-08-02 12:39:55.667360","train",23,0.11724424362182617,0.0008818377451698242,"","","","","",""
7660,"2026-08-02 12:39:56.484455","train",23,0.13062264025211334,0.0008838323417010386,"","","","","",""
7680,"2026-08-02 12:39:57.266286","train",23,0.4049079120159149,0.0008858122801575133,"","","","","",""
7700,"2026-08-02 12:39:58.063844","train",23,0.17692066729068756,0.0008877774807715017,"","","","","",""
7720,"2026-08-02 12:39:58.807941","train",23,0.3179086148738861,0.0008897278643690159,"","","","","",""
7740,"2026-08-02 12:39:59.608417","train",23,0.04217075556516647,0.0008916633523730158,"","","","","",""
7760,"2026-08-02 12:40:00.368088","train",23,0.061658360064029694,0.0008935838668065746,"","","","","",""
7780,"2026-08-02 12:40:01.239100","train",23,0.20809942483901978,0.0008954893302960209,"","","","","",""
7800,"2026-08-02 12:40:02.097284","train",23,0.08535760641098022,0.0008973796660740552,"","","","","",""
7820,"2026-08-02 12:40:02.892187","train",23,0.12208452075719833,0.0008992547979828439,"","","","","",""
7840,"2026-08-02 12:40:03.668068","train",23,0.18955780565738678,0.0009011146504770858,"","","","","",""
7860,"2026-08-02 12:40:04.508526","train",23,0.2297441065311432,0.0009029591486270572,"","","","","",""
7880,"2026-08-02 12:40:05.351763","train",23,0.7059102654457092,0.0009047882181216303,"","","","","",""
7900,"2026-08-02 12:40:06.095846","train",23,0.2106454223394394,0.0009066017852712663,"","","","","",""
7920,"2026-08-02 12:40:06.883922","train",23,0.2005462646484375,0.0009083997770109851,"","","","","",""
7920,"2026-08-02 12:40:22.521873","val",23,"","",0.7817622950819672,0.21710157674428118,0.6566511692457151,0.7135506003430532,0.7575022065313327,0.7853914610092099
7940,"2026-08-02 12:40:33.707784","train",24,0.2180136889219284,0.0009101821209033087,"","","","","",""
7960,"2026-08-02 12:40:34.630646","train",24,0.3611249327659607,0.0009119487451411793,"","","","","",""
7980,"2026-08-02 12:40:35.460256","train",24,0.28649866580963135,0.0009136995785508522,"","","","","",""
8000,"2026-08-02 12:40:36.440292","train",24,0.240663081407547,0.0009154345505947639,"","","","","",""
8020,"2026-08-02 12:40:37.170067","train",24,0.20247989892959595,0.0009171535913743734,"","","","","",""
8040,"2026-08-02 12:40:38.003546","train",24,0.5065832138061523,0.0009188566316329779,"","","","","",""
8060,"2026-08-02 12:40:38.856401","train",24,0.2756728529930115,0.0009205436027585041,"","","","","",""
8080,"2026-08-02 12:40:39.744963","train",24,0.20001713931560516,0.0009222144367862716,"","","","","",""
8100,"2026-08-02 12:40:40.607737","train",24,0.3813621997833252,0.0009238690664017311,"","","","","",""
8120,"2026-08-02 12:40:41.339501","train",24,0.5961374044418335,0.0009255074249431767,"","","","","",""
8140,"2026-08-02 12:40:42.237723","train",24,0.15376223623752594,0.0009271294464044312,"","","","","",""
8160,"2026-08-02 12:40:42.962296","train",24,0.1702997237443924,0.0009287350654375061,"","","","","",""
8180,"2026-08-02 12:40:43.753660","train",24,0.3437413275241852,0.0009303242173552332,"","","","","",""
8200,"2026-08-02 12:40:44.558635","train",24,0.0915624275803566,0.0009318968381338715,"","","","","",""
8220,"2026-08-02 12:40:45.345268","train",24,0.19411975145339966,0.0009334528644156868,"","","","","",""
8240,"2026-08-02 12:40:46.153411","train",24,0.35681554675102234,0.0009349922335115035,"","","","","",""
8250,"2026-08-02 12:41:02.094514","val",24,"","",0.7810655737704919,0.22277510436937079,0.6555409062521684,0.7135506003430532,0.7570609002647838,0.7839160078897914
8260,"2026-08-02 12:41:12.776021","train",25,0.1986214816570282,0.0009365148834032304,"","","","","",""
8280,"2026-08-02 12:41:13.580252","train",25,0.1548989862203598,0.00093802075274636,"","","","","",""
8300,"2026-08-02 12:41:14.345965","train",25,0.43259334564208984,0.0009395097808724389,"","","","","",""
8320,"2026-08-02 12:41:15.139976","train",25,0.1479383260011673,0.0009409819077915129,"","","","","",""
8340,"2026-08-02 12:41:16.009899","train",25,0.19248010218143463,0.0009424370741945435,"","","","","",""
8360,"2026-08-02 12:41:16.857333","train",25,0.059378352016210556,0.0009438752214557969,"","","","","",""
8380,"2026-08-02 12:41:17.669634","train",25,0.161465123295784,0.000945296291635207,"","","","","",""
8400,"2026-08-02 12:41:18.404415","train",25,0.3793178200721741,0.0009467002274807086,"","","","","",""
8420,"2026-08-02 12:41:19.191704","train",25,0.0944947600364685,0.0009480869724305444,"","","","","",""
8440,"2026-08-02 12:41:19.910281","train",25,0.18587663769721985,0.0009494564706155443,"","","","","",""
8460,"2026-08-02 12:41:20.749541","train",25,0.4189063310623169,0.000950808666861375,"","","","","",""
8480,"2026-08-02 12:41:21.506207","train",25,0.2087721824645996,0.0009521435066907642,"","","","","",""
8500,"2026-08-02 12:41:22.352602","train",25,0.09355892241001129,0.0009534609363256944,"","","","","",""
8520,"2026-08-02 12:41:23.088719","train",25,0.3413705825805664,0.0009547609026895703,"","","","","",""
8540,"2026-08-02 12:41:24.057767","train",25,0.04823761805891991,0.0009560433534093561,"","","","","",""
8560,"2026-08-02 12:41:24.907736","train",25,0.09229937195777893,0.0009573082368176868,"","","","","",""
8580,"2026-08-02 12:41:25.654491","train",25,0.13492359220981598,0.0009585555019549487,"","","","","",""
8580,"2026-08-02 12:41:41.319681","val",25,"","",0.7866885245901638,0.2299798381827849,0.6749011172021373,0.7152658662092624,0.7771403353927625,0.7868513830431608
8600,"2026-08-02 12:41:52.749311","train",26,0.07619427144527435,0.000959785098571333,"","","","","",""
8620,"2026-08-02 12:41:53.709870","train",26,0.13714414834976196,0.0009609969771288602,"","","","","",""
8640,"2026-08-02 12:41:54.519431","train",26,0.35153013467788696,0.0009621910888033758,"","","","","",""
8660,"2026-08-02 12:41:55.489108","train",26,0.2344444990158081,0.0009633673854865173,"","","","","",""
8680,"2026-08-02 12:41:56.318991","train",26,0.13872130215168,0.0009645258197876525,"","","","","",""
8700,"2026-08-02 12:41:57.113536","train",26,0.15876226127147675,0.0009656663450357887,"","","","","",""
8720,"2026-08-02 12:41:57.929495","train",26,0.15413902699947357,0.000966788915281453,"","","","","",""
8740,"2026-08-02 12:41:58.777972","train",26,0.5668277144432068,0.0009678934852985432,"","","","","",""
8760,"2026-08-02 12:41:59.745745","train",26,0.13974007964134216,0.0009689800105861508,"","","","","",""
8780,"2026-08-02 12:42:00.623365","train",26,0.4644474685192108,0.0009700484473703528,"","","","","",""
8800,"2026-08-02 12:42:01.466074","train",26,0.23476745188236237,0.0009710987526059759,"","","","","",""
8820,"2026-08-02 12:42:02.301389","train",26,0.08778230845928192,0.0009721308839783304,"","","","","",""
8840,"2026-08-02 12:42:03.133121","train",26,0.06092332303524017,0.0009731447999049149,"","","","","",""
8860,"2026-08-02 12:42:03.917334","train",26,0.1030367761850357,0.0009741404595370919,"","","","","",""
8880,"2026-08-02 12:42:04.672117","train",26,0.21304158866405487,0.0009751178227617336,"","","","","",""
8900,"2026-08-02 12:42:05.435228","train",26,0.2188776135444641,0.0009760768502028374,"","","","","",""
8910,"2026-08-02 12:42:21.497633","val",26,"","",0.7932622950819673,0.229005479373652,0.6857261813892166,0.7427101200686106,0.7632391879964695,0.7960147234690232
8920,"2026-08-02 12:42:32.246874","train",27,0.08942437171936035,0.0009770175032231124,"","","","","",""
8940,"2026-08-02 12:42:33.160897","train",27,0.09989014267921448,0.0009779397439255372,"","","","","",""
8960,"2026-08-02 12:42:33.946983","train",27,0.027773359790444374,0.0009788435351548845,"","","","","",""
8980,"2026-08-02 12:42:34.737059","train",27,0.24576760828495026,0.0009797288404992202,"","","","","",""
9000,"2026-08-02 12:42:35.522294","train",27,0.27723023295402527,0.0009805956242913687,"","","","","",""
9020,"2026-08-02 12:42:36.414386","train",27,0.22640110552310944,0.000981443851610351,"","","","","",""
9040,"2026-08-02 12:42:37.220837","train",27,0.3988083600997925,0.0009822734882827912,"","","","","",""
9060,"2026-08-02 12:42:38.033403","train",27,0.17670223116874695,0.0009830845008842928,"","","","","",""
9080,"2026-08-02 12:42:38.741472","train",27,0.0786503329873085,0.0009838768567407862,"","","","","",""
9100,"2026-08-02 12:42:39.546336","train",27,0.058972276747226715,0.0009846505239298443,"","","","","",""
9120,"2026-08-02 12:42:40.281653","train",27,0.43665310740470886,0.0009854054712819691,"","","","","",""
9140,"2026-08-02 12:42:41.098621","train",27,0.2790223956108093,0.000986141668381847,"","","","","",""
9160,"2026-08-02 12:42:41.794650","train",27,0.28012943267822266,0.000986859085569575,"","","","","",""
9180,"2026-08-02 12:42:42.578856","train",27,0.3462800681591034,0.000987557693941854,"","","","","",""
9200,"2026-08-02 12:42:43.454329","train",27,0.051471006125211716,0.0009882374653531554,"","","","","",""
9220,"2026-08-02 12:42:44.364502","train",27,0.2888697683811188,0.0009888983724168536,"","","","","",""
9240,"2026-08-02 12:42:45.103974","train",27,0.049239177256822586,0.0009895403885063292,"","","","","",""
9240,"2026-08-02 12:43:00.553138","val",27,"","",0.7972868852459016,0.234414565073311,0.6939143709666227,0.7530017152658661,0.7819947043248014,0.7980027024088714
9260,"2026-08-02 12:43:11.608753","train",28,0.014338620007038116,0.000990163487756043,"","","","","",""
9280,"2026-08-02 12:43:12.398641","train",28,0.1389649659395218,0.000990767645062577,"","","","","",""
9300,"2026-08-02 12:43:13.349904","train",28,0.1384541541337967,0.0009913528360856458,"","","","","",""
9320,"2026-08-02 12:43:14.175188","train",28,0.3086164593696594,0.0009919190372490777,"","","","","",""
9340,"2026-08-02 12:43:14.958240","train",28,0.08648162335157394,0.0009924662257417645,"","","","","",""
9360,"2026-08-02 12:43:15.727195","train",28,0.2602604925632477,0.00099299437951858,"","","","","",""
9380,"2026-08-02 12:43:16.520055","train",28,0.03328666836023331,0.000993503477301269,"","","","","",""
9400,"2026-08-02 12:43:17.365077","train",28,0.1053847223520279,0.0009939934985793034,"","","","","",""
9420,"2026-08-02 12:43:18.130752","train",28,0.13253337144851685,0.0009944644236107097,"","","","","",""
9440,"2026-08-02 12:43:18.999992","train",28,0.0673394575715065,0.0009949162334228635,"","","","","",""
9460,"2026-08-02 12:43:19.757418","train",28,0.11346136778593063,0.0009953489098132543,"","","","","",""
9480,"2026-08-02 12:43:20.629651","train",28,0.17396971583366394,0.0009957624353502193,"","","","","",""
9500,"2026-08-02 12:43:21.479164","train",28,0.243036687374115,0.0009961567933736441,"","","","","",""
9520,"2026-08-02 12:43:22.298838","train",28,0.26030194759368896,0.0009965319679956358,"","","","","",""
9540,"2026-08-02 12:43:23.037428","train",28,0.2103591114282608,0.000996887944101162,"","","","","",""
9560,"2026-08-02 12:43:23.935045","train",28,0.20452366769313812,0.0009972247073486598,"","","","","",""
9570,"2026-08-02 12:43:39.716484","val",28,"","",0.7948360655737704,0.23949318202690742,0.688501838873083,0.7221269296740995,0.7742718446601942,0.798049295665274
9580,"2026-08-02 12:43:50.390017","train",29,0.23700493574142456,0.000997542244170614,"","","","","",""
9600,"2026-08-02 12:43:51.327191","train",29,0.40812376141548157,0.0009978405417741035,"","","","","",""
9620,"2026-08-02 12:43:52.197750","train",29,0.023571304976940155,0.0009981195881413165,"","","","","",""
9640,"2026-08-02 12:43:53.059833","train",29,0.20850741863250732,0.000998379372030035,"","","","","",""
9660,"2026-08-02 12:43:53.959362","train",29,0.07147909700870514,0.0009986198829740876,"","","","","",""
9680,"2026-08-02 12:43:54.847257","train",29,0.866779625415802,0.000998841111283771,"","","","","",""
9700,"2026-08-02 12:43:55.744650","train",29,0.07202957570552826,0.0009990430480462408,"","","","","",""
9720,"2026-08-02 12:43:56.618452","train",29,0.1148017942905426,0.0009992256851258704,"","","","","",""
9740,"2026-08-02 12:43:57.511868","train",29,0.3835549056529999,0.0009993890151645782,"","","","","",""
9760,"2026-08-02 12:43:58.465880","train",29,0.25993773341178894,0.0009995330315821247,"","","","","",""
9780,"2026-08-02 12:43:59.371759","train",29,0.1672695279121399,0.0009996577285763775,"","","","","",""
9800,"2026-08-02 12:44:00.228144","train",29,0.09695560485124588,0.0009997631011235454,"","","","","",""
9820,"2026-08-02 12:44:01.115184","train",29,0.08598548918962479,0.0009998491449783797,"","","","","",""
9840,"2026-08-02 12:44:01.970767","train",29,0.28547170758247375,0.0009999158566743461,"","","","","",""
9860,"2026-08-02 12:44:02.818235","train",29,0.38868746161460876,0.0009999632335237645,"","","","","",""
9880,"2026-08-02 12:44:03.670644","train",29,0.23675483465194702,0.0009999912736179167,"","","","","",""
9900,"2026-08-02 12:44:04.527420","train",29,0.35889384150505066,0.0009999999953760402,"","","","","",""
9900,"2026-08-02 12:44:20.020999","val",29,"","",0.794877049180328,0.23864653019755305,0.6891957532440497,0.7324185248713551,0.7802294792586054,0.797661018528585
9920,"2026-08-02 12:44:31.114704","train",30,0.49236440658569336,0.0009999979608350798,"","","","","",""
9940,"2026-08-02 12:44:32.028446","train",30,0.3108522891998291,0.0009999922271435838,"","","","","",""
9960,"2026-08-02 12:44:32.959729","train",30,0.41678479313850403,0.0009999827943439723,"","","","","",""
9980,"2026-08-02 12:44:33.812796","train",30,0.1726856678724289,0.0009999696625060323,"","","","","",""
10000,"2026-08-02 12:44:34.666987","train",30,0.11659756302833557,0.0009999528317269184,"","","","","",""
10020,"2026-08-02 12:44:35.386177","train",30,0.11615568399429321,0.00099993230213115,"","","","","",""
10040,"2026-08-02 12:44:36.186321","train",30,0.20974084734916687,0.000999908073870613,"","","","","",""
10060,"2026-08-02 12:44:36.927571","train",30,0.04951364919543266,0.0009998801471245568,"","","","","",""
10080,"2026-08-02 12:44:37.757661","train",30,0.12435958534479141,0.0009998485220995932,"","","","","",""
10100,"2026-08-02 12:44:38.503002","train",30,0.4071992337703705,0.0009998131990296957,"","","","","",""
10120,"2026-08-02 12:44:39.327299","train",30,0.10453221201896667,0.0009997741781761975,"","","","","",""
10140,"2026-08-02 12:44:40.232713","train",30,0.1101769357919693,0.0009997314598277885,"","","","","",""
10160,"2026-08-02 12:44:41.076360","train",30,0.21649770438671112,0.0009996850443005146,"","","","","",""
10180,"2026-08-02 12:44:41.996823","train",30,0.4301990866661072,0.0009996349319377745,"","","","","",""
10200,"2026-08-02 12:44:42.855468","train",30,0.3556651473045349,0.0009995811231103176,"","","","","",""
10220,"2026-08-02 12:44:43.649623","train",30,0.1576094925403595,0.0009995236182162412,"","","","","",""
10230,"2026-08-02 12:44:59.346791","val",30,"","",0.788672131147541,0.22777265316597353,0.6725418083408508,0.7084048027444254,0.7645631067961164,0.7927687266063025
10240,"2026-08-02 12:45:10.093959","train",31,0.2809525728225708,0.0009994624176809872,"","","","","",""
10260,"2026-08-02 12:45:10.858635","train",31,0.20809096097946167,0.000999397521957339,"","","","","",""
10280,"2026-08-02 12:45:11.698105","train",31,0.30213671922683716,0.000999328931525419,"","","","","",""
10300,"2026-08-02 12:45:12.572854","train",31,0.3019227981567383,0.0009992566468926835,"","","","","",""
10320,"2026-08-02 12:45:13.394052","train",31,0.1561819165945053,0.0009991806685939206,"","","","","",""
10340,"2026-08-02 12:45:14.156328","train",31,0.3117328882217407,0.000999100997191245,"","","","","",""
10360,"2026-08-02 12:45:14.881506","train",31,0.02153030037879944,0.0009990176332740947,"","","","","",""
10380,"2026-08-02 12:45:15.752066","train",31,0.39628416299819946,0.000998930577459226,"","","","","",""
10400,"2026-08-02 12:45:16.561962","train",31,0.2784734070301056,0.000998839830390709,"","","","","",""
10420,"2026-08-02 12:45:17.302945","train",31,0.33663567900657654,0.0009987453927399231,"","","","","",""
10440,"2026-08-02 12:45:18.091420","train",31,0.3173026442527771,0.000998647265205553,"","","","","",""
10460,"2026-08-02 12:45:18.836938","train",31,0.0453776940703392,0.0009985454485135804,"","","","","",""
10480,"2026-08-02 12:45:19.785445","train",31,0.07860850542783737,0.000998439943417283,"","","","","",""
10500,"2026-08-02 12:45:20.568361","train",31,0.2854345142841339,0.000998330750697225,"","","","","",""
10520,"2026-08-02 12:45:21.404732","train",31,0.02977120690047741,0.0009982178711612538,"","","","","",""
10540,"2026-08-02 12:45:22.301519","train",31,0.10995489358901978,0.0009981013056444927,"","","","","",""
10560,"2026-08-02 12:45:23.023359","train",31,0.15987814962863922,0.0009979810550093354,"","","","","",""
10560,"2026-08-02 12:45:38.789093","val",31,"","",0.7895245901639345,0.22867238131800804,0.6681007563666643,0.7066895368782161,0.7700794351279788,0.7938559025890318
10580,"2026-08-02 12:45:50.082802","train",32,0.23498927056789398,0.0009978571201454398,"","","","","",""
10600,"2026-08-02 12:45:50.945805","train",32,0.2459433674812317,0.0009977295019697205,"","","","","",""
10620,"2026-08-02 12:45:51.737155","train",32,0.2987682521343231,0.000997598201426343,"","","","","",""
10640,"2026-08-02 12:45:52.589928","train",32,0.3499162197113037,0.000997463219486716,"","","","","",""
10660,"2026-08-02 12:45:53.306164","train",32,0.07824436575174332,0.0009973245571494845,"","","","","",""
10680,"2026-08-02 12:45:54.060556","train",32,0.22756081819534302,0.0009971822154405227,"","","","","",""
10700,"2026-08-02 12:45:54.804782","train",32,0.2490081638097763,0.0009970361954129258,"","","","","",""
10720,"2026-08-02 12:45:55.675628","train",32,0.069087915122509,0.0009968864981470028,"","","","","",""
10740,"2026-08-02 12:45:56.410321","train",32,0.4066154658794403,0.0009967331247502677,"","","","","",""
10760,"2026-08-02 12:45:57.201664","train",32,0.05696891248226166,0.0009965760763574328,"","","","","",""
10780,"2026-08-02 12:45:57.996830","train",32,0.1399502009153366,0.0009964153541303982,"","","","","",""
10800,"2026-08-02 12:45:58.727494","train",32,0.02519141510128975,0.0009962509592582455,"","","","","",""
10820,"2026-08-02 12:45:59.516220","train",32,1.0098239183425903,0.000996082892957227,"","","","","",""
10840,"2026-08-02 12:46:00.340329","train",32,0.14951886236667633,0.0009959111564707575,"","","","","",""
10860,"2026-08-02 12:46:01.172909","train",32,0.18941247463226318,0.000995735751069406,"","","","","",""
10880,"2026-08-02 12:46:01.968941","train",32,0.1704043447971344,0.000995556678050885,"","","","","",""
10890,"2026-08-02 12:46:18.037457","val",32,"","",0.7932868852459015,0.24096284237266996,0.6894733189924364,0.7392795883361921,0.776919682259488,0.7957196328451396
10900,"2026-08-02 12:46:28.841450","train",33,0.22929486632347107,0.000995373938740041,"","","","","",""
10920,"2026-08-02 12:46:29.605212","train",33,0.3332394063472748,0.0009951875344888454,"","","","","",""
10940,"2026-08-02 12:46:30.387603","train",33,0.06310054659843445,0.000994997466676384,"","","","","",""
10960,"2026-08-02 12:46:31.179365","train",33,0.20600636303424835,0.0009948037367088474,"","","","","",""
10980,"2026-08-02 12:46:32.054920","train",33,0.33921217918395996,0.0009946063460195196,"","","","","",""
11000,"2026-08-02 12:46:32.864530","train",33,0.44432738423347473,0.000994405296068768,"","","","","",""
11020,"2026-08-02 12:46:33.626364","train",33,0.03331485018134117,0.0009942005883440332,"","","","","",""
11040,"2026-08-02 12:46:34.358753","train",33,0.05510749667882919,0.0009939922243598163,"","","","","",""
11060,"2026-08-02 12:46:35.092867","train",33,0.0738677978515625,0.0009937802056576694,"","","","","",""
11080,"2026-08-02 12:46:35.922481","train",33,0.0434800460934639,0.0009935645338061834,"","","","","",""
11100,"2026-08-02 12:46:36.796579","train",33,0.3172697424888611,0.0009933452104009765,"","","","","",""
11120,"2026-08-02 12:46:37.562712","train",33,0.13771019876003265,0.0009931222370646823,"","","","","",""
11140,"2026-08-02 12:46:38.372771","train",33,0.16518808901309967,0.0009928956154469381,"","","","","",""
11160,"2026-08-02 12:46:39.251732","train",33,0.22846254706382751,0.0009926653472243723,"","","","","",""
11180,"2026-08-02 12:46:40.011131","train",33,0.07821107655763626,0.000992431434100592,"","","","","",""
11200,"2026-08-02 12:46:40.905714","train",33,0.3005824387073517,0.0009921938778061719,"","","","","",""
11220,"2026-08-02 12:46:41.676151","train",33,0.03730091080069542,0.0009919526800986382,"","","","","",""
11220,"2026-08-02 12:46:57.197500","val",33,"","",0.7916885245901639,0.2367509428404286,0.6785788633682603,0.7101200686106347,0.7811120917917035,0.7941354621274481
11240,"2026-08-02 12:47:08.447335","train",34,0.07798738032579422,0.0009917078427624589,"","","","","",""
11260,"2026-08-02 12:47:09.192938","train",34,0.23083354532718658,0.0009914593676090288,"","","","","",""
11280,"2026-08-02 12:47:09.957740","train",34,0.17580874264240265,0.0009912072564766572,"","","","","",""
11300,"2026-08-02 12:47:10.806041","train",34,0.36587733030319214,0.0009909515112305528,"","","","","",""
11320,"2026-08-02 12:47:11.726582","train",34,0.12128125131130219,0.0009906921337628112,"","","","","",""
11340,"2026-08-02 12:47:12.502289","train",34,0.34088078141212463,0.0009904291259924011,"","","","","",""
11360,"2026-08-02 12:47:13.285782","train",34,0.32161372900009155,0.000990162489865148,"","","","","",""
11380,"2026-08-02 12:47:14.097339","train",34,0.04601716250181198,0.0009898922273537227,"","","","","",""
11400,"2026-08-02 12:47:14.856415","train",34,0.35579290986061096,0.0009896183404576248,"","","","","",""
11420,"2026-08-02 12:47:15.596868","train",34,0.2870348393917084,0.0009893408312031682,"","","","","",""
11440,"2026-08-02 12:47:16.388703","train",34,0.10309905558824539,0.0009890597016434667,"","","","","",""
11460,"2026-08-02 12:47:17.105389","train",34,0.2859407067298889,0.000988774953858418,"","","","","",""
11480,"2026-08-02 12:47:17.837254","train",34,0.10745912790298462,0.000988486589954689,"","","","","",""
11500,"2026-08-02 12:47:18.620998","train",34,0.08225730806589127,0.0009881946120657002,"","","","","",""
11520,"2026-08-02 12:47:19.501002","train",34,0.39058491587638855,0.000987899022351609,"","","","","",""
11540,"2026-08-02 12:47:20.235014","train",34,0.13896909356117249,0.000987599822999295,"","","","","",""
11550,"2026-08-02 12:47:35.928010","val",34,"","",0.7762704918032787,0.21581217779957626,0.6362500867392964,0.7152658662092624,0.7517652250661959,0.7795362417879386
11560,"2026-08-02 12:47:46.740795","train",35,0.20101022720336914,0.0009872970162223427,"","","","","",""
11580,"2026-08-02 12:47:47.474211","train",35,0.20118097960948944,0.0009869906042610263,"","","","","",""
11600,"2026-08-02 12:47:48.341978","train",35,0.14377576112747192,0.0009866805893822919,"","","","","",""
11620,"2026-08-02 12:47:49.116910","train",35,0.03571370989084244,0.0009863669738797412,"","","","","",""
11640,"2026-08-02 12:47:49.897982","train",35,0.23724199831485748,0.0009860497600736153,"","","","","",""
11660,"2026-08-02 12:47:50.683976","train",35,0.07474995404481888,0.000985728950310776,"","","","","",""
11680,"2026-08-02 12:47:51.497458","train",35,0.22864116728305817,0.0009854045469646897,"","","","","",""
11700,"2026-08-02 12:47:52.466906","train",35,0.16398777067661285,0.0009850765524354096,"","","","","",""
11720,"2026-08-02 12:47:53.267818","train",35,0.7141513824462891,0.0009847449691495576,"","","","","",""
11740,"2026-08-02 12:47:54.050792","train",35,0.33991751074790955,0.0009844097995603063,"","","","","",""
11760,"2026-08-02 12:47:54.914498","train",35,0.16483789682388306,0.0009840710461473615,"","","","","",""
11780,"2026-08-02 12:47:55.694220","train",35,0.37572500109672546,0.0009837287114169428,"","","","","",""
11800,"2026-08-02 12:47:56.559220","train",35,0.2636316120624542,0.0009833827979017667,"","","","","",""
11820,"2026-08-02 12:47:57.315897","train",35,0.3884113132953644,0.0009830333081610257,"","","","","",""
11840,"2026-08-02 12:47:58.066119","train",35,0.1380370408296585,0.0009826802447803712,"","","","","",""
11860,"2026-08-02 12:47:58.904395","train",35,0.8285999298095703,0.0009823236103718932,"","","","","",""
11880,"2026-08-02 12:47:59.812039","train",35,0.15504230558872223,0.0009819634075741023,"","","","","",""
11880,"2026-08-02 12:48:15.501917","val",35,"","",0.792360655737705,0.23722050501622466,0.678023731871487,0.7084048027444254,0.7835392762577228,0.7963408762638421
11900,"2026-08-02 12:48:26.656873","train",36,0.34120041131973267,0.000981599639051908,"","","","","",""
11920,"2026-08-02 12:48:27.454026","train",36,0.24086759984493256,0.0009812323074966018,"","","","","",""
11940,"2026-08-02 12:48:28.289614","train",36,0.04823574051260948,0.000980861415625835,"","","","","",""
11960,"2026-08-02 12:48:29.100272","train",36,0.40730971097946167,0.0009804869661835989,"","","","","",""
11980,"2026-08-02 12:48:29.906268","train",36,0.17957569658756256,0.0009801089619402062,"","","","","",""
12000,"2026-08-02 12:48:30.742457","train",36,0.21195080876350403,0.0009797274056922685,"","","","","",""
12020,"2026-08-02 12:48:31.507400","train",36,0.31554585695266724,0.0009793423002626767,"","","","","",""
12040,"2026-08-02 12:48:32.303331","train",36,0.2382591813802719,0.0009789536485005795,"","","","","",""
12060,"2026-08-02 12:48:33.047057","train",36,0.7748824954032898,0.0009785614532813632,"","","","","",""
12080,"2026-08-02 12:48:33.839974","train",36,0.2780188322067261,0.000978165717506629,"","","","","",""
12100,"2026-08-02 12:48:34.578172","train",36,0.05527490749955177,0.0009777664441041735,"","","","","",""
12120,"2026-08-02 12:48:35.379216","train",36,0.1325286477804184,0.0009773636360279653,"","","","","",""
12140,"2026-08-02 12:48:36.215400","train",36,0.5056900978088379,0.0009769572962581236,"","","","","",""
12160,"2026-08-02 12:48:37.011865","train",36,0.2263583540916443,0.000976547427800897,"","","","","",""
12180,"2026-08-02 12:48:37.812463","train",36,0.1654868721961975,0.00097613403368864,"","","","","",""
12200,"2026-08-02 12:48:38.707676","train",36,0.12416182458400726,0.0009757171169797916,"","","","","",""
12210,"2026-08-02 12:48:54.553968","val",36,"","",0.8025327868852459,0.26019061376769664,0.6958573312053292,0.7186963979416809,0.7939099735216241,0.8079115349371768
12220,"2026-08-02 12:49:05.420134","train",37,0.0922432392835617,0.0009752966807588519,"","","","","",""
12240,"2026-08-02 12:49:06.175045","train",37,0.022868892177939415,0.0009748727281363598,"","","","","",""
12260,"2026-08-02 12:49:07.067298","train",37,0.06313060969114304,0.0009744452622488699,"","","","","",""
12280,"2026-08-02 12:49:07.911360","train",37,0.24455900490283966,0.0009740142862589289,"","","","","",""
12300,"2026-08-02 12:49:08.712045","train",37,0.3352797031402588,0.0009735798033550528,"","","","","",""
12320,"2026-08-02 12:49:09.533947","train",37,0.07586550712585449,0.0009731418167517028,"","","","","",""
12340,"2026-08-02 12:49:10.276966","train",37,0.04265998303890228,0.000972700329689262,"","","","","",""
12360,"2026-08-02 12:49:10.998028","train",37,0.3991502523422241,0.0009722553454340109,"","","","","",""
12380,"2026-08-02 12:49:11.868345","train",37,0.3110262453556061,0.0009718068672781036,"","","","","",""
12400,"2026-08-02 12:49:12.816359","train",37,0.09908422082662582,0.0009713548985395432,"","","","","",""
12420,"2026-08-02 12:49:13.694098","train",37,0.05845251679420471,0.0009708994425621578,"","","","","",""
12440,"2026-08-02 12:49:14.492645","train",37,0.22135715186595917,0.0009704405027155748,"","","","","",""
12460,"2026-08-02 12:49:15.316703","train",37,0.24370600283145905,0.0009699780823951968,"","","","","",""
12480,"2026-08-02 12:49:16.052840","train",37,0.03331721946597099,0.0009695121850221765,"","","","","",""
12500,"2026-08-02 12:49:16.800944","train",37,0.18698403239250183,0.0009690428140433901,"","","","","",""
12520,"2026-08-02 12:49:17.640925","train",37,0.2663651406764984,0.0009685699729314143,"","","","","",""
12540,"2026-08-02 12:49:18.407356","train",37,0.10411772131919861,0.0009680936651844978,"","","","","",""
12540,"2026-08-02 12:49:33.917914","val",37,"","",0.7985163934426229,0.23259906350055146,0.6746929428908472,0.7444253859348199,0.78045013239188,0.8010933884169164
12560,"2026-08-02 12:49:45.067894","train",38,0.1769423484802246,0.0009676138943265374,"","","","","",""
12580,"2026-08-02 12:49:45.836257","train",38,0.7636920213699341,0.0009671306639070506,"","","","","",""
12600,"2026-08-02 12:49:46.749322","train",38,0.5291333794593811,0.0009666439775011509,"","","","","",""
12620,"2026-08-02 12:49:47.589604","train",38,0.19991426169872284,0.0009661538387095197,"","","","","",""
12640,"2026-08-02 12:49:48.453619","train",38,0.2687550187110901,0.0009656602511583806,"","","","","",""
12660,"2026-08-02 12:49:49.224924","train",38,0.2978694438934326,0.0009651632184994726,"","","","","",""
12680,"2026-08-02 12:49:50.004028","train",38,0.40340960025787354,0.0009646627444100225,"","","","","",""
12700,"2026-08-02 12:49:50.746116","train",38,0.14833763241767883,0.0009641588325927184,"","","","","",""
12720,"2026-08-02 12:49:51.664238","train",38,0.10010451078414917,0.0009636514867756814,"","","","","",""
12740,"2026-08-02 12:49:52.500802","train",38,0.10408248007297516,0.0009631407107124391,"","","","","",""
12760,"2026-08-02 12:49:53.256471","train",38,0.33612215518951416,0.0009626265081818975,"","","","","",""
12780,"2026-08-02 12:49:54.070670","train",38,0.16198565065860748,0.0009621088829883118,"","","","","",""
12800,"2026-08-02 12:49:54.839856","train",38,0.26082828640937805,0.0009615878389612605,"","","","","",""
12820,"2026-08-02 12:49:55.622191","train",38,0.5954630970954895,0.0009610633799556149,"","","","","",""
12840,"2026-08-02 12:49:56.588621","train",38,0.39032796025276184,0.0009605355098515122,"","","","","",""
12860,"2026-08-02 12:49:57.507858","train",38,0.07795175909996033,0.000960004232554326,"","","","","",""
12870,"2026-08-02 12:50:13.511470","val",38,"","",0.8078360655737705,0.25810141729926367,0.7061272638956353,0.7307032590051458,0.8131067961165048,0.810039293646233
12880,"2026-08-02 12:50:24.273041","train",39,0.2634689211845398,0.0009594695519946373,"","","","","",""
12900,"2026-08-02 12:50:25.123260","train",39,0.06875833123922348,0.0009589314721282059,"","","","","",""
12920,"2026-08-02 12:50:25.997379","train",39,0.04740401357412338,0.0009583899969359406,"","","","","",""
12940,"2026-08-02 12:50:26.732526","train",39,0.346064031124115,0.0009578451304238705,"","","","","",""
12960,"2026-08-02 12:50:27.543890","train",39,0.17305433750152588,0.0009572968766231145,"","","","","",""
12980,"2026-08-02 12:50:28.393834","train",39,0.305945485830307,0.0009567452395898524,"","","","","",""
13000,"2026-08-02 12:50:29.172433","train",39,0.2164784073829651,0.0009561902234052934,"","","","","",""
13020,"2026-08-02 12:50:30.050308","train",39,0.3360746204853058,0.000955631832175648,"","","","","",""
13040,"2026-08-02 12:50:30.848961","train",39,0.16962653398513794,0.0009550700700320959,"","","","","",""
13060,"2026-08-02 12:50:31.754721","train",39,0.15302345156669617,0.0009545049411307559,"","","","","",""
13080,"2026-08-02 12:50:32.514153","train",39,0.09621387720108032,0.000953936449652656,"","","","","",""
13100,"2026-08-02 12:50:33.400794","train",39,0.3288036584854126,0.0009533645998037009,"","","","","",""
13120,"2026-08-02 12:50:34.331981","train",39,0.3280312716960907,0.0009527893958146422,"","","","","",""
13140,"2026-08-02 12:50:35.182697","train",39,0.045991379767656326,0.0009522108419410466,"","","","","",""
13160,"2026-08-02 12:50:36.186821","train",39,0.8638656735420227,0.0009516289424632647,"","","","","",""
13180,"2026-08-02 12:50:36.971318","train",39,0.4629181921482086,0.0009510437016863984,"","","","","",""
13200,"2026-08-02 12:50:37.768929","train",39,0.06437083333730698,0.0009504551239402702,"","","","","",""
13200,"2026-08-02 12:50:53.370601","val",39,"","",0.7820573770491803,0.23014747485908052,0.6599125667892582,0.6397941680960548,0.7592674315975286,0.7963719384347772
13220,"2026-08-02 12:51:04.473719","train",40,0.24409523606300354,0.0009498632135793907,"","","","","",""
13240,"2026-08-02 12:51:05.410962","train",40,0.19207033514976501,0.0009492679749829264,"","","","","",""
13260,"2026-08-02 12:51:06.252771","train",40,0.07302244007587433,0.0009486694125546672,"","","","","",""
13280,"2026-08-02 12:51:06.989279","train",40,0.19179585576057434,0.000948067530722994,"","","","","",""
13300,"2026-08-02 12:51:07.742975","train",40,0.5016145706176758,0.0009474623339408456,"","","","","",""
13320,"2026-08-02 12:51:08.681318","train",40,0.0696236863732338,0.0009468538266856862,"","","","","",""
13340,"2026-08-02 12:51:09.634530","train",40,0.13005943596363068,0.0009462420134594722,"","","","","",""
13360,"2026-08-02 12:51:10.501690","train",40,0.1307581067085266,0.0009456268987886185,"","","","","",""
13380,"2026-08-02 12:51:11.261497","train",40,0.07035631686449051,0.0009450084872239655,"","","","","",""
13400,"2026-08-02 12:51:12.080519","train",40,0.316303014755249,0.000944386783340745,"","","","","",""
13420,"2026-08-02 12:51:12.872627","train",40,0.2628500461578369,0.0009437617917385465,"","","","","",""
13440,"2026-08-02 12:51:13.712602","train",40,0.40106573700904846,0.0009431335170412836,"","","","","",""
13460,"2026-08-02 12:51:14.541408","train",40,0.3784118890762329,0.0009425019638971592,"","","","","",""
13480,"2026-08-02 12:51:15.337686","train",40,0.23774191737174988,0.0009418671369786314,"","","","","",""
13500,"2026-08-02 12:51:16.113878","train",40,0.40593963861465454,0.0009412290409823789,"","","","","",""
13520,"2026-08-02 12:51:17.003501","train",40,0.14486396312713623,0.0009405876806292657,"","","","","",""
13530,"2026-08-02 12:51:33.527071","val",40,"","",0.7957295081967213,0.2415542803088343,0.6857261813892166,0.7684391080617494,0.7749338040600177,0.7965893736313231
13540,"2026-08-02 12:51:44.501768","train",41,0.04018019884824753,0.0009399430606643075,"","","","","",""
13560,"2026-08-02 12:51:45.288716","train",41,0.2748982906341553,0.0009392951858566352,"","","","","",""
13580,"2026-08-02 12:51:46.190207","train",41,0.3955271542072296,0.0009386440609994606,"","","","","",""
13600,"2026-08-02 12:51:47.021146","train",41,0.3119262456893921,0.0009379896909100403,"","","","","",""
13620,"2026-08-02 12:51:47.844149","train",41,0.06666634976863861,0.0009373320804296402,"","","","","",""
13640,"2026-08-02 12:51:48.720351","train",41,0.22937987744808197,0.0009366712344235001,"","","","","",""
13660,"2026-08-02 12:51:49.698362","train",41,0.5355392098426819,0.000936007157780797,"","","","","",""
13680,"2026-08-02 12:51:50.513311","train",41,0.40142667293548584,0.0009353398554146096,"","","","","",""
13700,"2026-08-02 12:51:51.376526","train",41,0.16994011402130127,0.0009346693322618817,"","","","","",""
13720,"2026-08-02 12:51:52.220695","train",41,0.04745601490139961,0.0009339955932833856,"","","","","",""
13740,"2026-08-02 12:51:53.023964","train",41,0.37068629264831543,0.0009333186434636852,"","","","","",""
13760,"2026-08-02 12:51:53.917640","train",41,0.1953326165676117,0.0009326384878110994,"","","","","",""
13780,"2026-08-02 12:51:54.760185","train",41,0.2664627432823181,0.0009319551313576655,"","","","","",""
13800,"2026-08-02 12:51:55.555946","train",41,0.11133914440870285,0.000931268579159101,"","","","","",""
13820,"2026-08-02 12:51:56.453945","train",41,0.05234169214963913,0.0009305788362947666,"","","","","",""
13840,"2026-08-02 12:51:57.276785","train",41,0.08589012175798416,0.000929885907867629,"","","","","",""
13860,"2026-08-02 12:51:58.047640","train",41,0.3033018112182617,0.0009291897990042229,"","","","","",""
13860,"2026-08-02 12:52:14.091580","val",41,"","",0.7921147540983607,0.2342925192496517,0.6773992089376171,0.7512864493996569,0.7694174757281553,0.7941354621274481
13880,"2026-08-02 12:52:25.114374","train",42,0.25864529609680176,0.0009284905148546127,"","","","","",""
13900,"2026-08-02 12:52:25.940904","train",42,0.23819969594478607,0.0009277880605923551,"","","","","",""
13920,"2026-08-02 12:52:26.788035","train",42,0.0664888247847557,0.0009270824414144598,"","","","","",""
13940,"2026-08-02 12:52:27.638798","train",42,0.07479516416788101,0.0009263736625413523,"","","","","",""
13960,"2026-08-02 12:52:28.442344","train",42,0.058087605983018875,0.0009256617292168344,"","","","","",""
13980,"2026-08-02 12:52:29.277401","train",42,0.06832760572433472,0.0009249466467080459,"","","","","",""
14000,"2026-08-02 12:52:30.119586","train",42,0.19466033577919006,0.0009242284203054251,"","","","","",""
14020,"2026-08-02 12:52:30.931455","train",42,0.6261847019195557,0.0009235070553226701,"","","","","",""
14040,"2026-08-02 12:52:31.825733","train",42,0.31650009751319885,0.0009227825570966992,"","","","","",""
14060,"2026-08-02 12:52:32.710997","train",42,0.16763563454151154,0.000922054930987612,"","","","","",""
14080,"2026-08-02 12:52:33.580634","train",42,0.14318497478961945,0.0009213241823786488,"","","","","",""
14100,"2026-08-02 12:52:34.483017","train",42,0.33408382534980774,0.0009205903166761517,"","","","","",""
14120,"2026-08-02 12:52:35.328275","train",42,0.08770206570625305,0.0009198533393095235,"","","","","",""
14140,"2026-08-02 12:52:36.141822","train",42,0.3928581476211548,0.0009191132557311893,"","","","","",""
14160,"2026-08-02 12:52:37.088279","train",42,0.05495763570070267,0.000918370071416554,"","","","","",""
14180,"2026-08-02 12:52:38.041088","train",42,0.12387094646692276,0.0009176237918639635,"","","","","",""
14190,"2026-08-02 12:52:54.174558","val",42,"","",0.7941885245901639,0.24503931584835198,0.6900284504892096,0.7444253859348199,0.7864077669902912,0.7958438815288801
14200,"2026-08-02 12:53:05.327704","train",43,0.18218158185482025,0.0009168744225946633,"","","","","",""
14220,"2026-08-02 12:53:06.075635","train",43,0.2639048099517822,0.0009161219691527575,"","","","","",""
14240,"2026-08-02 12:53:06.991937","train",43,0.4923253357410431,0.0009153664371051681,"","","","","",""
14260,"2026-08-02 12:53:07.730662","train",43,0.5978461503982544,0.0009146078320415942,"","","","","",""
14280,"2026-08-02 12:53:08.608319","train",43,0.33292335271835327,0.0009138461595744694,"","","","","",""
14300,"2026-08-02 12:53:09.510723","train",43,0.055511076003313065,0.0009130814253389216,"","","","","",""
14320,"2026-08-02 12:53:10.425895","train",43,0.09029854089021683,0.0009123136349927306,"","","","","",""
14340,"2026-08-02 12:53:11.223091","train",43,0.12757961452007294,0.0009115427942162865,"","","","","",""
14360,"2026-08-02 12:53:12.032422","train",43,0.04008015990257263,0.0009107689087125475,"","","","","",""
14380,"2026-08-02 12:53:12.872134","train",43,0.6759974956512451,0.0009099919842069977,"","","","","",""
14400,"2026-08-02 12:53:13.706216","train",43,0.43459552526474,0.0009092120264476049,"","","","","",""
14420,"2026-08-02 12:53:14.519065","train",43,0.12025366723537445,0.0009084290412047783,"","","","","",""
14440,"2026-08-02 12:53:15.290776","train",43,0.07488694787025452,0.000907643034271325,"","","","","",""
14460,"2026-08-02 12:53:16.109450","train",43,0.5458410978317261,0.0009068540114624081,"","","","","",""
14480,"2026-08-02 12:53:16.946202","train",43,0.20296046137809753,0.0009060619786155029,"","","","","",""
14500,"2026-08-02 12:53:17.696006","train",43,0.17106389999389648,0.0009052669415903542,"","","","","",""
14520,"2026-08-02 12:53:18.424646","train",43,0.7319713234901428,0.0009044689062689329,"","","","","",""
14520,"2026-08-02 12:53:33.948797","val",43,"","",0.8086803278688526,0.26424696865064845,0.7207688571230311,0.7478559176672384,0.7972197705207413,0.8118564306459378
14540,"2026-08-02 12:53:45.137821","train",44,0.03551781177520752,0.0009036678785553922,"","","","","",""
14560,"2026-08-02 12:53:45.953673","train",44,0.052053164690732956,0.0009028638643760243,"","","","","",""
14580,"2026-08-02 12:53:46.767773","train",44,0.14341764152050018,0.0009020568696792159,"","","","","",""
14600,"2026-08-02 12:53:47.563857","train",44,0.06745462119579315,0.0009012469004354052,"","","","","",""
14620,"2026-08-02 12:53:48.417326","train",44,0.043259136378765106,0.0009004339626370371,"","","","","",""
14640,"2026-08-02 12:53:49.188062","train",44,0.05424274876713753,0.0008996180622985184,"","","","","",""
14660,"2026-08-02 12:53:49.916540","train",44,0.2058051973581314,0.0008987992054561744,"","","","","",""
14680,"2026-08-02 12:53:50.689216","train",44,0.05321405455470085,0.0008979773981682035,"","","","","",""
14700,"2026-08-02 12:53:51.520624","train",44,0.251630961894989,0.0008971526465146324,"","","","","",""
14720,"2026-08-02 12:53:52.313816","train",44,0.2359064221382141,0.0008963249565972717,"","","","","",""
14740,"2026-08-02 12:53:53.096289","train",44,0.3273651897907257,0.0008954943345396698,"","","","","",""
14760,"2026-08-02 12:53:53.905976","train",44,0.2557745575904846,0.0008946607864870686,"","","","","",""
14780,"2026-08-02 12:53:54.815284","train",44,0.4885846674442291,0.0008938243186063572,"","","","","",""
14800,"2026-08-02 12:53:55.693634","train",44,0.1543777585029602,0.000892984937086027,"","","","","",""
14820,"2026-08-02 12:53:56.701889","train",44,0.25165820121765137,0.0008921426481361253,"","","","","",""
14840,"2026-08-02 12:53:57.540834","train",44,0.1879393756389618,0.0008912974579882096,"","","","","",""
14850,"2026-08-02 12:54:13.566527","val",44,"","",0.8025163934426229,0.2581254851388784,0.7031434321004788,0.7375643224699828,0.7985436893203883,0.8048674421855344
14860,"2026-08-02 12:54:24.385641","train",45,0.08557763695716858,0.0008904493728953018,"","","","","",""
14880,"2026-08-02 12:54:25.147309","train",45,0.48659420013427734,0.0008895983991318411,"","","","","",""
14900,"2026-08-02 12:54:26.030231","train",45,0.13828633725643158,0.0008887445429936388,"","","","","",""
14920,"2026-08-02 12:54:26.897215","train",45,0.20920400321483612,0.0008878878107978304,"","","","","",""
14940,"2026-08-02 12:54:27.752407","train",45,0.21446914970874786,0.0008870282088828301,"","","","","",""
14960,"2026-08-02 12:54:28.556249","train",45,0.17199929058551788,0.000886165743608283,"","","","","",""
14980,"2026-08-02 12:54:29.387520","train",45,0.022379526868462563,0.0008853004213550183,"","","","","",""
15000,"2026-08-02 12:54:30.224221","train",45,0.1889549195766449,0.0008844322485250022,"","","","","",""
15020,"2026-08-02 12:54:31.112488","train",45,0.2613984942436218,0.0008835612315412907,"","","","","",""
15040,"2026-08-02 12:54:32.021180","train",45,0.8148324489593506,0.0008826873768479818,"","","","","",""
15060,"2026-08-02 12:54:32.989972","train",45,0.19677795469760895,0.0008818106909101677,"","","","","",""
15080,"2026-08-02 12:54:33.860403","train",45,0.28055042028427124,0.0008809311802138875,"","","","","",""
15100,"2026-08-02 12:54:34.795011","train",45,0.10137959569692612,0.0008800488512660785,"","","","","",""
15120,"2026-08-02 12:54:35.821312","train",45,0.24242928624153137,0.0008791637105945286,"","","","","",""
15140,"2026-08-02 12:54:36.675718","train",45,0.5962464809417725,0.0008782757647478281,"","","","","",""
15160,"2026-08-02 12:54:37.652222","train",45,0.5407468676567078,0.0008773850202953205,"","","","","",""
15180,"2026-08-02 12:54:38.524642","train",45,0.36207008361816406,0.000876491483827055,"","","","","",""
15180,"2026-08-02 12:54:54.493891","val",45,"","",0.8159508196721311,0.26328224371201525,0.7354104503504267,0.7753001715265866,0.8186231244483673,0.8144035286626182
15200,"2026-08-02 12:55:05.935505","train",46,0.2892274260520935,0.0008755951619537365,"","","","","",""
15220,"2026-08-02 12:55:06.831034","train",46,0.10154322534799576,0.0008746960613066779,"","","","","",""
15240,"2026-08-02 12:55:07.661666","train",46,0.3866070806980133,0.0008737941885377502,"","","","","",""
15260,"2026-08-02 12:55:08.483678","train",46,0.11298833042383194,0.0008728895503193332,"","","","","",""
15280,"2026-08-02 12:55:09.315959","train",46,0.1534203588962555,0.0008719821533442674,"","","","","",""
15300,"2026-08-02 12:55:10.184491","train",46,0.28222185373306274,0.0008710720043258027,"","","","","",""
15320,"2026-08-02 12:55:11.128665","train",46,0.0669030249118805,0.0008701591099975499,"","","","","",""
15340,"2026-08-02 12:55:12.107786","train",46,0.18185316026210785,0.000869243477113431,"","","","","",""
15360,"2026-08-02 12:55:12.970001","train",46,0.09370014071464539,0.0008683251124476282,"","","","","",""
15380,"2026-08-02 12:55:13.983240","train",46,0.4223087728023529,0.0008674040227945346,"","","","","",""
15400,"2026-08-02 12:55:14.854369","train",46,0.3899228572845459,0.0008664802149687042,"","","","","",""
15420,"2026-08-02 12:55:15.627513","train",46,0.055983275175094604,0.0008655536958048002,"","","","","",""
15440,"2026-08-02 12:55:16.583123","train",46,0.12125679105520248,0.0008646244721575461,"","","","","",""
15460,"2026-08-02 12:55:17.328013","train",46,0.15343564748764038,0.0008636925509016732,"","","","","",""
15480,"2026-08-02 12:55:18.139758","train",46,0.04263140633702278,0.0008627579389318718,"","","","","",""
15500,"2026-08-02 12:55:18.945906","train",46,0.23574157059192657,0.0008618206431627382,"","","","","",""
15510,"2026-08-02 12:55:35.352424","val",46,"","",0.8027704918032788,0.26157097895170944,0.7040455207827354,0.7409948542024013,0.7910414827890556,0.8063428953049528
15520,"2026-08-02 12:55:46.531192","train",47,0.2424158751964569,0.0008608806705287248,"","","","","",""
15540,"2026-08-02 12:55:47.360807","train",47,0.2461933195590973,0.0008599380279840882,"","","","","",""
15560,"2026-08-02 12:55:48.243356","train",47,0.44794291257858276,0.0008589927225028383,"","","","","",""
15580,"2026-08-02 12:55:49.184015","train",47,0.061644360423088074,0.000858044761078686,"","","","","",""
15600,"2026-08-02 12:55:49.922880","train",47,0.4951196014881134,0.000857094150724992,"","","","","",""
15620,"2026-08-02 12:55:50.716539","train",47,0.2958082854747772,0.0008561408984747147,"","","","","",""
15640,"2026-08-02 12:55:51.570454","train",47,0.2838824391365051,0.0008551850113803583,"","","","","",""
15660,"2026-08-02 12:55:52.379738","train",47,0.16098017990589142,0.0008542264965139202,"","","","","",""
15680,"2026-08-02 12:55:53.154618","train",47,0.14303423464298248,0.0008532653609668395,"","","","","",""
15700,"2026-08-02 12:55:54.034451","train",47,0.7168828845024109,0.0008523016118499437,"","","","","",""
15720,"2026-08-02 12:55:54.924954","train",47,0.34412580728530884,0.0008513352562933966,"","","","","",""
15740,"2026-08-02 12:55:55.687136","train",47,0.7075684070587158,0.0008503663014466452,"","","","","",""
15760,"2026-08-02 12:55:56.474163","train",47,0.13919293880462646,0.0008493947544783672,"","","","","",""
15780,"2026-08-02 12:55:57.295787","train",47,0.2970532476902008,0.0008484206225764174,"","","","","",""
15800,"2026-08-02 12:55:58.088086","train",47,0.04474164545536041,0.0008474439129477756,"","","","","",""
15820,"2026-08-02 12:55:58.924447","train",47,0.11335832625627518,0.0008464646328184915,"","","","","",""
15840,"2026-08-02 12:55:59.645990","train",47,0.24699799716472626,0.0008454827894336333,"","","","","",""
15840,"2026-08-02 12:56:15.107036","val",47,"","",0.8062622950819671,0.25180563877947654,0.7055027409617654,0.758147512864494,0.7828773168578994,0.8092316772019197
15860,"2026-08-02 12:56:26.376534","train",48,0.30618324875831604,0.0008444983900572323,"","","","","",""
15880,"2026-08-02 12:56:27.143975","train",48,0.19961009919643402,0.0008435114419722305,"","","","","",""
15900,"2026-08-02 12:56:28.113558","train",48,0.3116649389266968,0.000842521952480426,"","","","","",""
15920,"2026-08-02 12:56:28.920530","train",48,0.13204164803028107,0.000841529928902419,"","","","","",""
15940,"2026-08-02 12:56:29.670824","train",48,0.029108146205544472,0.0008405353785775579,"","","","","",""
15960,"2026-08-02 12:56:30.401608","train",48,0.3213738799095154,0.0008395383088638848,"","","","","",""
15980,"2026-08-02 12:56:31.221176","train",48,0.13057023286819458,0.0008385387271380814,"","","","","",""
16000,"2026-08-02 12:56:32.143524","train",48,0.4115293025970459,0.0008375366407954139,"","","","","",""
16020,"2026-08-02 12:56:32.910998","train",48,0.059025805443525314,0.0008365320572496786,"","","","","",""
16040,"2026-08-02 12:56:33.854805","train",48,0.10884933173656464,0.0008355249839331472,"","","","","",""
16060,"2026-08-02 12:56:34.712584","train",48,0.03644425421953201,0.0008345154282965113,"","","","","",""
16080,"2026-08-02 12:56:35.581522","train",48,0.22380360960960388,0.0008335033978088281,"","","","","",""
16100,"2026-08-02 12:56:36.418368","train",48,0.2435736209154129,0.0008324888999574638,"","","","","",""
16120,"2026-08-02 12:56:37.186384","train",48,0.16545343399047852,0.0008314719422480401,"","","","","",""
16140,"2026-08-02 12:56:37.928419","train",48,0.15428145229816437,0.0008304525322043768,"","","","","",""
16160,"2026-08-02 12:56:38.889638","train",48,0.6117262840270996,0.0008294306773684374,"","","","","",""
16170,"2026-08-02 12:56:55.121782","val",48,"","",0.8123196721311476,0.26239731483316414,0.7150787592811048,0.7684391080617496,0.7914827890556047,0.814869461226645
16180,"2026-08-02 12:57:05.978529","train",49,0.41780346632003784,0.0008284063853002725,"","","","","",""
16200,"2026-08-02 12:57:06.923229","train",49,0.07045057415962219,0.0008273796635779648,"","","","","",""
16220,"2026-08-02 12:57:07.791032","train",49,0.212972491979599,0.0008263505197975715,"","","","","",""
16240,"2026-08-02 12:57:08.551369","train",49,0.767748236656189,0.0008253189615730702,"","","","","",""
16260,"2026-08-02 12:57:09.355308","train",49,0.25447261333465576,0.0008242849965363005,"","","","","",""
16280,"2026-08-02 12:57:10.141028","train",49,0.05298861116170883,0.000823248632336909,"","","","","",""
16300,"2026-08-02 12:57:11.069286","train",49,0.4112793803215027,0.000822209876642292,"","","","","",""
16320,"2026-08-02 12:57:12.077842","train",49,0.11842910945415497,0.0008211687371375391,"","","","","",""
16340,"2026-08-02 12:57:12.906094","train",49,0.11166810989379883,0.0008201252215253757,"","","","","",""
16360,"2026-08-02 12:57:13.662549","train",49,0.35822418332099915,0.0008190793375261071,"","","","","",""
16380,"2026-08-02 12:57:14.541613","train",49,0.22041985392570496,0.0008180310928775603,"","","","","",""
16400,"2026-08-02 12:57:15.326550","train",49,0.16321757435798645,0.0008169804953350277,"","","","","",""
16420,"2026-08-02 12:57:16.237691","train",49,0.32901158928871155,0.0008159275526712089,"","","","","",""
16440,"2026-08-02 12:57:17.109113","train",49,0.06968644261360168,0.0008148722726761536,"","","","","",""
16460,"2026-08-02 12:57:18.008673","train",49,0.16450363397598267,0.0008138146631572041,"","","","","",""
16480,"2026-08-02 12:57:18.822121","train",49,0.5826618075370789,0.000812754731938937,"","","","","",""
16500,"2026-08-02 12:57:19.683607","train",49,0.10743095725774765,0.0008116924868631064,"","","","","",""
16500,"2026-08-02 12:57:36.034314","val",49,"","",0.8062704918032787,0.2534687005820255,0.7125806675456249,0.7512864493996569,0.7676522506619594,0.8152266761923991
16520,"2026-08-02 12:57:47.190976","train",50,0.5778073072433472,0.0008106279357885843,"","","","","",""
16540,"2026-08-02 12:57:48.154560","train",50,0.43597936630249023,0.0008095610865913037,"","","","","",""
16560,"2026-08-02 12:57:49.066039","train",50,0.3731923997402191,0.0008084919471642,"","","","","",""
16580,"2026-08-02 12:57:49.792987","train",50,0.31376203894615173,0.0008074205254171526,"","","","","",""
16600,"2026-08-02 12:57:50.546804","train",50,0.07107090204954147,0.0008063468292769259,"","","","","",""
16620,"2026-08-02 12:57:51.429575","train",50,0.11466673016548157,0.0008052708666871115,"","","","","",""
16640,"2026-08-02 12:57:52.318556","train",50,0.3742475211620331,0.0008041926456080691,"","","","","",""
16660,"2026-08-02 12:57:53.184510","train",50,0.3308611214160919,0.0008031121740168669,"","","","","",""
16680,"2026-08-02 12:57:53.986916","train",50,0.1212116926908493,0.0008020294599072239,"","","","","",""
16700,"2026-08-02 12:57:54.787313","train",50,0.33409515023231506,0.0008009445112894496,"","","","","",""
16720,"2026-08-02 12:57:55.677184","train",50,0.07275038212537766,0.0007998573361903856,"","","","","",""
16740,"2026-08-02 12:57:56.604137","train",50,0.27067962288856506,0.0007987679426533454,"","","","","",""
16760,"2026-08-02 12:57:57.452747","train",50,0.04336995258927345,0.0007976763387380555,"","","","","",""
16780,"2026-08-02 12:57:58.201158","train",50,0.26057201623916626,0.0007965825325205955,"","","","","",""
16800,"2026-08-02 12:57:58.972394","train",50,0.12757277488708496,0.0007954865320933387,"","","","","",""
16820,"2026-08-02 12:57:59.785585","train",50,0.11269576102495193,0.0007943883455648914,"","","","","",""
16830,"2026-08-02 12:58:16.559046","val",50,"","",0.8068032786885245,0.266049270591112,0.7170911109569079,0.7753001715265866,0.7753751103265666,0.8139375960985914
16840,"2026-08-02 12:58:27.413212","train",51,0.10508575290441513,0.0007932879810600342,"","","","","",""
16860,"2026-08-02 12:58:28.318854","train",51,0.3627471625804901,0.0007921854467196603,"","","","","",""
16880,"2026-08-02 12:58:29.060135","train",51,0.06522352248430252,0.000791080750700717,"","","","","",""
16900,"2026-08-02 12:58:29.794149","train",51,0.0376398004591465,0.0007899739011761438,"","","","","",""
16920,"2026-08-02 12:58:30.556209","train",51,0.053294576704502106,0.000788864906334813,"","","","","",""
16940,"2026-08-02 12:58:31.395257","train",51,0.28913968801498413,0.0007877537743814686,"","","","","",""
16960,"2026-08-02 12:58:32.185134","train",51,0.5923289656639099,0.0007866405135366658,"","","","","",""
16980,"2026-08-02 12:58:33.039839","train",51,0.20692498981952667,0.0007855251320367098,"","","","","",""
17000,"2026-08-02 12:58:33.949066","train",51,0.19465036690235138,0.0007844076381335958,"","","","","",""
17020,"2026-08-02 12:58:34.806410","train",51,0.09735941886901855,0.0007832880400949465,"","","","","",""
17040,"2026-08-02 12:58:35.583403","train",51,0.3571319878101349,0.0007821663462039523,"","","","","",""
17060,"2026-08-02 12:58:36.439053","train",51,0.25500044226646423,0.0007810425647593095,"","","","","",""
17080,"2026-08-02 12:58:37.368836","train",51,0.2202528566122055,0.0007799167040751588,"","","","","",""
17100,"2026-08-02 12:58:38.160596","train",51,0.12355192005634308,0.0007787887724810234,"","","","","",""
17120,"2026-08-02 12:58:39.192909","train",51,0.2675410807132721,0.0007776587783217486,"","","","","",""
17140,"2026-08-02 12:58:40.065149","train",51,0.14137881994247437,0.0007765267299574388,"","","","","",""
17160,"2026-08-02 12:58:40.796182","train",51,0.31039807200431824,0.0007753926357633962,"","","","","",""
17160,"2026-08-02 12:58:57.525159","val",51,"","",0.8050819672131148,0.26429339945278707,0.7080008326972451,0.7924528301886793,0.7575022065313327,0.8155372979017503
17180,"2026-08-02 12:59:08.857251","train",52,0.03488504886627197,0.0007742565041300591,"","","","","",""
17200,"2026-08-02 12:59:09.719738","train",52,0.27788034081459045,0.0007731183434629391,"","","","","",""
17220,"2026-08-02 12:59:10.696072","train",52,0.3750065565109253,0.0007719781621825595,"","","","","",""
17240,"2026-08-02 12:59:11.530474","train",52,0.4446530044078827,0.0007708359687243929,"","","","","",""
17260,"2026-08-02 12:59:12.419196","train",52,0.24164779484272003,0.0007696917715387988,"","","","","",""
17280,"2026-08-02 12:59:13.482309","train",52,0.2411843240261078,0.0007685455790909605,"","","","","",""
17300,"2026-08-02 12:59:14.535385","train",52,0.12122954428195953,0.0007673973998608237,"","","","","",""
17320,"2026-08-02 12:59:15.341884","train",52,0.22856777906417847,0.0007662472423430322,"","","","","",""
17340,"2026-08-02 12:59:16.173620","train",52,0.24832160770893097,0.0007650951150468667,"","","","","",""
17360,"2026-08-02 12:59:16.994101","train",52,0.06988342851400375,0.0007639410264961805,"","","","","",""
17380,"2026-08-02 12:59:17.733112","train",52,0.16747185587882996,0.0007627849852293374,"","","","","",""
17400,"2026-08-02 12:59:18.499757","train",52,0.05182064697146416,0.0007616269997991476,"","","","","",""
17420,"2026-08-02 12:59:19.377854","train",52,0.08196704089641571,0.0007604670787728049,"","","","","",""
17440,"2026-08-02 12:59:20.163501","train",52,0.21103787422180176,0.0007593052307318242,"","","","","",""
17460,"2026-08-02 12:59:20.964895","train",52,0.20863758027553558,0.000758141464271976,"","","","","",""
17480,"2026-08-02 12:59:21.859070","train",52,0.053208887577056885,0.0007569757880032251,"","","","","",""
17490,"2026-08-02 12:59:38.071569","val",52,"","",0.8057459016393443,0.2640148391656541,0.7009922975504823,0.7735849056603774,0.7744924977934686,0.8109556276888192
17500,"2026-08-02 12:59:48.765462","train",53,0.7158668637275696,0.0007558082105496642,"","","","","",""
17520,"2026-08-02 12:59:49.501007","train",53,0.27616897225379944,0.0007546387405494536,"","","","","",""
17540,"2026-08-02 12:59:50.284903","train",53,0.1637510359287262,0.000753467386654754,"","","","","",""
17560,"2026-08-02 12:59:51.211765","train",53,0.21159987151622772,0.000752294157531664,"","","","","",""
17580,"2026-08-02 12:59:52.010625","train",53,0.30266374349594116,0.0007511190618601558,"","","","","",""
17600,"2026-08-02 12:59:52.833458","train",53,0.13829460740089417,0.000749942108334012,"","","","","",""
17620,"2026-08-02 12:59:53.586634","train",53,0.0722084566950798,0.0007487633056607588,"","","","","",""
17640,"2026-08-02 12:59:54.409772","train",53,0.06471852958202362,0.0007475826625616039,"","","","","",""
17660,"2026-08-02 12:59:55.224944","train",53,0.31443867087364197,0.0007464001877713711,"","","","","",""
17680,"2026-08-02 12:59:56.007426","train",53,0.09572609513998032,0.0007452158900384354,"","","","","",""
17700,"2026-08-02 12:59:56.836986","train",53,0.06221580132842064,0.0007440297781246589,"","","","","",""
17720,"2026-08-02 12:59:57.795927","train",53,0.10403892397880554,0.0007428418608053254,"","","","","",""
17740,"2026-08-02 12:59:58.722835","train",53,0.32231634855270386,0.000741652146869076,"","","","","",""
17760,"2026-08-02 12:59:59.519795","train",53,0.3021865785121918,0.0007404606451178436,"","","","","",""
17780,"2026-08-02 13:00:00.368154","train",53,0.27742043137550354,0.0007392673643667882,"","","","","",""
17800,"2026-08-02 13:00:01.158303","train",53,0.10375069081783295,0.0007380723134442313,"","","","","",""
17820,"2026-08-02 13:00:01.970704","train",53,0.061515603214502335,0.0007368755011915907,"","","","","",""
17820,"2026-08-02 13:00:17.984508","val",53,"","",0.8107622950819672,0.2754598747481951,0.7134133647907848,0.7735849056603774,0.7839805825242718,0.8158323885256341
17840,"2026-08-02 13:00:29.622365","train",54,0.028783582150936127,0.0007356769364633155,"","","","","",""
17860,"2026-08-02 13:00:30.433365","train",54,0.5750717520713806,0.0007344766281268202,"","","","","",""
17880,"2026-08-02 13:00:31.354109","train",54,0.01926403120160103,0.0007332745850624187,"","","","","",""
17900,"2026-08-02 13:00:32.187810","train",54,0.5648566484451294,0.0007320708161632593,"","","","","",""
17920,"2026-08-02 13:00:33.037785","train",54,0.28345391154289246,0.0007308653303352589,"","","","","",""
17940,"2026-08-02 13:00:34.014219","train",54,0.1422465443611145,0.0007296581364970365,"","","","","",""
17960,"2026-08-02 13:00:34.898385","train",54,0.4587986171245575,0.0007284492435798479,"","","","","",""
17980,"2026-08-02 13:00:35.890191","train",54,0.21341371536254883,0.0007272386605275188,"","","","","",""
18000,"2026-08-02 13:00:36.890728","train",54,0.34488752484321594,0.0007260263962963798,"","","","","",""
18020,"2026-08-02 13:00:37.834463","train",54,0.21939536929130554,0.0007248124598551987,"","","","","",""
18040,"2026-08-02 13:00:38.805013","train",54,0.1712929904460907,0.0007235968601851157,"","","","","",""
18060,"2026-08-02 13:00:39.877833","train",54,0.15078522264957428,0.0007223796062795756,"","","","","",""
18080,"2026-08-02 13:00:41.002165","train",54,0.24905601143836975,0.000721160707144262,"","","","","",""
18100,"2026-08-02 13:00:42.059381","train",54,0.6098244786262512,0.0007199401717970308,"","","","","",""
18120,"2026-08-02 13:00:43.104781","train",54,0.17458724975585938,0.0007187180092678426,"","","","","",""
18140,"2026-08-02 13:00:44.122917","train",54,0.09704562276601791,0.0007174942285986969,"","","","","",""
18150,"2026-08-02 13:01:01.328719","val",54,"","",0.8167950819672131,0.2888849209413089,0.7293733953230171,0.7461406518010292,0.8020741394527803,0.8232717784645969
18160,"2026-08-02 13:01:12.281490","train",55,0.2638075649738312,0.0007162688388435649,"","","","","",""
18180,"2026-08-02 13:01:13.031151","train",55,0.13417522609233856,0.0007150418490683215,"","","","","",""
18200,"2026-08-02 13:01:14.009945","train",55,0.19898967444896698,0.0007138132683506806,"","","","","",""
18220,"2026-08-02 13:01:14.871941","train",55,0.5005386471748352,0.0007125831057801255,"","","","","",""
18240,"2026-08-02 13:01:15.651590","train",55,0.22139118611812592,0.0007113513704578422,"","","","","",""
18260,"2026-08-02 13:01:16.524590","train",55,0.11856958270072937,0.0007101180714966537,"","","","","",""
18280,"2026-08-02 13:01:17.323284","train",55,0.16755013167858124,0.0007088832180209505,"","","","","",""
18300,"2026-08-02 13:01:18.230857","train",55,0.1257476508617401,0.0007076468191666243,"","","","","",""
18320,"2026-08-02 13:01:18.982919","train",55,0.0453425869345665,0.0007064088840809997,"","","","","",""
18340,"2026-08-02 13:01:19.872691","train",55,0.03643690422177315,0.0007051694219227674,"","","","","",""
18360,"2026-08-02 13:01:20.716464","train",55,0.05239202454686165,0.0007039284418619156,"","","","","",""
18380,"2026-08-02 13:01:21.519482","train",55,0.16481293737888336,0.0007026859530796627,"","","","","",""
18400,"2026-08-02 13:01:22.271501","train",55,0.22501425445079803,0.0007014419647683888,"","","","","",""
18420,"2026-08-02 13:01:23.080802","train",55,0.19132515788078308,0.0007001964861315686,"","","","","",""
18440,"2026-08-02 13:01:23.870853","train",55,0.09054852277040482,0.0006989495263837024,"","","","","",""
18460,"2026-08-02 13:01:24.868273","train",55,0.4563138782978058,0.0006977010947502481,"","","","","",""
18480,"2026-08-02 13:01:25.670973","train",55,0.18946611881256104,0.0006964512004675539,"","","","","",""
18480,"2026-08-02 13:01:41.443858","val",55,"","",0.8152622950819672,0.2867152365821356,0.7206994656859343,0.7495711835334476,0.8159752868490733,0.8166555360554149
18500,"2026-08-02 13:01:52.691886","train",56,0.08349539339542389,0.0006951998527827879,"","","","","",""
18520,"2026-08-02 13:01:53.689768","train",56,0.19895818829536438,0.0006939470609538729,"","","","","",""
18540,"2026-08-02 13:01:54.597646","train",56,0.4050024151802063,0.0006926928342494139,"","","","","",""
18560,"2026-08-02 13:01:55.344738","train",56,0.5290409922599792,0.0006914371819486333,"","","","","",""
18580,"2026-08-02 13:01:56.183244","train",56,0.22914598882198334,0.0006901801133412994,"","","","","",""
18600,"2026-08-02 13:01:56.989109","train",56,0.16519734263420105,0.0006889216377276599,"","","","","",""
18620,"2026-08-02 13:01:57.926314","train",56,0.19346986711025238,0.000687661764418371,"","","","","",""
18640,"2026-08-02 13:01:58.754954","train",56,0.14269620180130005,0.0006864005027344305,"","","","","",""
18660,"2026-08-02 13:01:59.532614","train",56,0.2512877285480499,0.000685137862007107,"","","","","",""
18680,"2026-08-02 13:02:00.344191","train",56,0.1540893167257309,0.0006838738515778724,"","","","","",""
18700,"2026-08-02 13:02:01.234029","train",56,0.06185309961438179,0.0006826084807983322,"","","","","",""
18720,"2026-08-02 13:02:02.018706","train",56,0.0578688308596611,0.0006813417590301555,"","","","","",""
18740,"2026-08-02 13:02:02.919241","train",56,0.16374856233596802,0.0006800736956450075,"","","","","",""
18760,"2026-08-02 13:02:03.912460","train",56,0.3270840346813202,0.0006788043000244785,"","","","","",""
18780,"2026-08-02 13:02:04.701070","train",56,0.5972034335136414,0.0006775335815600153,"","","","","",""
18800,"2026-08-02 13:02:05.464167","train",56,0.24192054569721222,0.0006762615496528517,"","","","","",""
18810,"2026-08-02 13:02:21.822353","val",56,"","",0.8133360655737705,0.26176650093514475,0.7166747623343279,0.7770154373927959,0.794792586054722,0.8173544349014552
18820,"2026-08-02 13:02:32.771639","train",57,0.13818594813346863,0.0006749882137139388,"","","","","",""
18840,"2026-08-02 13:02:33.579191","train",57,0.4314708411693573,0.0006737135831638752,"","","","","",""
18860,"2026-08-02 13:02:34.477123","train",57,0.029027938842773438,0.0006724376674328376,"","","","","",""
18880,"2026-08-02 13:02:35.232029","train",57,0.24647380411624908,0.0006711604759605112,"","","","","",""
18900,"2026-08-02 13:02:35.974157","train",57,0.07832060754299164,0.0006698820181960194,"","","","","",""
18920,"2026-08-02 13:02:36.835331","train",57,0.5361118316650391,0.0006686023035978537,"","","","","",""
18940,"2026-08-02 13:02:37.628516","train",57,0.10574603080749512,0.0006673213416338047,"","","","","",""
18960,"2026-08-02 13:02:38.422112","train",57,0.3848218619823456,0.0006660391417808913,"","","","","",""
18980,"2026-08-02 13:02:39.215407","train",57,0.3194759786128998,0.0006647557135252904,"","","","","",""
19000,"2026-08-02 13:02:40.033748","train",57,0.15965698659420013,0.0006634710663622678,"","","","","",""
19020,"2026-08-02 13:02:40.833855","train",57,0.16674566268920898,0.0006621852097961063,"","","","","",""
19040,"2026-08-02 13:02:41.648424","train",57,0.19087006151676178,0.000660898153340037,"","","","","",""
19060,"2026-08-02 13:02:42.495076","train",57,0.5483525395393372,0.0006596099065161678,"","","","","",""
19080,"2026-08-02 13:02:43.354474","train",57,0.5922220945358276,0.000658320478855414,"","","","","",""
19100,"2026-08-02 13:02:44.162085","train",57,0.0743655189871788,0.000657029879897426,"","","","","",""
19120,"2026-08-02 13:02:45.028351","train",57,0.30726972222328186,0.0006557381191905214,"","","","","",""
19140,"2026-08-02 13:02:45.753198","train",57,0.21322360634803772,0.0006544452062916113,"","","","","",""
19140,"2026-08-02 13:03:01.627357","val",57,"","",0.8055163934426229,0.2635309456286331,0.6973145513843592,0.7564322469982847,0.7883936451897616,0.8104741640393247
19160,"2026-08-02 13:03:13.249390","train",58,0.3044901490211487,0.0006531511507661324,"","","","","",""
19180,"2026-08-02 13:03:14.158091","train",58,0.02958999201655388,0.000651855962187974,"","","","","",""
19200,"2026-08-02 13:03:14.979885","train",58,0.0502752810716629,0.0006505596501394087,"","","","","",""
19220,"2026-08-02 13:03:15.854121","train",58,0.12142709642648697,0.000649262224211021,"","","","","",""
19240,"2026-08-02 13:03:16.716427","train",58,0.2614060342311859,0.0006479636940016358,"","","","","",""
19260,"2026-08-02 13:03:17.658913","train",58,0.23564781248569489,0.0006466640691182483,"","","","","",""
19280,"2026-08-02 13:03:18.709384","train",58,0.3233656883239746,0.0006453633591759523,"","","","","",""
19300,"2026-08-02 13:03:19.603434","train",58,0.0720035582780838,0.0006440615737978692,"","","","","",""
19320,"2026-08-02 13:03:20.583359","train",58,0.06491617858409882,0.000642758722615077,"","","","","",""
19340,"2026-08-02 13:03:21.413194","train",58,0.4895355701446533,0.0006414548152665391,"","","","","",""
19360,"2026-08-02 13:03:22.285867","train",58,0.18567152321338654,0.0006401498613990322,"","","","","",""
19380,"2026-08-02 13:03:23.197811","train",58,0.29431718587875366,0.0006388438706670764,"","","","","",""
19400,"2026-08-02 13:03:24.015618","train",58,0.6109555959701538,0.0006375368527328617,"","","","","",""
19420,"2026-08-02 13:03:24.877677","train",58,0.05747257545590401,0.000636228817266179,"","","","","",""
19440,"2026-08-02 13:03:25.686143","train",58,0.2395484447479248,0.0006349197739443463,"","","","","",""
19460,"2026-08-02 13:03:26.541971","train",58,0.1947798728942871,0.0006336097324521387,"","","","","",""
19470,"2026-08-02 13:03:42.940121","val",58,"","",0.8023524590163934,0.25510013961415895,0.694469502463396,0.7718696397941681,0.7672109443954105,0.81362697438924
19480,"2026-08-02 13:03:54.083905","train",59,0.052813559770584106,0.0006322987024817156,"","","","","",""
19500,"2026-08-02 13:03:55.088068","train",59,0.06850513815879822,0.00063098669373255,"","","","","",""
19520,"2026-08-02 13:03:55.922190","train",59,0.04969728738069534,0.0006296737159113561,"","","","","",""
19540,"2026-08-02 13:03:56.771708","train",59,0.4306740164756775,0.0006283597787320171,"","","","","",""
19560,"2026-08-02 13:03:57.540797","train",59,0.15163975954055786,0.0006270448919155152,"","","","","",""
19580,"2026-08-02 13:03:58.399407","train",59,0.3869501054286957,0.0006257290651898569,"","","","","",""
19600,"2026-08-02 13:03:59.315910","train",59,0.2612239718437195,0.0006244123082900032,"","","","","",""
19620,"2026-08-02 13:04:00.062476","train",59,0.06398115307092667,0.0006230946309577968,"","","","","",""
19640,"2026-08-02 13:04:01.000251","train",59,0.12097250670194626,0.0006217760429418904,"","","","","",""
19660,"2026-08-02 13:04:01.807907","train",59,0.04291138797998428,0.0006204565539976736,"","","","","",""
19680,"2026-08-02 13:04:02.608371","train",59,0.3270350992679596,0.0006191361738872018,"","","","","",""
19700,"2026-08-02 13:04:03.505790","train",59,0.44149550795555115,0.0006178149123791235,"","","","","",""
19720,"2026-08-02 13:04:04.323872","train",59,0.16374170780181885,0.000616492779248608,"","","","","",""
19740,"2026-08-02 13:04:05.139644","train",59,0.046919941902160645,0.0006151697842772735,"","","","","",""
19760,"2026-08-02 13:04:05.916176","train",59,0.4601166844367981,0.0006138459372531141,"","","","","",""
19780,"2026-08-02 13:04:06.801186","train",59,0.21943944692611694,0.0006125212479704276,"","","","","",""
19800,"2026-08-02 13:04:07.667188","train",59,0.06728703528642654,0.0006111957262297435,"","","","","",""
19800,"2026-08-02 13:04:23.648974","val",59,"","",0.8136393442622951,0.2989323134932602,0.7288182638262438,0.7804459691252144,0.7866284201235657,0.8199481261745384
19820,"2026-08-02 13:04:34.824815","train",60,0.29535791277885437,0.0006098693818377501,"","","","","",""
19840,"2026-08-02 13:04:35.666714","train",60,0.5107738971710205,0.0006085422246072213,"","","","","",""
19860,"2026-08-02 13:04:36.474842","train",60,0.19797110557556152,0.0006072142643569456,"","","","","",""
19880,"2026-08-02 13:04:37.289676","train",60,0.13026082515716553,0.000605885510911652,"","","","","",""
19900,"2026-08-02 13:04:38.040897","train",60,0.15644249320030212,0.000604555974101938,"","","","","",""
19920,"2026-08-02 13:04:39.026198","train",60,0.1588948518037796,0.0006032256637641966,"","","","","",""
19940,"2026-08-02 13:04:40.016517","train",60,0.33920374512672424,0.0006018945897405437,"","","","","",""
19960,"2026-08-02 13:04:40.814175","train",60,0.43827223777770996,0.0006005627618787451,"","","","","",""
19980,"2026-08-02 13:04:41.683026","train",60,0.6452099084854126,0.0005992301900321441,"","","","","",""
20000,"2026-08-02 13:04:42.450656","train",60,0.10115550458431244,0.0005978968840595881,"","","","","",""
20020,"2026-08-02 13:04:43.420205","train",60,0.19600647687911987,0.0005965628538253555,"","","","","",""
20040,"2026-08-02 13:04:44.188410","train",60,0.08127036690711975,0.0005952281091990836,"","","","","",""
20060,"2026-08-02 13:04:45.052258","train",60,0.20483548939228058,0.0005938926600556948,"","","","","",""
20080,"2026-08-02 13:04:45.792425","train",60,0.2285681515932083,0.0005925565162753236,"","","","","",""
20100,"2026-08-02 13:04:46.557718","train",60,0.07372000813484192,0.0005912196877432438,"","","","","",""
20120,"2026-08-02 13:04:47.374197","train",60,0.07757695019245148,0.0005898821843497954,"","","","","",""
20130,"2026-08-02 13:05:03.966756","val",60,"","",0.8095573770491803,0.2785720746089659,0.710290750121435,0.7753001715265866,0.7837599293909975,0.8155994222436206
20140,"2026-08-02 13:05:15.015198","train",61,0.15106095373630524,0.000588544015990311,"","","","","",""
20160,"2026-08-02 13:05:15.836563","train",61,0.21863846480846405,0.000587205192565043,"","","","","",""
20180,"2026-08-02 13:05:16.704698","train",61,0.12934252619743347,0.0005858657239790902,"","","","","",""
20200,"2026-08-02 13:05:17.596643","train",61,0.2337225377559662,0.0005845256201423246,"","","","","",""
20220,"2026-08-02 13:05:18.412271","train",61,0.20726899802684784,0.000583184890969318,"","","","","",""
20240,"2026-08-02 13:05:19.135157","train",61,0.04148164391517639,0.0005818435463792684,"","","","","",""
20260,"2026-08-02 13:05:20.110328","train",61,0.6485322713851929,0.0005805015962959272,"","","","","",""
20280,"2026-08-02 13:05:20.959393","train",61,0.3244071900844574,0.0005791590506475252,"","","","","",""
20300,"2026-08-02 13:05:21.767097","train",61,0.11135205626487732,0.0005778159193666999,"","","","","",""
20320,"2026-08-02 13:05:22.698918","train",61,0.20981448888778687,0.0005764722123904208,"","","","","",""
20340,"2026-08-02 13:05:23.631565","train",61,0.25851210951805115,0.0005751279396599173,"","","","","",""
20360,"2026-08-02 13:05:24.522066","train",61,0.16053465008735657,0.0005737831111206038,"","","","","",""
20380,"2026-08-02 13:05:25.267004","train",61,0.1509733945131302,0.0005724377367220072,"","","","","",""
20400,"2026-08-02 13:05:26.279384","train",61,0.1778433471918106,0.0005710918264176929,"","","","","",""
20420,"2026-08-02 13:05:27.140646","train",61,0.03048728220164776,0.0005697453901651909,"","","","","",""
20440,"2026-08-02 13:05:27.998554","train",61,0.3070179224014282,0.0005683984379259223,"","","","","",""
20460,"2026-08-02 13:05:28.704417","train",61,0.11921990662813187,0.0005670509796651261,"","","","","",""
20460,"2026-08-02 13:05:44.308862","val",61,"","",0.8104344262295081,0.2713827772993063,0.7105683158698216,0.7615780445969125,0.7897175639894086,0.8182086446021714
20480,"2026-08-02 13:05:55.772986","train",62,0.2469811588525772,0.0005657030253517846,"","","","","",""
20500,"2026-08-02 13:05:56.645340","train",62,0.13090017437934875,0.00056435458495855,"","","","","",""
20520,"2026-08-02 13:05:57.517432","train",62,0.07924051582813263,0.0005630056684616711,"","","","","",""
20540,"2026-08-02 13:05:58.327133","train",62,0.3684045374393463,0.0005616562858409188,"","","","","",""
20560,"2026-08-02 13:05:59.168145","train",62,0.11072783172130585,0.0005603064470795127,"","","","","",""
20580,"2026-08-02 13:06:00.002373","train",62,0.6748708486557007,0.0005589561621640469,"","","","","",""
20600,"2026-08-02 13:06:00.929300","train",62,0.3529616892337799,0.0005576054410844168,"","","","","",""
20620,"2026-08-02 13:06:01.789399","train",62,0.057470593601465225,0.0005562542938337439,"","","","","",""
20640,"2026-08-02 13:06:02.633903","train",62,0.09575165808200836,0.0005549027304083033,"","","","","",""
20660,"2026-08-02 13:06:03.484014","train",62,0.3366972804069519,0.0005535507608074488,"","","","","",""
20680,"2026-08-02 13:06:04.257032","train",62,0.14989978075027466,0.0005521983950335397,"","","","","",""
20700,"2026-08-02 13:06:05.039403","train",62,0.22853031754493713,0.0005508456430918656,"","","","","",""
20720,"2026-08-02 13:06:05.826062","train",62,0.19801747798919678,0.0005494925149905735,"","","","","",""
20740,"2026-08-02 13:06:06.721944","train",62,0.267784059047699,0.0005481390207405936,"","","","","",""
20760,"2026-08-02 13:06:07.663198","train",62,0.17350099980831146,0.0005467851703555646,"","","","","",""
20780,"2026-08-02 13:06:08.567530","train",62,0.08262534439563751,0.0005454309738517603,"","","","","",""
20790,"2026-08-02 13:06:24.744344","val",62,"","",0.812327868852459,0.27741263364145663,0.725695649156894,0.7821612349914236,0.7824360105913504,0.8227903148151025
20800,"2026-08-02 13:06:35.496086","train",63,0.029802212491631508,0.0005440764412480147,"","","","","",""
20820,"2026-08-02 13:06:36.359871","train",63,0.06901105493307114,0.0005427215825656491,"","","","","",""
20840,"2026-08-02 13:06:37.174353","train",63,0.3085160553455353,0.000541366407828397,"","","","","",""
20860,"2026-08-02 13:06:38.092269","train",63,0.12288486957550049,0.00054001092706233,"","","","","",""
20880,"2026-08-02 13:06:38.989499","train",63,0.3040618896484375,0.0005386551502957836,"","","","","",""
20900,"2026-08-02 13:06:39.795745","train",63,0.29535242915153503,0.0005372990875592841,"","","","","",""
20920,"2026-08-02 13:06:40.582393","train",63,0.25793951749801636,0.0005359427488854725,"","","","","",""
20940,"2026-08-02 13:06:41.431482","train",63,0.43493935465812683,0.0005345861443090319,"","","","","",""
20960,"2026-08-02 13:06:42.217386","train",63,0.09759324789047241,0.0005332292838666125,"","","","","",""
20980,"2026-08-02 13:06:42.981579","train",63,0.07198576629161835,0.0005318721775967574,"","","","","",""
21000,"2026-08-02 13:06:44.005280","train",63,0.2859886586666107,0.0005305148355398283,"","","","","",""
21020,"2026-08-02 13:06:44.843172","train",63,0.034015953540802,0.0005291572677379319,"","","","","",""
21040,"2026-08-02 13:06:45.665231","train",63,0.2066374570131302,0.0005277994842348444,"","","","","",""
21060,"2026-08-02 13:06:46.585137","train",63,0.12433252483606339,0.0005264414950759381,"","","","","",""
21080,"2026-08-02 13:06:47.528294","train",63,0.19103316962718964,0.000525083310308107,"","","","","",""
21100,"2026-08-02 13:06:48.349059","train",63,0.18300281465053558,0.0005237249399796919,"","","","","",""
21120,"2026-08-02 13:06:49.064439","train",63,0.0847717672586441,0.0005223663941404067,"","","","","",""
21120,"2026-08-02 13:07:04.749386","val",63,"","",0.8162131147540984,0.2995112289610572,0.722434251613351,0.7667238421955402,0.8033980582524272,0.8217186699178406
21140,"2026-08-02 13:07:16.048369","train",64,0.17532923817634583,0.0005210076828412637,"","","","","",""
21160,"2026-08-02 13:07:16.842514","train",64,0.14071476459503174,0.0005196488161344995,"","","","","",""
21180,"2026-08-02 13:07:17.670485","train",64,0.10331284999847412,0.0005182898040735002,"","","","","",""
21200,"2026-08-02 13:07:18.523381","train",64,0.4894639551639557,0.0005169306567127274,"","","","","",""
21220,"2026-08-02 13:07:19.303385","train",64,0.038727059960365295,0.0005155713841076438,"","","","","",""
21240,"2026-08-02 13:07:20.219230","train",64,0.1161472350358963,0.0005142119963146384,"","","","","",""
21260,"2026-08-02 13:07:21.041480","train",64,0.22126123309135437,0.000512852503390953,"","","","","",""
21280,"2026-08-02 13:07:21.997254","train",64,0.4416293799877167,0.0005114929153946065,"","","","","",""
21300,"2026-08-02 13:07:22.797633","train",64,0.05275455489754677,0.0005101332423843213,"","","","","",""
21320,"2026-08-02 13:07:23.664890","train",64,0.11563462018966675,0.0005087734944194495,"","","","","",""
21340,"2026-08-02 13:07:24.619384","train",64,0.35242563486099243,0.0005074136815598969,"","","","","",""
21360,"2026-08-02 13:07:25.364755","train",64,0.30219772458076477,0.0005060538138660495,"","","","","",""
21380,"2026-08-02 13:07:26.117163","train",64,0.07421766966581345,0.0005046939013986997,"","","","","",""
21400,"2026-08-02 13:07:26.947016","train",64,0.025783609598875046,0.00050333395421897,"","","","","",""
21420,"2026-08-02 13:07:27.766813","train",64,0.03319491818547249,0.0005019739823882409,"","","","","",""
21440,"2026-08-02 13:07:28.699543","train",64,0.11915812641382217,0.0005006139959680745,"","","","","",""
21450,"2026-08-02 13:07:44.929805","val",64,"","",0.8095819672131147,0.2754184337380527,0.7073763097633752,0.7821612349914236,0.778243601059135,0.8176495255253389
21460,"2026-08-02 13:07:55.809610","train",65,0.2290971875190735,0.0004992540050201411,"","","","","",""
21480,"2026-08-02 13:07:56.666819","train",65,0.124876469373703,0.0004978940196061446,"","","","","",""
21500,"2026-08-02 13:07:57.493974","train",65,0.24987928569316864,0.0004965340497877474,"","","","","",""
21520,"2026-08-02 13:07:58.427534","train",65,0.1464913934469223,0.0004951741056264974,"","","","","",""
21540,"2026-08-02 13:07:59.230594","train",65,0.4893246591091156,0.0004938141971837522,"","","","","",""
21560,"2026-08-02 13:08:00.026550","train",65,0.3194541037082672,0.0004924543345206047,"","","","","",""
21580,"2026-08-02 13:08:00.821854","train",65,0.2794719934463501,0.00049109452769781,"","","","","",""
21600,"2026-08-02 13:08:01.690950","train",65,0.05238556116819382,0.0004897347867757098,"","","","","",""
21620,"2026-08-02 13:08:02.503266","train",65,0.22679834067821503,0.0004883751218141575,"","","","","",""
21640,"2026-08-02 13:08:03.264059","train",65,0.12065324187278748,0.00048701554287244555,"","","","","",""
21660,"2026-08-02 13:08:04.056036","train",65,0.2548098862171173,0.0004856560600092295,"","","","","",""
21680,"2026-08-02 13:08:04.976325","train",65,0.07863769680261612,0.000484296683282454,"","","","","",""
21700,"2026-08-02 13:08:05.866627","train",65,0.11952366679906845,0.0004829374227492786,"","","","","",""
21720,"2026-08-02 13:08:06.609990","train",65,0.24925105273723602,0.0004815782884660034,"","","","","",""
21740,"2026-08-02 13:08:07.434915","train",65,0.25068938732147217,0.00048021929048799395,"","","","","",""
21760,"2026-08-02 13:08:08.201648","train",65,0.04433992877602577,0.0004788604388696077,"","","","","",""
21780,"2026-08-02 13:08:09.044621","train",65,0.22708433866500854,0.00047750174366411967,"","","","","",""
21780,"2026-08-02 13:08:24.737914","val",65,"","",0.7972377049180328,0.25345323239179435,0.6853792242037332,0.7598627787307033,0.7707413945278023,0.8059856803391989
