"step","time","part","epoch","loss","lr","auroc","auprc","auroc_age_cond","auroc_age_weighted","accuracy","f_measure","auroc_I0002","auroc_age_cond_I0002","auroc_I0006","auroc_age_cond_I0006","auroc_S0001","auroc_age_cond_S0001"
20,"2026-08-05 11:57:59.280381","train",0,1.1481163501739502,4.000961077716325e-05,"","","","","","","","","","","",""
40,"2026-08-05 11:58:00.095309","train",0,2.2055630683898926,4.00384427237903e-05,"","","","","","","","","","","",""
60,"2026-08-05 11:58:00.941121","train",0,2.197275400161743,4.008649468530861e-05,"","","","","","","","","","","",""
80,"2026-08-05 11:58:01.926139","train",0,1.6635398864746094,4.01537647374818e-05,"","","","","","","","","","","",""
100,"2026-08-05 11:58:02.783695","train",0,1.6723929643630981,4.024025018648739e-05,"","","","","","","","","","","",""
120,"2026-08-05 11:58:03.737840","train",0,1.6701092720031738,4.034594756902347e-05,"","","","","","","","","","","",""
140,"2026-08-05 11:58:04.617458","train",0,2.682112693786621,4.047085265244867e-05,"","","","","","","","","","","",""
160,"2026-08-05 11:58:05.585455","train",0,1.1692819595336914,4.061496043495044e-05,"","","","","","","","","","","",""
180,"2026-08-05 11:58:06.493507","train",0,1.1684235334396362,4.077826514574693e-05,"","","","","","","","","","","",""
200,"2026-08-05 11:58:07.559546","train",0,1.668084979057312,4.096076024531585e-05,"","","","","","","","","","","",""
220,"2026-08-05 11:58:08.545188","train",0,1.1578456163406372,4.11624384256587e-05,"","","","","","","","","","","",""
240,"2026-08-05 11:58:09.388534","train",0,1.1611051559448242,4.138329161059199e-05,"","","","","","","","","","","",""
260,"2026-08-05 11:58:10.257206","train",0,1.153967261314392,4.162331095607075e-05,"","","","","","","","","","","",""
280,"2026-08-05 11:58:11.116687","train",0,2.1740212440490723,4.188248685054331e-05,"","","","","","","","","","","",""
300,"2026-08-05 11:58:12.117874","train",0,1.6696933507919312,4.2160808915335285e-05,"","","","","","","","","","","",""
320,"2026-08-05 11:58:12.954370","train",0,2.171351194381714,4.245826600506649e-05,"","","","","","","","","","","",""
331,"2026-08-05 11:58:29.530103","val",0,"","",0.6057674899780163,0.11844374703217074,0.5337029702970297,0.5166068905298009,0.9278115501519757,0.0,0.70020964360587,0.7017543859649122,0.5748959778085991,0.4982456140350877,0.6046697585159123,0.5222377188904386
340,"2026-08-05 11:58:40.691635","train",1,1.161661982536316,4.277484620809587e-05,"","","","","","","","","","","",""
360,"2026-08-05 11:58:41.632632","train",1,1.6817266941070557,4.311053684699932e-05,"","","","","","","","","","","",""
380,"2026-08-05 11:58:42.520708","train",1,2.683962345123291,4.3465324479077306e-05,"","","","","","","","","","","",""
400,"2026-08-05 11:58:43.455131","train",1,1.1635271310806274,4.383919489689262e-05,"","","","","","","","","","","",""
420,"2026-08-05 11:58:44.339897","train",1,1.6564959287643433,4.423213312884015e-05,"","","","","","","","","","","",""
440,"2026-08-05 11:58:45.298695","train",1,1.6553468704223633,4.4644123439745663e-05,"","","","","","","","","","","",""
460,"2026-08-05 11:58:46.364679","train",1,1.6546180248260498,4.5075149331496385e-05,"","","","","","","","","","","",""
480,"2026-08-05 11:58:47.230040","train",1,1.6702320575714111,4.55251935437015e-05,"","","","","","","","","","","",""
500,"2026-08-05 11:58:48.349787","train",1,1.6784403324127197,4.599423805438333e-05,"","","","","","","","","","","",""
520,"2026-08-05 11:58:49.484518","train",1,1.1578534841537476,4.648226408069918e-05,"","","","","","","","","","","",""
540,"2026-08-05 11:58:50.295815","train",1,2.6563925743103027,4.698925207969316e-05,"","","","","","","","","","","",""
560,"2026-08-05 11:58:51.325138","train",1,1.6714590787887573,4.7515181749079255e-05,"","","","","","","","","","","",""
580,"2026-08-05 11:58:52.163665","train",1,1.6501314640045166,4.8060032028053655e-05,"","","","","","","","","","","",""
600,"2026-08-05 11:58:53.038389","train",1,2.158379554748535,4.8623781098138886e-05,"","","","","","","","","","","",""
620,"2026-08-05 11:58:53.961223","train",1,1.637439489364624,4.9206406384057146e-05,"","","","","","","","","","","",""
640,"2026-08-05 11:58:54.917546","train",1,1.639940619468689,4.98078845546342e-05,"","","","","","","","","","","",""
660,"2026-08-05 11:58:55.905290","train",1,1.6529117822647095,5.042819152373398e-05,"","","","","","","","","","","",""
662,"2026-08-05 11:59:12.764817","val",1,"","",0.6054485107116686,0.1210775556572854,0.5352871287128713,0.5128354893901559,0.8503039513677811,0.19591836734693877,0.689727463312369,0.7192982456140351,0.5811373092926491,0.5070175438596491,0.6,0.5239423523942353
680,"2026-08-05 11:59:24.104983","train",2,2.1703121662139893,5.106730245122294e-05,"","","","","","","","","","","",""
700,"2026-08-05 11:59:24.958723","train",2,2.165182113647461,5.172519174396475e-05,"","","","","","","","","","","",""
720,"2026-08-05 11:59:25.803302","train",2,2.5770654678344727,5.240183305684528e-05,"","","","","","","","","","","",""
740,"2026-08-05 11:59:26.590582","train",2,2.169997215270996,5.3097199293827856e-05,"","","","","","","","","","","",""
760,"2026-08-05 11:59:27.422739","train",2,1.1815475225448608,5.3811262609037235e-05,"","","","","","","","","","","",""
780,"2026-08-05 11:59:28.263597","train",2,1.6808034181594849,5.4543994407876134e-05,"","","","","","","","","","","",""
800,"2026-08-05 11:59:29.138691","train",2,2.1402151584625244,5.529536534816916e-05,"","","","","","","","","","","",""
820,"2026-08-05 11:59:30.061848","train",2,1.172112226486206,5.6065345341338967e-05,"","","","","","","","","","","",""
840,"2026-08-05 11:59:30.945612","train",2,2.1322519779205322,5.685390355360969e-05,"","","","","","","","","","","",""
860,"2026-08-05 11:59:31.872911","train",2,2.6946167945861816,5.766100840724254e-05,"","","","","","","","","","","",""
880,"2026-08-05 11:59:32.732345","train",2,1.161342978477478,5.8486627581800935e-05,"","","","","","","","","","","",""
900,"2026-08-05 11:59:33.557614","train",2,2.158703088760376,5.9330728015443194e-05,"","","","","","","","","","","",""
920,"2026-08-05 11:59:34.386653","train",2,1.6836256980895996,6.019327590624799e-05,"","","","","","","","","","","",""
940,"2026-08-05 11:59:35.174044","train",2,2.171265125274658,6.107423671356709e-05,"","","","","","","","","","","",""
960,"2026-08-05 11:59:36.025386","train",2,1.682121753692627,6.19735751594087e-05,"","","","","","","","","","","",""
980,"2026-08-05 11:59:36.889881","train",2,1.112200140953064,6.289125522985031e-05,"","","","","","","","","","","",""
993,"2026-08-05 11:59:53.230012","val",2,"","",0.6291133238501658,0.1376534249166647,0.5297425742574258,0.5070526598143283,0.8381458966565349,0.20817843866171004,0.7358490566037736,0.7192982456140351,0.5982431807674526,0.5245614035087719,0.6211098672637134,0.506741050674105
1000,"2026-08-05 12:00:06.357563","train",3,1.6461787223815918,6.382724017648094e-05,"","","","","","","","","","","",""
1020,"2026-08-05 12:00:07.452201","train",3,1.1320523023605347,6.478149251787249e-05,"","","","","","","","","","","",""
1040,"2026-08-05 12:00:08.460298","train",3,2.274034023284912,6.575397404108042e-05,"","","","","","","","","","","",""
1060,"2026-08-05 12:00:09.532542","train",3,2.5284056663513184,6.674464580317513e-05,"","","","","","","","","","","",""
1080,"2026-08-05 12:00:10.601758","train",3,1.0398366451263428,6.775346813279993e-05,"","","","","","","","","","","",""
1100,"2026-08-05 12:00:11.724330","train",3,1.6048624515533447,6.878040063176068e-05,"","","","","","","","","","","",""
1120,"2026-08-05 12:00:12.775352","train",3,1.6363353729248047,6.982540217664304e-05,"","","","","","","","","","","",""
1140,"2026-08-05 12:00:13.852149","train",3,2.233142852783203,7.088843092045976e-05,"","","","","","","","","","","",""
1160,"2026-08-05 12:00:14.783468","train",3,1.0312403440475464,7.196944429432579e-05,"","","","","","","","","","","",""
1180,"2026-08-05 12:00:15.810260","train",3,1.0132114887237549,7.306839900916373e-05,"","","","","","","","","","","",""
1200,"2026-08-05 12:00:16.865879","train",3,2.416602611541748,7.418525105743617e-05,"","","","","","","","","","","",""
1220,"2026-08-05 12:00:17.787517","train",3,1.662882685661316,7.531995571490946e-05,"","","","","","","","","","","",""
1240,"2026-08-05 12:00:18.929715","train",3,2.18672251701355,7.64724675424433e-05,"","","","","","","","","","","",""
1260,"2026-08-05 12:00:20.058673","train",3,1.4511399269104004,7.764274038781144e-05,"","","","","","","","","","","",""
1280,"2026-08-05 12:00:21.070435","train",3,1.0678141117095947,7.883072738754896e-05,"","","","","","","","","","","",""
1300,"2026-08-05 12:00:22.215858","train",3,1.046346664428711,8.003638096882963e-05,"","","","","","","","","","","",""
1320,"2026-08-05 12:00:23.296516","train",3,1.6530526876449585,8.125965285137049e-05,"","","","","","","","","","","",""
1324,"2026-08-05 12:00:41.726168","val",3,"","",0.6482175955860167,0.149110859211647,0.5314059405940594,0.5007626567530388,0.8693009118541033,0.19626168224299065,0.6960167714884695,0.631578947368421,0.6310679611650486,0.5526315789473685,0.6406684791300177,0.5103052843638618
1340,"2026-08-05 12:00:53.104600","train",4,0.9641960859298706,8.250049404936522e-05,"","","","","","","","","","","",""
1360,"2026-08-05 12:00:53.941049","train",4,1.7204707860946655,8.375885487344641e-05,"","","","","","","","","","","",""
1380,"2026-08-05 12:00:54.773947","train",4,2.0996506214141846,8.503468493267449e-05,"","","","","","","","","","","",""
1400,"2026-08-05 12:00:55.559348","train",4,1.7718695402145386,8.632793313655585e-05,"","","","","","","","","","","",""
1420,"2026-08-05 12:00:56.484467","train",4,2.4864540100097656,8.763854769708974e-05,"","","","","","","","","","","",""
1440,"2026-08-05 12:00:57.407827","train",4,1.4885047674179077,8.896647613084049e-05,"","","","","","","","","","","",""
1460,"2026-08-05 12:00:58.246921","train",4,2.5223875045776367,9.03116652610403e-05,"","","","","","","","","","","",""
1480,"2026-08-05 12:00:59.117397","train",4,1.364219069480896,9.167406121971856e-05,"","","","","","","","","","","",""
1500,"2026-08-05 12:00:59.968888","train",4,2.3564939498901367,9.30536094498587e-05,"","","","","","","","","","","",""
1520,"2026-08-05 12:01:00.868284","train",4,1.0022650957107544,9.445025470758309e-05,"","","","","","","","","","","",""
1540,"2026-08-05 12:01:01.752636","train",4,1.4306727647781372,9.586394106436528e-05,"","","","","","","","","","","",""
1560,"2026-08-05 12:01:02.614351","train",4,0.9324733018875122,9.729461190926961e-05,"","","","","","","","","","","",""
1580,"2026-08-05 12:01:03.470190","train",4,2.142667293548584,9.874220995121838e-05,"","","","","","","","","","","",""
1600,"2026-08-05 12:01:04.296065","train",4,2.206235647201538,0.0001002066772212856,"","","","","","","","","","","",""
1620,"2026-08-05 12:01:05.162304","train",4,1.029523253440857,0.00010168795507501868,"","","","","","","","","","","",""
1640,"2026-08-05 12:01:06.041423","train",4,1.6346054077148438,0.00010318598419478719,"","","","","","","","","","","",""
1655,"2026-08-05 12:01:23.344724","val",4,"","",0.6624595887753782,0.1618344807990884,0.5261782178217822,0.4974079235815802,0.7811550151975684,0.21739130434782608,0.6876310272536688,0.631578947368421,0.6521035598705501,0.5368421052631579,0.6560371021909484,0.502092050209205
1660,"2026-08-05 12:01:34.378265","train",5,1.4815874099731445,0.0001047007045921574,"","","","","","","","","","","",""
1680,"2026-08-05 12:01:35.282350","train",5,2.2271573543548584,0.00010623205561029517,"","","","","","","","","","","",""
1700,"2026-08-05 12:01:36.205396","train",5,1.3374497890472412,0.00010777997592639472,"","","","","","","","","","","",""
1720,"2026-08-05 12:01:37.210076","train",5,3.2181835174560547,0.00010934440355413416,"","","","","","","","","","","",""
1740,"2026-08-05 12:01:38.340518","train",5,1.7606083154678345,0.0001109252758461582,"","","","","","","","","","","",""
1760,"2026-08-05 12:01:39.243499","train",5,1.5276819467544556,0.00011252252949658611,"","","","","","","","","","","",""
1780,"2026-08-05 12:01:40.156795","train",5,2.4798624515533447,0.00011413610054354759,"","","","","","","","","","","",""
1800,"2026-08-05 12:01:41.031866","train",5,1.389329433441162,0.00011576592437174352,"","","","","","","","","","","",""
1820,"2026-08-05 12:01:41.923902","train",5,2.4854490756988525,0.00011741193571503388,"","","","","","","","","","","",""
1840,"2026-08-05 12:01:42.947353","train",5,2.7193267345428467,0.00011907406865905104,"","","","","","","","","","","",""
1860,"2026-08-05 12:01:43.865534","train",5,2.171496868133545,0.00012075225664383922,"","","","","","","","","","","",""
1880,"2026-08-05 12:01:44.717308","train",5,1.727569818496704,0.0001224464324665205,"","","","","","","","","","","",""
1900,"2026-08-05 12:01:45.577139","train",5,0.8445292115211487,0.00012415652828398518,"","","","","","","","","","","",""
1920,"2026-08-05 12:01:46.680234","train",5,0.7820937633514404,0.00012588247561560887,"","","","","","","","","","","",""
1940,"2026-08-05 12:01:47.628830","train",5,1.9925591945648193,0.0001276242053459951,"","","","","","","","","","","",""
1960,"2026-08-05 12:01:48.414378","train",5,1.6756154298782349,0.00012938164772774235,"","","","","","","","","","","",""
1980,"2026-08-05 12:01:49.493042","train",5,2.7471227645874023,0.00013115473238423786,"","","","","","","","","","","",""
1986,"2026-08-05 12:02:06.336432","val",5,"","",0.7024699340488816,0.2333160637150683,0.5493861386138614,0.5170939621536024,0.9050151975683891,0.3016759776536313,0.6519916142557651,0.5614035087719298,0.6599630143319464,0.5385964912280702,0.717831440908364,0.566868123353479
2000,"2026-08-05 12:02:18.125106","train",6,1.4242111444473267,0.000132943388312475,"","","","","","","","","","","",""
2020,"2026-08-05 12:02:18.966449","train",6,0.6989055871963501,0.00013474754388589764,"","","","","","","","","","","",""
2040,"2026-08-05 12:02:19.884241","train",6,3.8593244552612305,0.0001365671268572673,"","","","","","","","","","","",""
2060,"2026-08-05 12:02:20.763251","train",6,0.9710237979888916,0.00013840206436155724,"","","","","","","","","","","",""
2080,"2026-08-05 12:02:21.580160","train",6,1.1020936965942383,0.00014025228291886943,"","","","","","","","","","","",""
2100,"2026-08-05 12:02:22.461390","train",6,1.5016238689422607,0.00014211770843737786,"","","","","","","","","","","",""
2120,"2026-08-05 12:02:23.376546","train",6,1.6685991287231445,0.00014399826621629543,"","","","","","","","","","","",""
2140,"2026-08-05 12:02:24.224406","train",6,3.490957260131836,0.00014589388094886433,"","","","","","","","","","","",""
2160,"2026-08-05 12:02:25.158353","train",6,1.6275556087493896,0.00014780447672537356,"","","","","","","","","","","",""
2180,"2026-08-05 12:02:26.006212","train",6,1.3382353782653809,0.00014972997703619644,"","","","","","","","","","","",""
2200,"2026-08-05 12:02:26.819521","train",6,0.9661648273468018,0.00015167030477485663,"","","","","","","","","","","",""
2220,"2026-08-05 12:02:27.668433","train",6,0.7554134130477905,0.00015362538224111442,"","","","","","","","","","","",""
2240,"2026-08-05 12:02:28.529716","train",6,0.8314850330352783,0.0001555951311440787,"","","","","","","","","","","",""
2260,"2026-08-05 12:02:29.406048","train",6,1.228373646736145,0.00015757947260534194,"","","","","","","","","","","",""
2280,"2026-08-05 12:02:30.233479","train",6,2.127450942993164,0.00015957832716213913,"","","","","","","","","","","",""
2300,"2026-08-05 12:02:31.071294","train",6,1.3198453187942505,0.00016159161477052994,"","","","","","","","","","","",""
2317,"2026-08-05 12:02:47.426070","val",6,"","",0.7516530884951937,0.2567804479761938,0.5717227722772277,0.5465033381901052,0.9012158054711246,0.29347826086956524,0.6813417190775681,0.631578947368421,0.7094313453536754,0.5456140350877193,0.7703982088597473,0.5871687587168759
2320,"2026-08-05 12:02:57.955755","train",7,2.516535520553589,0.00016361925480860352,"","","","","","","","","","","",""
2340,"2026-08-05 12:02:58.820407","train",7,0.6755987405776978,0.0001656611660797077,"","","","","","","","","","","",""
2360,"2026-08-05 12:02:59.732789","train",7,0.9848756790161133,0.00016771726681569948,"","","","","","","","","","","",""
2380,"2026-08-05 12:03:00.569544","train",7,1.2465567588806152,0.00016978747468022104,"","","","","","","","","","","",""
2400,"2026-08-05 12:03:01.439668","train",7,0.7121170163154602,0.00017187170677199508,"","","","","","","","","","","",""
2420,"2026-08-05 12:03:02.234641","train",7,2.2508583068847656,0.00017396987962814598,"","","","","","","","","","","",""
2440,"2026-08-05 12:03:03.056427","train",7,0.8297556638717651,0.00017608190922754115,"","","","","","","","","","","",""
2460,"2026-08-05 12:03:03.881653","train",7,1.9175643920898438,0.00017820771099415645,"","","","","","","","","","","",""
2480,"2026-08-05 12:03:04.773736","train",7,1.7391364574432373,0.0001803471998004624,"","","","","","","","","","","",""
2500,"2026-08-05 12:03:05.617834","train",7,1.4746415615081787,0.00018250028997083341,"","","","","","","","","","","",""
2520,"2026-08-05 12:03:06.443271","train",7,1.957650899887085,0.0001846668952849782,"","","","","","","","","","","",""
2540,"2026-08-05 12:03:07.274940","train",7,1.974485158920288,0.00018684692898139328,"","","","","","","","","","","",""
2560,"2026-08-05 12:03:08.191429","train",7,3.658460855484009,0.00018904030376083682,"","","","","","","","","","","",""
2580,"2026-08-05 12:03:09.059479","train",7,0.9911927580833435,0.0001912469317898244,"","","","","","","","","","","",""
2600,"2026-08-05 12:03:09.944381","train",7,0.9539260864257812,0.0001934667247041464,"","","","","","","","","","","",""
2620,"2026-08-05 12:03:10.787015","train",7,1.0804524421691895,0.00019569959361240708,"","","","","","","","","","","",""
2640,"2026-08-05 12:03:11.630145","train",7,2.132241725921631,0.0001979454490995834,"","","","","","","","","","","",""
2648,"2026-08-05 12:03:27.515319","val",7,"","",0.8062933747144273,0.3067362217326516,0.6607524752475248,0.639657175638181,0.7287234042553191,0.2669404517453799,0.7568134171907757,0.6666666666666666,0.7674526121128064,0.6017543859649123,0.8197025427794659,0.6852626685262668
2660,"2026-08-05 12:03:38.491806","train",8,1.3964041471481323,0.0002002042012306059,"","","","","","","","","","","",""
2680,"2026-08-05 12:03:39.321140","train",8,0.8902900218963623,0.00020247575955396045,"","","","","","","","","","","",""
2700,"2026-08-05 12:03:40.194640","train",8,1.9645990133285522,0.00020476003310531028,"","","","","","","","","","","",""
2720,"2026-08-05 12:03:41.231092","train",8,0.946712851524353,0.00020705693041113838,"","","","","","","","","","","",""
2740,"2026-08-05 12:03:42.054927","train",8,2.2429323196411133,0.00020936635949241067,"","","","","","","","","","","",""
2760,"2026-08-05 12:03:42.859451","train",8,1.829408884048462,0.00021168822786825912,"","","","","","","","","","","",""
2780,"2026-08-05 12:03:43.670702","train",8,1.7313103675842285,0.00021402244255968586,"","","","","","","","","","","",""
2800,"2026-08-05 12:03:44.478979","train",8,1.772344708442688,0.00021636891009328555,"","","","","","","","","","","",""
2820,"2026-08-05 12:03:45.413203","train",8,1.613093376159668,0.00021872753650498903,"","","","","","","","","","","",""
2840,"2026-08-05 12:03:46.338313","train",8,1.6963094472885132,0.00022109822734382625,"","","","","","","","","","","",""
2860,"2026-08-05 12:03:47.151840","train",8,1.312282919883728,0.00022348088767570786,"","","","","","","","","","","",""
2880,"2026-08-05 12:03:48.088922","train",8,1.921679973602295,0.00022587542208722786,"","","","","","","","","","","",""
2900,"2026-08-05 12:03:49.024161","train",8,3.117537498474121,0.0002282817346894836,"","","","","","","","","","","",""
2920,"2026-08-05 12:03:49.864999","train",8,1.8051326274871826,0.00023069972912191552,"","","","","","","","","","","",""
2940,"2026-08-05 12:03:50.674708","train",8,1.1212821006774902,0.00023312930855616694,"","","","","","","","","","","",""
2960,"2026-08-05 12:03:51.529953","train",8,2.91740345954895,0.00023557037569996078,"","","","","","","","","","","",""
2979,"2026-08-05 12:04:08.345110","val",8,"","",0.8023104444157075,0.27945509174787314,0.6521188118811881,0.6225917175659649,0.7735562310030395,0.2904761904761905,0.750524109014675,0.5964912280701754,0.7639852057327785,0.6333333333333333,0.8144410682872222,0.6609328994266233
2980,"2026-08-05 12:04:18.804478","train",9,2.706768035888672,0.00023802283280099522,"","","","","","","","","","","",""
3000,"2026-08-05 12:04:19.644119","train",9,1.4585597515106201,0.00024048658165085914,"","","","","","","","","","","",""
3020,"2026-08-05 12:04:20.470705","train",9,1.4477522373199463,0.00024296152358896416,"","","","","","","","","","","",""
3040,"2026-08-05 12:04:21.401095","train",9,0.8111965656280518,0.000245447559506496,"","","","","","","","","","","",""
3060,"2026-08-05 12:04:22.283101","train",9,1.0016891956329346,0.0002479445898503829,"","","","","","","","","","","",""
3080,"2026-08-05 12:04:23.133677","train",9,0.8843370676040649,0.00025045251462728227,"","","","","","","","","","","",""
3100,"2026-08-05 12:04:23.956121","train",9,3.4293112754821777,0.0002529712334075852,"","","","","","","","","","","",""
3120,"2026-08-05 12:04:24.777073","train",9,0.8880224227905273,0.00025550064532943754,"","","","","","","","","","","",""
3140,"2026-08-05 12:04:25.600670","train",9,1.0046414136886597,0.00025804064910277984,"","","","","","","","","","","",""
3160,"2026-08-05 12:04:26.397938","train",9,3.029665470123291,0.00026059114301340235,"","","","","","","","","","","",""
3180,"2026-08-05 12:04:27.333740","train",9,1.0382130146026611,0.00026315202492701955,"","","","","","","","","","","",""
3200,"2026-08-05 12:04:28.169064","train",9,4.0668463706970215,0.0002657231922933586,"","","","","","","","","","","",""
3220,"2026-08-05 12:04:28.964436","train",9,1.209179401397705,0.00026830454215026687,"","","","","","","","","","","",""
3240,"2026-08-05 12:04:29.803802","train",9,5.157731056213379,0.0002708959711278352,"","","","","","","","","","","",""
3260,"2026-08-05 12:04:30.704646","train",9,0.8475341796875,0.0002734973754525365,"","","","","","","","","","","",""
3280,"2026-08-05 12:04:31.588058","train",9,1.1598231792449951,0.0002761086509513826,"","","","","","","","","","","",""
3300,"2026-08-05 12:04:32.520725","train",9,1.879607915878296,0.0002787296930560941,"","","","","","","","","","","",""
3310,"2026-08-05 12:04:48.758048","val",9,"","",0.8071209965946808,0.28940816455254165,0.6688316831683169,0.6744594918208673,0.8624620060790273,0.3693379790940767,0.7526205450733752,0.5614035087719298,0.7683772538141471,0.6228070175438597,0.8206141052294899,0.6930110026344336
3320,"2026-08-05 12:04:59.730490","train",10,0.6773514747619629,0.00028136039680728964,"","","","","","","","","","","",""
3340,"2026-08-05 12:05:00.607964","train",10,0.8698161840438843,0.0002840006568586875,"","","","","","","","","","","",""
3360,"2026-08-05 12:05:01.455139","train",10,0.8919826149940491,0.0002866503674813256,"","","","","","","","","","","",""
3380,"2026-08-05 12:05:02.246819","train",10,1.2321455478668213,0.000289309422567794,"","","","","","","","","","","",""
3400,"2026-08-05 12:05:03.082579","train",10,1.193274736404419,0.00029197771563648455,"","","","","","","","","","","",""
3420,"2026-08-05 12:05:03.941694","train",10,2.376282215118408,0.00029465513983585536,"","","","","","","","","","","",""
3440,"2026-08-05 12:05:04.766683","train",10,0.6946205496788025,0.00029734158794870915,"","","","","","","","","","","",""
3460,"2026-08-05 12:05:05.614266","train",10,1.1403675079345703,0.0003000369523964869,"","","","","","","","","","","",""
3480,"2026-08-05 12:05:06.467981","train",10,0.9252002239227295,0.00030274112524357596,"","","","","","","","","","","",""
3500,"2026-08-05 12:05:07.303515","train",10,6.658360481262207,0.0003054539982016316,"","","","","","","","","","","",""
3520,"2026-08-05 12:05:08.168303","train",10,2.4443485736846924,0.0003081754626339145,"","","","","","","","","","","",""
3540,"2026-08-05 12:05:08.980597","train",10,1.488189935684204,0.0003109054095596404,"","","","","","","","","","","",""
3560,"2026-08-05 12:05:09.793423","train",10,0.9807825088500977,0.00031364372965834444,"","","","","","","","","","","",""
3580,"2026-08-05 12:05:10.644335","train",10,1.0027756690979004,0.0003163903132742591,"","","","","","","","","","","",""
3600,"2026-08-05 12:05:11.500244","train",10,4.205996036529541,0.00031914505042070446,"","","","","","","","","","","",""
3620,"2026-08-05 12:05:12.364732","train",10,1.9274017810821533,0.0003219078307844937,"","","","","","","","","","","",""
3640,"2026-08-05 12:05:13.138052","train",10,1.35872483253479,0.00032467854373035003,"","","","","","","","","","","",""
3641,"2026-08-05 12:05:29.141380","val",10,"","",0.8077934393723868,0.29520564402333005,0.6816633663366337,0.6738442096449404,0.7598784194528876,0.2914798206278027,0.7463312368972745,0.543859649122807,0.75959315765141,0.5982456140350877,0.8241803934111627,0.7229195722919572
3660,"2026-08-05 12:05:40.487646","train",11,3.6023523807525635,0.0003274570783053372,"","","","","","","","","","","",""
3680,"2026-08-05 12:05:41.400563","train",11,1.4204096794128418,0.0003302433232433027,"","","","","","","","","","","",""
3700,"2026-08-05 12:05:42.346810","train",11,3.18751859664917,0.0003330371669693329,"","","","","","","","","","","",""
3720,"2026-08-05 12:05:43.166383","train",11,1.1325281858444214,0.0003358384976042217,"","","","","","","","","","","",""
3740,"2026-08-05 12:05:43.977562","train",11,0.811514675617218,0.0003386472029689503,"","","","","","","","","","","",""
3760,"2026-08-05 12:05:44.813780","train",11,0.5364413261413574,0.0003414631705891799,"","","","","","","","","","","",""
3780,"2026-08-05 12:05:45.653933","train",11,1.000820517539978,0.0003442862876997547,"","","","","","","","","","","",""
3800,"2026-08-05 12:05:46.517386","train",11,1.0759398937225342,0.000347116441249219,"","","","","","","","","","","",""
3820,"2026-08-05 12:05:47.331313","train",11,0.9808967113494873,0.00034995351790434296,"","","","","","","","","","","",""
3840,"2026-08-05 12:05:48.167078","train",11,2.1203019618988037,0.0003527974040546621,"","","","","","","","","","","",""
3860,"2026-08-05 12:05:49.067612","train",11,3.10062313079834,0.00035564798581702584,"","","","","","","","","","","",""
3880,"2026-08-05 12:05:49.874626","train",11,0.727188766002655,0.00035850514904015897,"","","","","","","","","","","",""
3900,"2026-08-05 12:05:50.720144","train",11,1.5569980144500732,0.0003613687793092321,"","","","","","","","","","","",""
3920,"2026-08-05 12:05:51.579868","train",11,0.9133932590484619,0.0003642387619504436,"","","","","","","","","","","",""
3940,"2026-08-05 12:05:52.456761","train",11,1.920404314994812,0.00036711498203561145,"","","","","","","","","","","",""
3960,"2026-08-05 12:05:53.292410","train",11,2.6279079914093018,0.0003699973243867762,"","","","","","","","","","","",""
3972,"2026-08-05 12:06:09.629030","val",11,"","",0.8060692271218587,0.29954088038497834,0.6626534653465347,0.6257006957745651,0.8655015197568389,0.3655913978494624,0.7316561844863732,0.5614035087719298,0.7656033287101248,0.6035087719298246,0.8224052454821685,0.6965752363241903
3980,"2026-08-05 12:06:20.377538","train",12,1.401342749595642,0.00037288567358081275,"","","","","","","","","","","",""
4000,"2026-08-05 12:06:21.300949","train",12,1.1588084697723389,0.0003757799139540523,"","","","","","","","","","","",""
4020,"2026-08-05 12:06:22.129019","train",12,2.4240520000457764,0.0003786799296069146,"","","","","","","","","","","",""
4040,"2026-08-05 12:06:22.985917","train",12,0.9243137836456299,0.00038158560440854864,"","","","","","","","","","","",""
4060,"2026-08-05 12:06:23.851434","train",12,0.8653871417045593,0.0003844968220014836,"","","","","","","","","","","",""
4080,"2026-08-05 12:06:24.713729","train",12,2.4139552116394043,0.00038741346580628804,"","","","","","","","","","","",""
4100,"2026-08-05 12:06:25.536162","train",12,1.435401439666748,0.0003903354190262381,"","","","","","","","","","","",""
4120,"2026-08-05 12:06:26.399684","train",12,0.8463076949119568,0.0003932625646519954,"","","","","","","","","","","",""
4140,"2026-08-05 12:06:27.252729","train",12,1.9389915466308594,0.0003961947854662915,"","","","","","","","","","","",""
4160,"2026-08-05 12:06:28.176967","train",12,1.3994636535644531,0.0003991319640486234,"","","","","","","","","","","",""
4180,"2026-08-05 12:06:29.085156","train",12,1.951203465461731,0.00040207398277995385,"","","","","","","","","","","",""
4200,"2026-08-05 12:06:29.917714","train",12,1.2906908988952637,0.00040502072384742294,"","","","","","","","","","","",""
4220,"2026-08-05 12:06:30.708937","train",12,1.260819435119629,0.00040797206924906486,"","","","","","","","","","","",""
4240,"2026-08-05 12:06:31.534290","train",12,0.9119808673858643,0.0004109279007985338,"","","","","","","","","","","",""
4260,"2026-08-05 12:06:32.397571","train",12,1.2812317609786987,0.0004138881001298369,"","","","","","","","","","","",""
4280,"2026-08-05 12:06:33.212780","train",12,0.7524856925010681,0.00041685254870207325,"","","","","","","","","","","",""
4300,"2026-08-05 12:06:34.003294","train",12,1.5163567066192627,0.0004198211278041821,"","","","","","","","","","","",""
4303,"2026-08-05 12:06:49.869652","val",12,"","",0.7945945945945945,0.27878557966986056,0.6255049504950495,0.5925151622619422,0.6588145896656535,0.24027072758037224,0.70020964360587,0.5263157894736842,0.76583448913546,0.5631578947368421,0.8091156245002399,0.6466759646675965
4320,"2026-08-05 12:07:01.144732","train",13,0.728832483291626,0.00042279371855969577,"","","","","","","","","","","",""
4340,"2026-08-05 12:07:01.956675","train",13,1.301437497138977,0.00042577020193150007,"","","","","","","","","","","",""
4360,"2026-08-05 12:07:02.789974","train",13,0.6623358726501465,0.0004287504587266017,"","","","","","","","","","","",""
4380,"2026-08-05 12:07:03.685578","train",13,6.497560501098633,0.000431734369600901,"","","","","","","","","","","",""
4400,"2026-08-05 12:07:04.484896","train",13,0.997819721698761,0.00043472181506397096,"","","","","","","","","","","",""
4420,"2026-08-05 12:07:05.447199","train",13,2.466620445251465,0.0004377126754838422,"","","","","","","","","","","",""
4440,"2026-08-05 12:07:06.360689","train",13,1.490835428237915,0.0004407068310917937,"","","","","","","","","","","",""
4460,"2026-08-05 12:07:07.170904","train",13,1.0601556301116943,0.0004437041619871491,"","","","","","","","","","","",""
4480,"2026-08-05 12:07:08.051068","train",13,1.1946923732757568,0.0004467045481420781,"","","","","","","","","","","",""
4500,"2026-08-05 12:07:08.877853","train",13,1.2551813125610352,0.0004497078694064024,"","","","","","","","","","","",""
4520,"2026-08-05 12:07:09.647009","train",13,1.2933852672576904,0.0004527140055124078,"","","","","","","","","","","",""
4540,"2026-08-05 12:07:10.544308","train",13,0.8883331418037415,0.0004557228360796599,"","","","","","","","","","","",""
4560,"2026-08-05 12:07:11.446931","train",13,1.0459139347076416,0.0004587342406198251,"","","","","","","","","","","",""
4580,"2026-08-05 12:07:12.328964","train",13,1.429452896118164,0.00046174809854149495,"","","","","","","","","","","",""
4600,"2026-08-05 12:07:13.153084","train",13,1.7129032611846924,0.0004647642891550159,"","","","","","","","","","","",""
4620,"2026-08-05 12:07:13.968772","train",13,3.678419589996338,0.0004677826916773218,"","","","","","","","","","","",""
4634,"2026-08-05 12:07:30.156051","val",13,"","",0.7924996767102029,0.2718170324782842,0.6203564356435644,0.5847083166734409,0.9247720364741642,0.23255813953488372,0.6939203354297694,0.49122807017543857,0.7817845584835876,0.6105263157894737,0.8032624340316648,0.6277700294436697
4640,"2026-08-05 12:07:40.840901","train",14,1.1004353761672974,0.0004708031852367709,"","","","","","","","","","","",""
4660,"2026-08-05 12:07:41.781899","train",14,2.3089873790740967,0.00047382564887798583,"","","","","","","","","","","",""
4680,"2026-08-05 12:07:42.597927","train",14,0.6388822197914124,0.0004768499615666978,"","","","","","","","","","","",""
4700,"2026-08-05 12:07:43.418449","train",14,2.0713305473327637,0.0004798760021945931,"","","","","","","","","","","",""
4720,"2026-08-05 12:07:44.398811","train",14,1.0557947158813477,0.0004829036495841624,"","","","","","","","","","","",""
4740,"2026-08-05 12:07:45.188053","train",14,1.4717072248458862,0.00048593278249355455,"","","","","","","","","","","",""
4760,"2026-08-05 12:07:46.032287","train",14,1.0694024562835693,0.0004889632796214299,"","","","","","","","","","","",""
4780,"2026-08-05 12:07:46.852350","train",14,2.037600040435791,0.0004919950196118196,"","","","","","","","","","","",""
4800,"2026-08-05 12:07:47.689365","train",14,3.9421892166137695,0.0004950278810589842,"","","","","","","","","","","",""
4820,"2026-08-05 12:07:48.526171","train",14,1.097572922706604,0.0004980617425122757,"","","","","","","","","","","",""
4840,"2026-08-05 12:07:49.370265","train",14,0.9463894367218018,0.0005010964824810007,"","","","","","","","","","","",""
4860,"2026-08-05 12:07:50.208872","train",14,2.5577292442321777,0.0005041319794392861,"","","","","","","","","","","",""
4880,"2026-08-05 12:07:51.165961","train",14,1.153212070465088,0.0005071681118309449,"","","","","","","","","","","",""
4900,"2026-08-05 12:07:52.008178","train",14,2.0153255462646484,0.0005102047580743444,"","","","","","","","","","","",""
4920,"2026-08-05 12:07:52.870788","train",14,1.2200067043304443,0.0005132417965672748,"","","","","","","","","","","",""
4940,"2026-08-05 12:07:53.656155","train",14,2.8381330966949463,0.0005162791056918187,"","","","","","","","","","","",""
4960,"2026-08-05 12:07:54.592959","train",14,0.8974171876907349,0.000519316563819221,"","","","","","","","","","","",""
4965,"2026-08-05 12:08:10.765804","val",14,"","",0.7992585887322728,0.27289030104263234,0.6377821782178218,0.6258214970135703,0.8335866261398176,0.3261538461538461,0.7651991614255764,0.6140350877192983,0.7306981044845122,0.5491228070175439,0.8177354869662563,0.66728653339532
4980,"2026-08-05 12:08:21.832999","train",15,1.7186131477355957,0.0005223540493147602,"","","","","","","","","","","",""
5000,"2026-08-05 12:08:22.691900","train",15,1.201561450958252,0.0005253914405426186,"","","","","","","","","","","",""
5020,"2026-08-05 12:08:23.535036","train",15,0.9370843172073364,0.0005284286158707533,"","","","","","","","","","","",""
5040,"2026-08-05 12:08:24.350036","train",15,1.1497385501861572,0.0005314654536757677,"","","","","","","","","","","",""
5060,"2026-08-05 12:08:25.168711","train",15,1.8557695150375366,0.0005345018323477805,"","","","","","","","","","","",""
5080,"2026-08-05 12:08:26.079094","train",15,1.320775032043457,0.0005375376302952969,"","","","","","","","","","","",""
5100,"2026-08-05 12:08:26.913907","train",15,2.0704023838043213,0.0005405727259500768,"","","","","","","","","","","",""
5120,"2026-08-05 12:08:27.813044","train",15,0.65946364402771,0.0005436069977720037,"","","","","","","","","","","",""
5140,"2026-08-05 12:08:28.793352","train",15,1.7912904024124146,0.0005466403242539509,"","","","","","","","","","","",""
5160,"2026-08-05 12:08:29.686807","train",15,2.606517791748047,0.0005496725839266485,"","","","","","","","","","","",""
5180,"2026-08-05 12:08:30.529451","train",15,1.439863681793213,0.0005527036553635459,"","","","","","","","","","","",""
5200,"2026-08-05 12:08:31.434836","train",15,1.2691967487335205,0.0005557334171856765,"","","","","","","","","","","",""
5220,"2026-08-05 12:08:32.276836","train",15,1.0134412050247192,0.0005587617480665157,"","","","","","","","","","","",""
5240,"2026-08-05 12:08:33.077814","train",15,0.9572954177856445,0.0005617885267368421,"","","","","","","","","","","",""
5260,"2026-08-05 12:08:33.908638","train",15,1.0225062370300293,0.0005648136319895916,"","","","","","","","","","","",""
5280,"2026-08-05 12:08:34.719878","train",15,1.688835859298706,0.0005678369426847122,"","","","","","","","","","","",""
5296,"2026-08-05 12:08:51.405609","val",15,"","",0.8052071209965949,0.25466188393695466,0.653940594059406,0.6359435381322478,0.8844984802431611,0.36134453781512604,0.7358490566037735,0.49122807017543857,0.7711511789181691,0.6280701754385964,0.8192547577162962,0.6813885014721834
5300,"2026-08-05 12:09:02.079774","train",16,2.7692012786865234,0.0005708583377540148,"","","","","","","","","","","",""
5320,"2026-08-05 12:09:02.909037","train",16,0.8892930746078491,0.0005738776962060214,"","","","","","","","","","","",""
5340,"2026-08-05 12:09:03.826551","train",16,1.7941324710845947,0.0005768948971308101,"","","","","","","","","","","",""
5360,"2026-08-05 12:09:04.616318","train",16,1.7761449813842773,0.000579909819704857,"","","","","","","","","","","",""
5380,"2026-08-05 12:09:05.518131","train",16,1.3206435441970825,0.0005829223431958743,"","","","","","","","","","","",""
5400,"2026-08-05 12:09:06.327143","train",16,1.8714499473571777,0.0005859323469676456,"","","","","","","","","","","",""
5420,"2026-08-05 12:09:07.132116","train",16,1.3671355247497559,0.0005889397104848562,"","","","","","","","","","","",""
5440,"2026-08-05 12:09:08.043552","train",16,1.6764404773712158,0.0005919443133179205,"","","","","","","","","","","",""
5460,"2026-08-05 12:09:08.845843","train",16,0.8772108554840088,0.0005949460351478033,"","","","","","","","","","","",""
5480,"2026-08-05 12:09:09.725918","train",16,3.9220831394195557,0.0005979447557708404,"","","","","","","","","","","",""
5500,"2026-08-05 12:09:10.648231","train",16,0.8395282030105591,0.0006009403551035491,"","","","","","","","","","","",""
5520,"2026-08-05 12:09:11.466699","train",16,2.355234146118164,0.0006039327131874396,"","","","","","","","","","","",""
5540,"2026-08-05 12:09:12.308766","train",16,2.1172735691070557,0.0006069217101938168,"","","","","","","","","","","",""
5560,"2026-08-05 12:09:13.108045","train",16,1.6277544498443604,0.0006099072264285803,"","","","","","","","","","","",""
5580,"2026-08-05 12:09:13.960522","train",16,2.151142120361328,0.0006128891423370162,"","","","","","","","","","","",""
5600,"2026-08-05 12:09:14.760108","train",16,1.2340741157531738,0.0006158673385085862,"","","","","","","","","","","",""
5620,"2026-08-05 12:09:15.575257","train",16,1.0225632190704346,0.0006188416956817073,"","","","","","","","","","","",""
5627,"2026-08-05 12:09:31.614892","val",16,"","",0.8098280098280097,0.2809467388027587,0.6912475247524752,0.6661813531138701,0.871580547112462,0.36704119850187267,0.7400419287211739,0.49122807017543857,0.7831715210355987,0.6543859649122807,0.8207900207900208,0.7179606384627305
5640,"2026-08-05 12:09:42.816220","train",17,2.2211508750915527,0.0006218120947485303,"","","","","","","","","","","",""
5660,"2026-08-05 12:09:43.659171","train",17,1.5244463682174683,0.0006247784167597067,"","","","","","","","","","","",""
5680,"2026-08-05 12:09:44.515631","train",17,2.2549407482147217,0.0006277405429291541,"","","","","","","","","","","",""
5700,"2026-08-05 12:09:45.301666","train",17,2.9877142906188965,0.0006306983546388118,"","","","","","","","","","","",""
5720,"2026-08-05 12:09:46.155432","train",17,0.9396554231643677,0.0006336517334433909,"","","","","","","","","","","",""
5740,"2026-08-05 12:09:47.009374","train",17,0.5986126661300659,0.000636600561075119,"","","","","","","","","","","",""
5760,"2026-08-05 12:09:47.809691","train",17,1.9472531080245972,0.0006395447194484736,"","","","","","","","","","","",""
5780,"2026-08-05 12:09:48.894491","train",17,2.713078022003174,0.000642484090664913,"","","","","","","","","","","",""
5800,"2026-08-05 12:09:49.764552","train",17,1.6842319965362549,0.0006454185570175963,"","","","","","","","","","","",""
5820,"2026-08-05 12:09:50.577291","train",17,3.089256763458252,0.0006483480009960979,"","","","","","","","","","","",""
5840,"2026-08-05 12:09:51.372319","train",17,2.447951555252075,0.0006512723052911123,"","","","","","","","","","","",""
5860,"2026-08-05 12:09:52.276329","train",17,0.9675132036209106,0.0006541913527991525,"","","","","","","","","","","",""
5880,"2026-08-05 12:09:53.130874","train",17,2.8133835792541504,0.0006571050266272382,"","","","","","","","","","","",""
5900,"2026-08-05 12:09:53.907391","train",17,0.9794005155563354,0.0006600132100975791,"","","","","","","","","","","",""
5920,"2026-08-05 12:09:54.798534","train",17,3.6786842346191406,0.0006629157867522439,"","","","","","","","","","","",""
5940,"2026-08-05 12:09:55.639886","train",17,2.3902666568756104,0.0006658126403578273,"","","","","","","","","","","",""
5958,"2026-08-05 12:10:12.122540","val",17,"","",0.8155179102547524,0.29719399938227004,0.7041584158415841,0.6749989726922858,0.8328267477203647,0.32926829268292684,0.7547169811320755,0.5614035087719298,0.7709200184928342,0.6298245614035087,0.8315208699824085,0.7354718735471873
5960,"2026-08-05 12:10:22.751303","train",18,0.8116167783737183,0.0006687036549101022,"","","","","","","","","","","",""
5980,"2026-08-05 12:10:23.627970","train",18,0.988905668258667,0.0006715887146386658,"","","","","","","","","","","",""
6000,"2026-08-05 12:10:24.469284","train",18,3.619718074798584,0.0006744677040115756,"","","","","","","","","","","",""
6020,"2026-08-05 12:10:25.298819","train",18,2.3654470443725586,0.0006773405077399766,"","","","","","","","","","","",""
6040,"2026-08-05 12:10:26.175972","train",18,1.958918571472168,0.0006802070107827165,"","","","","","","","","","","",""
6060,"2026-08-05 12:10:26.989543","train",18,2.8584811687469482,0.0006830670983509539,"","","","","","","","","","","",""
6080,"2026-08-05 12:10:27.842347","train",18,1.4814109802246094,0.0006859206559127541,"","","","","","","","","","","",""
6100,"2026-08-05 12:10:28.768838","train",18,1.8723151683807373,0.0006887675691976763,"","","","","","","","","","","",""
6120,"2026-08-05 12:10:29.713222","train",18,1.6327645778656006,0.0006916077242013485,"","","","","","","","","","","",""
6140,"2026-08-05 12:10:30.554252","train",18,1.6262333393096924,0.0006944410071900343,"","","","","","","","","","","",""
6160,"2026-08-05 12:10:31.373662","train",18,2.846963882446289,0.0006972673047051858,"","","","","","","","","","","",""
6180,"2026-08-05 12:10:32.178257","train",18,1.0895376205444336,0.0007000865035679878,"","","","","","","","","","","",""
6200,"2026-08-05 12:10:32.968562","train",18,4.749393463134766,0.0007028984908838902,"","","","","","","","","","","",""
6220,"2026-08-05 12:10:33.908664","train",18,0.6256440281867981,0.0007057031540471287,"","","","","","","","","","","",""
6240,"2026-08-05 12:10:34.708316","train",18,2.422631025314331,0.0007085003807452334,"","","","","","","","","","","",""
6260,"2026-08-05 12:10:35.492843","train",18,0.9962718486785889,0.0007112900589635279,"","","","","","","","","","","",""
6280,"2026-08-05 12:10:36.305700","train",18,0.7934203147888184,0.0007140720769896128,"","","","","","","","","","","",""
6289,"2026-08-05 12:10:52.528060","val",18,"","",0.8032070347859821,0.2762660976369852,0.6688316831683169,0.6213024884764997,0.7857142857142857,0.2914572864321608,0.7651991614255765,0.6491228070175439,0.7274618585298197,0.5614035087719298,0.8283863745402208,0.7184255385092205
6300,"2026-08-05 12:11:03.524490","train",19,3.0689826011657715,0.0007168463234178414,"","","","","","","","","","","",""
6320,"2026-08-05 12:11:04.367657","train",19,1.4837119579315186,0.0007196126871537791,"","","","","","","","","","","",""
6340,"2026-08-05 12:11:05.231274","train",19,1.3143563270568848,0.0007223710574186537,"","","","","","","","","","","",""
6360,"2026-08-05 12:11:06.085197","train",19,3.0673298835754395,0.0007251213237537901,"","","","","","","","","","","",""
6380,"2026-08-05 12:11:06.927144","train",19,0.999317467212677,0.0007278633760250347,"","","","","","","","","","","",""
6400,"2026-08-05 12:11:07.831474","train",19,1.2759625911712646,0.0007305971044271652,"","","","","","","","","","","",""
6420,"2026-08-05 12:11:08.702173","train",19,0.9710524082183838,0.0007333223994882882,"","","","","","","","","","","",""
6440,"2026-08-05 12:11:09.542344","train",19,4.248145580291748,0.0007360391520742219,"","","","","","","","","","","",""
6460,"2026-08-05 12:11:10.514111","train",19,0.8996037244796753,0.0007387472533928673,"","","","","","","","","","","",""
6480,"2026-08-05 12:11:11.400660","train",19,1.4970216751098633,0.0007414465949985654,"","","","","","","","","","","",""
6500,"2026-08-05 12:11:12.280871","train",19,2.037118434906006,0.0007441370687964378,"","","","","","","","","","","",""
6520,"2026-08-05 12:11:13.123639","train",19,3.6773338317871094,0.000746818567046718,"","","","","","","","","","","",""
6540,"2026-08-05 12:11:14.023491","train",19,2.017131805419922,0.0007494909823690632,"","","","","","","","","","","",""
6560,"2026-08-05 12:11:14.910269","train",19,0.8369423151016235,0.0007521542077468562,"","","","","","","","","","","",""
6580,"2026-08-05 12:11:15.782956","train",19,1.7048060894012451,0.0007548081365314899,"","","","","","","","","","","",""
6600,"2026-08-05 12:11:16.768912","train",19,1.2666791677474976,0.0007574526624466395,"","","","","","","","","","","",""
6620,"2026-08-05 12:11:17.476620","train",19,0.9175088405609131,0.0007600876795925153,"","","","","","","","","","","",""
6620,"2026-08-05 12:11:33.147645","val",19,"","",0.80692271218587,0.272429791163764,0.664950495049505,0.6467029232497791,0.75,0.30148619957537154,0.7085953878406708,0.5087719298245614,0.7769301895515488,0.6508771929824562,0.8225491763953302,0.6837130017046334
6640,"2026-08-05 12:11:44.346587","train",20,1.6569374799728394,0.0007627130824501072,"","","","","","","","","","","",""
6660,"2026-08-05 12:11:45.135213","train",20,2.5958831310272217,0.0007653287658854071,"","","","","","","","","","","",""
6680,"2026-08-05 12:11:46.028061","train",20,3.1007494926452637,0.0007679346251536212,"","","","","","","","","","","",""
6700,"2026-08-05 12:11:46.870582","train",20,1.810368299484253,0.0007705305559033626,"","","","","","","","","","","",""
6720,"2026-08-05 12:11:47.812192","train",20,0.98323655128479,0.0007731164541808317,"","","","","","","","","","","",""
6740,"2026-08-05 12:11:48.626109","train",20,1.8464694023132324,0.0007756922164339781,"","","","","","","","","","","",""
6760,"2026-08-05 12:11:49.438230","train",20,1.6532407999038696,0.0007782577395166472,"","","","","","","","","","","",""
6780,"2026-08-05 12:11:50.350551","train",20,1.1646013259887695,0.0007808129206927114,"","","","","","","","","","","",""
6800,"2026-08-05 12:11:51.275351","train",20,1.3240532875061035,0.0007833576576401837,"","","","","","","","","","","",""
6820,"2026-08-05 12:11:52.109542","train",20,0.7173237800598145,0.0007858918484553148,"","","","","","","","","","","",""
6840,"2026-08-05 12:11:52.978455","train",20,2.1527280807495117,0.0007884153916566754,"","","","","","","","","","","",""
6860,"2026-08-05 12:11:53.805678","train",20,0.8148517608642578,0.0007909281861892175,"","","","","","","","","","","",""
6880,"2026-08-05 12:11:54.623781","train",20,1.284682035446167,0.0007934301314283233,"","","","","","","","","","","",""
6900,"2026-08-05 12:11:55.437261","train",20,2.04895281791687,0.0007959211271838338,"","","","","","","","","","","",""
6920,"2026-08-05 12:11:56.212958","train",20,2.1131186485290527,0.0007984010737040611,"","","","","","","","","","","",""
6940,"2026-08-05 12:11:57.132422","train",20,0.7344004511833191,0.0008008698716797827,"","","","","","","","","","","",""
6951,"2026-08-05 12:12:13.255639","val",20,"","",0.8140006034742877,0.2590787739301237,0.6727128712871288,0.6693245595936225,0.8138297872340425,0.3137254901960784,0.7945492662473794,0.7368421052631579,0.7528895053166897,0.6228070175438597,0.8278426355349433,0.6889818688981869
6960,"2026-08-05 12:12:24.133094","train",21,2.263737201690674,0.0008033274222482185,"","","","","","","","","","","",""
6980,"2026-08-05 12:12:25.070864","train",21,2.329972982406616,0.0008057736269969898,"","","","","","","","","","","",""
7000,"2026-08-05 12:12:25.972304","train",21,1.4551771879196167,0.0008082083879680604,"","","","","","","","","","","",""
7020,"2026-08-05 12:12:26.832465","train",21,0.593477725982666,0.0008106316076616586,"","","","","","","","","","","",""
7040,"2026-08-05 12:12:27.657457","train",21,0.8101521730422974,0.0008130431890401827,"","","","","","","","","","","",""
7060,"2026-08-05 12:12:28.536976","train",21,0.794009804725647,0.0008154430355320854,"","","","","","","","","","","",""
7080,"2026-08-05 12:12:29.341713","train",21,1.945694088935852,0.0008178310510357429,"","","","","","","","","","","",""
7100,"2026-08-05 12:12:30.164161","train",21,3.612140655517578,0.000820207139923301,"","","","","","","","","","","",""
7120,"2026-08-05 12:12:31.006044","train",21,1.2859623432159424,0.0008225712070445067,"","","","","","","","","","","",""
7140,"2026-08-05 12:12:31.806855","train",21,1.4369341135025024,0.000824923157730517,"","","","","","","","","","","",""
7160,"2026-08-05 12:12:32.654690","train",21,2.1169676780700684,0.0008272628977976903,"","","","","","","","","","","",""
7180,"2026-08-05 12:12:33.434946","train",21,0.800865888595581,0.0008295903335513584,"","","","","","","","","","","",""
7200,"2026-08-05 12:12:34.252009","train",21,1.4363982677459717,0.0008319053717895777,"","","","","","","","","","","",""
7220,"2026-08-05 12:12:35.055389","train",21,0.7266316413879395,0.0008342079198068626,"","","","","","","","","","","",""
7240,"2026-08-05 12:12:35.967813","train",21,1.402151107788086,0.0008364978853978967,"","","","","","","","","","","",""
7260,"2026-08-05 12:12:36.770336","train",21,0.6373141407966614,0.0008387751768612259,"","","","","","","","","","","",""
7280,"2026-08-05 12:12:37.578275","train",21,1.2091529369354248,0.0008410397030029301,"","","","","","","","","","","",""
7282,"2026-08-05 12:12:53.350463","val",21,"","",0.7918875813612656,0.2639097169987965,0.6213861386138614,0.6051500573306362,0.7606382978723404,0.2824601366742597,0.7882599580712788,0.7192982456140351,0.716597318539066,0.5614035087719298,0.8075803614265152,0.6317991631799164
7300,"2026-08-05 12:13:04.723276","train",22,2.9256176948547363,0.0008432913731402755,"","","","","","","","","","","",""
7320,"2026-08-05 12:13:05.627239","train",22,1.9022064208984375,0.0008455300971053456,"","","","","","","","","","","",""
7340,"2026-08-05 12:13:06.471550","train",22,1.1294147968292236,0.0008477557852486526,"","","","","","","","","","","",""
7360,"2026-08-05 12:13:07.289008","train",22,2.2813591957092285,0.0008499683484427263,"","","","","","","","","","","",""
7380,"2026-08-05 12:13:08.091515","train",22,0.5867277383804321,0.000852167698085684,"","","","","","","","","","","",""
7400,"2026-08-05 12:13:08.951257","train",22,3.0333633422851562,0.0008543537461047787,"","","","","","","","","","","",""
7420,"2026-08-05 12:13:09.774569","train",22,1.4812285900115967,0.0008565264049599257,"","","","","","","","","","","",""
7440,"2026-08-05 12:13:10.636740","train",22,2.702099561691284,0.0008586855876472072,"","","","","","","","","","","",""
7460,"2026-08-05 12:13:11.488802","train",22,1.2839441299438477,0.0008608312077023587,"","","","","","","","","","","",""
7480,"2026-08-05 12:13:12.335315","train",22,1.2368133068084717,0.0008629631792042288,"","","","","","","","","","","",""
7500,"2026-08-05 12:13:13.195359","train",22,1.1219046115875244,0.0008650814167782218,"","","","","","","","","","","",""
7520,"2026-08-05 12:13:14.054034","train",22,0.9223827123641968,0.0008671858355997154,"","","","","","","","","","","",""
7540,"2026-08-05 12:13:14.880818","train",22,2.2705657482147217,0.0008692763513974584,"","","","","","","","","","","",""
7560,"2026-08-05 12:13:15.694625","train",22,3.6144356727600098,0.0008713528804569443,"","","","","","","","","","","",""
7580,"2026-08-05 12:13:16.557102","train",22,2.6810262203216553,0.0008734153396237648,"","","","","","","","","","","",""
7600,"2026-08-05 12:13:17.376364","train",22,1.4342024326324463,0.0008754636463069386,"","","","","","","","","","","",""
7613,"2026-08-05 12:13:33.807706","val",22,"","",0.8108884003620845,0.2669177369185463,0.6748514851485149,0.6795933433848557,0.8358662613981763,0.32919254658385094,0.7735849056603774,0.6842105263157895,0.7547387887193713,0.612280701754386,0.8276827122980969,0.7157911049124438
7620,"2026-08-05 12:13:44.462747","train",23,2.9623141288757324,0.0008774977184822196,"","","","","","","","","","","",""
7640,"2026-08-05 12:13:45.366856","train",23,1.7563021183013916,0.0008795174746953809,"","","","","","","","","","","",""
7660,"2026-08-05 12:13:46.192665","train",23,2.6182610988616943,0.0008815228340654773,"","","","","","","","","","","",""
7680,"2026-08-05 12:13:46.976747","train",23,1.1238510608673096,0.0008835137162880836,"","","","","","","","","","","",""
7700,"2026-08-05 12:13:47.799562","train",23,1.0256229639053345,0.0008854900416385106,"","","","","","","","","","","",""
7720,"2026-08-05 12:13:48.605665","train",23,1.0975558757781982,0.0008874517309749978,"","","","","","","","","","","",""
7740,"2026-08-05 12:13:49.400660","train",23,2.321692705154419,0.0008893987057418823,"","","","","","","","","","","",""
7760,"2026-08-05 12:13:50.360635","train",23,1.0055866241455078,0.0008913308879727447,"","","","","","","","","","","",""
7780,"2026-08-05 12:13:51.257107","train",23,2.341606855392456,0.0008932482002935317,"","","","","","","","","","","",""
7800,"2026-08-05 12:13:52.096139","train",23,1.8496158123016357,0.0008951505659256537,"","","","","","","","","","","",""
7820,"2026-08-05 12:13:52.913455","train",23,2.8807027339935303,0.00089703790868906,"","","","","","","","","","","",""
7840,"2026-08-05 12:13:53.827032","train",23,1.1706979274749756,0.0008989101530052893,"","","","","","","","","","","",""
7860,"2026-08-05 12:13:54.649032","train",23,2.8956031799316406,0.0009007672239004957,"","","","","","","","","","","",""
7880,"2026-08-05 12:13:55.447069","train",23,1.1133636236190796,0.0009026090470084525,"","","","","","","","","","","",""
7900,"2026-08-05 12:13:56.282927","train",23,0.6355352401733398,0.0009044355485735282,"","","","","","","","","","","",""
7920,"2026-08-05 12:13:57.136586","train",23,1.2648874521255493,0.0009062466554536415,"","","","","","","","","","","",""
7940,"2026-08-05 12:13:57.953927","train",23,1.7812762260437012,0.0009080422951231897,"","","","","","","","","","","",""
7944,"2026-08-05 12:14:13.878540","val",23,"","",0.8037329195223931,0.2798092951722544,0.6630495049504951,0.6436401310297121,0.7803951367781155,0.30024213075060535,0.7337526205450733,0.6491228070175439,0.7688395746648173,0.6631578947368421,0.8183431952662722,0.6782891678289168
7960,"2026-08-05 12:14:25.179665","train",24,2.8554136753082275,0.0009098223956759534,"","","","","","","","","","","",""
7980,"2026-08-05 12:14:26.071450","train",24,0.6629421710968018,0.0009115868858279749,"","","","","","","","","","","",""
8000,"2026-08-05 12:14:26.910922","train",24,1.9453105926513672,0.0009133356949204143,"","","","","","","","","","","",""
8020,"2026-08-05 12:14:27.736390","train",24,3.1441259384155273,0.0009150687529223777,"","","","","","","","","","","",""
8040,"2026-08-05 12:14:28.570909","train",24,1.639638900756836,0.0009167859904337225,"","","","","","","","","","","",""
8060,"2026-08-05 12:14:29.388859","train",24,1.9969956874847412,0.0009184873386878355,"","","","","","","","","","","",""
8080,"2026-08-05 12:14:30.201161","train",24,0.5905913710594177,0.0009201727295543884,"","","","","","","","","","","",""
8100,"2026-08-05 12:14:31.015960","train",24,1.3968043327331543,0.0009218420955420638,"","","","","","","","","","","",""
8120,"2026-08-05 12:14:31.859066","train",24,4.189929008483887,0.0009234953698012599,"","","","","","","","","","","",""
8140,"2026-08-05 12:14:32.778137","train",24,1.842186450958252,0.0009251324861267662,"","","","","","","","","","","",""
8160,"2026-08-05 12:14:33.672050","train",24,0.8213187456130981,0.0009267533789604151,"","","","","","","","","","","",""
8180,"2026-08-05 12:14:34.488032","train",24,1.2651290893554688,0.0009283579833937074,"","","","","","","","","","","",""
8200,"2026-08-05 12:14:35.330627","train",24,1.0770888328552246,0.0009299462351704114,"","","","","","","","","","","",""
8220,"2026-08-05 12:14:36.139149","train",24,0.5619444251060486,0.0009315180706891356,"","","","","","","","","","","",""
8240,"2026-08-05 12:14:36.992761","train",24,1.6625542640686035,0.0009330734270058764,"","","","","","","","","","","",""
8260,"2026-08-05 12:14:37.858261","train",24,1.3886888027191162,0.0009346122418365379,"","","","","","","","","","","",""
8275,"2026-08-05 12:14:54.107479","val",24,"","",0.8118798224061382,0.2747415245909615,0.6711287128712872,0.6571426321904317,0.7348024316109423,0.2920892494929006,0.7442348008385744,0.6140350877192983,0.7436430883032825,0.5877192982456141,0.8366224212378058,0.7190454052378739
8280,"2026-08-05 12:15:04.674352","train",25,1.3248426914215088,0.0009361344535594268,"","","","","","","","","","","",""
8300,"2026-08-05 12:15:05.504795","train",25,0.921984076499939,0.0009376400012177194,"","","","","","","","","","","",""
8320,"2026-08-05 12:15:06.432874","train",25,0.5834758281707764,0.000939128824521903,"","","","","","","","","","","",""
8340,"2026-08-05 12:15:07.234188","train",25,2.33333158493042,0.0009406008638521901,"","","","","","","","","","","",""
8360,"2026-08-05 12:15:08.076977","train",25,1.3737709522247314,0.0009420560602609058,"","","","","","","","","","","",""
8380,"2026-08-05 12:15:09.049578","train",25,1.3591375350952148,0.0009434943554748481,"","","","","","","","","","","",""
8400,"2026-08-05 12:15:09.932513","train",25,1.7800568342208862,0.0009449156918976226,"","","","","","","","","","","",""
8420,"2026-08-05 12:15:10.742429","train",25,2.1634182929992676,0.0009463200126119469,"","","","","","","","","","","",""
8440,"2026-08-05 12:15:11.642631","train",25,1.5983924865722656,0.000947707261381932,"","","","","","","","","","","",""
8460,"2026-08-05 12:15:12.451985","train",25,1.1000604629516602,0.0009490773826553327,"","","","","","","","","","","",""
8480,"2026-08-05 12:15:13.341311","train",25,0.7044640779495239,0.0009504303215657731,"","","","","","","","","","","",""
8500,"2026-08-05 12:15:14.169501","train",25,1.437140941619873,0.000951766023934943,"","","","","","","","","","","",""
8520,"2026-08-05 12:15:14.997734","train",25,0.8545016646385193,0.0009530844362747686,"","","","","","","","","","","",""
8540,"2026-08-05 12:15:15.819612","train",25,2.8076024055480957,0.0009543855057895528,"","","","","","","","","","","",""
8560,"2026-08-05 12:15:16.680395","train",25,0.9100987315177917,0.000955669180378091,"","","","","","","","","","","",""
8580,"2026-08-05 12:15:17.510972","train",25,1.4862571954727173,0.0009569354086357561,"","","","","","","","","","","",""
8600,"2026-08-05 12:15:18.312962","train",25,0.7891667485237122,0.0009581841398565582,"","","","","","","","","","","",""
8606,"2026-08-05 12:15:34.456573","val",25,"","",0.8192594508383981,0.3000907439585763,0.7079603960396039,0.7123714333362285,0.8974164133738601,0.35406698564593303,0.7526205450733752,0.6491228070175439,0.779704114655571,0.6526315789473685,0.8323364784903247,0.7319076398574307
8620,"2026-08-05 12:15:45.492539","train",26,1.2337669134140015,0.0009594153240351745,"","","","","","","","","","","",""
8640,"2026-08-05 12:15:46.312996","train",26,0.7319751977920532,0.0009606289118689515,"","","","","","","","","","","",""
8660,"2026-08-05 12:15:47.139523","train",26,2.541395664215088,0.0009618248547598799,"","","","","","","","","","","",""
8680,"2026-08-05 12:15:47.955188","train",26,1.918458342552185,0.0009630031048165405,"","","","","","","","","","","",""
8700,"2026-08-05 12:15:48.856421","train",26,1.0714945793151855,0.0009641636148560219,"","","","","","","","","","","",""
8720,"2026-08-05 12:15:49.726125","train",26,3.8021976947784424,0.00096530633840581,"","","","","","","","","","","",""
8740,"2026-08-05 12:15:50.591019","train",26,2.918487787246704,0.0009664312297056489,"","","","","","","","","","","",""
8760,"2026-08-05 12:15:51.536216","train",26,1.5508595705032349,0.0009675382437093735,"","","","","","","","","","","",""
8780,"2026-08-05 12:15:52.323056","train",26,0.6535502076148987,0.0009686273360867137,"","","","","","","","","","","",""
8800,"2026-08-05 12:15:53.198946","train",26,1.4805059432983398,0.0009696984632250685,"","","","","","","","","","","",""
8820,"2026-08-05 12:15:54.037269","train",26,1.3839120864868164,0.0009707515822312537,"","","","","","","","","","","",""
8840,"2026-08-05 12:15:54.881249","train",26,5.249826908111572,0.000971786650933219,"","","","","","","","","","","",""
8860,"2026-08-05 12:15:55.745157","train",26,1.271692156791687,0.0009728036278817365,"","","","","","","","","","","",""
8880,"2026-08-05 12:15:56.515411","train",26,1.135526418685913,0.0009738024723520612,"","","","","","","","","","","",""
8900,"2026-08-05 12:15:57.373766","train",26,1.976292610168457,0.0009747831443455613,"","","","","","","","","","","",""
8920,"2026-08-05 12:15:58.245616","train",26,2.2013981342315674,0.0009757456045913201,"","","","","","","","","","","",""
8937,"2026-08-05 12:16:14.651281","val",26,"","",0.8091469459890512,0.29287370686726133,0.6738217821782179,0.6494295536196057,0.9217325227963525,0.3087248322147651,0.7169811320754716,0.631578947368421,0.7813222376329173,0.6596491228070176,0.8231728770190309,0.6953355028668836
8940,"2026-08-05 12:16:25.297097","train",27,3.892449378967285,0.0009766898145477088,"","","","","","","","","","","",""
8960,"2026-08-05 12:16:26.111808","train",27,1.109649419784546,0.0009776157364039294,"","","","","","","","","","","",""
8980,"2026-08-05 12:16:26.960863","train",27,0.6991592645645142,0.0009785233330815294,"","","","","","","","","","","",""
9000,"2026-08-05 12:16:27.771494","train",27,4.069722652435303,0.000979412568235886,"","","","","","","","","","","",""
9020,"2026-08-05 12:16:28.599650","train",27,1.786055326461792,0.000980283406257662,"","","","","","","","","","","",""
9040,"2026-08-05 12:16:29.473648","train",27,2.9931533336639404,0.0009811358122742322,"","","","","","","","","","","",""
9060,"2026-08-05 12:16:30.276372","train",27,1.0961287021636963,0.0009819697521510783,"","","","","","","","","","","",""
9080,"2026-08-05 12:16:31.157544","train",27,2.2936604022979736,0.0009827851924931572,"","","","","","","","","","","",""
9100,"2026-08-05 12:16:32.029099","train",27,1.2770297527313232,0.0009835821006462383,"","","","","","","","","","","",""
9120,"2026-08-05 12:16:32.949902","train",27,1.1270605325698853,0.0009843604446982104,"","","","","","","","","","","",""
9140,"2026-08-05 12:16:33.772083","train",27,0.8698368668556213,0.00098512019348036,"","","","","","","","","","","",""
9160,"2026-08-05 12:16:34.586832","train",27,1.230522871017456,0.0009858613165686192,"","","","","","","","","","","",""
9180,"2026-08-05 12:16:35.396434","train",27,0.7229107022285461,0.0009865837842847848,"","","","","","","","","","","",""
9200,"2026-08-05 12:16:36.205093","train",27,1.0526231527328491,0.0009872875676977054,"","","","","","","","","","","",""
9220,"2026-08-05 12:16:37.069313","train",27,1.0038673877716064,0.0009879726386244417,"","","","","","","","","","","",""
9240,"2026-08-05 12:16:37.961902","train",27,3.3159873485565186,0.0009886389696313932,"","","","","","","","","","","",""
9260,"2026-08-05 12:16:38.743002","train",27,1.4116400480270386,0.0009892865340353984,"","","","","","","","","","","",""
9268,"2026-08-05 12:16:54.898377","val",27,"","",0.8213888529678003,0.30396903019969235,0.7116831683168316,0.6914299300787561,0.8487841945288754,0.36421725239616615,0.7756813417190775,0.631578947368421,0.7831715210355987,0.6684210526315789,0.838701423316808,0.7503486750348675
9280,"2026-08-05 12:17:05.953646","train",28,3.120713472366333,0.0009899153059048022,"","","","","","","","","","","",""
9300,"2026-08-05 12:17:06.789666","train",28,1.9193065166473389,0.000990525260060495,"","","","","","","","","","","",""
9320,"2026-08-05 12:17:07.701422","train",28,2.1396100521087646,0.0009911163720769207,"","","","","","","","","","","",""
9340,"2026-08-05 12:17:08.484376","train",28,1.1400493383407593,0.0009916886182830546,"","","","","","","","","","","",""
9360,"2026-08-05 12:17:09.328597","train",28,2.026193141937256,0.0009922419757633523,"","","","","","","","","","","",""
9380,"2026-08-05 12:17:10.142279","train",28,2.797844409942627,0.0009927764223586657,"","","","","","","","","","","",""
9400,"2026-08-05 12:17:11.036895","train",28,1.2730653285980225,0.000993291936667132,"","","","","","","","","","","",""
9420,"2026-08-05 12:17:11.882642","train",28,2.9162545204162598,0.0009937884980450297,"","","","","","","","","","","",""
9440,"2026-08-05 12:17:12.719394","train",28,1.22442626953125,0.0009942660866076058,"","","","","","","","","","","",""
9460,"2026-08-05 12:17:13.718054","train",28,0.8470162749290466,0.0009947246832298715,"","","","","","","","","","","",""
9480,"2026-08-05 12:17:14.564358","train",28,2.209977149963379,0.000995164269547369,"","","","","","","","","","","",""
9500,"2026-08-05 12:17:15.371975","train",28,0.8126664161682129,0.0009955848279569056,"","","","","","","","","","","",""
9520,"2026-08-05 12:17:16.259640","train",28,0.7417532205581665,0.0009959863416172602,"","","","","","","","","","","",""
9540,"2026-08-05 12:17:17.122755","train",28,1.0760905742645264,0.0009963687944498565,"","","","","","","","","","","",""
9560,"2026-08-05 12:17:18.007213","train",28,0.7605395317077637,0.0009967321711394069,"","","","","","","","","","","",""
9580,"2026-08-05 12:17:18.896367","train",28,0.8222908973693848,0.0009970764571345266,"","","","","","","","","","","",""
9599,"2026-08-05 12:17:35.386093","val",28,"","",0.806086469244364,0.28058676350073314,0.6546534653465347,0.6253359280247467,0.912613981762918,0.3783783783783784,0.7484276729559749,0.5964912280701754,0.7690707350901527,0.6473684210526316,0.8195746041899887,0.67333023399969
9600,"2026-08-05 12:17:45.928260","train",29,2.752938985824585,0.0009974016386483156,"","","","","","","","","","","",""
9620,"2026-08-05 12:17:46.791069","train",29,1.1216161251068115,0.0009977077026589113,"","","","","","","","","","","",""
9640,"2026-08-05 12:17:47.605663","train",29,1.0686739683151245,0.0009979946369100096,"","","","","","","","","","","",""
9660,"2026-08-05 12:17:48.461279","train",29,1.6163749694824219,0.0009982624299113554,"","","","","","","","","","","",""
9680,"2026-08-05 12:17:49.386909","train",29,2.1607823371887207,0.0009985110709392038,"","","","","","","","","","","",""
9700,"2026-08-05 12:17:50.246948","train",29,0.8737788200378418,0.000998740550036748,"","","","","","","","","","","",""
9720,"2026-08-05 12:17:51.336423","train",29,1.109485387802124,0.0009989508580145199,"","","","","","","","","","","",""
9740,"2026-08-05 12:17:52.140375","train",29,1.0836015939712524,0.0009991419864507562,"","","","","","","","","","","",""
9760,"2026-08-05 12:17:53.031496","train",29,1.871614694595337,0.000999313927691737,"","","","","","","","","","","",""
9780,"2026-08-05 12:17:53.877428","train",29,1.9198393821716309,0.0009994666748520916,"","","","","","","","","","","",""
9800,"2026-08-05 12:17:54.691428","train",29,1.8331787586212158,0.0009996002218150746,"","","","","","","","","","","",""
9820,"2026-08-05 12:17:55.521136","train",29,1.8638532161712646,0.0009997145632328103,"","","","","","","","","","","",""
9840,"2026-08-05 12:17:56.344892","train",29,1.7892149686813354,0.0009998096945265079,"","","","","","","","","","","",""
9860,"2026-08-05 12:17:57.132964","train",29,1.2008485794067383,0.0009998856118866436,"","","","","","","","","","","",""
9880,"2026-08-05 12:17:57.989107","train",29,0.629306435585022,0.000999942312273114,"","","","","","","","","","","",""
9900,"2026-08-05 12:17:58.795036","train",29,0.9221198558807373,0.0009999797934153573,"","","","","","","","","","","",""
9920,"2026-08-05 12:17:59.706547","train",29,2.8103535175323486,0.000999998053812445,"","","","","","","","","","","",""
9930,"2026-08-05 12:18:16.035415","val",29,"","",0.8296564507090823,0.3253265527120106,0.7188118811881188,0.7253412557626189,0.8799392097264438,0.368,0.729559748427673,0.5789473684210527,0.8021266759130837,0.7105263157894737,0.8467615544538621,0.7455447078878041
9940,"2026-08-05 12:18:27.047252","train",30,0.8392506837844849,0.0009999994438765105,"","","","","","","","","","","",""
9960,"2026-08-05 12:18:27.878207","train",30,1.490279197692871,0.0009999955831902017,"","","","","","","","","","","",""
9980,"2026-08-05 12:18:28.807947","train",30,1.9641261100769043,0.0009999880456884277,"","","","","","","","","","","",""
10000,"2026-08-05 12:18:29.599336","train",30,1.7914509773254395,0.0009999768314266173,"","","","","","","","","","","",""
10020,"2026-08-05 12:18:30.446737","train",30,1.846044898033142,0.0009999619404872366,"","","","","","","","","","","",""
10040,"2026-08-05 12:18:31.364057","train",30,1.8564605712890625,0.00099994337297979,"","","","","","","","","","","",""
10060,"2026-08-05 12:18:32.180080","train",30,0.6932929754257202,0.0009999211290408175,"","","","","","","","","","","",""
10080,"2026-08-05 12:18:33.027985","train",30,0.9147542715072632,0.000999895208833895,"","","","","","","","","","","",""
10100,"2026-08-05 12:18:33.833648","train",30,2.609562873840332,0.000999865612549633,"","","","","","","","","","","",""
10120,"2026-08-05 12:18:34.666323","train",30,0.6450978517532349,0.000999832340405674,"","","","","","","","","","","",""
10140,"2026-08-05 12:18:35.549907","train",30,1.3037896156311035,0.000999795392646692,"","","","","","","","","","","",""
10160,"2026-08-05 12:18:36.432203","train",30,1.2604773044586182,0.0009997547695443914,"","","","","","","","","","","",""
10180,"2026-08-05 12:18:37.280873","train",30,1.027649164199829,0.0009997104713975026,"","","","","","","","","","","",""
10200,"2026-08-05 12:18:38.087840","train",30,5.045158863067627,0.0009996624985317824,"","","","","","","","","","","",""
10220,"2026-08-05 12:18:38.942628","train",30,1.3375904560089111,0.0009996108513000098,"","","","","","","","","","","",""
10240,"2026-08-05 12:18:39.724151","train",30,1.9631578922271729,0.0009995555300819849,"","","","","","","","","","","",""
10260,"2026-08-05 12:18:40.514518","train",30,0.7007631659507751,0.0009994965352845243,"","","","","","","","","","","",""
10261,"2026-08-05 12:18:56.342923","val",30,"","",0.7974050605629553,0.2538253640389291,0.6258217821782178,0.5872934200782486,0.89209726443769,0.30392156862745096,0.7358490566037735,0.543859649122807,0.7625982431807674,0.612280701754386,0.8130977130977132,0.6534944986827832
10280,"2026-08-05 12:19:07.445714","train",31,1.6283550262451172,0.0009994338673414596,"","","","","","","","","","","",""
10300,"2026-08-05 12:19:08.339701","train",31,1.0457918643951416,0.0009993675267136336,"","","","","","","","","","","",""
10320,"2026-08-05 12:19:09.236521","train",31,0.600653886795044,0.000999297513888897,"","","","","","","","","","","",""
10340,"2026-08-05 12:19:10.121148","train",31,2.495800495147705,0.0009992238293821051,"","","","","","","","","","","",""
10360,"2026-08-05 12:19:10.987295","train",31,1.7771005630493164,0.0009991464737351137,"","","","","","","","","","","",""
10380,"2026-08-05 12:19:11.791607","train",31,1.4048805236816406,0.0009990654475167742,"","","","","","","","","","","",""
10400,"2026-08-05 12:19:12.617041","train",31,0.8572647571563721,0.0009989807513229318,"","","","","","","","","","","",""
10420,"2026-08-05 12:19:13.412355","train",31,0.864001452922821,0.0009988923857764192,"","","","","","","","","","","",""
10440,"2026-08-05 12:19:14.204179","train",31,2.531705379486084,0.0009988003515270518,"","","","","","","","","","","",""
10460,"2026-08-05 12:19:15.051800","train",31,3.858539581298828,0.0009987046492516245,"","","","","","","","","","","",""
10480,"2026-08-05 12:19:15.861202","train",31,1.625192642211914,0.0009986052796539056,"","","","","","","","","","","",""
10500,"2026-08-05 12:19:16.698045","train",31,1.6205170154571533,0.0009985022434646313,"","","","","","","","","","","",""
10520,"2026-08-05 12:19:17.583342","train",31,2.5129897594451904,0.0009983955414415023,"","","","","","","","","","","",""
10540,"2026-08-05 12:19:18.389711","train",31,2.1470413208007812,0.0009982851743691751,"","","","","","","","","","","",""
10560,"2026-08-05 12:19:19.354314","train",31,0.7748051881790161,0.0009981711430592597,"","","","","","","","","","","",""
10580,"2026-08-05 12:19:20.163989","train",31,1.6726027727127075,0.0009980534483503103,"","","","","","","","","","","",""
10592,"2026-08-05 12:19:36.471634","val",31,"","",0.795594637699901,0.2566548751938225,0.6400792079207921,0.6015081746329158,0.9118541033434651,0.2564102564102564,0.7127882599580713,0.5263157894736842,0.7727693018955154,0.6473684210526316,0.8127618743003359,0.67100573376724
10600,"2026-08-05 12:19:47.172380","train",32,2.891791343688965,0.0009979320911078216,"","","","","","","","","","","",""
10620,"2026-08-05 12:19:48.001984","train",32,1.1552555561065674,0.000997807072224222,"","","","","","","","","","","",""
10640,"2026-08-05 12:19:48.883807","train",32,5.030172824859619,0.000997678392618865,"","","","","","","","","","","",""
10660,"2026-08-05 12:19:49.697314","train",32,1.323671817779541,0.000997546053238026,"","","","","","","","","","","",""
10680,"2026-08-05 12:19:50.530903","train",32,1.5926830768585205,0.000997410055054892,"","","","","","","","","","","",""
10700,"2026-08-05 12:19:51.521464","train",32,1.095283031463623,0.0009972703990695565,"","","","","","","","","","","",""
10720,"2026-08-05 12:19:52.381413","train",32,1.5014867782592773,0.000997127086309011,"","","","","","","","","","","",""
10740,"2026-08-05 12:19:53.274144","train",32,0.9470107555389404,0.0009969801178271384,"","","","","","","","","","","",""
10760,"2026-08-05 12:19:54.070160","train",32,1.492385983467102,0.0009968294947047046,"","","","","","","","","","","",""
10780,"2026-08-05 12:19:54.876376","train",32,0.8597898483276367,0.0009966752180493503,"","","","","","","","","","","",""
10800,"2026-08-05 12:19:55.766396","train",32,0.8350023031234741,0.0009965172889955837,"","","","","","","","","","","",""
10820,"2026-08-05 12:19:56.579794","train",32,0.6492102146148682,0.0009963557087047722,"","","","","","","","","","","",""
10840,"2026-08-05 12:19:57.441748","train",32,1.5860958099365234,0.0009961904783651323,"","","","","","","","","","","",""
10860,"2026-08-05 12:19:58.329442","train",32,1.2724926471710205,0.000996021599191723,"","","","","","","","","","","",""
10880,"2026-08-05 12:19:59.168782","train",32,0.9291291832923889,0.000995849072426435,"","","","","","","","","","","",""
10900,"2026-08-05 12:19:59.991001","train",32,1.0044500827789307,0.0009956728993379827,"","","","","","","","","","","",""
10920,"2026-08-05 12:20:00.769638","train",32,1.4055383205413818,0.000995493081221895,"","","","","","","","","","","",""
10923,"2026-08-05 12:20:16.505997","val",32,"","",0.820819862925126,0.28798839769151274,0.6922772277227722,0.6984676728513567,0.8449848024316109,0.3503184713375796,0.7651991614255764,0.7368421052631579,0.7519648636153491,0.6087719298245614,0.8440268671037902,0.7432202076553541
10940,"2026-08-05 12:20:27.696607","train",33,1.9320416450500488,0.0009953096194005046,"","","","","","","","","","","",""
10960,"2026-08-05 12:20:28.488356","train",33,4.117486000061035,0.0009951225152229392,"","","","","","","","","","","",""
10980,"2026-08-05 12:20:29.356842","train",33,1.2700796127319336,0.0009949317700651118,"","","","","","","","","","","",""
11000,"2026-08-05 12:20:30.156995","train",33,1.173843264579773,0.0009947373853297099,"","","","","","","","","","","",""
11020,"2026-08-05 12:20:31.092204","train",33,1.09727942943573,0.0009945393624461855,"","","","","","","","","","","",""
11040,"2026-08-05 12:20:31.913861","train",33,0.7614633440971375,0.0009943377028707441,"","","","","","","","","","","",""
11060,"2026-08-05 12:20:32.755137","train",33,1.3307363986968994,0.0009941324080863353,"","","","","","","","","","","",""
11080,"2026-08-05 12:20:33.627363","train",33,1.4306248426437378,0.0009939234796026402,"","","","","","","","","","","",""
11100,"2026-08-05 12:20:34.428981","train",33,3.4963953495025635,0.0009937109189560617,"","","","","","","","","","","",""
11120,"2026-08-05 12:20:35.243273","train",33,0.9222869873046875,0.0009934947277097125,"","","","","","","","","","","",""
11140,"2026-08-05 12:20:36.215771","train",33,2.999154567718506,0.0009932749074534032,"","","","","","","","","","","",""
11160,"2026-08-05 12:20:37.211149","train",33,1.1094292402267456,0.000993051459803632,"","","","","","","","","","","",""
11180,"2026-08-05 12:20:38.239659","train",33,0.755842924118042,0.0009928243864035713,"","","","","","","","","","","",""
11200,"2026-08-05 12:20:39.101371","train",33,1.4549627304077148,0.0009925936889230564,"","","","","","","","","","","",""
11220,"2026-08-05 12:20:40.031197","train",33,1.617952585220337,0.0009923593690585738,"","","","","","","","","","","",""
11240,"2026-08-05 12:20:40.851474","train",33,1.1592085361480713,0.0009921214285332468,"","","","","","","","","","","",""
11254,"2026-08-05 12:20:57.228658","val",33,"","",0.7955601534548902,0.2821925399213959,0.6503762376237624,0.6188649711670242,0.8077507598784195,0.32171581769436997,0.6834381551362684,0.5614035087719298,0.7586685159500695,0.6210526315789474,0.813577482808252,0.6742600340926701
11260,"2026-08-05 12:21:07.991981","train",34,5.2833170890808105,0.0009918798690968247,"","","","","","","","","","","",""
11280,"2026-08-05 12:21:08.849097","train",34,0.8718606233596802,0.0009916346925256698,"","","","","","","","","","","",""
11300,"2026-08-05 12:21:09.679146","train",34,0.9686461091041565,0.0009913859006227426,"","","","","","","","","","","",""
11320,"2026-08-05 12:21:10.550222","train",34,0.7742427587509155,0.0009911334952175906,"","","","","","","","","","","",""
11340,"2026-08-05 12:21:11.359179","train",34,1.7990559339523315,0.000990877478166334,"","","","","","","","","","","",""
11360,"2026-08-05 12:21:12.243056","train",34,1.1013872623443604,0.0009906178513516518,"","","","","","","","","","","",""
11380,"2026-08-05 12:21:13.099749","train",34,2.3143808841705322,0.0009903546166827681,"","","","","","","","","","","",""
11400,"2026-08-05 12:21:13.871753","train",34,1.6199333667755127,0.0009900877760954387,"","","","","","","","","","","",""
11420,"2026-08-05 12:21:14.674583","train",34,0.9747902154922485,0.0009898173315519357,"","","","","","","","","","","",""
11440,"2026-08-05 12:21:15.484540","train",34,1.1327321529388428,0.000989543285041034,"","","","","","","","","","","",""
11460,"2026-08-05 12:21:16.338368","train",34,0.9491121768951416,0.0009892656385779965,"","","","","","","","","","","",""
11480,"2026-08-05 12:21:17.277333","train",34,1.0709872245788574,0.0009889843942045588,"","","","","","","","","","","",""
11500,"2026-08-05 12:21:18.184885","train",34,5.409154891967773,0.000988699553988915,"","","","","","","","","","","",""
11520,"2026-08-05 12:21:19.013088","train",34,2.3250808715820312,0.0009884111200257016,"","","","","","","","","","","",""
11540,"2026-08-05 12:21:19.858971","train",34,0.4159044623374939,0.0009881190944359829,"","","","","","","","","","","",""
11560,"2026-08-05 12:21:20.885071","train",34,1.4127616882324219,0.0009878234793672348,"","","","","","","","","","","",""
11580,"2026-08-05 12:21:21.863854","train",34,2.380183219909668,0.0009875242769933294,"","","","","","","","","","","",""
11585,"2026-08-05 12:21:37.672283","val",34,"","",0.8199491357386094,0.29844688321433255,0.6872079207920793,0.6641818163278899,0.8275075987841946,0.345821325648415,0.7777777777777778,0.7017543859649122,0.755663430420712,0.6210526315789474,0.8401407324484248,0.7210599721059973
11600,"2026-08-05 12:21:48.829378","train",35,1.1334234476089478,0.0009872214895145187,"","","","","","","","","","","",""
11620,"2026-08-05 12:21:49.727962","train",35,0.6226291060447693,0.0009869151191574184,"","","","","","","","","","","",""
11640,"2026-08-05 12:21:50.594379","train",35,2.891843318939209,0.0009866051681749924,"","","","","","","","","","","",""
11660,"2026-08-05 12:21:51.479227","train",35,2.1073338985443115,0.0009862916388465345,"","","","","","","","","","","",""
11680,"2026-08-05 12:21:52.322228","train",35,2.1390256881713867,0.000985974533477654,"","","","","","","","","","","",""
11700,"2026-08-05 12:21:53.133081","train",35,1.2074792385101318,0.0009856538544002562,"","","","","","","","","","","",""
11720,"2026-08-05 12:21:53.963336","train",35,3.0507218837738037,0.000985329603972527,"","","","","","","","","","","",""
11740,"2026-08-05 12:21:54.763867","train",35,3.210362195968628,0.000985001784578915,"","","","","","","","","","","",""
11760,"2026-08-05 12:21:55.633594","train",35,1.8453340530395508,0.000984670398630114,"","","","","","","","","","","",""
11780,"2026-08-05 12:21:56.449667","train",35,2.8318753242492676,0.000984335448563045,"","","","","","","","","","","",""
11800,"2026-08-05 12:21:57.280543","train",35,1.580264925956726,0.0009839969368408393,"","","","","","","","","","","",""
11820,"2026-08-05 12:21:58.091432","train",35,1.0369627475738525,0.0009836548659528188,"","","","","","","","","","","",""
11840,"2026-08-05 12:21:58.915736","train",35,1.1747734546661377,0.0009833092384144788,"","","","","","","","","","","",""
11860,"2026-08-05 12:21:59.772823","train",35,0.5266450643539429,0.0009829600567674694,"","","","","","","","","","","",""
11880,"2026-08-05 12:22:00.593533","train",35,3.5575132369995117,0.0009826073235795765,"","","","","","","","","","","",""
11900,"2026-08-05 12:22:01.552369","train",35,1.8747084140777588,0.0009822510414447029,"","","","","","","","","","","",""
11916,"2026-08-05 12:22:18.095602","val",35,"","",0.8166386482175956,0.2787454351280069,0.6595643564356436,0.6779095142856727,0.7150455927051672,0.29111531190926276,0.7756813417190775,0.7368421052631579,0.7757743874248728,0.6473684210526316,0.8283064129217975,0.6634123663412367
11920,"2026-08-05 12:22:28.713593","train",36,2.5527310371398926,0.0009818912129828496,"","","","","","","","","","","",""
11940,"2026-08-05 12:22:29.538142","train",36,1.63450026512146,0.0009815278408400966,"","","","","","","","","","","",""
11960,"2026-08-05 12:22:30.337495","train",36,0.8103856444358826,0.0009811609276885824,"","","","","","","","","","","",""
11980,"2026-08-05 12:22:31.203607","train",36,1.6694995164871216,0.0009807904762264856,"","","","","","","","","","","",""
12000,"2026-08-05 12:22:32.084587","train",36,1.1571729183197021,0.0009804164891780048,"","","","","","","","","","","",""
12020,"2026-08-05 12:22:32.992395","train",36,1.3591440916061401,0.0009800389692933376,"","","","","","","","","","","",""
12040,"2026-08-05 12:22:33.847017","train",36,1.4796316623687744,0.000979657919348662,"","","","","","","","","","","",""
12060,"2026-08-05 12:22:34.753855","train",36,0.52003413438797,0.000979273342146114,"","","","","","","","","","","",""
12080,"2026-08-05 12:22:35.606651","train",36,2.5346884727478027,0.0009788852405137694,"","","","","","","","","","","",""
12100,"2026-08-05 12:22:36.429130","train",36,0.7653553485870361,0.0009784936173056205,"","","","","","","","","","","",""
12120,"2026-08-05 12:22:37.319869","train",36,1.3835620880126953,0.0009780984754015568,"","","","","","","","","","","",""
12140,"2026-08-05 12:22:38.168976","train",36,1.4591808319091797,0.0009776998177073437,"","","","","","","","","","","",""
12160,"2026-08-05 12:22:38.974541","train",36,0.6032779216766357,0.0009772976471546001,"","","","","","","","","","","",""
12180,"2026-08-05 12:22:39.728032","train",36,1.5451562404632568,0.0009768919667007777,"","","","","","","","","","","",""
12200,"2026-08-05 12:22:40.564891","train",36,0.9519011974334717,0.0009764827793291393,"","","","","","","","","","","",""
12220,"2026-08-05 12:22:41.379595","train",36,0.5867791175842285,0.0009760700880487366,"","","","","","","","","","","",""
12240,"2026-08-05 12:22:42.207240","train",36,1.0053285360336304,0.0009756538958943874,"","","","","","","","","","","",""
12247,"2026-08-05 12:22:58.113969","val",36,"","",0.8248200353463513,0.3167373823170993,0.7131089108910891,0.6698142905627391,0.871580547112462,0.38545454545454544,0.7421383647798743,0.631578947368421,0.7776236708275543,0.6350877192982456,0.84772109387494,0.7644506431117309
12260,"2026-08-05 12:23:09.113452","train",37,4.491272926330566,0.0009752342059266548,"","","","","","","","","","","",""
12280,"2026-08-05 12:23:09.938526","train",37,3.1020455360412598,0.0009748110212318236,"","","","","","","","","","","",""
12300,"2026-08-05 12:23:10.838656","train",37,0.653930127620697,0.0009743843449218776,"","","","","","","","","","","",""
12320,"2026-08-05 12:23:11.737761","train",37,0.9763468503952026,0.0009739541801344773,"","","","","","","","","","","",""
12340,"2026-08-05 12:23:12.726184","train",37,0.8212278485298157,0.0009735205300329363,"","","","","","","","","","","",""
12360,"2026-08-05 12:23:13.544446","train",37,1.3032090663909912,0.0009730833978061985,"","","","","","","","","","","",""
12380,"2026-08-05 12:23:14.374185","train",37,4.368090629577637,0.000972642786668814,"","","","","","","","","","","",""
12400,"2026-08-05 12:23:15.184209","train",37,3.1516356468200684,0.0009721986998609161,"","","","","","","","","","","",""
12420,"2026-08-05 12:23:16.088213","train",37,0.6694893836975098,0.0009717511406481974,"","","","","","","","","","","",""
12440,"2026-08-05 12:23:16.869994","train",37,3.577791213989258,0.0009713001123218853,"","","","","","","","","","","",""
12460,"2026-08-05 12:23:17.692605","train",37,1.7439687252044678,0.000970845618198718,"","","","","","","","","","","",""
12480,"2026-08-05 12:23:18.504627","train",37,5.258755683898926,0.0009703876616209208,"","","","","","","","","","","",""
12500,"2026-08-05 12:23:19.428043","train",37,1.0790600776672363,0.0009699262459561803,"","","","","","","","","","","",""
12520,"2026-08-05 12:23:20.274031","train",37,0.9653910398483276,0.0009694613745976206,"","","","","","","","","","","",""
12540,"2026-08-05 12:23:21.081598","train",37,1.059508204460144,0.0009689930509637781,"","","","","","","","","","","",""
12560,"2026-08-05 12:23:21.914861","train",37,2.54905104637146,0.000968521278498576,"","","","","","","","","","","",""
12578,"2026-08-05 12:23:38.569221","val",37,"","",0.8158886158886158,0.3118803881055372,0.6708118811881189,0.6642044602244735,0.8039513677811551,0.328125,0.7463312368972745,0.6140350877192983,0.7769301895515488,0.6298245614035087,0.8296497681113065,0.6995196032852936
12580,"2026-08-05 12:23:49.210675","train",38,1.5237641334533691,0.0009680460606712997,"","","","","","","","","","","",""
12600,"2026-08-05 12:23:50.017277","train",38,0.5621844530105591,0.0009675674009765701,"","","","","","","","","","","",""
12620,"2026-08-05 12:23:50.950394","train",38,1.1409642696380615,0.0009670853029343196,"","","","","","","","","","","",""
12640,"2026-08-05 12:23:51.835036","train",38,3.0489895343780518,0.0009665997700897644,"","","","","","","","","","","",""
12660,"2026-08-05 12:23:52.665114","train",38,1.0592079162597656,0.0009661108060133798,"","","","","","","","","","","",""
12680,"2026-08-05 12:23:53.498553","train",38,1.677707314491272,0.0009656184143008733,"","","","","","","","","","","",""
12700,"2026-08-05 12:23:54.338962","train",38,0.8638937473297119,0.0009651225985731584,"","","","","","","","","","","",""
12720,"2026-08-05 12:23:55.199794","train",38,1.5050773620605469,0.0009646233624763276,"","","","","","","","","","","",""
12740,"2026-08-05 12:23:56.048370","train",38,3.094515800476074,0.000964120709681626,"","","","","","","","","","","",""
12760,"2026-08-05 12:23:56.957334","train",38,2.3795902729034424,0.0009636146438854244,"","","","","","","","","","","",""
12780,"2026-08-05 12:23:57.967913","train",38,0.8765920400619507,0.0009631051688091915,"","","","","","","","","","","",""
12800,"2026-08-05 12:23:58.781768","train",38,2.0949623584747314,0.0009625922881994671,"","","","","","","","","","","",""
12820,"2026-08-05 12:23:59.605905","train",38,1.5149438381195068,0.0009620760058278342,"","","","","","","","","","","",""
12840,"2026-08-05 12:24:00.392631","train",38,1.9696309566497803,0.0009615563254908915,"","","","","","","","","","","",""
12860,"2026-08-05 12:24:01.174883","train",38,2.3534626960754395,0.0009610332510102259,"","","","","","","","","","","",""
12880,"2026-08-05 12:24:02.057630","train",38,2.7934393882751465,0.0009605067862323829,"","","","","","","","","","","",""
12900,"2026-08-05 12:24:02.899824","train",38,1.6357572078704834,0.0009599769350288401,"","","","","","","","","","","",""
12909,"2026-08-05 12:24:18.952857","val",38,"","",0.8119918962024224,0.26743448293531674,0.6723960396039604,0.6542516583868286,0.824468085106383,0.33429394812680113,0.7316561844863732,0.5087719298245614,0.770920018492834,0.6105263157894737,0.830065568527107,0.7164109716410971
12920,"2026-08-05 12:24:29.914054","train",39,1.3310112953186035,0.0009594437012959778,"","","","","","","","","","","",""
12940,"2026-08-05 12:24:30.690994","train",39,0.7681632041931152,0.0009589070889550502,"","","","","","","","","","","",""
12960,"2026-08-05 12:24:31.568476","train",39,5.153137683868408,0.000958367101952157,"","","","","","","","","","","",""
12980,"2026-08-05 12:24:32.427107","train",39,4.113120079040527,0.0009578237442582146,"","","","","","","","","","","",""
13000,"2026-08-05 12:24:33.273988","train",39,1.8293569087982178,0.000957277019868926,"","","","","","","","","","","",""
13020,"2026-08-05 12:24:34.086541","train",39,1.3203768730163574,0.0009567269328047523,"","","","","","","","","","","",""
13040,"2026-08-05 12:24:34.903031","train",39,1.106730341911316,0.0009561734871108825,"","","","","","","","","","","",""
13060,"2026-08-05 12:24:35.799436","train",39,0.8965393900871277,0.0009556166868572042,"","","","","","","","","","","",""
13080,"2026-08-05 12:24:36.691834","train",39,5.2724528312683105,0.0009550565361382738,"","","","","","","","","","","",""
13100,"2026-08-05 12:24:37.497058","train",39,1.428386926651001,0.0009544930390732855,"","","","","","","","","","","",""
13120,"2026-08-05 12:24:38.309605","train",39,0.8782675862312317,0.0009539261998060421,"","","","","","","","","","","",""
13140,"2026-08-05 12:24:39.189113","train",39,1.9063758850097656,0.0009533560225049236,"","","","","","","","","","","",""
13160,"2026-08-05 12:24:40.061963","train",39,2.92628812789917,0.0009527825113628578,"","","","","","","","","","","",""
13180,"2026-08-05 12:24:40.869321","train",39,0.5616880655288696,0.0009522056705972876,"","","","","","","","","","","",""
13200,"2026-08-05 12:24:41.682111","train",39,0.7101070284843445,0.0009516255044501416,"","","","","","","","","","","",""
13220,"2026-08-05 12:24:42.491572","train",39,1.022905945777893,0.0009510420171878024,"","","","","","","","","","","",""
13240,"2026-08-05 12:24:43.324268","train",39,0.45417922735214233,0.0009504552131010752,"","","","","","","","","","","",""
13240,"2026-08-05 12:24:59.130760","val",39,"","",0.8155179102547523,0.2758817117150298,0.6860990099009902,0.6717863021659978,0.9065349544072948,0.3422459893048128,0.7253668763102725,0.5087719298245614,0.7840961627369394,0.6631578947368421,0.8343515112745882,0.7319076398574307
13260,"2026-08-05 12:25:10.486300","train",40,0.7013473510742188,0.0009498650965051557,"","","","","","","","","","","",""
13280,"2026-08-05 12:25:11.420256","train",40,1.1087844371795654,0.0009492716717395995,"","","","","","","","","","","",""
13300,"2026-08-05 12:25:12.245491","train",40,1.0435850620269775,0.0009486749431682892,"","","","","","","","","","","",""
13320,"2026-08-05 12:25:13.074377","train",40,0.7961543798446655,0.0009480749151794029,"","","","","","","","","","","",""
13340,"2026-08-05 12:25:13.944766","train",40,0.42069604992866516,0.0009474715921853814,"","","","","","","","","","","",""
13360,"2026-08-05 12:25:14.832086","train",40,4.796201705932617,0.0009468649786228965,"","","","","","","","","","","",""
13380,"2026-08-05 12:25:15.660187","train",40,1.7343645095825195,0.0009462550789528177,"","","","","","","","","","","",""
13400,"2026-08-05 12:25:16.505706","train",40,0.973159670829773,0.0009456418976601794,"","","","","","","","","","","",""
13420,"2026-08-05 12:25:17.354300","train",40,0.5225155353546143,0.0009450254392541485,"","","","","","","","","","","",""
13440,"2026-08-05 12:25:18.159832","train",40,0.9258092641830444,0.0009444057082679911,"","","","","","","","","","","",""
13460,"2026-08-05 12:25:19.046345","train",40,1.9281173944473267,0.0009437827092590381,"","","","","","","","","","","",""
13480,"2026-08-05 12:25:19.851873","train",40,3.7216055393218994,0.0009431564468086533,"","","","","","","","","","","",""
13500,"2026-08-05 12:25:20.856060","train",40,1.204406499862671,0.0009425269255221989,"","","","","","","","","","","",""
13520,"2026-08-05 12:25:21.696507","train",40,1.554215431213379,0.0009418941500290012,"","","","","","","","","","","",""
13540,"2026-08-05 12:25:22.644548","train",40,1.0001649856567383,0.0009412581249823178,"","","","","","","","","","","",""
13560,"2026-08-05 12:25:23.464446","train",40,3.663316249847412,0.0009406188550593017,"","","","","","","","","","","",""
13571,"2026-08-05 12:25:39.530972","val",40,"","",0.803353592827277,0.2545725758559369,0.6523564356435644,0.619742816128361,0.8837386018237082,0.34334763948497854,0.7044025157232705,0.49122807017543857,0.7646786870087842,0.6,0.8197984967215737,0.6899116689911668
13580,"2026-08-05 12:25:50.508666","train",41,2.955353021621704,0.0009399763449609687,"","","","","","","","","","","",""
13600,"2026-08-05 12:25:51.417665","train",41,2.1716723442077637,0.0009393305994121612,"","","","","","","","","","","",""
13620,"2026-08-05 12:25:52.240926","train",41,1.5067269802093506,0.0009386816231615149,"","","","","","","","","","","",""
13640,"2026-08-05 12:25:53.116246","train",41,0.845454216003418,0.0009380294209814227,"","","","","","","","","","","",""
13660,"2026-08-05 12:25:53.954305","train",41,0.9692075848579407,0.0009373739976680003,"","","","","","","","","","","",""
13680,"2026-08-05 12:25:54.878196","train",41,0.644924521446228,0.0009367153580410509,"","","","","","","","","","","",""
13700,"2026-08-05 12:25:55.663026","train",41,0.7926623821258545,0.0009360535069440291,"","","","","","","","","","","",""
13720,"2026-08-05 12:25:56.466440","train",41,1.5874980688095093,0.0009353884492440061,"","","","","","","","","","","",""
13740,"2026-08-05 12:25:57.317170","train",41,3.5705440044403076,0.0009347201898316339,"","","","","","","","","","","",""
13760,"2026-08-05 12:25:58.143688","train",41,1.3427467346191406,0.0009340487336211081,"","","","","","","","","","","",""
13780,"2026-08-05 12:25:58.961405","train",41,1.1454379558563232,0.0009333740855501337,"","","","","","","","","","","",""
13800,"2026-08-05 12:25:59.793865","train",41,1.8313684463500977,0.0009326962505798869,"","","","","","","","","","","",""
13820,"2026-08-05 12:26:00.591116","train",41,1.0879473686218262,0.0009320152336949803,"","","","","","","","","","","",""
13840,"2026-08-05 12:26:01.476929","train",41,0.9588675498962402,0.0009313310399034245,"","","","","","","","","","","",""
13860,"2026-08-05 12:26:02.403795","train",41,0.8069144487380981,0.0009306436742365932,"","","","","","","","","","","",""
13880,"2026-08-05 12:26:03.227497","train",41,1.0752160549163818,0.0009299531417491844,"","","","","","","","","","","",""
13900,"2026-08-05 12:26:04.100063","train",41,1.7950040102005005,0.0009292594475191842,"","","","","","","","","","","",""
13902,"2026-08-05 12:26:19.930367","val",41,"","",0.8143540669856458,0.26507589226657086,0.6727920792079208,0.6755902636669198,0.7196048632218845,0.2862669245647969,0.740041928721174,0.5614035087719298,0.7561257512713824,0.6280701754385964,0.8355829201983047,0.7193553386022006
13920,"2026-08-05 12:26:31.232795","train",42,0.7528873085975647,0.0009285625966478298,"","","","","","","","","","","",""
13940,"2026-08-05 12:26:32.091102","train",42,2.0907888412475586,0.000927862594259571,"","","","","","","","","","","",""
13960,"2026-08-05 12:26:33.044334","train",42,1.898432731628418,0.0009271594455020328,"","","","","","","","","","","",""
13980,"2026-08-05 12:26:33.899001","train",42,0.93392014503479,0.0009264531555459782,"","","","","","","","","","","",""
14000,"2026-08-05 12:26:34.761911","train",42,1.2593477964401245,0.0009257437295852696,"","","","","","","","","","","",""
14020,"2026-08-05 12:26:35.711175","train",42,0.7151432633399963,0.0009250311728368303,"","","","","","","","","","","",""
14040,"2026-08-05 12:26:36.549431","train",42,0.5913763046264648,0.0009243154905406074,"","","","","","","","","","","",""
14060,"2026-08-05 12:26:37.371138","train",42,3.179269313812256,0.0009235966879595315,"","","","","","","","","","","",""
14080,"2026-08-05 12:26:38.210136","train",42,0.5593372583389282,0.0009228747703794797,"","","","","","","","","","","",""
14100,"2026-08-05 12:26:39.033816","train",42,1.3913254737854004,0.0009221497431092351,"","","","","","","","","","","",""
14120,"2026-08-05 12:26:39.935333","train",42,1.3641297817230225,0.0009214216114804494,"","","","","","","","","","","",""
14140,"2026-08-05 12:26:40.728453","train",42,1.2426254749298096,0.0009206903808476026,"","","","","","","","","","","",""
14160,"2026-08-05 12:26:41.686623","train",42,0.622410774230957,0.0009199560565879638,"","","","","","","","","","","",""
14180,"2026-08-05 12:26:42.505394","train",42,0.5370744466781616,0.0009192186441015519,"","","","","","","","","","","",""
14200,"2026-08-05 12:26:43.407969","train",42,0.6831033229827881,0.0009184781488110958,"","","","","","","","","","","",""
14220,"2026-08-05 12:26:44.233419","train",42,2.700782060623169,0.0009177345761619945,"","","","","","","","","","","",""
14233,"2026-08-05 12:27:00.365132","val",42,"","",0.812121212121212,0.2682364742978914,0.6824554455445545,0.6628504462944307,0.7727963525835866,0.3157894736842105,0.7232704402515724,0.5614035087719298,0.7570503929727231,0.6140350877192983,0.834319526627219,0.7236944057027739
14240,"2026-08-05 12:27:11.099219","train",43,0.9348523616790771,0.0009169879316222769,"","","","","","","","","","","",""
14260,"2026-08-05 12:27:12.086109","train",43,0.9373472929000854,0.0009162382206825618,"","","","","","","","","","","",""
14280,"2026-08-05 12:27:12.942632","train",43,1.5754263401031494,0.0009154854488560177,"","","","","","","","","","","",""
14300,"2026-08-05 12:27:13.762878","train",43,0.8412183523178101,0.0009147296216783218,"","","","","","","","","","","",""
14320,"2026-08-05 12:27:14.644198","train",43,0.7751674652099609,0.0009139707447076194,"","","","","","","","","","","",""
14340,"2026-08-05 12:27:15.526444","train",43,1.1599754095077515,0.0009132088235244833,"","","","","","","","","","","",""
14360,"2026-08-05 12:27:16.398144","train",43,1.068373203277588,0.0009124438637318727,"","","","","","","","","","","",""
14380,"2026-08-05 12:27:17.248877","train",43,0.9959144592285156,0.0009116758709550918,"","","","","","","","","","","",""
14400,"2026-08-05 12:27:18.163834","train",43,2.883172035217285,0.0009109048508417484,"","","","","","","","","","","",""
14420,"2026-08-05 12:27:19.114870","train",43,3.439736843109131,0.0009101308090617127,"","","","","","","","","","","",""
14440,"2026-08-05 12:27:19.960434","train",43,0.7182888984680176,0.0009093537513070753,"","","","","","","","","","","",""
14460,"2026-08-05 12:27:20.784288","train",43,0.7527825236320496,0.0009085736832921053,"","","","","","","","","","","",""
14480,"2026-08-05 12:27:21.727361","train",43,2.6379597187042236,0.0009077906107532089,"","","","","","","","","","","",""
14500,"2026-08-05 12:27:22.554608","train",43,1.5405216217041016,0.0009070045394488863,"","","","","","","","","","","",""
14520,"2026-08-05 12:27:23.478773","train",43,1.7063190937042236,0.00090621547515969,"","","","","","","","","","","",""
14540,"2026-08-05 12:27:24.287014","train",43,2.333178997039795,0.0009054234236881818,"","","","","","","","","","","",""
14560,"2026-08-05 12:27:25.086301","train",43,0.5570980906486511,0.000904628390858891,"","","","","","","","","","","",""
14564,"2026-08-05 12:27:41.084014","val",43,"","",0.8080520712099659,0.28763925711492255,0.6647128712871287,0.6484946949192808,0.8898176291793313,0.36681222707423583,0.719077568134172,0.49122807017543857,0.7614424410540916,0.6350877192982456,0.8288341596033904,0.7007593367426004
14580,"2026-08-05 12:27:52.294745","train",44,0.541796088218689,0.0009038303825182704,"","","","","","","","","","","",""
14600,"2026-08-05 12:27:53.204528","train",44,0.6298694610595703,0.0009030294045346542,"","","","","","","","","","","",""
14620,"2026-08-05 12:27:54.003079","train",44,0.7782993316650391,0.0009022254627982146,"","","","","","","","","","","",""
14640,"2026-08-05 12:27:54.972339","train",44,1.5951783657073975,0.0009014185632209181,"","","","","","","","","","","",""
14660,"2026-08-05 12:27:55.933493","train",44,0.7091901302337646,0.0009006087117364825,"","","","","","","","","","","",""
14680,"2026-08-05 12:27:56.722095","train",44,0.9443426132202148,0.0008997959143003334,"","","","","","","","","","","",""
14700,"2026-08-05 12:27:57.561641","train",44,3.327638626098633,0.0008989801768895595,"","","","","","","","","","","",""
14720,"2026-08-05 12:27:58.342809","train",44,1.802879810333252,0.0008981615055028701,"","","","","","","","","","","",""
14740,"2026-08-05 12:27:59.252426","train",44,0.8776402473449707,0.0008973399061605493,"","","","","","","","","","","",""
14760,"2026-08-05 12:28:00.122019","train",44,2.292665481567383,0.0008965153849044133,"","","","","","","","","","","",""
14780,"2026-08-05 12:28:00.926155","train",44,0.6238774061203003,0.0008956879477977646,"","","","","","","","","","","",""
14800,"2026-08-05 12:28:01.809976","train",44,2.0263638496398926,0.0008948576009253486,"","","","","","","","","","","",""
14820,"2026-08-05 12:28:02.693824","train",44,1.2568719387054443,0.000894024350393308,"","","","","","","","","","","",""
14840,"2026-08-05 12:28:03.486845","train",44,0.6050493717193604,0.0008931882023291385,"","","","","","","","","","","",""
14860,"2026-08-05 12:28:04.305846","train",44,1.3466488122940063,0.0008923491628816432,"","","","","","","","","","","",""
14880,"2026-08-05 12:28:05.127691","train",44,1.505697250366211,0.0008915072382208876,"","","","","","","","","","","",""
14895,"2026-08-05 12:28:21.661129","val",44,"","",0.7988361567308935,0.2913106519061129,0.6428514851485149,0.6103621588921846,0.8966565349544073,0.30612244897959184,0.6981132075471699,0.5087719298245614,0.777161349976884,0.6192982456140351,0.8108587877818647,0.6572136990547033
14900,"2026-08-05 12:28:32.373823","train",45,2.559178352355957,0.0008906624345381544,"","","","","","","","","","","",""
14920,"2026-08-05 12:28:33.259622","train",45,0.5389800071716309,0.0008898147580458979,"","","","","","","","","","","",""
14940,"2026-08-05 12:28:34.101553","train",45,0.5351186990737915,0.0008889642149776983,"","","","","","","","","","","",""
14960,"2026-08-05 12:28:34.917738","train",45,1.1171894073486328,0.0008881108115882154,"","","","","","","","","","","",""
14980,"2026-08-05 12:28:35.746492","train",45,0.7016661763191223,0.0008872545541531435,"","","","","","","","","","","",""
15000,"2026-08-05 12:28:36.556875","train",45,0.7801247835159302,0.0008863954489691645,"","","","","","","","","","","",""
15020,"2026-08-05 12:28:37.421364","train",45,1.001343011856079,0.0008855335023539018,"","","","","","","","","","","",""
15040,"2026-08-05 12:28:38.334801","train",45,1.1063809394836426,0.0008846687206458744,"","","","","","","","","","","",""
15060,"2026-08-05 12:28:39.179816","train",45,0.8275524973869324,0.000883801110204449,"","","","","","","","","","","",""
15080,"2026-08-05 12:28:39.996457","train",45,2.334120512008667,0.0008829306774097949,"","","","","","","","","","","",""
15100,"2026-08-05 12:28:40.818034","train",45,1.901336669921875,0.0008820574286628353,"","","","","","","","","","","",""
15120,"2026-08-05 12:28:41.720414","train",45,3.2393996715545654,0.000881181370385202,"","","","","","","","","","","",""
15140,"2026-08-05 12:28:42.653974","train",45,6.081765651702881,0.0008803025090191867,"","","","","","","","","","","",""
15160,"2026-08-05 12:28:43.570934","train",45,2.945464849472046,0.0008794208510276945,"","","","","","","","","","","",""
15180,"2026-08-05 12:28:44.482886","train",45,1.1669037342071533,0.0008785364028941962,"","","","","","","","","","","",""
15200,"2026-08-05 12:28:45.360490","train",45,3.620633363723755,0.0008776491711226802,"","","","","","","","","","","",""
15220,"2026-08-05 12:28:46.331795","train",45,0.8047948479652405,0.0008767591622376055,"","","","","","","","","","","",""
15226,"2026-08-05 12:29:02.443481","val",45,"","",0.8009310746152851,0.2840119128844897,0.6518019801980198,0.638461457684835,0.8541033434650456,0.36,0.6897274633123689,0.49122807017543857,0.7771613499768839,0.6210526315789474,0.8198624660163122,0.6779792344645901
15240,"2026-08-05 12:29:13.704845","train",46,0.7610629200935364,0.0008758663827838528,"","","","","","","","","","","",""
15260,"2026-08-05 12:29:14.517028","train",46,0.6338874101638794,0.000874970839326677,"","","","","","","","","","","",""
15280,"2026-08-05 12:29:15.326373","train",46,0.5797814726829529,0.0008740725384516586,"","","","","","","","","","","",""
15300,"2026-08-05 12:29:16.155573","train",46,0.8700958490371704,0.0008731714867646554,"","","","","","","","","","","",""
15320,"2026-08-05 12:29:17.011238","train",46,1.9896001815795898,0.0008722676908917545,"","","","","","","","","","","",""
15340,"2026-08-05 12:29:17.870117","train",46,3.543766975402832,0.0008713611574792219,"","","","","","","","","","","",""
15360,"2026-08-05 12:29:18.699278","train",46,1.2725331783294678,0.0008704518931934557,"","","","","","","","","","","",""
15380,"2026-08-05 12:29:19.654541","train",46,1.9301414489746094,0.0008695399047209353,"","","","","","","","","","","",""
15400,"2026-08-05 12:29:20.520618","train",46,1.4102680683135986,0.0008686251987681736,"","","","","","","","","","","",""
15420,"2026-08-05 12:29:21.335682","train",46,2.1996963024139404,0.0008677077820616671,"","","","","","","","","","","",""
15440,"2026-08-05 12:29:22.158477","train",46,1.207270860671997,0.000866787661347846,"","","","","","","","","","","",""
15460,"2026-08-05 12:29:23.034186","train",46,0.8689281940460205,0.0008658648433930254,"","","","","","","","","","","",""
15480,"2026-08-05 12:29:23.847314","train",46,2.1018006801605225,0.000864939334983355,"","","","","","","","","","","",""
15500,"2026-08-05 12:29:24.699401","train",46,1.1288400888442993,0.0008640111429247693,"","","","","","","","","","","",""
15520,"2026-08-05 12:29:25.611791","train",46,6.860156059265137,0.000863080274042938,"","","","","","","","","","","",""
15540,"2026-08-05 12:29:26.440783","train",46,1.729383111000061,0.0008621467351832148,"","","","","","","","","","","",""
15557,"2026-08-05 12:29:42.910897","val",46,"","",0.7955515323936376,0.30249845809396875,0.646019801980198,0.6129316014704784,0.8746200607902735,0.34782608695652173,0.6792452830188679,0.5087719298245614,0.7669902912621359,0.6140350877192983,0.8136894290740444,0.6716256004958934
15560,"2026-08-05 12:29:53.523481","train",47,4.972844123840332,0.0008612105332105884,"","","","","","","","","","","",""
15580,"2026-08-05 12:29:54.403549","train",47,0.34185299277305603,0.0008602716750096306,"","","","","","","","","","","",""
15600,"2026-08-05 12:29:55.242585","train",47,3.3184306621551514,0.000859330167484447,"","","","","","","","","","","",""
15620,"2026-08-05 12:29:56.089123","train",47,3.277613878250122,0.0008583860175586252,"","","","","","","","","","","",""
15640,"2026-08-05 12:29:56.881452","train",47,0.857261061668396,0.0008574392321751844,"","","","","","","","","","","",""
15660,"2026-08-05 12:29:57.717200","train",47,2.9492218494415283,0.0008564898182965242,"","","","","","","","","","","",""
15680,"2026-08-05 12:29:58.544155","train",47,2.190147876739502,0.0008555377829043735,"","","","","","","","","","","",""
15700,"2026-08-05 12:29:59.378159","train",47,0.7487037181854248,0.0008545831329997391,"","","","","","","","","","","",""
15720,"2026-08-05 12:30:00.271362","train",47,0.9664247035980225,0.0008536258756028539,"","","","","","","","","","","",""
15740,"2026-08-05 12:30:01.170427","train",47,5.08636474609375,0.0008526660177531263,"","","","","","","","","","","",""
15760,"2026-08-05 12:30:02.027235","train",47,0.6561406254768372,0.0008517035665090868,"","","","","","","","","","","",""
15780,"2026-08-05 12:30:02.994888","train",47,2.321530342102051,0.0008507385289483379,"","","","","","","","","","","",""
15800,"2026-08-05 12:30:03.887545","train",47,1.2029449939727783,0.0008497709121675004,"","","","","","","","","","","",""
15820,"2026-08-05 12:30:04.822527","train",47,4.69596004486084,0.0008488007232821625,"","","","","","","","","","","",""
15840,"2026-08-05 12:30:05.734912","train",47,1.0606515407562256,0.0008478279694268266,"","","","","","","","","","","",""
15860,"2026-08-05 12:30:06.585191","train",47,1.7609851360321045,0.0008468526577548574,"","","","","","","","","","","",""
15880,"2026-08-05 12:30:07.410049","train",47,0.7761995792388916,0.0008458747954384291,"","","","","","","","","","","",""
15888,"2026-08-05 12:30:23.578664","val",47,"","",0.8077675761886289,0.30222758002374017,0.6693861386138614,0.647681584939036,0.837386018237082,0.3475609756097561,0.7023060796645703,0.5087719298245614,0.7806287563569116,0.6456140350877193,0.8254917639533025,0.7086626375329305
15900,"2026-08-05 12:30:34.388337","train",48,3.1840171813964844,0.0008448943896684724,"","","","","","","","","","","",""
15920,"2026-08-05 12:30:35.324331","train",48,1.048391342163086,0.0008439114476546222,"","","","","","","","","","","",""
15940,"2026-08-05 12:30:36.222108","train",48,2.3309295177459717,0.0008429259766251639,"","","","","","","","","","","",""
15960,"2026-08-05 12:30:37.060008","train",48,1.4078435897827148,0.000841937983826981,"","","","","","","","","","","",""
15980,"2026-08-05 12:30:37.862844","train",48,0.9831191301345825,0.0008409474765255008,"","","","","","","","","","","",""
16000,"2026-08-05 12:30:38.733059","train",48,0.5329780578613281,0.0008399544620046423,"","","","","","","","","","","",""
16020,"2026-08-05 12:30:39.702296","train",48,1.7661616802215576,0.0008389589475667611,"","","","","","","","","","","",""
16040,"2026-08-05 12:30:40.547518","train",48,0.9941783547401428,0.0008379609405325971,"","","","","","","","","","","",""
16060,"2026-08-05 12:30:41.364719","train",48,1.593104600906372,0.00083696044824122,"","","","","","","","","","","",""
16080,"2026-08-05 12:30:42.170585","train",48,0.8206157684326172,0.0008359574780499751,"","","","","","","","","","","",""
16100,"2026-08-05 12:30:42.968890","train",48,2.0392262935638428,0.0008349520373344297,"","","","","","","","","","","",""
16120,"2026-08-05 12:30:43.746713","train",48,2.190850257873535,0.0008339441334883187,"","","","","","","","","","","",""
16140,"2026-08-05 12:30:44.569955","train",48,1.618228554725647,0.0008329337739234903,"","","","","","","","","","","",""
16160,"2026-08-05 12:30:45.397016","train",48,2.2105507850646973,0.0008319209660698507,"","","","","","","","","","","",""
16180,"2026-08-05 12:30:46.260792","train",48,1.0810765027999878,0.0008309057173753112,"","","","","","","","","","","",""
16200,"2026-08-05 12:30:47.065445","train",48,1.7574961185455322,0.0008298880353057314,"","","","","","","","","","","",""
16219,"2026-08-05 12:31:03.689052","val",48,"","",0.812819518082676,0.3078713382024008,0.6705742574257426,0.6659918001273805,0.871580547112462,0.3898916967509025,0.7379454926624738,0.631578947368421,0.7803975959315764,0.6649122807017543,0.8291859907244523,0.6988997365566403
16220,"2026-08-05 12:31:14.245428","train",49,0.760699987411499,0.0008288679273448659,"","","","","","","","","","","",""
16240,"2026-08-05 12:31:15.080980","train",49,2.310119152069092,0.0008278454009943083,"","","","","","","","","","","",""
16260,"2026-08-05 12:31:15.881869","train",49,0.6253509521484375,0.0008268204637734367,"","","","","","","","","","","",""
16280,"2026-08-05 12:31:16.717344","train",49,2.4225881099700928,0.0008257931232193575,"","","","","","","","","","","",""
16300,"2026-08-05 12:31:17.548629","train",49,0.9411957859992981,0.0008247633868868513,"","","","","","","","","","","",""
16320,"2026-08-05 12:31:18.390932","train",49,1.0257558822631836,0.0008237312623483162,"","","","","","","","","","","",""
16340,"2026-08-05 12:31:19.248832","train",49,1.068934679031372,0.0008226967571937124,"","","","","","","","","","","",""
16360,"2026-08-05 12:31:20.140475","train",49,1.0331296920776367,0.0008216598790305066,"","","","","","","","","","","",""
16380,"2026-08-05 12:31:20.976433","train",49,1.3298554420471191,0.0008206206354836161,"","","","","","","","","","","",""
16400,"2026-08-05 12:31:21.815726","train",49,0.7605952024459839,0.0008195790341953524,"","","","","","","","","","","",""
16420,"2026-08-05 12:31:22.671475","train",49,1.8665906190872192,0.0008185350828253654,"","","","","","","","","","","",""
16440,"2026-08-05 12:31:23.498714","train",49,2.5386016368865967,0.0008174887890505864,"","","","","","","","","","","",""
16460,"2026-08-05 12:31:24.289328","train",49,0.5969083905220032,0.0008164401605651729,"","","","","","","","","","","",""
16480,"2026-08-05 12:31:25.173101","train",49,4.28890323638916,0.0008153892050804501,"","","","","","","","","","","",""
16500,"2026-08-05 12:31:26.018494","train",49,1.704282522201538,0.0008143359303248564,"","","","","","","","","","","",""
16520,"2026-08-05 12:31:26.889710","train",49,6.403245449066162,0.000813280344043885,"","","","","","","","","","","",""
16540,"2026-08-05 12:31:27.754356","train",49,0.6583164930343628,0.0008122224540000272,"","","","","","","","","","","",""
16550,"2026-08-05 12:31:43.882810","val",49,"","",0.8131471184102763,0.2803834534943027,0.6773069306930694,0.6477772381145516,0.8525835866261399,0.348993288590604,0.7023060796645703,0.47368421052631576,0.7552011095700416,0.5929824561403508,0.8376459299536223,0.7240043390671006
