"step","time","part","epoch","loss","lr","auroc","auprc","auroc_age_cond","auroc_age_weighted","accuracy","f_measure","auroc_I0002","auroc_age_cond_I0002","auroc_I0006","auroc_age_cond_I0006","auroc_S0001","auroc_age_cond_S0001"
20,"2026-08-05 14:09:28.518568","train",0,1.252998948097229,4.000961077716325e-05,"","","","","","","","","","","",""
40,"2026-08-05 14:09:29.517375","train",0,0.3402174711227417,4.00384427237903e-05,"","","","","","","","","","","",""
60,"2026-08-05 14:09:30.354390","train",0,1.2315442562103271,4.008649468530861e-05,"","","","","","","","","","","",""
80,"2026-08-05 14:09:31.194517","train",0,0.35068845748901367,4.01537647374818e-05,"","","","","","","","","","","",""
100,"2026-08-05 14:09:31.968136","train",0,0.3556275963783264,4.024025018648739e-05,"","","","","","","","","","","",""
120,"2026-08-05 14:09:32.801436","train",0,1.6313523054122925,4.034594756902347e-05,"","","","","","","","","","","",""
140,"2026-08-05 14:09:33.641169","train",0,0.36562711000442505,4.047085265244867e-05,"","","","","","","","","","","",""
160,"2026-08-05 14:09:34.505051","train",0,0.36770808696746826,4.061496043495044e-05,"","","","","","","","","","","",""
180,"2026-08-05 14:09:35.324810","train",0,1.1892495155334473,4.077826514574693e-05,"","","","","","","","","","","",""
200,"2026-08-05 14:09:36.141734","train",0,0.7749786376953125,4.096076024531585e-05,"","","","","","","","","","","",""
220,"2026-08-05 14:09:36.960902","train",0,1.1404461860656738,4.11624384256587e-05,"","","","","","","","","","","",""
240,"2026-08-05 14:09:37.861087","train",0,0.7744576930999756,4.138329161059199e-05,"","","","","","","","","","","",""
260,"2026-08-05 14:09:38.699065","train",0,0.7567745447158813,4.162331095607075e-05,"","","","","","","","","","","",""
280,"2026-08-05 14:09:39.575554","train",0,1.5064607858657837,4.188248685054331e-05,"","","","","","","","","","","",""
300,"2026-08-05 14:09:40.443821","train",0,1.8906728029251099,4.2160808915335285e-05,"","","","","","","","","","","",""
320,"2026-08-05 14:09:41.252905","train",0,0.42480525374412537,4.245826600506649e-05,"","","","","","","","","","","",""
331,"2026-08-05 14:09:57.586753","val",0,"","",0.6552868658131816,0.15936189853289828,0.5713267326732673,0.5562380715293481,0.07218844984802432,0.1346562721474132,0.6918238993710693,0.6842105263157895,0.5827554322699954,0.5017543859649123,0.6658084119622582,0.5690376569037657
340,"2026-08-05 14:10:08.397782","train",1,1.4527249336242676,4.277484620809587e-05,"","","","","","","","","","","",""
360,"2026-08-05 14:10:09.222906","train",1,1.1514732837677002,4.311053684699932e-05,"","","","","","","","","","","",""
380,"2026-08-05 14:10:10.098712","train",1,1.4279950857162476,4.3465324479077306e-05,"","","","","","","","","","","",""
400,"2026-08-05 14:10:10.915378","train",1,0.44078418612480164,4.383919489689262e-05,"","","","","","","","","","","",""
420,"2026-08-05 14:10:11.721724","train",1,0.7660444974899292,4.423213312884015e-05,"","","","","","","","","","","",""
440,"2026-08-05 14:10:12.546624","train",1,0.7960224151611328,4.4644123439745663e-05,"","","","","","","","","","","",""
460,"2026-08-05 14:10:13.336736","train",1,0.7658098340034485,4.5075149331496385e-05,"","","","","","","","","","","",""
480,"2026-08-05 14:10:14.194530","train",1,0.43565914034843445,4.55251935437015e-05,"","","","","","","","","","","",""
500,"2026-08-05 14:10:15.096705","train",1,0.781740665435791,4.599423805438333e-05,"","","","","","","","","","","",""
520,"2026-08-05 14:10:16.027423","train",1,0.4381401538848877,4.648226408069918e-05,"","","","","","","","","","","",""
540,"2026-08-05 14:10:16.914314","train",1,0.7489393949508667,4.698925207969316e-05,"","","","","","","","","","","",""
560,"2026-08-05 14:10:17.776007","train",1,0.7623603343963623,4.7515181749079255e-05,"","","","","","","","","","","",""
580,"2026-08-05 14:10:18.703218","train",1,1.1293600797653198,4.8060032028053655e-05,"","","","","","","","","","","",""
600,"2026-08-05 14:10:19.637225","train",1,1.1171746253967285,4.8623781098138886e-05,"","","","","","","","","","","",""
620,"2026-08-05 14:10:20.543098","train",1,0.8252608776092529,4.9206406384057146e-05,"","","","","","","","","","","",""
640,"2026-08-05 14:10:21.388776","train",1,1.1730263233184814,4.98078845546342e-05,"","","","","","","","","","","",""
660,"2026-08-05 14:10:22.249974","train",1,0.8120905160903931,5.042819152373398e-05,"","","","","","","","","","","",""
662,"2026-08-05 14:10:38.365425","val",1,"","",0.6339842234579076,0.16432045402109366,0.5543762376237624,0.5288830963327912,0.07218844984802432,0.1346562721474132,0.6981132075471698,0.7017543859649122,0.6021729079981507,0.5263157894736842,0.6338077722693108,0.5465674879900821
680,"2026-08-05 14:10:50.771144","train",2,0.7875463962554932,5.106730245122294e-05,"","","","","","","","","","","",""
700,"2026-08-05 14:10:51.720530","train",2,1.130229115486145,5.172519174396475e-05,"","","","","","","","","","","",""
720,"2026-08-05 14:10:52.734613","train",2,1.1472208499908447,5.240183305684528e-05,"","","","","","","","","","","",""
740,"2026-08-05 14:10:53.802676","train",2,1.4394782781600952,5.3097199293827856e-05,"","","","","","","","","","","",""
760,"2026-08-05 14:10:54.776217","train",2,0.43392202258110046,5.3811262609037235e-05,"","","","","","","","","","","",""
780,"2026-08-05 14:10:55.617274","train",2,0.4410524368286133,5.4543994407876134e-05,"","","","","","","","","","","",""
800,"2026-08-05 14:10:56.469108","train",2,0.4261316657066345,5.529536534816916e-05,"","","","","","","","","","","",""
820,"2026-08-05 14:10:57.533466","train",2,0.7355153560638428,5.6065345341338967e-05,"","","","","","","","","","","",""
840,"2026-08-05 14:10:58.509039","train",2,0.3763362765312195,5.685390355360969e-05,"","","","","","","","","","","",""
860,"2026-08-05 14:10:59.443893","train",2,1.142551302909851,5.766100840724254e-05,"","","","","","","","","","","",""
880,"2026-08-05 14:11:00.330141","train",2,0.3851635158061981,5.8486627581800935e-05,"","","","","","","","","","","",""
900,"2026-08-05 14:11:01.334851","train",2,1.502941370010376,5.9330728015443194e-05,"","","","","","","","","","","",""
920,"2026-08-05 14:11:02.315422","train",2,0.7309267520904541,6.019327590624799e-05,"","","","","","","","","","","",""
940,"2026-08-05 14:11:03.222822","train",2,1.5457148551940918,6.107423671356709e-05,"","","","","","","","","","","",""
960,"2026-08-05 14:11:04.046922","train",2,1.550995111465454,6.19735751594087e-05,"","","","","","","","","","","",""
980,"2026-08-05 14:11:05.078003","train",2,1.0365710258483887,6.289125522985031e-05,"","","","","","","","","","","",""
993,"2026-08-05 14:11:22.741898","val",2,"","",0.6537868011552223,0.18257128206482193,0.5368712871287129,0.48274162151613575,0.07218844984802432,0.1346562721474132,0.6708595387840671,0.6491228070175439,0.6211280628756357,0.5333333333333333,0.6525507756276987,0.5270416860375019
1000,"2026-08-05 14:11:34.199876","train",3,0.7438561320304871,6.382724017648094e-05,"","","","","","","","","","","",""
1020,"2026-08-05 14:11:35.135882","train",3,0.7038464546203613,6.478149251787249e-05,"","","","","","","","","","","",""
1040,"2026-08-05 14:11:36.146624","train",3,0.6417737603187561,6.575397404108042e-05,"","","","","","","","","","","",""
1060,"2026-08-05 14:11:37.042602","train",3,1.0204129219055176,6.674464580317513e-05,"","","","","","","","","","","",""
1080,"2026-08-05 14:11:37.889406","train",3,1.0850119590759277,6.775346813279993e-05,"","","","","","","","","","","",""
1100,"2026-08-05 14:11:38.877021","train",3,1.1606347560882568,6.878040063176068e-05,"","","","","","","","","","","",""
1120,"2026-08-05 14:11:39.778579","train",3,0.676941454410553,6.982540217664304e-05,"","","","","","","","","","","",""
1140,"2026-08-05 14:11:40.605685","train",3,1.1772127151489258,7.088843092045976e-05,"","","","","","","","","","","",""
1160,"2026-08-05 14:11:41.509685","train",3,0.33659088611602783,7.196944429432579e-05,"","","","","","","","","","","",""
1180,"2026-08-05 14:11:42.438819","train",3,0.3540527820587158,7.306839900916373e-05,"","","","","","","","","","","",""
1200,"2026-08-05 14:11:43.449984","train",3,0.8076768517494202,7.418525105743617e-05,"","","","","","","","","","","",""
1220,"2026-08-05 14:11:44.274374","train",3,0.3834514617919922,7.531995571490946e-05,"","","","","","","","","","","",""
1240,"2026-08-05 14:11:45.147610","train",3,0.38484781980514526,7.64724675424433e-05,"","","","","","","","","","","",""
1260,"2026-08-05 14:11:46.078916","train",3,0.9494343996047974,7.764274038781144e-05,"","","","","","","","","","","",""
1280,"2026-08-05 14:11:47.020836","train",3,0.4169442653656006,7.883072738754896e-05,"","","","","","","","","","","",""
1300,"2026-08-05 14:11:47.920360","train",3,0.9078883528709412,8.003638096882963e-05,"","","","","","","","","","","",""
1320,"2026-08-05 14:11:48.874647","train",3,0.34961801767349243,8.125965285137049e-05,"","","","","","","","","","","",""
1324,"2026-08-05 14:12:06.016704","val",3,"","",0.6959955170481485,0.20876310398710354,0.5433663366336634,0.5048580946565074,0.18617021276595744,0.13837489943684633,0.6058700209643606,0.5614035087719298,0.6130374479889042,0.45789473684210524,0.7262753878138493,0.5893382922671626
1340,"2026-08-05 14:12:17.739080","train",4,0.9751063585281372,8.250049404936522e-05,"","","","","","","","","","","",""
1360,"2026-08-05 14:12:18.612129","train",4,0.3602238893508911,8.375885487344641e-05,"","","","","","","","","","","",""
1380,"2026-08-05 14:12:19.595932","train",4,0.7483556270599365,8.503468493267449e-05,"","","","","","","","","","","",""
1400,"2026-08-05 14:12:20.467796","train",4,0.8258571624755859,8.632793313655585e-05,"","","","","","","","","","","",""
1420,"2026-08-05 14:12:21.375840","train",4,0.33120810985565186,8.763854769708974e-05,"","","","","","","","","","","",""
1440,"2026-08-05 14:12:22.361723","train",4,1.632085919380188,8.896647613084049e-05,"","","","","","","","","","","",""
1460,"2026-08-05 14:12:23.312431","train",4,1.1297354698181152,9.03116652610403e-05,"","","","","","","","","","","",""
1480,"2026-08-05 14:12:24.145219","train",4,1.1036149263381958,9.167406121971856e-05,"","","","","","","","","","","",""
1500,"2026-08-05 14:12:25.086637","train",4,0.9199498891830444,9.30536094498587e-05,"","","","","","","","","","","",""
1520,"2026-08-05 14:12:26.076116","train",4,0.4295954704284668,9.445025470758309e-05,"","","","","","","","","","","",""
1540,"2026-08-05 14:12:27.018748","train",4,0.7482126951217651,9.586394106436528e-05,"","","","","","","","","","","",""
1560,"2026-08-05 14:12:27.875402","train",4,1.2524304389953613,9.729461190926961e-05,"","","","","","","","","","","",""
1580,"2026-08-05 14:12:28.763002","train",4,0.3911817967891693,9.874220995121838e-05,"","","","","","","","","","","",""
1600,"2026-08-05 14:12:29.717694","train",4,0.3613969683647156,0.0001002066772212856,"","","","","","","","","","","",""
1620,"2026-08-05 14:12:30.742297","train",4,2.2837576866149902,0.00010168795507501868,"","","","","","","","","","","",""
1640,"2026-08-05 14:12:31.691746","train",4,0.7704521417617798,0.00010318598419478719,"","","","","","","","","","","",""
1655,"2026-08-05 14:12:49.413391","val",4,"","",0.75895512737618,0.24867221717834612,0.5588910891089109,0.5235150178152975,0.6246200607902735,0.22570532915360503,0.6729559748427673,0.49122807017543857,0.7182154415164124,0.48771929824561405,0.7743003358387972,0.5794204246087091
1660,"2026-08-05 14:13:00.886390","train",5,1.2031464576721191,0.0001047007045921574,"","","","","","","","","","","",""
1680,"2026-08-05 14:13:01.815082","train",5,1.1051549911499023,0.00010623205561029517,"","","","","","","","","","","",""
1700,"2026-08-05 14:13:02.912209","train",5,0.9392188787460327,0.00010777997592639472,"","","","","","","","","","","",""
1720,"2026-08-05 14:13:03.738267","train",5,0.44973284006118774,0.00010934440355413416,"","","","","","","","","","","",""
1740,"2026-08-05 14:13:04.634978","train",5,0.3673369884490967,0.0001109252758461582,"","","","","","","","","","","",""
1760,"2026-08-05 14:13:05.494904","train",5,1.3633064031600952,0.00011252252949658611,"","","","","","","","","","","",""
1780,"2026-08-05 14:13:06.473768","train",5,0.688491702079773,0.00011413610054354759,"","","","","","","","","","","",""
1800,"2026-08-05 14:13:07.458371","train",5,0.3486684262752533,0.00011576592437174352,"","","","","","","","","","","",""
1820,"2026-08-05 14:13:08.388156","train",5,0.773845911026001,0.00011741193571503388,"","","","","","","","","","","",""
1840,"2026-08-05 14:13:09.273674","train",5,0.7028037309646606,0.00011907406865905104,"","","","","","","","","","","",""
1860,"2026-08-05 14:13:10.161808","train",5,0.3952796757221222,0.00012075225664383922,"","","","","","","","","","","",""
1880,"2026-08-05 14:13:11.087710","train",5,0.6459855437278748,0.0001224464324665205,"","","","","","","","","","","",""
1900,"2026-08-05 14:13:11.989058","train",5,0.27142006158828735,0.00012415652828398518,"","","","","","","","","","","",""
1920,"2026-08-05 14:13:13.010905","train",5,1.1027992963790894,0.00012588247561560887,"","","","","","","","","","","",""
1940,"2026-08-05 14:13:13.960324","train",5,0.3639766573905945,0.0001276242053459951,"","","","","","","","","","","",""
1960,"2026-08-05 14:13:14.831625","train",5,0.7884357571601868,0.00012938164772774235,"","","","","","","","","","","",""
1980,"2026-08-05 14:13:15.792119","train",5,0.6216309070587158,0.00013115473238423786,"","","","","","","","","","","",""
1986,"2026-08-05 14:13:32.709659","val",5,"","",0.7754817017974912,0.26906794449490457,0.5819405940594059,0.5419441638028047,0.48328267477203646,0.19239904988123516,0.6750524109014675,0.45614035087719296,0.7274618585298197,0.5035087719298246,0.7943866943866944,0.6083991941732527
2000,"2026-08-05 14:13:44.331954","train",6,0.6024140119552612,0.000132943388312475,"","","","","","","","","","","",""
2020,"2026-08-05 14:13:45.215983","train",6,0.2850114107131958,0.00013474754388589764,"","","","","","","","","","","",""
2040,"2026-08-05 14:13:46.086012","train",6,1.0870387554168701,0.0001365671268572673,"","","","","","","","","","","",""
2060,"2026-08-05 14:13:46.962251","train",6,0.831951916217804,0.00013840206436155724,"","","","","","","","","","","",""
2080,"2026-08-05 14:13:47.955483","train",6,0.33085355162620544,0.00014025228291886943,"","","","","","","","","","","",""
2100,"2026-08-05 14:13:48.898577","train",6,1.2070130109786987,0.00014211770843737786,"","","","","","","","","","","",""
2120,"2026-08-05 14:13:49.793099","train",6,1.0364516973495483,0.00014399826621629543,"","","","","","","","","","","",""
2140,"2026-08-05 14:13:50.719279","train",6,0.6618300676345825,0.00014589388094886433,"","","","","","","","","","","",""
2160,"2026-08-05 14:13:51.706800","train",6,0.561664342880249,0.00014780447672537356,"","","","","","","","","","","",""
2180,"2026-08-05 14:13:52.525637","train",6,0.46109282970428467,0.00014972997703619644,"","","","","","","","","","","",""
2200,"2026-08-05 14:13:53.387154","train",6,0.4410252571105957,0.00015167030477485663,"","","","","","","","","","","",""
2220,"2026-08-05 14:13:54.352655","train",6,0.5924663543701172,0.00015362538224111442,"","","","","","","","","","","",""
2240,"2026-08-05 14:13:55.369743","train",6,0.4589506983757019,0.0001555951311440787,"","","","","","","","","","","",""
2260,"2026-08-05 14:13:56.456090","train",6,0.2575297951698303,0.00015757947260534194,"","","","","","","","","","","",""
2280,"2026-08-05 14:13:57.427613","train",6,0.4142020046710968,0.00015957832716213913,"","","","","","","","","","","",""
2300,"2026-08-05 14:13:58.243042","train",6,0.3610522449016571,0.00016159161477052994,"","","","","","","","","","","",""
2317,"2026-08-05 14:14:16.116570","val",6,"","",0.7909392646234752,0.2819001802984898,0.6116435643564356,0.5742713393317515,0.7074468085106383,0.26103646833013433,0.6813417190775681,0.47368421052631576,0.7524271844660194,0.5456140350877193,0.8084279545818007,0.639547497288083
2320,"2026-08-05 14:14:27.274850","train",7,0.29611271619796753,0.00016361925480860352,"","","","","","","","","","","",""
2340,"2026-08-05 14:14:28.548089","train",7,0.29549700021743774,0.0001656611660797077,"","","","","","","","","","","",""
2360,"2026-08-05 14:14:29.505186","train",7,0.48844414949417114,0.00016771726681569948,"","","","","","","","","","","",""
2380,"2026-08-05 14:14:30.518090","train",7,2.048476457595825,0.00016978747468022104,"","","","","","","","","","","",""
2400,"2026-08-05 14:14:31.388435","train",7,0.883665919303894,0.00017187170677199508,"","","","","","","","","","","",""
2420,"2026-08-05 14:14:32.408255","train",7,0.5536751747131348,0.00017396987962814598,"","","","","","","","","","","",""
2440,"2026-08-05 14:14:33.309914","train",7,0.6824601888656616,0.00017608190922754115,"","","","","","","","","","","",""
2460,"2026-08-05 14:14:34.191330","train",7,0.5147848129272461,0.00017820771099415645,"","","","","","","","","","","",""
2480,"2026-08-05 14:14:35.127064","train",7,0.314724326133728,0.0001803471998004624,"","","","","","","","","","","",""
2500,"2026-08-05 14:14:36.060603","train",7,0.6225026845932007,0.00018250028997083341,"","","","","","","","","","","",""
2520,"2026-08-05 14:14:36.900398","train",7,0.2263089120388031,0.0001846668952849782,"","","","","","","","","","","",""
2540,"2026-08-05 14:14:37.817205","train",7,0.8235898017883301,0.00018684692898139328,"","","","","","","","","","","",""
2560,"2026-08-05 14:14:38.783292","train",7,1.6485652923583984,0.00018904030376083682,"","","","","","","","","","","",""
2580,"2026-08-05 14:14:39.708700","train",7,0.9993511438369751,0.0001912469317898244,"","","","","","","","","","","",""
2600,"2026-08-05 14:14:40.644527","train",7,0.25074291229248047,0.0001934667247041464,"","","","","","","","","","","",""
2620,"2026-08-05 14:14:41.529265","train",7,0.4635102450847626,0.00019569959361240708,"","","","","","","","","","","",""
2640,"2026-08-05 14:14:42.546297","train",7,0.5412027835845947,0.0001979454490995834,"","","","","","","","","","","",""
2648,"2026-08-05 14:15:00.056595","val",7,"","",0.8043191516875727,0.26330406291993985,0.625029702970297,0.6729993362873938,0.6314589665653495,0.24100156494522693,0.7756813417190775,0.7017543859649122,0.7556634304207119,0.5789473684210527,0.8163281624820086,0.6352084301875097
2660,"2026-08-05 14:15:11.871043","train",8,1.3055120706558228,0.0002002042012306059,"","","","","","","","","","","",""
2680,"2026-08-05 14:15:12.895520","train",8,1.5718448162078857,0.00020247575955396045,"","","","","","","","","","","",""
2700,"2026-08-05 14:15:13.889387","train",8,0.29438766837120056,0.00020476003310531028,"","","","","","","","","","","",""
2720,"2026-08-05 14:15:14.803534","train",8,0.9682908654212952,0.00020705693041113838,"","","","","","","","","","","",""
2740,"2026-08-05 14:15:15.759162","train",8,0.7656106948852539,0.00020936635949241067,"","","","","","","","","","","",""
2760,"2026-08-05 14:15:16.787921","train",8,0.48799970746040344,0.00021168822786825912,"","","","","","","","","","","",""
2780,"2026-08-05 14:15:17.820282","train",8,0.3780358135700226,0.00021402244255968586,"","","","","","","","","","","",""
2800,"2026-08-05 14:15:18.751144","train",8,1.091569423675537,0.00021636891009328555,"","","","","","","","","","","",""
2820,"2026-08-05 14:15:19.699531","train",8,0.2483861893415451,0.00021872753650498903,"","","","","","","","","","","",""
2840,"2026-08-05 14:15:20.633751","train",8,0.4103317856788635,0.00022109822734382625,"","","","","","","","","","","",""
2860,"2026-08-05 14:15:21.538283","train",8,2.6327736377716064,0.00022348088767570786,"","","","","","","","","","","",""
2880,"2026-08-05 14:15:22.444774","train",8,0.2081829011440277,0.00022587542208722786,"","","","","","","","","","","",""
2900,"2026-08-05 14:15:23.348512","train",8,0.24513910710811615,0.0002282817346894836,"","","","","","","","","","","",""
2920,"2026-08-05 14:15:24.240353","train",8,1.2669185400009155,0.00023069972912191552,"","","","","","","","","","","",""
2940,"2026-08-05 14:15:25.171481","train",8,0.6715181469917297,0.00023312930855616694,"","","","","","","","","","","",""
2960,"2026-08-05 14:15:26.182572","train",8,0.32041043043136597,0.00023557037569996078,"","","","","","","","","","","",""
2979,"2026-08-05 14:15:44.191196","val",8,"","",0.8030863399284452,0.280559667232891,0.6483168316831683,0.6173057712383564,0.5706686930091185,0.22283356258596973,0.7547169811320754,0.5964912280701754,0.7508090614886731,0.5824561403508772,0.8192547577162962,0.6793739346040601
2980,"2026-08-05 14:15:55.563537","train",9,0.736461877822876,0.00023802283280099522,"","","","","","","","","","","",""
3000,"2026-08-05 14:15:56.485002","train",9,0.8631631731987,0.00024048658165085914,"","","","","","","","","","","",""
3020,"2026-08-05 14:15:57.452037","train",9,0.8301345109939575,0.00024296152358896416,"","","","","","","","","","","",""
3040,"2026-08-05 14:15:58.400280","train",9,0.5714361071586609,0.000245447559506496,"","","","","","","","","","","",""
3060,"2026-08-05 14:15:59.261137","train",9,0.8919150829315186,0.0002479445898503829,"","","","","","","","","","","",""
3080,"2026-08-05 14:16:00.222761","train",9,0.5205872058868408,0.00025045251462728227,"","","","","","","","","","","",""
3100,"2026-08-05 14:16:01.137551","train",9,0.3308848738670349,0.0002529712334075852,"","","","","","","","","","","",""
3120,"2026-08-05 14:16:02.000392","train",9,2.4930431842803955,0.00025550064532943754,"","","","","","","","","","","",""
3140,"2026-08-05 14:16:02.919694","train",9,0.7121102809906006,0.00025804064910277984,"","","","","","","","","","","",""
3160,"2026-08-05 14:16:03.976409","train",9,1.1944395303726196,0.00026059114301340235,"","","","","","","","","","","",""
3180,"2026-08-05 14:16:04.869300","train",9,0.8327153921127319,0.00026315202492701955,"","","","","","","","","","","",""
3200,"2026-08-05 14:16:05.883364","train",9,1.2680354118347168,0.0002657231922933586,"","","","","","","","","","","",""
3220,"2026-08-05 14:16:06.851514","train",9,1.7519893646240234,0.00026830454215026687,"","","","","","","","","","","",""
3240,"2026-08-05 14:16:07.757591","train",9,1.0539594888687134,0.0002708959711278352,"","","","","","","","","","","",""
3260,"2026-08-05 14:16:08.746716","train",9,0.8714697360992432,0.0002734973754525365,"","","","","","","","","","","",""
3280,"2026-08-05 14:16:09.620498","train",9,0.23097681999206543,0.0002761086509513826,"","","","","","","","","","","",""
3300,"2026-08-05 14:16:10.607390","train",9,2.2561516761779785,0.0002787296930560941,"","","","","","","","","","","",""
3310,"2026-08-05 14:16:28.717993","val",9,"","",0.8072158282684598,0.26785680663004713,0.643960396039604,0.655455853461843,0.513677811550152,0.21375921375921375,0.7987421383647798,0.8070175438596491,0.7390198797965788,0.5771929824561404,0.8225811610426995,0.6561289322795599
3320,"2026-08-05 14:16:40.272092","train",10,0.43796858191490173,0.00028136039680728964,"","","","","","","","","","","",""
3340,"2026-08-05 14:16:41.228801","train",10,0.47116342186927795,0.0002840006568586875,"","","","","","","","","","","",""
3360,"2026-08-05 14:16:42.154524","train",10,0.277360200881958,0.0002866503674813256,"","","","","","","","","","","",""
3380,"2026-08-05 14:16:43.069727","train",10,0.7328343391418457,0.000289309422567794,"","","","","","","","","","","",""
3400,"2026-08-05 14:16:43.982484","train",10,0.44436293840408325,0.00029197771563648455,"","","","","","","","","","","",""
3420,"2026-08-05 14:16:44.844786","train",10,0.7046908140182495,0.00029465513983585536,"","","","","","","","","","","",""
3440,"2026-08-05 14:16:45.837506","train",10,0.5377626419067383,0.00029734158794870915,"","","","","","","","","","","",""
3460,"2026-08-05 14:16:46.763215","train",10,1.7039573192596436,0.0003000369523964869,"","","","","","","","","","","",""
3480,"2026-08-05 14:16:47.678523","train",10,0.5377631187438965,0.00030274112524357596,"","","","","","","","","","","",""
3500,"2026-08-05 14:16:48.552046","train",10,0.6430215835571289,0.0003054539982016316,"","","","","","","","","","","",""
3520,"2026-08-05 14:16:49.525401","train",10,0.47916683554649353,0.0003081754626339145,"","","","","","","","","","","",""
3540,"2026-08-05 14:16:50.456191","train",10,1.0205491781234741,0.0003109054095596404,"","","","","","","","","","","",""
3560,"2026-08-05 14:16:51.436495","train",10,0.2636910080909729,0.00031364372965834444,"","","","","","","","","","","",""
3580,"2026-08-05 14:16:52.353328","train",10,0.34790050983428955,0.0003163903132742591,"","","","","","","","","","","",""
3600,"2026-08-05 14:16:53.204654","train",10,0.8994075655937195,0.00031914505042070446,"","","","","","","","","","","",""
3620,"2026-08-05 14:16:54.128084","train",10,0.929234504699707,0.0003219078307844937,"","","","","","","","","","","",""
3640,"2026-08-05 14:16:54.952066","train",10,0.4282521903514862,0.00032467854373035003,"","","","","","","","","","","",""
3641,"2026-08-05 14:17:11.995538","val",10,"","",0.7885081253502306,0.2787944338970557,0.6168712871287129,0.5942341055933195,0.6527355623100304,0.24212271973466004,0.6813417190775681,0.49122807017543857,0.7577438742487286,0.5649122807017544,0.8022069406684791,0.6290097629009763
3660,"2026-08-05 14:17:24.328331","train",11,1.482142686843872,0.0003274570783053372,"","","","","","","","","","","",""
3680,"2026-08-05 14:17:25.181071","train",11,1.0015684366226196,0.0003302433232433027,"","","","","","","","","","","",""
3700,"2026-08-05 14:17:26.130511","train",11,1.2101796865463257,0.0003330371669693329,"","","","","","","","","","","",""
3720,"2026-08-05 14:17:27.134337","train",11,0.2367570847272873,0.0003358384976042217,"","","","","","","","","","","",""
3740,"2026-08-05 14:17:28.160970","train",11,0.44352176785469055,0.0003386472029689503,"","","","","","","","","","","",""
3760,"2026-08-05 14:17:29.143214","train",11,0.5788126587867737,0.0003414631705891799,"","","","","","","","","","","",""
3780,"2026-08-05 14:17:30.162052","train",11,1.041480302810669,0.0003442862876997547,"","","","","","","","","","","",""
3800,"2026-08-05 14:17:31.017671","train",11,0.42571407556533813,0.000347116441249219,"","","","","","","","","","","",""
3820,"2026-08-05 14:17:32.058015","train",11,0.6760228872299194,0.00034995351790434296,"","","","","","","","","","","",""
3840,"2026-08-05 14:17:32.997765","train",11,0.3160027265548706,0.0003527974040546621,"","","","","","","","","","","",""
3860,"2026-08-05 14:17:33.862373","train",11,0.5687670111656189,0.00035564798581702584,"","","","","","","","","","","",""
3880,"2026-08-05 14:17:34.903230","train",11,0.7026253938674927,0.00035850514904015897,"","","","","","","","","","","",""
3900,"2026-08-05 14:17:35.795502","train",11,0.4075410068035126,0.0003613687793092321,"","","","","","","","","","","",""
3920,"2026-08-05 14:17:36.787239","train",11,0.539788007736206,0.0003642387619504436,"","","","","","","","","","","",""
3940,"2026-08-05 14:17:37.779698","train",11,0.30884039402008057,0.00036711498203561145,"","","","","","","","","","","",""
3960,"2026-08-05 14:17:38.680744","train",11,0.29362738132476807,0.0003699973243867762,"","","","","","","","","","","",""
3972,"2026-08-05 14:17:56.630511","val",11,"","",0.8040863830337515,0.25708403542507563,0.6361188118811881,0.6535606931206568,0.3791793313069909,0.1838161838161838,0.7840670859538784,0.7017543859649122,0.7399445214979196,0.5649122807017544,0.8187110187110187,0.6490004649000465
3980,"2026-08-05 14:18:08.446886","train",12,0.9098905324935913,0.00037288567358081275,"","","","","","","","","","","",""
4000,"2026-08-05 14:18:09.377614","train",12,0.3019140362739563,0.0003757799139540523,"","","","","","","","","","","",""
4020,"2026-08-05 14:18:10.404108","train",12,1.5063917636871338,0.0003786799296069146,"","","","","","","","","","","",""
4040,"2026-08-05 14:18:11.385180","train",12,1.3542442321777344,0.00038158560440854864,"","","","","","","","","","","",""
4060,"2026-08-05 14:18:12.343132","train",12,0.19147810339927673,0.0003844968220014836,"","","","","","","","","","","",""
4080,"2026-08-05 14:18:13.382868","train",12,0.49181145429611206,0.00038741346580628804,"","","","","","","","","","","",""
4100,"2026-08-05 14:18:14.388101","train",12,1.0722788572311401,0.0003903354190262381,"","","","","","","","","","","",""
4120,"2026-08-05 14:18:15.425692","train",12,0.3095717430114746,0.0003932625646519954,"","","","","","","","","","","",""
4140,"2026-08-05 14:18:16.271445","train",12,0.9133420586585999,0.0003961947854662915,"","","","","","","","","","","",""
4160,"2026-08-05 14:18:17.241003","train",12,1.1457252502441406,0.0003991319640486234,"","","","","","","","","","","",""
4180,"2026-08-05 14:18:18.254537","train",12,0.28155046701431274,0.00040207398277995385,"","","","","","","","","","","",""
4200,"2026-08-05 14:18:19.282495","train",12,0.4272332489490509,0.00040502072384742294,"","","","","","","","","","","",""
4220,"2026-08-05 14:18:20.250362","train",12,0.3921418786048889,0.00040797206924906486,"","","","","","","","","","","",""
4240,"2026-08-05 14:18:21.141560","train",12,0.37568122148513794,0.0004109279007985338,"","","","","","","","","","","",""
4260,"2026-08-05 14:18:21.990281","train",12,0.7073292136192322,0.0004138881001298369,"","","","","","","","","","","",""
4280,"2026-08-05 14:18:22.905185","train",12,0.31357961893081665,0.00041685254870207325,"","","","","","","","","","","",""
4300,"2026-08-05 14:18:23.833334","train",12,0.30503562092781067,0.0004198211278041821,"","","","","","","","","","","",""
4303,"2026-08-05 14:18:41.374557","val",12,"","",0.8056812793654899,0.2717952374241536,0.6653465346534654,0.6640893942538517,0.6762917933130699,0.2604166666666667,0.7085953878406709,0.5263157894736842,0.7413314840499305,0.5701754385964912,0.8294258755797217,0.7148613048194639
4320,"2026-08-05 14:18:53.575825","train",13,1.3177006244659424,0.00042279371855969577,"","","","","","","","","","","",""
4340,"2026-08-05 14:18:54.483772","train",13,0.5667062401771545,0.00042577020193150007,"","","","","","","","","","","",""
4360,"2026-08-05 14:18:55.487600","train",13,0.6741857528686523,0.0004287504587266017,"","","","","","","","","","","",""
4380,"2026-08-05 14:18:56.414548","train",13,0.2842639982700348,0.000431734369600901,"","","","","","","","","","","",""
4400,"2026-08-05 14:18:57.345119","train",13,0.41487419605255127,0.00043472181506397096,"","","","","","","","","","","",""
4420,"2026-08-05 14:18:58.446890","train",13,1.4706790447235107,0.0004377126754838422,"","","","","","","","","","","",""
4440,"2026-08-05 14:18:59.413291","train",13,0.453980952501297,0.0004407068310917937,"","","","","","","","","","","",""
4460,"2026-08-05 14:19:00.300195","train",13,0.679740846157074,0.0004437041619871491,"","","","","","","","","","","",""
4480,"2026-08-05 14:19:01.151248","train",13,0.7525836229324341,0.0004467045481420781,"","","","","","","","","","","",""
4500,"2026-08-05 14:19:02.071499","train",13,0.6212660074234009,0.0004497078694064024,"","","","","","","","","","","",""
4520,"2026-08-05 14:19:03.041054","train",13,0.6455594897270203,0.0004527140055124078,"","","","","","","","","","","",""
4540,"2026-08-05 14:19:04.044882","train",13,1.103763222694397,0.0004557228360796599,"","","","","","","","","","","",""
4560,"2026-08-05 14:19:04.995097","train",13,0.5120816826820374,0.0004587342406198251,"","","","","","","","","","","",""
4580,"2026-08-05 14:19:05.944033","train",13,0.3232707679271698,0.00046174809854149495,"","","","","","","","","","","",""
4600,"2026-08-05 14:19:06.779914","train",13,1.0358421802520752,0.0004647642891550159,"","","","","","","","","","","",""
4620,"2026-08-05 14:19:07.869853","train",13,0.365041047334671,0.0004677826916773218,"","","","","","","","","","","",""
4634,"2026-08-05 14:19:25.889897","val",13,"","",0.8109487477908531,0.30859215955386654,0.6532277227722773,0.67262849658427,0.662613981762918,0.2550335570469799,0.7756813417190775,0.6842105263157895,0.7558945908460472,0.5964912280701754,0.8259235566927874,0.6776693011002635
4640,"2026-08-05 14:19:37.674103","train",14,1.023655652999878,0.0004708031852367709,"","","","","","","","","","","",""
4660,"2026-08-05 14:19:38.763104","train",14,1.9016188383102417,0.00047382564887798583,"","","","","","","","","","","",""
4680,"2026-08-05 14:19:39.659538","train",14,0.6655762195587158,0.0004768499615666978,"","","","","","","","","","","",""
4700,"2026-08-05 14:19:40.487664","train",14,1.263113021850586,0.0004798760021945931,"","","","","","","","","","","",""
4720,"2026-08-05 14:19:41.340120","train",14,0.35583698749542236,0.0004829036495841624,"","","","","","","","","","","",""
4740,"2026-08-05 14:19:42.225384","train",14,0.2743680477142334,0.00048593278249355455,"","","","","","","","","","","",""
4760,"2026-08-05 14:19:43.029292","train",14,1.6993809938430786,0.0004889632796214299,"","","","","","","","","","","",""
4780,"2026-08-05 14:19:43.878426","train",14,0.8611371517181396,0.0004919950196118196,"","","","","","","","","","","",""
4800,"2026-08-05 14:19:44.760343","train",14,0.4908830523490906,0.0004950278810589842,"","","","","","","","","","","",""
4820,"2026-08-05 14:19:45.835974","train",14,0.5453219413757324,0.0004980617425122757,"","","","","","","","","","","",""
4840,"2026-08-05 14:19:46.735109","train",14,0.7554483413696289,0.0005010964824810007,"","","","","","","","","","","",""
4860,"2026-08-05 14:19:47.610780","train",14,1.2285405397415161,0.0005041319794392861,"","","","","","","","","","","",""
4880,"2026-08-05 14:19:48.601312","train",14,0.3559563159942627,0.0005071681118309449,"","","","","","","","","","","",""
4900,"2026-08-05 14:19:49.469062","train",14,0.21396657824516296,0.0005102047580743444,"","","","","","","","","","","",""
4920,"2026-08-05 14:19:50.419096","train",14,0.5874626040458679,0.0005132417965672748,"","","","","","","","","","","",""
4940,"2026-08-05 14:19:51.566866","train",14,0.3473048806190491,0.0005162791056918187,"","","","","","","","","","","",""
4960,"2026-08-05 14:19:52.467038","train",14,0.4224562346935272,0.000519316563819221,"","","","","","","","","","","",""
4965,"2026-08-05 14:20:09.031479","val",14,"","",0.8054226475279107,0.2515796909885908,0.6521188118811881,0.6864615990921982,0.48556231003039513,0.2044653349001175,0.7463312368972745,0.5087719298245614,0.7528895053166899,0.5456140350877193,0.8203582280505357,0.6975050364171703
4980,"2026-08-05 14:20:20.156120","train",15,0.5860816240310669,0.0005223540493147602,"","","","","","","","","","","",""
5000,"2026-08-05 14:20:21.043739","train",15,0.8530706167221069,0.0005253914405426186,"","","","","","","","","","","",""
5020,"2026-08-05 14:20:21.889260","train",15,0.7012602090835571,0.0005284286158707533,"","","","","","","","","","","",""
5040,"2026-08-05 14:20:22.830848","train",15,0.6163299083709717,0.0005314654536757677,"","","","","","","","","","","",""
5060,"2026-08-05 14:20:23.740006","train",15,1.7631919384002686,0.0005345018323477805,"","","","","","","","","","","",""
5080,"2026-08-05 14:20:24.569363","train",15,0.3458966612815857,0.0005375376302952969,"","","","","","","","","","","",""
5100,"2026-08-05 14:20:25.429816","train",15,0.2804224491119385,0.0005405727259500768,"","","","","","","","","","","",""
5120,"2026-08-05 14:20:26.243142","train",15,0.2729276418685913,0.0005436069977720037,"","","","","","","","","","","",""
5140,"2026-08-05 14:20:27.145636","train",15,0.405866414308548,0.0005466403242539509,"","","","","","","","","","","",""
5160,"2026-08-05 14:20:27.974611","train",15,0.3082280158996582,0.0005496725839266485,"","","","","","","","","","","",""
5180,"2026-08-05 14:20:28.765028","train",15,0.5022763609886169,0.0005527036553635459,"","","","","","","","","","","",""
5200,"2026-08-05 14:20:29.605570","train",15,0.9546874761581421,0.0005557334171856765,"","","","","","","","","","","",""
5220,"2026-08-05 14:20:30.432570","train",15,0.44611024856567383,0.0005587617480665157,"","","","","","","","","","","",""
5240,"2026-08-05 14:20:31.211599","train",15,0.6125548481941223,0.0005617885267368421,"","","","","","","","","","","",""
5260,"2026-08-05 14:20:32.031395","train",15,0.588126540184021,0.0005648136319895916,"","","","","","","","","","","",""
5280,"2026-08-05 14:20:32.842047","train",15,0.746320366859436,0.0005678369426847122,"","","","","","","","","","","",""
5296,"2026-08-05 14:20:49.219612","val",15,"","",0.8131384973490237,0.2707939830657341,0.6876831683168316,0.7101722840610062,0.6238601823708206,0.24196018376722817,0.7379454926624738,0.543859649122807,0.7605177993527508,0.6157894736842106,0.8314888853350393,0.7346970401363707
5300,"2026-08-05 14:20:59.780173","train",16,0.5615429878234863,0.0005708583377540148,"","","","","","","","","","","",""
5320,"2026-08-05 14:21:00.607258","train",16,0.6941859722137451,0.0005738776962060214,"","","","","","","","","","","",""
5340,"2026-08-05 14:21:01.407379","train",16,0.8616378307342529,0.0005768948971308101,"","","","","","","","","","","",""
5360,"2026-08-05 14:21:02.221086","train",16,0.5617061257362366,0.000579909819704857,"","","","","","","","","","","",""
5380,"2026-08-05 14:21:03.025775","train",16,0.8722904920578003,0.0005829223431958743,"","","","","","","","","","","",""
5400,"2026-08-05 14:21:03.863356","train",16,1.7293808460235596,0.0005859323469676456,"","","","","","","","","","","",""
5420,"2026-08-05 14:21:04.677191","train",16,0.47874125838279724,0.0005889397104848562,"","","","","","","","","","","",""
5440,"2026-08-05 14:21:05.539707","train",16,0.3888891339302063,0.0005919443133179205,"","","","","","","","","","","",""
5460,"2026-08-05 14:21:06.524209","train",16,1.0087970495224,0.0005949460351478033,"","","","","","","","","","","",""
5480,"2026-08-05 14:21:07.315410","train",16,2.2157187461853027,0.0005979447557708404,"","","","","","","","","","","",""
5500,"2026-08-05 14:21:08.198139","train",16,0.3042793869972229,0.0006009403551035491,"","","","","","","","","","","",""
5520,"2026-08-05 14:21:09.041024","train",16,0.2938566207885742,0.0006039327131874396,"","","","","","","","","","","",""
5540,"2026-08-05 14:21:09.825961","train",16,1.1948758363723755,0.0006069217101938168,"","","","","","","","","","","",""
5560,"2026-08-05 14:21:10.701073","train",16,1.0484576225280762,0.0006099072264285803,"","","","","","","","","","","",""
5580,"2026-08-05 14:21:11.534862","train",16,0.3486616611480713,0.0006128891423370162,"","","","","","","","","","","",""
5600,"2026-08-05 14:21:12.417328","train",16,0.36186057329177856,0.0006158673385085862,"","","","","","","","","","","",""
5620,"2026-08-05 14:21:13.220604","train",16,0.5541692972183228,0.0006188416956817073,"","","","","","","","","","","",""
5627,"2026-08-05 14:21:29.445935","val",16,"","",0.8107677055045476,0.2798262419319098,0.6735841584158416,0.6750381005238815,0.6740121580547113,0.26161790017211706,0.7421383647798742,0.543859649122807,0.7374017568192326,0.5403508771929825,0.8325603710219095,0.7309778397644506
5640,"2026-08-05 14:21:40.516691","train",17,1.1008692979812622,0.0006218120947485303,"","","","","","","","","","","",""
5660,"2026-08-05 14:21:41.368049","train",17,0.7963481545448303,0.0006247784167597067,"","","","","","","","","","","",""
5680,"2026-08-05 14:21:42.269473","train",17,1.243993878364563,0.0006277405429291541,"","","","","","","","","","","",""
5700,"2026-08-05 14:21:43.083999","train",17,0.8365691900253296,0.0006306983546388118,"","","","","","","","","","","",""
5720,"2026-08-05 14:21:43.971882","train",17,0.34196677803993225,0.0006336517334433909,"","","","","","","","","","","",""
5740,"2026-08-05 14:21:44.811275","train",17,0.7962168455123901,0.000636600561075119,"","","","","","","","","","","",""
5760,"2026-08-05 14:21:45.609590","train",17,0.5799227356910706,0.0006395447194484736,"","","","","","","","","","","",""
5780,"2026-08-05 14:21:46.476003","train",17,0.3578033447265625,0.000642484090664913,"","","","","","","","","","","",""
5800,"2026-08-05 14:21:47.309511","train",17,0.3135650157928467,0.0006454185570175963,"","","","","","","","","","","",""
5820,"2026-08-05 14:21:48.207367","train",17,0.5368841886520386,0.0006483480009960979,"","","","","","","","","","","",""
5840,"2026-08-05 14:21:49.108874","train",17,1.7938666343688965,0.0006512723052911123,"","","","","","","","","","","",""
5860,"2026-08-05 14:21:49.952231","train",17,0.5275969505310059,0.0006541913527991525,"","","","","","","","","","","",""
5880,"2026-08-05 14:21:50.917898","train",17,0.6457993984222412,0.0006571050266272382,"","","","","","","","","","","",""
5900,"2026-08-05 14:21:51.738186","train",17,0.8413197994232178,0.0006600132100975791,"","","","","","","","","","","",""
5920,"2026-08-05 14:21:52.522029","train",17,0.37317121028900146,0.0006629157867522439,"","","","","","","","","","","",""
5940,"2026-08-05 14:21:53.396273","train",17,0.8072901964187622,0.0006658126403578273,"","","","","","","","","","","",""
5958,"2026-08-05 14:22:10.020409","val",17,"","",0.8002586318375792,0.26978312058765874,0.6363564356435644,0.6330377120224159,0.4969604863221885,0.20048309178743962,0.7127882599580713,0.5263157894736842,0.7614424410540914,0.5754385964912281,0.8176235407004638,0.6589183325585
5960,"2026-08-05 14:22:20.628193","train",18,1.0419384241104126,0.0006687036549101022,"","","","","","","","","","","",""
5980,"2026-08-05 14:22:21.446116","train",18,0.870347797870636,0.0006715887146386658,"","","","","","","","","","","",""
6000,"2026-08-05 14:22:22.259359","train",18,0.364385187625885,0.0006744677040115756,"","","","","","","","","","","",""
6020,"2026-08-05 14:22:23.192132","train",18,0.605324387550354,0.0006773405077399766,"","","","","","","","","","","",""
6040,"2026-08-05 14:22:24.086377","train",18,0.9509645700454712,0.0006802070107827165,"","","","","","","","","","","",""
6060,"2026-08-05 14:22:24.924819","train",18,0.4224969148635864,0.0006830670983509539,"","","","","","","","","","","",""
6080,"2026-08-05 14:22:25.883894","train",18,0.3058098554611206,0.0006859206559127541,"","","","","","","","","","","",""
6100,"2026-08-05 14:22:26.684216","train",18,0.8053584694862366,0.0006887675691976763,"","","","","","","","","","","",""
6120,"2026-08-05 14:22:27.531953","train",18,0.614502489566803,0.0006916077242013485,"","","","","","","","","","","",""
6140,"2026-08-05 14:22:28.373817","train",18,1.7003297805786133,0.0006944410071900343,"","","","","","","","","","","",""
6160,"2026-08-05 14:22:29.192213","train",18,0.9335227608680725,0.0006972673047051858,"","","","","","","","","","","",""
6180,"2026-08-05 14:22:30.083906","train",18,0.6229983568191528,0.0007000865035679878,"","","","","","","","","","","",""
6200,"2026-08-05 14:22:30.895552","train",18,1.3765032291412354,0.0007028984908838902,"","","","","","","","","","","",""
6220,"2026-08-05 14:22:31.711765","train",18,0.4335373044013977,0.0007057031540471287,"","","","","","","","","","","",""
6240,"2026-08-05 14:22:32.511565","train",18,0.34946131706237793,0.0007085003807452334,"","","","","","","","","","","",""
6260,"2026-08-05 14:22:33.339965","train",18,0.7275065779685974,0.0007112900589635279,"","","","","","","","","","","",""
6280,"2026-08-05 14:22:34.214843","train",18,0.3248443305492401,0.0007140720769896128,"","","","","","","","","","","",""
6289,"2026-08-05 14:22:50.414705","val",18,"","",0.8148196042932886,0.25246227805579735,0.701069306930693,0.7196397809796489,0.8267477203647416,0.32941176470588235,0.7547169811320754,0.6491228070175439,0.7667591308368007,0.5912280701754385,0.8275227890612507,0.7314427398109407
6300,"2026-08-05 14:23:01.339454","train",19,1.5870482921600342,0.0007168463234178414,"","","","","","","","","","","",""
6320,"2026-08-05 14:23:02.188351","train",19,1.009621500968933,0.0007196126871537791,"","","","","","","","","","","",""
6340,"2026-08-05 14:23:03.014099","train",19,0.8066142797470093,0.0007223710574186537,"","","","","","","","","","","",""
6360,"2026-08-05 14:23:03.936588","train",19,0.3054566979408264,0.0007251213237537901,"","","","","","","","","","","",""
6380,"2026-08-05 14:23:04.742417","train",19,0.4023872911930084,0.0007278633760250347,"","","","","","","","","","","",""
6400,"2026-08-05 14:23:05.554201","train",19,0.4795485734939575,0.0007305971044271652,"","","","","","","","","","","",""
6420,"2026-08-05 14:23:06.391078","train",19,0.25534021854400635,0.0007333223994882882,"","","","","","","","","","","",""
6440,"2026-08-05 14:23:07.179559","train",19,0.3714750111103058,0.0007360391520742219,"","","","","","","","","","","",""
6460,"2026-08-05 14:23:08.073209","train",19,1.2864964008331299,0.0007387472533928673,"","","","","","","","","","","",""
6480,"2026-08-05 14:23:08.933267","train",19,0.2737967073917389,0.0007414465949985654,"","","","","","","","","","","",""
6500,"2026-08-05 14:23:09.801250","train",19,1.094671607017517,0.0007441370687964378,"","","","","","","","","","","",""
6520,"2026-08-05 14:23:10.694046","train",19,0.5260331034660339,0.000746818567046718,"","","","","","","","","","","",""
6540,"2026-08-05 14:23:11.513981","train",19,0.3283459544181824,0.0007494909823690632,"","","","","","","","","","","",""
6560,"2026-08-05 14:23:12.405185","train",19,0.673143744468689,0.0007521542077468562,"","","","","","","","","","","",""
6580,"2026-08-05 14:23:13.243641","train",19,0.39031434059143066,0.0007548081365314899,"","","","","","","","","","","",""
6600,"2026-08-05 14:23:14.047932","train",19,0.4586159586906433,0.0007574526624466395,"","","","","","","","","","","",""
6620,"2026-08-05 14:23:14.825147","train",19,0.2801365852355957,0.0007600876795925153,"","","","","","","","","","","",""
6620,"2026-08-05 14:23:30.796137","val",19,"","",0.8097676623992414,0.2629795702928065,0.658930693069307,0.6931910411384089,0.7249240121580547,0.28174603174603174,0.750524109014675,0.5263157894736842,0.7431807674526121,0.5719298245614035,0.8315528546297777,0.7075778707577871
6640,"2026-08-05 14:23:41.977512","train",20,0.8300353288650513,0.0007627130824501072,"","","","","","","","","","","",""
6660,"2026-08-05 14:23:42.788643","train",20,0.30732157826423645,0.0007653287658854071,"","","","","","","","","","","",""
6680,"2026-08-05 14:23:43.653037","train",20,0.3839167356491089,0.0007679346251536212,"","","","","","","","","","","",""
6700,"2026-08-05 14:23:44.680964","train",20,0.3188101053237915,0.0007705305559033626,"","","","","","","","","","","",""
6720,"2026-08-05 14:23:45.561803","train",20,1.111803412437439,0.0007731164541808317,"","","","","","","","","","","",""
6740,"2026-08-05 14:23:46.380022","train",20,0.907626748085022,0.0007756922164339781,"","","","","","","","","","","",""
6760,"2026-08-05 14:23:47.229543","train",20,0.7500211000442505,0.0007782577395166472,"","","","","","","","","","","",""
6780,"2026-08-05 14:23:48.045530","train",20,0.645137369632721,0.0007808129206927114,"","","","","","","","","","","",""
6800,"2026-08-05 14:23:48.962073","train",20,0.7276362180709839,0.0007833576576401837,"","","","","","","","","","","",""
6820,"2026-08-05 14:23:49.783273","train",20,0.31085729598999023,0.0007858918484553148,"","","","","","","","","","","",""
6840,"2026-08-05 14:23:50.624810","train",20,0.5111340880393982,0.0007884153916566754,"","","","","","","","","","","",""
6860,"2026-08-05 14:23:51.513192","train",20,0.5151464939117432,0.0007909281861892175,"","","","","","","","","","","",""
6880,"2026-08-05 14:23:52.358927","train",20,0.8719388842582703,0.0007934301314283233,"","","","","","","","","","","",""
6900,"2026-08-05 14:23:53.142956","train",20,1.3045399188995361,0.0007959211271838338,"","","","","","","","","","","",""
6920,"2026-08-05 14:23:53.965788","train",20,0.3672420382499695,0.0007984010737040611,"","","","","","","","","","","",""
6940,"2026-08-05 14:23:54.778831","train",20,0.698064923286438,0.0008008698716797827,"","","","","","","","","","","",""
6951,"2026-08-05 14:24:10.980397","val",20,"","",0.7973274710116818,0.24026630757603185,0.6043564356435643,0.6178605402281093,0.40501519756838905,0.18522372528616024,0.7756813417190775,0.6842105263157895,0.712667591308368,0.5105263157894737,0.8163281624820087,0.6314892298155896
6960,"2026-08-05 14:24:21.773774","train",21,1.178409457206726,0.0008033274222482185,"","","","","","","","","","","",""
6980,"2026-08-05 14:24:22.584270","train",21,0.639437198638916,0.0008057736269969898,"","","","","","","","","","","",""
7000,"2026-08-05 14:24:23.493931","train",21,0.5441875457763672,0.0008082083879680604,"","","","","","","","","","","",""
7020,"2026-08-05 14:24:24.308558","train",21,0.3073720335960388,0.0008106316076616586,"","","","","","","","","","","",""
7040,"2026-08-05 14:24:25.118828","train",21,0.6992553472518921,0.0008130431890401827,"","","","","","","","","","","",""
7060,"2026-08-05 14:24:25.955197","train",21,0.5897612571716309,0.0008154430355320854,"","","","","","","","","","","",""
7080,"2026-08-05 14:24:26.748429","train",21,0.7673307657241821,0.0008178310510357429,"","","","","","","","","","","",""
7100,"2026-08-05 14:24:27.584702","train",21,0.8627294898033142,0.000820207139923301,"","","","","","","","","","","",""
7120,"2026-08-05 14:24:28.514202","train",21,0.3730517625808716,0.0008225712070445067,"","","","","","","","","","","",""
7140,"2026-08-05 14:24:29.337506","train",21,0.6334438323974609,0.000824923157730517,"","","","","","","","","","","",""
7160,"2026-08-05 14:24:30.191024","train",21,1.0859465599060059,0.0008272628977976903,"","","","","","","","","","","",""
7180,"2026-08-05 14:24:31.025926","train",21,0.32368940114974976,0.0008295903335513584,"","","","","","","","","","","",""
7200,"2026-08-05 14:24:31.875974","train",21,0.7363916635513306,0.0008319053717895777,"","","","","","","","","","","",""
7220,"2026-08-05 14:24:32.787287","train",21,0.39311039447784424,0.0008342079198068626,"","","","","","","","","","","",""
7240,"2026-08-05 14:24:33.623444","train",21,0.624990701675415,0.0008364978853978967,"","","","","","","","","","","",""
7260,"2026-08-05 14:24:34.467896","train",21,0.3259682059288025,0.0008387751768612259,"","","","","","","","","","","",""
7280,"2026-08-05 14:24:35.264101","train",21,0.7793321013450623,0.0008410397030029301,"","","","","","","","","","","",""
7282,"2026-08-05 14:24:51.120471","val",21,"","",0.8124660545713178,0.28283671041501235,0.6857029702970298,0.7129318752909568,0.7272036474164134,0.28628230616302186,0.7274633123689727,0.5614035087719298,0.7556634304207119,0.5771929824561404,0.8305453382376458,0.732527506586084
7300,"2026-08-05 14:25:02.465118","train",22,0.28098464012145996,0.0008432913731402755,"","","","","","","","","","","",""
7320,"2026-08-05 14:25:03.265492","train",22,0.5802041292190552,0.0008455300971053456,"","","","","","","","","","","",""
7340,"2026-08-05 14:25:04.144895","train",22,0.4495176374912262,0.0008477557852486526,"","","","","","","","","","","",""
7360,"2026-08-05 14:25:04.980780","train",22,1.3031359910964966,0.0008499683484427263,"","","","","","","","","","","",""
7380,"2026-08-05 14:25:05.887041","train",22,0.6705607175827026,0.000852167698085684,"","","","","","","","","","","",""
7400,"2026-08-05 14:25:06.742608","train",22,0.44666698575019836,0.0008543537461047787,"","","","","","","","","","","",""
7420,"2026-08-05 14:25:07.551954","train",22,0.843042254447937,0.0008565264049599257,"","","","","","","","","","","",""
7440,"2026-08-05 14:25:08.502050","train",22,0.6238166093826294,0.0008586855876472072,"","","","","","","","","","","",""
7460,"2026-08-05 14:25:09.502680","train",22,0.44795340299606323,0.0008608312077023587,"","","","","","","","","","","",""
7480,"2026-08-05 14:25:10.452704","train",22,0.4835697412490845,0.0008629631792042288,"","","","","","","","","","","",""
7500,"2026-08-05 14:25:11.302388","train",22,0.6763758659362793,0.0008650814167782218,"","","","","","","","","","","",""
7520,"2026-08-05 14:25:12.079874","train",22,1.4896047115325928,0.0008671858355997154,"","","","","","","","","","","",""
7540,"2026-08-05 14:25:12.897026","train",22,0.7710597515106201,0.0008692763513974584,"","","","","","","","","","","",""
7560,"2026-08-05 14:25:13.694186","train",22,0.513434648513794,0.0008713528804569443,"","","","","","","","","","","",""
7580,"2026-08-05 14:25:14.504681","train",22,0.9048333168029785,0.0008734153396237648,"","","","","","","","","","","",""
7600,"2026-08-05 14:25:15.371020","train",22,1.4334120750427246,0.0008754636463069386,"","","","","","","","","","","",""
7613,"2026-08-05 14:25:31.880083","val",22,"","",0.8052416052416053,0.25801314989128465,0.6254257425742574,0.6509244399384294,0.5167173252279635,0.21287128712871287,0.7735849056603774,0.6842105263157895,0.7237632917244567,0.5140350877192983,0.8249960019190788,0.6572136990547033
7620,"2026-08-05 14:25:42.975387","train",23,1.6052932739257812,0.0008774977184822196,"","","","","","","","","","","",""
7640,"2026-08-05 14:25:43.880756","train",23,1.1371592283248901,0.0008795174746953809,"","","","","","","","","","","",""
7660,"2026-08-05 14:25:44.744225","train",23,0.27413037419319153,0.0008815228340654773,"","","","","","","","","","","",""
7680,"2026-08-05 14:25:45.657063","train",23,1.5191888809204102,0.0008835137162880836,"","","","","","","","","","","",""
7700,"2026-08-05 14:25:46.536830","train",23,0.7994004487991333,0.0008854900416385106,"","","","","","","","","","","",""
7720,"2026-08-05 14:25:47.560906","train",23,0.6273269057273865,0.0008874517309749978,"","","","","","","","","","","",""
7740,"2026-08-05 14:25:48.475877","train",23,0.9582822322845459,0.0008893987057418823,"","","","","","","","","","","",""
7760,"2026-08-05 14:25:49.489030","train",23,0.24078215658664703,0.0008913308879727447,"","","","","","","","","","","",""
7780,"2026-08-05 14:25:50.415005","train",23,1.2720469236373901,0.0008932482002935317,"","","","","","","","","","","",""
7800,"2026-08-05 14:25:51.324086","train",23,0.3354664444923401,0.0008951505659256537,"","","","","","","","","","","",""
7820,"2026-08-05 14:25:52.174304","train",23,1.7827157974243164,0.00089703790868906,"","","","","","","","","","","",""
7840,"2026-08-05 14:25:53.069260","train",23,1.8143457174301147,0.0008989101530052893,"","","","","","","","","","","",""
7860,"2026-08-05 14:25:54.183963","train",23,0.6305059194564819,0.0009007672239004957,"","","","","","","","","","","",""
7880,"2026-08-05 14:25:55.121777","train",23,0.24925535917282104,0.0009026090470084525,"","","","","","","","","","","",""
7900,"2026-08-05 14:25:56.088165","train",23,0.697392463684082,0.0009044355485735282,"","","","","","","","","","","",""
7920,"2026-08-05 14:25:57.064972","train",23,0.7150202989578247,0.0009062466554536415,"","","","","","","","","","","",""
7940,"2026-08-05 14:25:58.136340","train",23,1.2835813760757446,0.0009080422951231897,"","","","","","","","","","","",""
7944,"2026-08-05 14:26:13.912067","val",23,"","",0.8045519203413941,0.2518714726829915,0.6247128712871287,0.6595786818449815,0.601823708206687,0.24057971014492754,0.779874213836478,0.6666666666666666,0.7290799815071659,0.5157894736842106,0.8223572685111147,0.6480706648070664
7960,"2026-08-05 14:26:25.005429","train",24,0.2670319676399231,0.0009098223956759534,"","","","","","","","","","","",""
7980,"2026-08-05 14:26:25.878514","train",24,1.3946362733840942,0.0009115868858279749,"","","","","","","","","","","",""
8000,"2026-08-05 14:26:26.694079","train",24,0.8867926001548767,0.0009133356949204143,"","","","","","","","","","","",""
8020,"2026-08-05 14:26:27.521277","train",24,0.8797695636749268,0.0009150687529223777,"","","","","","","","","","","",""
8040,"2026-08-05 14:26:28.367391","train",24,0.32956647872924805,0.0009167859904337225,"","","","","","","","","","","",""
8060,"2026-08-05 14:26:29.185749","train",24,0.7019448280334473,0.0009184873386878355,"","","","","","","","","","","",""
8080,"2026-08-05 14:26:30.060438","train",24,1.1129589080810547,0.0009201727295543884,"","","","","","","","","","","",""
8100,"2026-08-05 14:26:30.935199","train",24,0.4341135621070862,0.0009218420955420638,"","","","","","","","","","","",""
8120,"2026-08-05 14:26:31.823438","train",24,0.4201347529888153,0.0009234953698012599,"","","","","","","","","","","",""
8140,"2026-08-05 14:26:32.630460","train",24,1.3105093240737915,0.0009251324861267662,"","","","","","","","","","","",""
8160,"2026-08-05 14:26:33.478453","train",24,0.6672605872154236,0.0009267533789604151,"","","","","","","","","","","",""
8180,"2026-08-05 14:26:34.291008","train",24,0.861356258392334,0.0009283579833937074,"","","","","","","","","","","",""
8200,"2026-08-05 14:26:35.158632","train",24,0.6870900392532349,0.0009299462351704114,"","","","","","","","","","","",""
8220,"2026-08-05 14:26:35.953775","train",24,0.6534934043884277,0.0009315180706891356,"","","","","","","","","","","",""
8240,"2026-08-05 14:26:36.741619","train",24,0.3794771432876587,0.0009330734270058764,"","","","","","","","","","","",""
8260,"2026-08-05 14:26:37.713769","train",24,0.5874165892601013,0.0009346122418365379,"","","","","","","","","","","",""
8275,"2026-08-05 14:26:54.149640","val",24,"","",0.8124057071425491,0.28034874045444325,0.6737425742574258,0.692788617698605,0.574468085106383,0.2265193370165746,0.7211740041928721,0.43859649122807015,0.7545076282940361,0.5929824561403508,0.8333120102350872,0.7161010382767705
8280,"2026-08-05 14:27:04.962353","train",25,0.5011551380157471,0.0009361344535594268,"","","","","","","","","","","",""
8300,"2026-08-05 14:27:05.852669","train",25,0.34907928109169006,0.0009376400012177194,"","","","","","","","","","","",""
8320,"2026-08-05 14:27:06.708509","train",25,0.3202679753303528,0.000939128824521903,"","","","","","","","","","","",""
8340,"2026-08-05 14:27:07.547418","train",25,0.6262449622154236,0.0009406008638521901,"","","","","","","","","","","",""
8360,"2026-08-05 14:27:08.478809","train",25,1.3051562309265137,0.0009420560602609058,"","","","","","","","","","","",""
8380,"2026-08-05 14:27:09.389433","train",25,0.4181637167930603,0.0009434943554748481,"","","","","","","","","","","",""
8400,"2026-08-05 14:27:10.187166","train",25,0.47573161125183105,0.0009449156918976226,"","","","","","","","","","","",""
8420,"2026-08-05 14:27:11.036110","train",25,0.9398505091667175,0.0009463200126119469,"","","","","","","","","","","",""
8440,"2026-08-05 14:27:11.883756","train",25,0.285238116979599,0.000947707261381932,"","","","","","","","","","","",""
8460,"2026-08-05 14:27:12.700511","train",25,0.37249159812927246,0.0009490773826553327,"","","","","","","","","","","",""
8480,"2026-08-05 14:27:13.501589","train",25,0.31473541259765625,0.0009504303215657731,"","","","","","","","","","","",""
8500,"2026-08-05 14:27:14.318145","train",25,0.5144448280334473,0.000951766023934943,"","","","","","","","","","","",""
8520,"2026-08-05 14:27:15.144139","train",25,0.30930018424987793,0.0009530844362747686,"","","","","","","","","","","",""
8540,"2026-08-05 14:27:15.978746","train",25,0.44491028785705566,0.0009543855057895528,"","","","","","","","","","","",""
8560,"2026-08-05 14:27:16.801131","train",25,0.3420122563838959,0.000955669180378091,"","","","","","","","","","","",""
8580,"2026-08-05 14:27:17.632580","train",25,0.32860398292541504,0.0009569354086357561,"","","","","","","","","","","",""
8600,"2026-08-05 14:27:18.477759","train",25,0.34712839126586914,0.0009581841398565582,"","","","","","","","","","","",""
8606,"2026-08-05 14:27:34.443806","val",25,"","",0.8116729169360748,0.27861597224492873,0.6561584158415842,0.6790458305791103,0.8039513677811551,0.31016042780748665,0.7651991614255764,0.631578947368421,0.7593619972260749,0.5912280701754385,0.827506796737566,0.6872772353943902
8620,"2026-08-05 14:27:45.741845","train",26,1.4383736848831177,0.0009594153240351745,"","","","","","","","","","","",""
8640,"2026-08-05 14:27:46.521419","train",26,0.485618531703949,0.0009606289118689515,"","","","","","","","","","","",""
8660,"2026-08-05 14:27:47.338201","train",26,0.43258681893348694,0.0009618248547598799,"","","","","","","","","","","",""
8680,"2026-08-05 14:27:48.126924","train",26,0.33275777101516724,0.0009630031048165405,"","","","","","","","","","","",""
8700,"2026-08-05 14:27:49.030045","train",26,1.3688342571258545,0.0009641636148560219,"","","","","","","","","","","",""
8720,"2026-08-05 14:27:49.836052","train",26,0.2241077572107315,0.00096530633840581,"","","","","","","","","","","",""
8740,"2026-08-05 14:27:50.696144","train",26,0.30504608154296875,0.0009664312297056489,"","","","","","","","","","","",""
8760,"2026-08-05 14:27:51.509087","train",26,1.9029134511947632,0.0009675382437093735,"","","","","","","","","","","",""
8780,"2026-08-05 14:27:52.335404","train",26,0.5474188327789307,0.0009686273360867137,"","","","","","","","","","","",""
8800,"2026-08-05 14:27:53.199013","train",26,1.0991191864013672,0.0009696984632250685,"","","","","","","","","","","",""
8820,"2026-08-05 14:27:54.033012","train",26,0.6888551712036133,0.0009707515822312537,"","","","","","","","","","","",""
8840,"2026-08-05 14:27:54.895293","train",26,0.32429832220077515,0.000971786650933219,"","","","","","","","","","","",""
8860,"2026-08-05 14:27:55.760650","train",26,1.0871953964233398,0.0009728036278817365,"","","","","","","","","","","",""
8880,"2026-08-05 14:27:56.575411","train",26,0.602022647857666,0.0009738024723520612,"","","","","","","","","","","",""
8900,"2026-08-05 14:27:57.363974","train",26,1.3050048351287842,0.0009747831443455613,"","","","","","","","","","","",""
8920,"2026-08-05 14:27:58.325412","train",26,1.0340180397033691,0.0009757456045913201,"","","","","","","","","","","",""
8937,"2026-08-05 14:28:14.848521","val",26,"","",0.8068020173283331,0.2677799217605074,0.6685940594059406,0.6793678291991073,0.8031914893617021,0.3129973474801061,0.7568134171907757,0.631578947368421,0.7508090614886731,0.6070175438596491,0.824164401087478,0.6888269022160236
8940,"2026-08-05 14:28:25.398851","train",27,1.3739852905273438,0.0009766898145477088,"","","","","","","","","","","",""
8960,"2026-08-05 14:28:26.251218","train",27,0.5012462139129639,0.0009776157364039294,"","","","","","","","","","","",""
8980,"2026-08-05 14:28:27.072835","train",27,0.4458199143409729,0.0009785233330815294,"","","","","","","","","","","",""
9000,"2026-08-05 14:28:27.958841","train",27,0.8480273485183716,0.000979412568235886,"","","","","","","","","","","",""
9020,"2026-08-05 14:28:28.845285","train",27,1.0870075225830078,0.000980283406257662,"","","","","","","","","","","",""
9040,"2026-08-05 14:28:29.687312","train",27,0.7596350312232971,0.0009811358122742322,"","","","","","","","","","","",""
9060,"2026-08-05 14:28:30.520554","train",27,0.27097541093826294,0.0009819697521510783,"","","","","","","","","","","",""
9080,"2026-08-05 14:28:31.419546","train",27,0.6135678887367249,0.0009827851924931572,"","","","","","","","","","","",""
9100,"2026-08-05 14:28:32.256888","train",27,0.5488790273666382,0.0009835821006462383,"","","","","","","","","","","",""
9120,"2026-08-05 14:28:33.134247","train",27,0.3002965450286865,0.0009843604446982104,"","","","","","","","","","","",""
9140,"2026-08-05 14:28:33.985061","train",27,0.29104071855545044,0.00098512019348036,"","","","","","","","","","","",""
9160,"2026-08-05 14:28:34.775827","train",27,0.574928879737854,0.0009858613165686192,"","","","","","","","","","","",""
9180,"2026-08-05 14:28:35.561813","train",27,1.1502292156219482,0.0009865837842847848,"","","","","","","","","","","",""
9200,"2026-08-05 14:28:36.421889","train",27,0.38973894715309143,0.0009872875676977054,"","","","","","","","","","","",""
9220,"2026-08-05 14:28:37.250452","train",27,0.7410910129547119,0.0009879726386244417,"","","","","","","","","","","",""
9240,"2026-08-05 14:28:38.081074","train",27,0.6263369917869568,0.0009886389696313932,"","","","","","","","","","","",""
9260,"2026-08-05 14:28:39.009101","train",27,1.4788508415222168,0.0009892865340353984,"","","","","","","","","","","",""
9268,"2026-08-05 14:28:55.017117","val",27,"","",0.8215526531316005,0.2936811303864505,0.7066930693069307,0.7213614587582963,0.4886018237082067,0.209165687426557,0.7568134171907757,0.5614035087719298,0.764678687008784,0.612280701754386,0.8407164561010715,0.7505036417170309
9280,"2026-08-05 14:29:06.068522","train",28,1.3804172277450562,0.0009899153059048022,"","","","","","","","","","","",""
9300,"2026-08-05 14:29:06.893271","train",28,0.3548629879951477,0.000990525260060495,"","","","","","","","","","","",""
9320,"2026-08-05 14:29:07.760654","train",28,0.7552356123924255,0.0009911163720769207,"","","","","","","","","","","",""
9340,"2026-08-05 14:29:08.634147","train",28,0.2573431730270386,0.0009916886182830546,"","","","","","","","","","","",""
9360,"2026-08-05 14:29:09.494664","train",28,1.0609607696533203,0.0009922419757633523,"","","","","","","","","","","",""
9380,"2026-08-05 14:29:10.317030","train",28,1.0943022966384888,0.0009927764223586657,"","","","","","","","","","","",""
9400,"2026-08-05 14:29:11.271927","train",28,1.3902196884155273,0.000993291936667132,"","","","","","","","","","","",""
9420,"2026-08-05 14:29:12.086562","train",28,0.23374208807945251,0.0009937884980450297,"","","","","","","","","","","",""
9440,"2026-08-05 14:29:12.941597","train",28,0.28665822744369507,0.0009942660866076058,"","","","","","","","","","","",""
9460,"2026-08-05 14:29:13.759601","train",28,0.2525392472743988,0.0009947246832298715,"","","","","","","","","","","",""
9480,"2026-08-05 14:29:14.657251","train",28,0.5790843963623047,0.000995164269547369,"","","","","","","","","","","",""
9500,"2026-08-05 14:29:15.454985","train",28,0.3427489995956421,0.0009955848279569056,"","","","","","","","","","","",""
9520,"2026-08-05 14:29:16.243496","train",28,0.5986875295639038,0.0009959863416172602,"","","","","","","","","","","",""
9540,"2026-08-05 14:29:17.133229","train",28,0.6398124098777771,0.0009963687944498565,"","","","","","","","","","","",""
9560,"2026-08-05 14:29:18.030516","train",28,1.1094027757644653,0.0009967321711394069,"","","","","","","","","","","",""
9580,"2026-08-05 14:29:18.929787","train",28,0.4958190619945526,0.0009970764571345266,"","","","","","","","","","","",""
9599,"2026-08-05 14:29:35.606787","val",28,"","",0.8162851847062375,0.2851342148300421,0.6944950495049504,0.6790895659361728,0.6527355623100304,0.2593192868719611,0.7547169811320755,0.5789473684210527,0.7521960240406842,0.5859649122807018,0.8350391811930273,0.7319076398574307
9600,"2026-08-05 14:29:46.248352","train",29,0.5324695110321045,0.0009974016386483156,"","","","","","","","","","","",""
9620,"2026-08-05 14:29:47.110836","train",29,0.6156268119812012,0.0009977077026589113,"","","","","","","","","","","",""
9640,"2026-08-05 14:29:47.885736","train",29,0.7387486100196838,0.0009979946369100096,"","","","","","","","","","","",""
9660,"2026-08-05 14:29:48.719154","train",29,1.8027896881103516,0.0009982624299113554,"","","","","","","","","","","",""
9680,"2026-08-05 14:29:49.584676","train",29,0.9611952900886536,0.0009985110709392038,"","","","","","","","","","","",""
9700,"2026-08-05 14:29:50.473824","train",29,0.8690769076347351,0.000998740550036748,"","","","","","","","","","","",""
9720,"2026-08-05 14:29:51.313583","train",29,0.3162672519683838,0.0009989508580145199,"","","","","","","","","","","",""
9740,"2026-08-05 14:29:52.151817","train",29,0.4355366826057434,0.0009991419864507562,"","","","","","","","","","","",""
9760,"2026-08-05 14:29:52.998846","train",29,0.19936347007751465,0.000999313927691737,"","","","","","","","","","","",""
9780,"2026-08-05 14:29:53.837060","train",29,0.6092787384986877,0.0009994666748520916,"","","","","","","","","","","",""
9800,"2026-08-05 14:29:54.775938","train",29,0.9985517263412476,0.0009996002218150746,"","","","","","","","","","","",""
9820,"2026-08-05 14:29:55.725591","train",29,0.7754715085029602,0.0009997145632328103,"","","","","","","","","","","",""
9840,"2026-08-05 14:29:56.597190","train",29,1.7820271253585815,0.0009998096945265079,"","","","","","","","","","","",""
9860,"2026-08-05 14:29:57.459745","train",29,0.45997005701065063,0.0009998856118866436,"","","","","","","","","","","",""
9880,"2026-08-05 14:29:58.371220","train",29,0.8428988456726074,0.000999942312273114,"","","","","","","","","","","",""
9900,"2026-08-05 14:29:59.239222","train",29,1.03096342086792,0.0009999797934153573,"","","","","","","","","","","",""
9920,"2026-08-05 14:30:00.064187","train",29,0.2854291796684265,0.000999998053812445,"","","","","","","","","","","",""
9930,"2026-08-05 14:30:16.574865","val",29,"","",0.8133195396353292,0.27243945454649254,0.6934653465346534,0.7080949647341195,0.5851063829787234,0.22662889518413598,0.761006289308176,0.631578947368421,0.7572815533980582,0.6175438596491228,0.8285303054533824,0.7168758716875872
9940,"2026-08-05 14:30:27.430092","train",30,0.640784740447998,0.0009999994438765105,"","","","","","","","","","","",""
9960,"2026-08-05 14:30:28.264964","train",30,0.8924188017845154,0.0009999955831902017,"","","","","","","","","","","",""
9980,"2026-08-05 14:30:29.176101","train",30,0.5734685659408569,0.0009999880456884277,"","","","","","","","","","","",""
10000,"2026-08-05 14:30:29.991542","train",30,0.2512124180793762,0.0009999768314266173,"","","","","","","","","","","",""
10020,"2026-08-05 14:30:30.787628","train",30,0.6233655214309692,0.0009999619404872366,"","","","","","","","","","","",""
10040,"2026-08-05 14:30:31.657266","train",30,1.2804296016693115,0.00099994337297979,"","","","","","","","","","","",""
10060,"2026-08-05 14:30:32.547832","train",30,0.5884228348731995,0.0009999211290408175,"","","","","","","","","","","",""
10080,"2026-08-05 14:30:33.361329","train",30,0.8046789765357971,0.000999895208833895,"","","","","","","","","","","",""
10100,"2026-08-05 14:30:34.182941","train",30,0.4865947961807251,0.000999865612549633,"","","","","","","","","","","",""
10120,"2026-08-05 14:30:35.000457","train",30,0.9731060266494751,0.000999832340405674,"","","","","","","","","","","",""
10140,"2026-08-05 14:30:35.838043","train",30,0.3071174621582031,0.000999795392646692,"","","","","","","","","","","",""
10160,"2026-08-05 14:30:36.676739","train",30,0.4499276578426361,0.0009997547695443914,"","","","","","","","","","","",""
10180,"2026-08-05 14:30:37.531962","train",30,1.4176251888275146,0.0009997104713975026,"","","","","","","","","","","",""
10200,"2026-08-05 14:30:38.451274","train",30,0.6785569787025452,0.0009996624985317824,"","","","","","","","","","","",""
10220,"2026-08-05 14:30:39.264744","train",30,0.7351832389831543,0.0009996108513000098,"","","","","","","","","","","",""
10240,"2026-08-05 14:30:40.104736","train",30,0.37124550342559814,0.0009995555300819849,"","","","","","","","","","","",""
10260,"2026-08-05 14:30:40.902941","train",30,0.845233678817749,0.0009994965352845243,"","","","","","","","","","","",""
10261,"2026-08-05 14:30:56.658590","val",30,"","",0.8268028794344584,0.28122075381421124,0.7309306930693069,0.7242564661603275,0.7834346504559271,0.3198090692124105,0.7400419287211739,0.631578947368421,0.7931114193250115,0.6877192982456141,0.84143611066688,0.7570122423678909
10280,"2026-08-05 14:31:07.972100","train",31,0.7724337577819824,0.0009994338673414596,"","","","","","","","","","","",""
10300,"2026-08-05 14:31:08.818263","train",31,0.6110270023345947,0.0009993675267136336,"","","","","","","","","","","",""
10320,"2026-08-05 14:31:09.682447","train",31,0.45224088430404663,0.000999297513888897,"","","","","","","","","","","",""
10340,"2026-08-05 14:31:10.755493","train",31,0.5968774557113647,0.0009992238293821051,"","","","","","","","","","","",""
10360,"2026-08-05 14:31:11.809141","train",31,0.9791406393051147,0.0009991464737351137,"","","","","","","","","","","",""
10380,"2026-08-05 14:31:12.691413","train",31,0.49795201420783997,0.0009990654475167742,"","","","","","","","","","","",""
10400,"2026-08-05 14:31:13.643153","train",31,0.9969844818115234,0.0009989807513229318,"","","","","","","","","","","",""
10420,"2026-08-05 14:31:14.479104","train",31,0.23353925347328186,0.0009988923857764192,"","","","","","","","","","","",""
10440,"2026-08-05 14:31:15.303673","train",31,0.8376114368438721,0.0009988003515270518,"","","","","","","","","","","",""
10460,"2026-08-05 14:31:16.100895","train",31,0.28875434398651123,0.0009987046492516245,"","","","","","","","","","","",""
10480,"2026-08-05 14:31:17.071595","train",31,0.5602777004241943,0.0009986052796539056,"","","","","","","","","","","",""
10500,"2026-08-05 14:31:17.923648","train",31,0.6997891068458557,0.0009985022434646313,"","","","","","","","","","","",""
10520,"2026-08-05 14:31:18.733342","train",31,1.0131609439849854,0.0009983955414415023,"","","","","","","","","","","",""
10540,"2026-08-05 14:31:19.637867","train",31,0.5183196067810059,0.0009982851743691751,"","","","","","","","","","","",""
10560,"2026-08-05 14:31:20.523729","train",31,1.0107938051223755,0.0009981711430592597,"","","","","","","","","","","",""
10580,"2026-08-05 14:31:21.318292","train",31,0.7335727214813232,0.0009980534483503103,"","","","","","","","","","","",""
10592,"2026-08-05 14:31:37.847605","val",31,"","",0.7916289495236863,0.2379431224129994,0.6252673267326733,0.5934799603443238,0.7051671732522796,0.2706766917293233,0.6855345911949685,0.49122807017543857,0.7473416551086455,0.5175438596491229,0.8113705421397729,0.6587633658763365
10600,"2026-08-05 14:31:48.767374","train",32,1.9853112697601318,0.0009979320911078216,"","","","","","","","","","","",""
10620,"2026-08-05 14:31:49.620057","train",32,0.28588759899139404,0.000997807072224222,"","","","","","","","","","","",""
10640,"2026-08-05 14:31:50.485920","train",32,0.6513670682907104,0.000997678392618865,"","","","","","","","","","","",""
10660,"2026-08-05 14:31:51.288130","train",32,0.7649024128913879,0.000997546053238026,"","","","","","","","","","","",""
10680,"2026-08-05 14:31:52.195086","train",32,0.7585021257400513,0.000997410055054892,"","","","","","","","","","","",""
10700,"2026-08-05 14:31:53.006900","train",32,1.9459316730499268,0.0009972703990695565,"","","","","","","","","","","",""
10720,"2026-08-05 14:31:53.804699","train",32,1.5233073234558105,0.000997127086309011,"","","","","","","","","","","",""
10740,"2026-08-05 14:31:54.704642","train",32,0.6886762380599976,0.0009969801178271384,"","","","","","","","","","","",""
10760,"2026-08-05 14:31:55.507069","train",32,0.6739566922187805,0.0009968294947047046,"","","","","","","","","","","",""
10780,"2026-08-05 14:31:56.335396","train",32,0.27720385789871216,0.0009966752180493503,"","","","","","","","","","","",""
10800,"2026-08-05 14:31:57.298764","train",32,0.8774865865707397,0.0009965172889955837,"","","","","","","","","","","",""
10820,"2026-08-05 14:31:58.136518","train",32,0.33427634835243225,0.0009963557087047722,"","","","","","","","","","","",""
10840,"2026-08-05 14:31:58.975376","train",32,0.6146012544631958,0.0009961904783651323,"","","","","","","","","","","",""
10860,"2026-08-05 14:31:59.831870","train",32,1.0356537103652954,0.000996021599191723,"","","","","","","","","","","",""
10880,"2026-08-05 14:32:00.650677","train",32,0.6814439296722412,0.000995849072426435,"","","","","","","","","","","",""
10900,"2026-08-05 14:32:01.515762","train",32,0.7297104001045227,0.0009956728993379827,"","","","","","","","","","","",""
10920,"2026-08-05 14:32:02.450642","train",32,0.5038793087005615,0.000995493081221895,"","","","","","","","","","","",""
10923,"2026-08-05 14:32:18.811707","val",32,"","",0.8057847321005215,0.2659947609102238,0.6608316831683169,0.6590975077920443,0.7591185410334347,0.29711751662971175,0.7337526205450733,0.543859649122807,0.7549699491447064,0.5947368421052631,0.8240204701743163,0.6931659693165969
10940,"2026-08-05 14:32:30.151259","train",33,0.35197192430496216,0.0009953096194005046,"","","","","","","","","","","",""
10960,"2026-08-05 14:32:31.061990","train",33,0.297420859336853,0.0009951225152229392,"","","","","","","","","","","",""
10980,"2026-08-05 14:32:31.866560","train",33,0.9466000199317932,0.0009949317700651118,"","","","","","","","","","","",""
11000,"2026-08-05 14:32:32.650603","train",33,0.24717295169830322,0.0009947373853297099,"","","","","","","","","","","",""
11020,"2026-08-05 14:32:33.538352","train",33,0.606326162815094,0.0009945393624461855,"","","","","","","","","","","",""
11040,"2026-08-05 14:32:34.471163","train",33,0.86441969871521,0.0009943377028707441,"","","","","","","","","","","",""
11060,"2026-08-05 14:32:35.302685","train",33,0.24755725264549255,0.0009941324080863353,"","","","","","","","","","","",""
11080,"2026-08-05 14:32:36.115737","train",33,1.0258435010910034,0.0009939234796026402,"","","","","","","","","","","",""
11100,"2026-08-05 14:32:36.961687","train",33,1.3197436332702637,0.0009937109189560617,"","","","","","","","","","","",""
11120,"2026-08-05 14:32:37.849656","train",33,0.37044230103492737,0.0009934947277097125,"","","","","","","","","","","",""
11140,"2026-08-05 14:32:38.716364","train",33,0.7439072132110596,0.0009932749074534032,"","","","","","","","","","","",""
11160,"2026-08-05 14:32:39.529576","train",33,0.5144868493080139,0.000993051459803632,"","","","","","","","","","","",""
11180,"2026-08-05 14:32:40.351082","train",33,0.9526037573814392,0.0009928243864035713,"","","","","","","","","","","",""
11200,"2026-08-05 14:32:41.155683","train",33,0.2655324935913086,0.0009925936889230564,"","","","","","","","","","","",""
11220,"2026-08-05 14:32:41.954321","train",33,0.31714481115341187,0.0009923593690585738,"","","","","","","","","","","",""
11240,"2026-08-05 14:32:42.776099","train",33,0.6884573698043823,0.0009921214285332468,"","","","","","","","","","","",""
11254,"2026-08-05 14:32:59.900281","val",33,"","",0.8196215354110091,0.3029591032473017,0.6986930693069306,0.7014630002657685,0.7788753799392097,0.3087885985748218,0.7337526205450733,0.543859649122807,0.7820157189089229,0.6631578947368421,0.8364784903246442,0.7382612738261274
11260,"2026-08-05 14:33:10.660093","train",34,1.0069739818572998,0.0009918798690968247,"","","","","","","","","","","",""
11280,"2026-08-05 14:33:11.472610","train",34,0.6665315628051758,0.0009916346925256698,"","","","","","","","","","","",""
11300,"2026-08-05 14:33:12.333720","train",34,0.446208655834198,0.0009913859006227426,"","","","","","","","","","","",""
11320,"2026-08-05 14:33:13.180592","train",34,0.3083581328392029,0.0009911334952175906,"","","","","","","","","","","",""
11340,"2026-08-05 14:33:14.057283","train",34,1.2118353843688965,0.000990877478166334,"","","","","","","","","","","",""
11360,"2026-08-05 14:33:15.024060","train",34,0.47216591238975525,0.0009906178513516518,"","","","","","","","","","","",""
11380,"2026-08-05 14:33:15.835806","train",34,1.0966418981552124,0.0009903546166827681,"","","","","","","","","","","",""
11400,"2026-08-05 14:33:16.686054","train",34,0.8168426752090454,0.0009900877760954387,"","","","","","","","","","","",""
11420,"2026-08-05 14:33:17.669868","train",34,0.8463224172592163,0.0009898173315519357,"","","","","","","","","","","",""
11440,"2026-08-05 14:33:18.503430","train",34,1.6648284196853638,0.000989543285041034,"","","","","","","","","","","",""
11460,"2026-08-05 14:33:19.617394","train",34,0.42413628101348877,0.0009892656385779965,"","","","","","","","","","","",""
11480,"2026-08-05 14:33:20.448658","train",34,0.4017382562160492,0.0009889843942045588,"","","","","","","","","","","",""
11500,"2026-08-05 14:33:21.390358","train",34,0.3237161636352539,0.000988699553988915,"","","","","","","","","","","",""
11520,"2026-08-05 14:33:22.265062","train",34,1.6294230222702026,0.0009884111200257016,"","","","","","","","","","","",""
11540,"2026-08-05 14:33:23.038858","train",34,0.5299546122550964,0.0009881190944359829,"","","","","","","","","","","",""
11560,"2026-08-05 14:33:23.863595","train",34,0.8516771793365479,0.0009878234793672348,"","","","","","","","","","","",""
11580,"2026-08-05 14:33:24.675917","train",34,1.3447251319885254,0.0009875242769933294,"","","","","","","","","","","",""
11585,"2026-08-05 14:33:40.479400","val",34,"","",0.8246389930600457,0.2788685298303694,0.7178613861386138,0.7117641989391283,0.6322188449848024,0.25077399380804954,0.7379454926624738,0.6140350877192983,0.7718446601941747,0.6614035087719298,0.8464097233328003,0.7542228420889509
11600,"2026-08-05 14:33:51.582884","train",35,0.37814873456954956,0.0009872214895145187,"","","","","","","","","","","",""
11620,"2026-08-05 14:33:52.410878","train",35,0.4549430012702942,0.0009869151191574184,"","","","","","","","","","","",""
11640,"2026-08-05 14:33:53.241866","train",35,0.6509709358215332,0.0009866051681749924,"","","","","","","","","","","",""
11660,"2026-08-05 14:33:54.090781","train",35,0.34913766384124756,0.0009862916388465345,"","","","","","","","","","","",""
11680,"2026-08-05 14:33:54.988010","train",35,0.636406421661377,0.000985974533477654,"","","","","","","","","","","",""
11700,"2026-08-05 14:33:55.824120","train",35,0.2533811330795288,0.0009856538544002562,"","","","","","","","","","","",""
11720,"2026-08-05 14:33:56.820426","train",35,0.9121259450912476,0.000985329603972527,"","","","","","","","","","","",""
11740,"2026-08-05 14:33:57.748679","train",35,0.6332368850708008,0.000985001784578915,"","","","","","","","","","","",""
11760,"2026-08-05 14:33:58.632044","train",35,0.2817555069923401,0.000984670398630114,"","","","","","","","","","","",""
11780,"2026-08-05 14:33:59.508695","train",35,0.41449302434921265,0.000984335448563045,"","","","","","","","","","","",""
11800,"2026-08-05 14:34:00.407657","train",35,0.7050007581710815,0.0009839969368408393,"","","","","","","","","","","",""
11820,"2026-08-05 14:34:01.221563","train",35,1.2072064876556396,0.0009836548659528188,"","","","","","","","","","","",""
11840,"2026-08-05 14:34:02.164065","train",35,0.42018720507621765,0.0009833092384144788,"","","","","","","","","","","",""
11860,"2026-08-05 14:34:02.974431","train",35,0.9766649603843689,0.0009829600567674694,"","","","","","","","","","","",""
11880,"2026-08-05 14:34:03.841264","train",35,0.36464187502861023,0.0009826073235795765,"","","","","","","","","","","",""
11900,"2026-08-05 14:34:04.728397","train",35,0.6621755361557007,0.0009822510414447029,"","","","","","","","","","","",""
11916,"2026-08-05 14:34:21.396817","val",35,"","",0.8310444415707574,0.2967400350209382,0.7316435643564356,0.710189045993267,0.8229483282674772,0.36164383561643837,0.7526205450733752,0.631578947368421,0.7868700878409617,0.6824561403508772,0.8468894930433393,0.7568572756857276
11920,"2026-08-05 14:34:32.177709","train",36,0.3908725380897522,0.0009818912129828496,"","","","","","","","","","","",""
11940,"2026-08-05 14:34:33.053856","train",36,0.5572012662887573,0.0009815278408400966,"","","","","","","","","","","",""
11960,"2026-08-05 14:34:33.882591","train",36,0.6613067984580994,0.0009811609276885824,"","","","","","","","","","","",""
11980,"2026-08-05 14:34:34.733523","train",36,0.2900242209434509,0.0009807904762264856,"","","","","","","","","","","",""
12000,"2026-08-05 14:34:35.553628","train",36,0.4722164273262024,0.0009804164891780048,"","","","","","","","","","","",""
12020,"2026-08-05 14:34:36.447614","train",36,0.9466521739959717,0.0009800389692933376,"","","","","","","","","","","",""
12040,"2026-08-05 14:34:37.361282","train",36,1.5346438884735107,0.000979657919348662,"","","","","","","","","","","",""
12060,"2026-08-05 14:34:38.302623","train",36,0.9408973455429077,0.000979273342146114,"","","","","","","","","","","",""
12080,"2026-08-05 14:34:39.212717","train",36,0.3424077332019806,0.0009788852405137694,"","","","","","","","","","","",""
12100,"2026-08-05 14:34:40.138052","train",36,0.3905598521232605,0.0009784936173056205,"","","","","","","","","","","",""
12120,"2026-08-05 14:34:41.034419","train",36,0.41503673791885376,0.0009780984754015568,"","","","","","","","","","","",""
12140,"2026-08-05 14:34:42.147997","train",36,0.9121371507644653,0.0009776998177073437,"","","","","","","","","","","",""
12160,"2026-08-05 14:34:43.056275","train",36,1.7916204929351807,0.0009772976471546001,"","","","","","","","","","","",""
12180,"2026-08-05 14:34:43.855103","train",36,0.8001605272293091,0.0009768919667007777,"","","","","","","","","","","",""
12200,"2026-08-05 14:34:44.671257","train",36,0.33273056149482727,0.0009764827793291393,"","","","","","","","","","","",""
12220,"2026-08-05 14:34:45.680878","train",36,0.6303189992904663,0.0009760700880487366,"","","","","","","","","","","",""
12240,"2026-08-05 14:34:46.637518","train",36,0.8029190301895142,0.0009756538958943874,"","","","","","","","","","","",""
12247,"2026-08-05 14:35:03.125888","val",36,"","",0.8224406224406223,0.2745433917181198,0.7128712871287128,0.6892942889547993,0.7925531914893617,0.32592592592592595,0.750524109014675,0.5964912280701754,0.7817845584835876,0.6684210526315789,0.836350551735167,0.730667906400124
12260,"2026-08-05 14:35:14.270797","train",37,0.5647623538970947,0.0009752342059266548,"","","","","","","","","","","",""
12280,"2026-08-05 14:35:15.083861","train",37,0.4530225992202759,0.0009748110212318236,"","","","","","","","","","","",""
12300,"2026-08-05 14:35:15.887719","train",37,0.5490687489509583,0.0009743843449218776,"","","","","","","","","","","",""
12320,"2026-08-05 14:35:16.752852","train",37,0.6455729603767395,0.0009739541801344773,"","","","","","","","","","","",""
12340,"2026-08-05 14:35:17.582516","train",37,0.303917795419693,0.0009735205300329363,"","","","","","","","","","","",""
12360,"2026-08-05 14:35:18.463414","train",37,2.2459917068481445,0.0009730833978061985,"","","","","","","","","","","",""
12380,"2026-08-05 14:35:19.402369","train",37,1.2122554779052734,0.000972642786668814,"","","","","","","","","","","",""
12400,"2026-08-05 14:35:20.274095","train",37,0.7452521324157715,0.0009721986998609161,"","","","","","","","","","","",""
12420,"2026-08-05 14:35:21.090384","train",37,0.26484429836273193,0.0009717511406481974,"","","","","","","","","","","",""
12440,"2026-08-05 14:35:21.898997","train",37,0.8039489984512329,0.0009713001123218853,"","","","","","","","","","","",""
12460,"2026-08-05 14:35:22.757048","train",37,0.35283058881759644,0.000970845618198718,"","","","","","","","","","","",""
12480,"2026-08-05 14:35:23.652588","train",37,0.716917097568512,0.0009703876616209208,"","","","","","","","","","","",""
12500,"2026-08-05 14:35:24.495465","train",37,0.4860675036907196,0.0009699262459561803,"","","","","","","","","","","",""
12520,"2026-08-05 14:35:25.374432","train",37,0.2688259184360504,0.0009694613745976206,"","","","","","","","","","","",""
12540,"2026-08-05 14:35:26.286070","train",37,0.9029912948608398,0.0009689930509637781,"","","","","","","","","","","",""
12560,"2026-08-05 14:35:27.119848","train",37,1.0399470329284668,0.000968521278498576,"","","","","","","","","","","",""
12578,"2026-08-05 14:35:43.661008","val",37,"","",0.8385663175136859,0.28766299284340635,0.7409108910891089,0.7435492424953654,0.6132218844984803,0.2525697503671072,0.8155136268343814,0.8070175438596491,0.767799352750809,0.6578947368421053,0.8529665760434992,0.7545327754532776
12580,"2026-08-05 14:35:54.449753","train",38,0.47289401292800903,0.0009680460606712997,"","","","","","","","","","","",""
12600,"2026-08-05 14:35:55.296703","train",38,1.2436347007751465,0.0009675674009765701,"","","","","","","","","","","",""
12620,"2026-08-05 14:35:56.171460","train",38,0.32289251685142517,0.0009670853029343196,"","","","","","","","","","","",""
12640,"2026-08-05 14:35:57.114550","train",38,0.3928436040878296,0.0009665997700897644,"","","","","","","","","","","",""
12660,"2026-08-05 14:35:57.971736","train",38,0.4590352177619934,0.0009661108060133798,"","","","","","","","","","","",""
12680,"2026-08-05 14:35:58.786967","train",38,0.204640731215477,0.0009656184143008733,"","","","","","","","","","","",""
12700,"2026-08-05 14:35:59.619433","train",38,1.3282723426818848,0.0009651225985731584,"","","","","","","","","","","",""
12720,"2026-08-05 14:36:00.584352","train",38,0.6632893681526184,0.0009646233624763276,"","","","","","","","","","","",""
12740,"2026-08-05 14:36:01.593818","train",38,0.41473081707954407,0.000964120709681626,"","","","","","","","","","","",""
12760,"2026-08-05 14:36:02.521715","train",38,0.45219436287879944,0.0009636146438854244,"","","","","","","","","","","",""
12780,"2026-08-05 14:36:03.331768","train",38,1.1914145946502686,0.0009631051688091915,"","","","","","","","","","","",""
12800,"2026-08-05 14:36:04.185112","train",38,0.2381020188331604,0.0009625922881994671,"","","","","","","","","","","",""
12820,"2026-08-05 14:36:05.007254","train",38,1.0030890703201294,0.0009620760058278342,"","","","","","","","","","","",""
12840,"2026-08-05 14:36:05.816166","train",38,0.8078738451004028,0.0009615563254908915,"","","","","","","","","","","",""
12860,"2026-08-05 14:36:06.652344","train",38,1.1810729503631592,0.0009610332510102259,"","","","","","","","","","","",""
12880,"2026-08-05 14:36:07.542616","train",38,0.6897965669631958,0.0009605067862323829,"","","","","","","","","","","",""
12900,"2026-08-05 14:36:08.372054","train",38,0.5479445457458496,0.0009599769350288401,"","","","","","","","","","","",""
12909,"2026-08-05 14:36:24.654869","val",38,"","",0.8322513901461269,0.30691418984544433,0.7477227722772277,0.7409573518919149,0.7978723404255319,0.3282828282828283,0.8050314465408805,0.8070175438596491,0.8007397133610727,0.724561403508772,0.8386854309931233,0.7514334418100108
12920,"2026-08-05 14:36:35.659641","train",39,1.5303380489349365,0.0009594437012959778,"","","","","","","","","","","",""
12940,"2026-08-05 14:36:36.455429","train",39,0.7213853001594543,0.0009589070889550502,"","","","","","","","","","","",""
12960,"2026-08-05 14:36:37.309885","train",39,0.7804511785507202,0.000958367101952157,"","","","","","","","","","","",""
12980,"2026-08-05 14:36:38.195905","train",39,0.28724056482315063,0.0009578237442582146,"","","","","","","","","","","",""
13000,"2026-08-05 14:36:39.037242","train",39,1.0254374742507935,0.000957277019868926,"","","","","","","","","","","",""
13020,"2026-08-05 14:36:39.990515","train",39,1.0014479160308838,0.0009567269328047523,"","","","","","","","","","","",""
13040,"2026-08-05 14:36:40.991569","train",39,2.3526182174682617,0.0009561734871108825,"","","","","","","","","","","",""
13060,"2026-08-05 14:36:41.973378","train",39,0.37168291211128235,0.0009556166868572042,"","","","","","","","","","","",""
13080,"2026-08-05 14:36:42.760078","train",39,0.5449702739715576,0.0009550565361382738,"","","","","","","","","","","",""
13100,"2026-08-05 14:36:43.588283","train",39,1.1654185056686401,0.0009544930390732855,"","","","","","","","","","","",""
13120,"2026-08-05 14:36:44.555600","train",39,1.0078775882720947,0.0009539261998060421,"","","","","","","","","","","",""
13140,"2026-08-05 14:36:45.464770","train",39,0.9919133186340332,0.0009533560225049236,"","","","","","","","","","","",""
13160,"2026-08-05 14:36:46.302047","train",39,0.7363242506980896,0.0009527825113628578,"","","","","","","","","","","",""
13180,"2026-08-05 14:36:47.152313","train",39,0.46689456701278687,0.0009522056705972876,"","","","","","","","","","","",""
13200,"2026-08-05 14:36:47.985429","train",39,0.5290509462356567,0.0009516255044501416,"","","","","","","","","","","",""
13220,"2026-08-05 14:36:48.855313","train",39,1.1092095375061035,0.0009510420171878024,"","","","","","","","","","","",""
13240,"2026-08-05 14:36:49.598035","train",39,0.2802011966705322,0.0009504552131010752,"","","","","","","","","","","",""
13240,"2026-08-05 14:37:05.331774","val",39,"","",0.8339669813354024,0.31265569352824196,0.7419405940594059,0.739519962240404,0.7469604863221885,0.2959830866807611,0.8301886792452831,0.8596491228070176,0.7850208044382802,0.6929824561403509,0.8437390052774668,0.7515884084921742
13260,"2026-08-05 14:37:16.609272","train",40,1.1950416564941406,0.0009498650965051557,"","","","","","","","","","","",""
13280,"2026-08-05 14:37:17.543297","train",40,1.8609545230865479,0.0009492716717395995,"","","","","","","","","","","",""
13300,"2026-08-05 14:37:18.403206","train",40,0.3609752058982849,0.0009486749431682892,"","","","","","","","","","","",""
13320,"2026-08-05 14:37:19.345663","train",40,0.3540336489677429,0.0009480749151794029,"","","","","","","","","","","",""
13340,"2026-08-05 14:37:20.361092","train",40,0.3039514422416687,0.0009474715921853814,"","","","","","","","","","","",""
13360,"2026-08-05 14:37:21.284287","train",40,0.2906831204891205,0.0009468649786228965,"","","","","","","","","","","",""
13380,"2026-08-05 14:37:22.257310","train",40,0.8848544955253601,0.0009462550789528177,"","","","","","","","","","","",""
13400,"2026-08-05 14:37:23.121018","train",40,0.4029260277748108,0.0009456418976601794,"","","","","","","","","","","",""
13420,"2026-08-05 14:37:23.963125","train",40,0.7978284358978271,0.0009450254392541485,"","","","","","","","","","","",""
13440,"2026-08-05 14:37:24.822874","train",40,0.5447863340377808,0.0009444057082679911,"","","","","","","","","","","",""
13460,"2026-08-05 14:37:25.804045","train",40,0.6436931490898132,0.0009437827092590381,"","","","","","","","","","","",""
13480,"2026-08-05 14:37:26.739423","train",40,0.8679159283638,0.0009431564468086533,"","","","","","","","","","","",""
13500,"2026-08-05 14:37:27.729407","train",40,0.21864116191864014,0.0009425269255221989,"","","","","","","","","","","",""
13520,"2026-08-05 14:37:28.642521","train",40,0.6377143859863281,0.0009418941500290012,"","","","","","","","","","","",""
13540,"2026-08-05 14:37:29.453482","train",40,0.9851785898208618,0.0009412581249823178,"","","","","","","","","","","",""
13560,"2026-08-05 14:37:30.276803","train",40,0.35398468375205994,0.0009406188550593017,"","","","","","","","","","","",""
13571,"2026-08-05 14:37:46.944167","val",40,"","",0.8378205957153326,0.295043942612091,0.7566732673267327,0.7608573284400405,0.6139817629179332,0.2485207100591716,0.790356394129979,0.7368421052631579,0.7776236708275543,0.6877192982456141,0.8539421077882616,0.7827367116070045
13580,"2026-08-05 14:37:57.890962","train",41,0.3850603699684143,0.0009399763449609687,"","","","","","","","","","","",""
13600,"2026-08-05 14:37:58.790369","train",41,1.1731624603271484,0.0009393305994121612,"","","","","","","","","","","",""
13620,"2026-08-05 14:37:59.630988","train",41,0.32929497957229614,0.0009386816231615149,"","","","","","","","","","","",""
13640,"2026-08-05 14:38:00.457258","train",41,0.2928784489631653,0.0009380294209814227,"","","","","","","","","","","",""
13660,"2026-08-05 14:38:01.326394","train",41,0.34492629766464233,0.0009373739976680003,"","","","","","","","","","","",""
13680,"2026-08-05 14:38:02.150956","train",41,1.4890201091766357,0.0009367153580410509,"","","","","","","","","","","",""
13700,"2026-08-05 14:38:03.003344","train",41,1.2138311862945557,0.0009360535069440291,"","","","","","","","","","","",""
13720,"2026-08-05 14:38:03.899624","train",41,0.6176174879074097,0.0009353884492440061,"","","","","","","","","","","",""
13740,"2026-08-05 14:38:04.772970","train",41,0.6227814555168152,0.0009347201898316339,"","","","","","","","","","","",""
13760,"2026-08-05 14:38:05.634343","train",41,1.2370860576629639,0.0009340487336211081,"","","","","","","","","","","",""
13780,"2026-08-05 14:38:06.531189","train",41,1.2347456216812134,0.0009333740855501337,"","","","","","","","","","","",""
13800,"2026-08-05 14:38:07.376174","train",41,0.3269689977169037,0.0009326962505798869,"","","","","","","","","","","",""
13820,"2026-08-05 14:38:08.262729","train",41,0.31056690216064453,0.0009320152336949803,"","","","","","","","","","","",""
13840,"2026-08-05 14:38:09.179313","train",41,0.4901830554008484,0.0009313310399034245,"","","","","","","","","","","",""
13860,"2026-08-05 14:38:10.011074","train",41,0.34720009565353394,0.0009306436742365932,"","","","","","","","","","","",""
13880,"2026-08-05 14:38:10.833446","train",41,0.7162051200866699,0.0009299531417491844,"","","","","","","","","","","",""
13900,"2026-08-05 14:38:11.666094","train",41,1.7385212182998657,0.0009292594475191842,"","","","","","","","","","","",""
13902,"2026-08-05 14:38:27.638230","val",41,"","",0.8207853786801155,0.2795814226723815,0.716039603960396,0.7213638259470617,0.7142857142857143,0.27692307692307694,0.7756813417190775,0.7017543859649122,0.7780859916782247,0.6894736842105263,0.8310730849192388,0.7184255385092205
13920,"2026-08-05 14:38:38.885053","train",42,0.31689515709877014,0.0009285625966478298,"","","","","","","","","","","",""
13940,"2026-08-05 14:38:39.765262","train",42,0.4886816143989563,0.000927862594259571,"","","","","","","","","","","",""
13960,"2026-08-05 14:38:40.648301","train",42,0.2840060889720917,0.0009271594455020328,"","","","","","","","","","","",""
13980,"2026-08-05 14:38:41.504147","train",42,0.2646442949771881,0.0009264531555459782,"","","","","","","","","","","",""
14000,"2026-08-05 14:38:42.391609","train",42,0.5115998983383179,0.0009257437295852696,"","","","","","","","","","","",""
14020,"2026-08-05 14:38:43.233912","train",42,0.9482513070106506,0.0009250311728368303,"","","","","","","","","","","",""
14040,"2026-08-05 14:38:44.109177","train",42,0.8547759652137756,0.0009243154905406074,"","","","","","","","","","","",""
14060,"2026-08-05 14:38:45.010049","train",42,1.6798889636993408,0.0009235966879595315,"","","","","","","","","","","",""
14080,"2026-08-05 14:38:45.825433","train",42,0.7189888954162598,0.0009228747703794797,"","","","","","","","","","","",""
14100,"2026-08-05 14:38:46.641181","train",42,0.8204326629638672,0.0009221497431092351,"","","","","","","","","","","",""
14120,"2026-08-05 14:38:47.460719","train",42,0.3194732069969177,0.0009214216114804494,"","","","","","","","","","","",""
14140,"2026-08-05 14:38:48.289323","train",42,0.23695147037506104,0.0009206903808476026,"","","","","","","","","","","",""
14160,"2026-08-05 14:38:49.121829","train",42,2.032841920852661,0.0009199560565879638,"","","","","","","","","","","",""
14180,"2026-08-05 14:38:49.987821","train",42,0.8757232427597046,0.0009192186441015519,"","","","","","","","","","","",""
14200,"2026-08-05 14:38:50.877914","train",42,0.44046488404273987,0.0009184781488110958,"","","","","","","","","","","",""
14220,"2026-08-05 14:38:51.680027","train",42,0.7982807755470276,0.0009177345761619945,"","","","","","","","","","","",""
14233,"2026-08-05 14:39:07.977793","val",42,"","",0.8289926289926289,0.2909887615679703,0.722059405940594,0.7333211891839774,0.7682370820668692,0.3052391799544419,0.8029350104821803,0.7192982456140351,0.7958853444290337,0.6982456140350877,0.834447465216696,0.7213699054703239
14240,"2026-08-05 14:39:18.733140","train",43,0.40656447410583496,0.0009169879316222769,"","","","","","","","","","","",""
14260,"2026-08-05 14:39:19.612087","train",43,1.5608291625976562,0.0009162382206825618,"","","","","","","","","","","",""
14280,"2026-08-05 14:39:20.499599","train",43,0.3208795189857483,0.0009154854488560177,"","","","","","","","","","","",""
14300,"2026-08-05 14:39:21.333509","train",43,0.4686235189437866,0.0009147296216783218,"","","","","","","","","","","",""
14320,"2026-08-05 14:39:22.160153","train",43,0.6505454778671265,0.0009139707447076194,"","","","","","","","","","","",""
14340,"2026-08-05 14:39:22.974606","train",43,0.5064693093299866,0.0009132088235244833,"","","","","","","","","","","",""
14360,"2026-08-05 14:39:23.779764","train",43,0.7064639925956726,0.0009124438637318727,"","","","","","","","","","","",""
14380,"2026-08-05 14:39:24.709624","train",43,0.3735949993133545,0.0009116758709550918,"","","","","","","","","","","",""
14400,"2026-08-05 14:39:25.471625","train",43,1.05885910987854,0.0009109048508417484,"","","","","","","","","","","",""
14420,"2026-08-05 14:39:26.288308","train",43,0.9945952296257019,0.0009101308090617127,"","","","","","","","","","","",""
14440,"2026-08-05 14:39:27.158761","train",43,0.7027139663696289,0.0009093537513070753,"","","","","","","","","","","",""
14460,"2026-08-05 14:39:27.992727","train",43,1.198864221572876,0.0009085736832921053,"","","","","","","","","","","",""
14480,"2026-08-05 14:39:28.828600","train",43,0.4812789559364319,0.0009077906107532089,"","","","","","","","","","","",""
14500,"2026-08-05 14:39:29.762655","train",43,0.2889916002750397,0.0009070045394488863,"","","","","","","","","","","",""
14520,"2026-08-05 14:39:30.611370","train",43,0.8955060243606567,0.00090621547515969,"","","","","","","","","","","",""
14540,"2026-08-05 14:39:31.440993","train",43,0.3200957775115967,0.0009054234236881818,"","","","","","","","","","","",""
14560,"2026-08-05 14:39:32.252150","train",43,0.7923523187637329,0.000904628390858891,"","","","","","","","","","","",""
14564,"2026-08-05 14:39:48.205270","val",43,"","",0.8293633346264925,0.28262619274291517,0.7344158415841584,0.74811626461496,0.8404255319148937,0.34375,0.8113207547169812,0.7543859649122807,0.8016643550624133,0.724561403508772,0.834015672477211,0.7300480396714706
14580,"2026-08-05 14:39:59.335064","train",44,0.38628119230270386,0.0009038303825182704,"","","","","","","","","","","",""
14600,"2026-08-05 14:40:00.132978","train",44,0.48879578709602356,0.0009030294045346542,"","","","","","","","","","","",""
14620,"2026-08-05 14:40:00.950547","train",44,1.308834433555603,0.0009022254627982146,"","","","","","","","","","","",""
14640,"2026-08-05 14:40:01.840635","train",44,0.5835740566253662,0.0009014185632209181,"","","","","","","","","","","",""
14660,"2026-08-05 14:40:02.720381","train",44,0.43316125869750977,0.0009006087117364825,"","","","","","","","","","","",""
14680,"2026-08-05 14:40:03.559750","train",44,1.5951555967330933,0.0008997959143003334,"","","","","","","","","","","",""
14700,"2026-08-05 14:40:04.390690","train",44,0.9644781351089478,0.0008989801768895595,"","","","","","","","","","","",""
14720,"2026-08-05 14:40:05.238260","train",44,0.36031457781791687,0.0008981615055028701,"","","","","","","","","","","",""
14740,"2026-08-05 14:40:06.026175","train",44,0.4629972577095032,0.0008973399061605493,"","","","","","","","","","","",""
14760,"2026-08-05 14:40:06.808739","train",44,0.9877240657806396,0.0008965153849044133,"","","","","","","","","","","",""
14780,"2026-08-05 14:40:07.633674","train",44,0.3914327919483185,0.0008956879477977646,"","","","","","","","","","","",""
14800,"2026-08-05 14:40:08.535763","train",44,0.7611455917358398,0.0008948576009253486,"","","","","","","","","","","",""
14820,"2026-08-05 14:40:09.376138","train",44,0.7381686568260193,0.000894024350393308,"","","","","","","","","","","",""
14840,"2026-08-05 14:40:10.369968","train",44,0.3902280330657959,0.0008931882023291385,"","","","","","","","","","","",""
14860,"2026-08-05 14:40:11.158101","train",44,0.6241527199745178,0.0008923491628816432,"","","","","","","","","","","",""
14880,"2026-08-05 14:40:12.018218","train",44,0.287676602602005,0.0008915072382208876,"","","","","","","","","","","",""
14895,"2026-08-05 14:40:28.696233","val",44,"","",0.8367170998749945,0.2913187428539612,0.7466930693069307,0.7472342231412992,0.5653495440729484,0.23324396782841822,0.8197064989517819,0.8070175438596491,0.7787794729542302,0.6701754385964912,0.848632656324964,0.7604215093754843
14900,"2026-08-05 14:40:39.498319","train",45,0.5030866861343384,0.0008906624345381544,"","","","","","","","","","","",""
14920,"2026-08-05 14:40:40.399384","train",45,0.7288446426391602,0.0008898147580458979,"","","","","","","","","","","",""
14940,"2026-08-05 14:40:41.299598","train",45,0.37044888734817505,0.0008889642149776983,"","","","","","","","","","","",""
14960,"2026-08-05 14:40:42.137019","train",45,0.442879855632782,0.0008881108115882154,"","","","","","","","","","","",""
14980,"2026-08-05 14:40:42.925782","train",45,1.8770320415496826,0.0008872545541531435,"","","","","","","","","","","",""
15000,"2026-08-05 14:40:43.788084","train",45,0.5135404467582703,0.0008863954489691645,"","","","","","","","","","","",""
15020,"2026-08-05 14:40:44.759242","train",45,0.9462274312973022,0.0008855335023539018,"","","","","","","","","","","",""
15040,"2026-08-05 14:40:45.633955","train",45,1.4967491626739502,0.0008846687206458744,"","","","","","","","","","","",""
15060,"2026-08-05 14:40:46.547772","train",45,0.9367715120315552,0.000883801110204449,"","","","","","","","","","","",""
15080,"2026-08-05 14:40:47.361695","train",45,0.3258117437362671,0.0008829306774097949,"","","","","","","","","","","",""
15100,"2026-08-05 14:40:48.267553","train",45,1.2500760555267334,0.0008820574286628353,"","","","","","","","","","","",""
15120,"2026-08-05 14:40:49.080810","train",45,0.4097072184085846,0.000881181370385202,"","","","","","","","","","","",""
15140,"2026-08-05 14:40:49.885066","train",45,1.1709187030792236,0.0008803025090191867,"","","","","","","","","","","",""
15160,"2026-08-05 14:40:50.723464","train",45,0.3735894560813904,0.0008794208510276945,"","","","","","","","","","","",""
15180,"2026-08-05 14:40:51.577945","train",45,0.6401389837265015,0.0008785364028941962,"","","","","","","","","","","",""
15200,"2026-08-05 14:40:52.400170","train",45,0.7155442237854004,0.0008776491711226802,"","","","","","","","","","","",""
15220,"2026-08-05 14:40:53.199274","train",45,0.5290201902389526,0.0008767591622376055,"","","","","","","","","","","",""
15226,"2026-08-05 14:41:09.177019","val",45,"","",0.8220871589292642,0.2824592307611923,0.7211089108910891,0.6959194157791158,0.7256838905775076,0.2879684418145957,0.790356394129979,0.7192982456140351,0.7565880721220527,0.6385964912280702,0.8397729090036783,0.7477142414380908
15240,"2026-08-05 14:41:20.298774","train",46,0.7872346639633179,0.0008758663827838528,"","","","","","","","","","","",""
15260,"2026-08-05 14:41:21.103046","train",46,0.2019432783126831,0.000874970839326677,"","","","","","","","","","","",""
15280,"2026-08-05 14:41:21.876624","train",46,0.4323395788669586,0.0008740725384516586,"","","","","","","","","","","",""
15300,"2026-08-05 14:41:22.744718","train",46,0.28811749815940857,0.0008731714867646554,"","","","","","","","","","","",""
15320,"2026-08-05 14:41:23.618017","train",46,0.8925127387046814,0.0008722676908917545,"","","","","","","","","","","",""
15340,"2026-08-05 14:41:24.477916","train",46,0.3825489282608032,0.0008713611574792219,"","","","","","","","","","","",""
15360,"2026-08-05 14:41:25.292074","train",46,0.976783275604248,0.0008704518931934557,"","","","","","","","","","","",""
15380,"2026-08-05 14:41:26.074337","train",46,1.6749935150146484,0.0008695399047209353,"","","","","","","","","","","",""
15400,"2026-08-05 14:41:26.958601","train",46,1.1862303018569946,0.0008686251987681736,"","","","","","","","","","","",""
15420,"2026-08-05 14:41:27.807443","train",46,0.24878300726413727,0.0008677077820616671,"","","","","","","","","","","",""
15440,"2026-08-05 14:41:28.655631","train",46,0.9217240810394287,0.000866787661347846,"","","","","","","","","","","",""
15460,"2026-08-05 14:41:29.549798","train",46,0.3354704678058624,0.0008658648433930254,"","","","","","","","","","","",""
15480,"2026-08-05 14:41:30.401841","train",46,1.0409531593322754,0.000864939334983355,"","","","","","","","","","","",""
15500,"2026-08-05 14:41:31.248478","train",46,0.33444005250930786,0.0008640111429247693,"","","","","","","","","","","",""
15520,"2026-08-05 14:41:32.086411","train",46,0.6666175127029419,0.000863080274042938,"","","","","","","","","","","",""
15540,"2026-08-05 14:41:32.893651","train",46,0.25730958580970764,0.0008621467351832148,"","","","","","","","","","","",""
15557,"2026-08-05 14:41:49.363106","val",46,"","",0.8280443122548385,0.2915409554392683,0.7211881188118812,0.752113534718294,0.7264437689969605,0.29411764705882354,0.7882599580712788,0.6666666666666666,0.7686084142394821,0.6035087719298246,0.8407004637773868,0.7455447078878041
15560,"2026-08-05 14:41:59.922450","train",47,0.24892893433570862,0.0008612105332105884,"","","","","","","","","","","",""
15580,"2026-08-05 14:42:00.857388","train",47,0.38613274693489075,0.0008602716750096306,"","","","","","","","","","","",""
15600,"2026-08-05 14:42:01.673735","train",47,0.3857293725013733,0.000859330167484447,"","","","","","","","","","","",""
15620,"2026-08-05 14:42:02.478651","train",47,0.23905283212661743,0.0008583860175586252,"","","","","","","","","","","",""
15640,"2026-08-05 14:42:03.336074","train",47,0.9337002635002136,0.0008574392321751844,"","","","","","","","","","","",""
15660,"2026-08-05 14:42:04.147903","train",47,0.3430066704750061,0.0008564898182965242,"","","","","","","","","","","",""
15680,"2026-08-05 14:42:05.029236","train",47,0.2959582805633545,0.0008555377829043735,"","","","","","","","","","","",""
15700,"2026-08-05 14:42:05.865086","train",47,0.3986787796020508,0.0008545831329997391,"","","","","","","","","","","",""
15720,"2026-08-05 14:42:06.801791","train",47,0.8502577543258667,0.0008536258756028539,"","","","","","","","","","","",""
15740,"2026-08-05 14:42:07.638811","train",47,1.1543841361999512,0.0008526660177531263,"","","","","","","","","","","",""
15760,"2026-08-05 14:42:08.466707","train",47,0.6797993779182434,0.0008517035665090868,"","","","","","","","","","","",""
15780,"2026-08-05 14:42:09.425142","train",47,1.0451642274856567,0.0008507385289483379,"","","","","","","","","","","",""
15800,"2026-08-05 14:42:10.249555","train",47,0.3533868193626404,0.0008497709121675004,"","","","","","","","","","","",""
15820,"2026-08-05 14:42:11.077539","train",47,0.29343512654304504,0.0008488007232821625,"","","","","","","","","","","",""
15840,"2026-08-05 14:42:11.879607","train",47,1.5994268655776978,0.0008478279694268266,"","","","","","","","","","","",""
15860,"2026-08-05 14:42:12.672754","train",47,0.3445402681827545,0.0008468526577548574,"","","","","","","","","","","",""
15880,"2026-08-05 14:42:13.520056","train",47,0.3294934034347534,0.0008458747954384291,"","","","","","","","","","","",""
15888,"2026-08-05 14:42:30.021735","val",47,"","",0.8416828311565154,0.30026730068384977,0.7558019801980198,0.7687347835390153,0.6816109422492401,0.28130360205831906,0.8427672955974843,0.8421052631578947,0.7882570503929727,0.6859649122807018,0.8526627218934911,0.774678444134511
15900,"2026-08-05 14:42:40.939311","train",48,0.34044349193573,0.0008448943896684724,"","","","","","","","","","","",""
15920,"2026-08-05 14:42:41.775072","train",48,1.0654046535491943,0.0008439114476546222,"","","","","","","","","","","",""
15940,"2026-08-05 14:42:42.673524","train",48,1.1275973320007324,0.0008429259766251639,"","","","","","","","","","","",""
15960,"2026-08-05 14:42:43.469809","train",48,1.0206722021102905,0.000841937983826981,"","","","","","","","","","","",""
15980,"2026-08-05 14:42:44.317995","train",48,0.21322432160377502,0.0008409474765255008,"","","","","","","","","","","",""
16000,"2026-08-05 14:42:45.154711","train",48,0.6090564727783203,0.0008399544620046423,"","","","","","","","","","","",""
16020,"2026-08-05 14:42:46.088424","train",48,0.3593759536743164,0.0008389589475667611,"","","","","","","","","","","",""
16040,"2026-08-05 14:42:46.975753","train",48,1.717747688293457,0.0008379609405325971,"","","","","","","","","","","",""
16060,"2026-08-05 14:42:47.773884","train",48,0.2300875186920166,0.00083696044824122,"","","","","","","","","","","",""
16080,"2026-08-05 14:42:48.715982","train",48,1.6354176998138428,0.0008359574780499751,"","","","","","","","","","","",""
16100,"2026-08-05 14:42:49.658302","train",48,0.4296775758266449,0.0008349520373344297,"","","","","","","","","","","",""
16120,"2026-08-05 14:42:50.519644","train",48,1.3608388900756836,0.0008339441334883187,"","","","","","","","","","","",""
16140,"2026-08-05 14:42:51.345434","train",48,0.6576212644577026,0.0008329337739234903,"","","","","","","","","","","",""
16160,"2026-08-05 14:42:52.138863","train",48,0.6607030630111694,0.0008319209660698507,"","","","","","","","","","","",""
16180,"2026-08-05 14:42:52.960666","train",48,1.0823523998260498,0.0008309057173753112,"","","","","","","","","","","",""
16200,"2026-08-05 14:42:53.766807","train",48,0.6069889068603516,0.0008298880353057314,"","","","","","","","","","","",""
16219,"2026-08-05 14:43:10.386690","val",48,"","",0.8316651579809474,0.2803638252143003,0.7226930693069307,0.7420810153823051,0.6451367781155015,0.25990491283676703,0.8155136268343816,0.7543859649122807,0.77207582061951,0.6719298245614035,0.8469054853670238,0.7412056407872307
16220,"2026-08-05 14:43:20.969951","train",49,0.3331168293952942,0.0008288679273448659,"","","","","","","","","","","",""
16240,"2026-08-05 14:43:21.832482","train",49,0.3010329306125641,0.0008278454009943083,"","","","","","","","","","","",""
16260,"2026-08-05 14:43:22.716776","train",49,0.839331865310669,0.0008268204637734367,"","","","","","","","","","","",""
16280,"2026-08-05 14:43:23.550133","train",49,0.35501986742019653,0.0008257931232193575,"","","","","","","","","","","",""
16300,"2026-08-05 14:43:24.371594","train",49,0.6729869246482849,0.0008247633868868513,"","","","","","","","","","","",""
16320,"2026-08-05 14:43:25.212468","train",49,0.3457547426223755,0.0008237312623483162,"","","","","","","","","","","",""
16340,"2026-08-05 14:43:26.059750","train",49,0.39014866948127747,0.0008226967571937124,"","","","","","","","","","","",""
16360,"2026-08-05 14:43:26.944233","train",49,0.6645907163619995,0.0008216598790305066,"","","","","","","","","","","",""
16380,"2026-08-05 14:43:27.758592","train",49,0.8687556982040405,0.0008206206354836161,"","","","","","","","","","","",""
16400,"2026-08-05 14:43:28.621329","train",49,1.0774754285812378,0.0008195790341953524,"","","","","","","","","","","",""
16420,"2026-08-05 14:43:29.522768","train",49,1.6462197303771973,0.0008185350828253654,"","","","","","","","","","","",""
16440,"2026-08-05 14:43:30.459094","train",49,0.4727223515510559,0.0008174887890505864,"","","","","","","","","","","",""
16460,"2026-08-05 14:43:31.260797","train",49,0.44989490509033203,0.0008164401605651729,"","","","","","","","","","","",""
16480,"2026-08-05 14:43:32.064775","train",49,1.067556381225586,0.0008153892050804501,"","","","","","","","","","","",""
16500,"2026-08-05 14:43:32.873802","train",49,1.1045119762420654,0.0008143359303248564,"","","","","","","","","","","",""
16520,"2026-08-05 14:43:33.796043","train",49,0.7152122259140015,0.000813280344043885,"","","","","","","","","","","",""
16540,"2026-08-05 14:43:34.613296","train",49,0.27776920795440674,0.0008122224540000272,"","","","","","","","","","","",""
16550,"2026-08-05 14:43:50.645266","val",49,"","",0.8309582309582308,0.28962416647329686,0.7508910891089109,0.7581942317202162,0.7712765957446809,0.3235955056179775,0.7526205450733753,0.5789473684210527,0.8018955154877485,0.7333333333333333,0.8428914121221813,0.7711142104447544
16560,"2026-08-05 14:44:01.425948","train",50,0.35235118865966797,0.000811162267972716,"","","","","","","","","","","",""
16580,"2026-08-05 14:44:02.247074","train",50,0.5778833031654358,0.0008100997937582681,"","","","","","","","","","","",""
16600,"2026-08-05 14:44:03.059981","train",50,0.9575506448745728,0.000809035039169827,"","","","","","","","","","","",""
16620,"2026-08-05 14:44:03.988129","train",50,0.6402194499969482,0.0008079680120373057,"","","","","","","","","","","",""
16640,"2026-08-05 14:44:04.773959","train",50,0.4869884252548218,0.0008068987202073284,"","","","","","","","","","","",""
16660,"2026-08-05 14:44:05.612526","train",50,0.44132980704307556,0.0008058271715431735,"","","","","","","","","","","",""
16680,"2026-08-05 14:44:06.479863","train",50,0.7245027422904968,0.0008047533739247155,"","","","","","","","","","","",""
16700,"2026-08-05 14:44:07.286258","train",50,0.7165555953979492,0.0008036773352483672,"","","","","","","","","","","",""
16720,"2026-08-05 14:44:08.071301","train",50,0.46098792552948,0.0008025990634270216,"","","","","","","","","","","",""
16740,"2026-08-05 14:44:08.919237","train",50,0.2607385516166687,0.000801518566389993,"","","","","","","","","","","",""
16760,"2026-08-05 14:44:09.800428","train",50,0.5929570198059082,0.0008004358520829603,"","","","","","","","","","","",""
16780,"2026-08-05 14:44:10.637682","train",50,0.35044610500335693,0.000799350928467907,"","","","","","","","","","","",""
16800,"2026-08-05 14:44:11.562669","train",50,0.3296017050743103,0.0007982638035230631,"","","","","","","","","","","",""
16820,"2026-08-05 14:44:12.484749","train",50,0.6815117597579956,0.0007971744852428471,"","","","","","","","","","","",""
16840,"2026-08-05 14:44:13.458214","train",50,1.008603572845459,0.0007960829816378061,"","","","","","","","","","","",""
16860,"2026-08-05 14:44:14.414998","train",50,0.3923831582069397,0.0007949893007345582,"","","","","","","","","","","",""
16880,"2026-08-05 14:44:15.277559","train",50,0.46085333824157715,0.0007938934505757319,"","","","","","","","","","","",""
16881,"2026-08-05 14:44:30.983254","val",50,"","",0.830622009569378,0.28832136577900247,0.7425742574257426,0.7395691002001814,0.7044072948328267,0.2782931354359926,0.8071278825995807,0.7192982456140351,0.7887193712436431,0.7087719298245614,0.8390372621141852,0.7503486750348675
16900,"2026-08-05 14:44:42.335287","train",51,0.3773972988128662,0.0007927954392199085,"","","","","","","","","","","",""
16920,"2026-08-05 14:44:43.186308","train",51,0.6591726541519165,0.0007916952747415618,"","","","","","","","","","","",""
16940,"2026-08-05 14:44:44.049035","train",51,0.2653220295906067,0.0007905929652309992,"","","","","","","","","","","",""
16960,"2026-08-05 14:44:44.871340","train",51,0.4789718985557556,0.000789488518794302,"","","","","","","","","","","",""
16980,"2026-08-05 14:44:45.837171","train",51,0.32324010133743286,0.000788381943553266,"","","","","","","","","","","",""
17000,"2026-08-05 14:44:46.685735","train",51,0.2726166546344757,0.0007872732476453414,"","","","","","","","","","","",""
17020,"2026-08-05 14:44:47.516418","train",51,0.5086026191711426,0.0007861624392235736,"","","","","","","","","","","",""
17040,"2026-08-05 14:44:48.396757","train",51,0.29104071855545044,0.0007850495264565424,"","","","","","","","","","","",""
17060,"2026-08-05 14:44:49.324172","train",51,0.57957923412323,0.0007839345175283027,"","","","","","","","","","","",""
17080,"2026-08-05 14:44:50.166945","train",51,0.4854806065559387,0.0007828174206383235,"","","","","","","","","","","",""
17100,"2026-08-05 14:44:51.012100","train",51,1.0543428659439087,0.000781698244001429,"","","","","","","","","","","",""
17120,"2026-08-05 14:44:51.942636","train",51,0.26509273052215576,0.0007805769958477366,"","","","","","","","","","","",""
17140,"2026-08-05 14:44:52.843381","train",51,0.27114230394363403,0.0007794536844225971,"","","","","","","","","","","",""
17160,"2026-08-05 14:44:53.877946","train",51,0.4039853811264038,0.000778328317986534,"","","","","","","","","","","",""
17180,"2026-08-05 14:44:54.739195","train",51,0.8245335221290588,0.0007772009048151833,"","","","","","","","","","","",""
17200,"2026-08-05 14:44:55.762179","train",51,0.4481385350227356,0.0007760714531992314,"","","","","","","","","","","",""
17212,"2026-08-05 14:45:12.972819","val",51,"","",0.8280184490710807,0.2775313780196898,0.7309306930693069,0.7464561947021486,0.7803951367781155,0.31678486997635935,0.8092243186582809,0.7368421052631579,0.767221451687471,0.7035087719298245,0.84164401087478,0.7391910739191074
17220,"2026-08-05 14:45:23.768556","train",52,1.8315578699111938,0.0007749399714443556,"","","","","","","","","","","",""
17240,"2026-08-05 14:45:24.662430","train",52,0.2306380569934845,0.000773806467871162,"","","","","","","","","","","",""
17260,"2026-08-05 14:45:25.481832","train",52,0.2896738648414612,0.000772670950815124,"","","","","","","","","","","",""
17280,"2026-08-05 14:45:26.303671","train",52,1.4069788455963135,0.0007715334286265223,"","","","","","","","","","","",""
17300,"2026-08-05 14:45:27.105176","train",52,0.30344992876052856,0.0007703939096703829,"","","","","","","","","","","",""
17320,"2026-08-05 14:45:27.923697","train",52,0.30329248309135437,0.0007692524023264148,"","","","","","","","","","","",""
17340,"2026-08-05 14:45:28.801082","train",52,0.280914843082428,0.0007681089149889496,"","","","","","","","","","","",""
17360,"2026-08-05 14:45:29.673810","train",52,1.2039638757705688,0.0007669634560668791,"","","","","","","","","","","",""
17380,"2026-08-05 14:45:30.507662","train",52,0.8084430694580078,0.0007658160339835935,"","","","","","","","","","","",""
17400,"2026-08-05 14:45:31.392442","train",52,0.2637850046157837,0.0007646666571769198,"","","","","","","","","","","",""
17420,"2026-08-05 14:45:32.240242","train",52,1.4058538675308228,0.0007635153340990588,"","","","","","","","","","","",""
17440,"2026-08-05 14:45:33.055641","train",52,1.6648778915405273,0.0007623620732165247,"","","","","","","","","","","",""
17460,"2026-08-05 14:45:33.966665","train",52,1.1049004793167114,0.000761206883010081,"","","","","","","","","","","",""
17480,"2026-08-05 14:45:34.937408","train",52,0.24989837408065796,0.0007600497719746793,"","","","","","","","","","","",""
17500,"2026-08-05 14:45:35.741460","train",52,0.9440569281578064,0.0007588907486193961,"","","","","","","","","","","",""
17520,"2026-08-05 14:45:36.519631","train",52,0.349213182926178,0.000757729821467371,"","","","","","","","","","","",""
17540,"2026-08-05 14:45:37.315672","train",52,0.703104555606842,0.000756566999055743,"","","","","","","","","","","",""
17543,"2026-08-05 14:45:53.233826","val",52,"","",0.8262597525755421,0.3166031110754651,0.7268118811881188,0.7222755263864146,0.7317629179331308,0.289738430583501,0.8176100628930818,0.7719298245614035,0.7889505316689783,0.7210526315789474,0.8334879257956181,0.7233844723384473
17560,"2026-08-05 14:46:04.429194","train",53,0.3320944905281067,0.0007554022899355891,"","","","","","","","","","","",""
17580,"2026-08-05 14:46:05.235523","train",53,1.0923247337341309,0.0007542357026718601,"","","","","","","","","","","",""
17600,"2026-08-05 14:46:06.107798","train",53,0.24938061833381653,0.0007530672458433182,"","","","","","","","","","","",""
17620,"2026-08-05 14:46:06.900311","train",53,1.5760624408721924,0.0007518969280424741,"","","","","","","","","","","",""
17640,"2026-08-05 14:46:07.724832","train",53,0.5146381855010986,0.0007507247578755232,"","","","","","","","","","","",""
17660,"2026-08-05 14:46:08.598490","train",53,0.5747702717781067,0.0007495507439622829,"","","","","","","","","","","",""
17680,"2026-08-05 14:46:09.462383","train",53,1.1515228748321533,0.0007483748949361294,"","","","","","","","","","","",""
17700,"2026-08-05 14:46:10.284286","train",53,0.5774562358856201,0.0007471972194439332,"","","","","","","","","","","",""
17720,"2026-08-05 14:46:11.086001","train",53,0.8769536018371582,0.0007460177261459963,"","","","","","","","","","","",""
17740,"2026-08-05 14:46:12.051617","train",53,0.3622751832008362,0.0007448364237159886,"","","","","","","","","","","",""
17760,"2026-08-05 14:46:12.925800","train",53,0.9702249765396118,0.0007436533208408836,"","","","","","","","","","","",""
17780,"2026-08-05 14:46:13.788475","train",53,0.48278215527534485,0.0007424684262208947,"","","","","","","","","","","",""
17800,"2026-08-05 14:46:14.623801","train",53,1.2141363620758057,0.0007412817485694115,"","","","","","","","","","","",""
17820,"2026-08-05 14:46:15.439358","train",53,1.1324115991592407,0.0007400932966129356,"","","","","","","","","","","",""
17840,"2026-08-05 14:46:16.269329","train",53,0.4925549328327179,0.0007389030790910161,"","","","","","","","","","","",""
17860,"2026-08-05 14:46:17.029940","train",53,0.4547322988510132,0.0007377111047561859,"","","","","","","","","","","",""
17874,"2026-08-05 14:46:33.518949","val",53,"","",0.8414673046251994,0.32129592880168995,0.753980198019802,0.7635264313166064,0.75,0.316008316008316,0.8511530398322851,0.8070175438596491,0.7931114193250115,0.7087719298245614,0.847897009435471,0.7622811095614442
17880,"2026-08-05 14:46:44.349254","train",54,1.2736973762512207,0.0007365173823738969,"","","","","","","","","","","",""
17900,"2026-08-05 14:46:45.165470","train",54,0.28657788038253784,0.000735321920722455,"","","","","","","","","","","",""
17920,"2026-08-05 14:46:46.016428","train",54,0.3415670096874237,0.0007341247285929574,"","","","","","","","","","","",""
17940,"2026-08-05 14:46:46.840615","train",54,1.2673590183258057,0.0007329258147892259,"","","","","","","","","","","",""
17960,"2026-08-05 14:46:47.651162","train",54,1.3804237842559814,0.0007317251881277433,"","","","","","","","","","","",""
17980,"2026-08-05 14:46:48.548458","train",54,0.37644338607788086,0.0007305228574375883,"","","","","","","","","","","",""
18000,"2026-08-05 14:46:49.451703","train",54,0.23364229500293732,0.0007293188315603708,"","","","","","","","","","","",""
18020,"2026-08-05 14:46:50.275503","train",54,0.30539000034332275,0.0007281131193501657,"","","","","","","","","","","",""
18040,"2026-08-05 14:46:51.201113","train",54,1.266148328781128,0.0007269057296734499,"","","","","","","","","","","",""
18060,"2026-08-05 14:46:52.005101","train",54,1.6027345657348633,0.0007256966714090354,"","","","","","","","","","","",""
18080,"2026-08-05 14:46:52.818491","train",54,0.20760942995548248,0.0007244859534480044,"","","","","","","","","","","",""
18100,"2026-08-05 14:46:53.693962","train",54,2.585465431213379,0.0007232735846936441,"","","","","","","","","","","",""
18120,"2026-08-05 14:46:54.612779","train",54,1.3141939640045166,0.0007220595740613816,"","","","","","","","","","","",""
18140,"2026-08-05 14:46:55.469107","train",54,0.36344483494758606,0.0007208439304787174,"","","","","","","","","","","",""
18160,"2026-08-05 14:46:56.283402","train",54,0.8574888706207275,0.0007196266628851604,"","","","","","","","","","","",""
18180,"2026-08-05 14:46:57.099540","train",54,0.8962453603744507,0.0007184077802321625,"","","","","","","","","","","",""
18200,"2026-08-05 14:46:57.995313","train",54,0.25314903259277344,0.0007171872914830514,"","","","","","","","","","","",""
18205,"2026-08-05 14:47:14.760548","val",54,"","",0.8414500625026939,0.31616425445094726,0.7554059405940594,0.7710259818641864,0.6747720364741642,0.2671232876712329,0.8218029350104822,0.7719298245614035,0.8143781784558484,0.7280701754385965,0.8459619382696306,0.7518983418565008
18220,"2026-08-05 14:47:26.517748","train",55,0.2852787673473358,0.0007159652056129665,"","","","","","","","","","","",""
18240,"2026-08-05 14:47:27.378849","train",55,0.25887230038642883,0.0007147415316087914,"","","","","","","","","","","",""
18260,"2026-08-05 14:47:28.307334","train",55,0.6626365780830383,0.0007135162784690886,"","","","","","","","","","","",""
18280,"2026-08-05 14:47:29.154197","train",55,0.3109639883041382,0.0007122894552040331,"","","","","","","","","","","",""
18300,"2026-08-05 14:47:30.102607","train",55,1.9279736280441284,0.0007110610708353462,"","","","","","","","","","","",""
18320,"2026-08-05 14:47:31.009344","train",55,0.8302803039550781,0.0007098311343962291,"","","","","","","","","","","",""
18340,"2026-08-05 14:47:31.918757","train",55,0.2973868250846863,0.0007085996549312967,"","","","","","","","","","","",""
18360,"2026-08-05 14:47:32.992642","train",55,0.8025529384613037,0.0007073666414965105,"","","","","","","","","","","",""
18380,"2026-08-05 14:47:33.982474","train",55,1.4754765033721924,0.0007061321031591127,"","","","","","","","","","","",""
18400,"2026-08-05 14:47:34.903285","train",55,0.25343143939971924,0.000704896048997559,"","","","","","","","","","","",""
18420,"2026-08-05 14:47:35.960420","train",55,1.0077693462371826,0.0007036584881014524,"","","","","","","","","","","",""
18440,"2026-08-05 14:47:37.073470","train",55,0.9029889106750488,0.0007024194295714754,"","","","","","","","","","","",""
18460,"2026-08-05 14:47:38.113574","train",55,1.2981749773025513,0.0007011788825193243,"","","","","","","","","","","",""
18480,"2026-08-05 14:47:39.141910","train",55,0.38329362869262695,0.0006999368560676415,"","","","","","","","","","","",""
18500,"2026-08-05 14:47:40.019682","train",55,0.665199875831604,0.0006986933593499481,"","","","","","","","","","","",""
18520,"2026-08-05 14:47:40.863529","train",55,0.2549147605895996,0.0006974484015105775,"","","","","","","","","","","",""
18536,"2026-08-05 14:47:57.251823","val",55,"","",0.8324324324324325,0.31708775390139926,0.7460594059405941,0.7600011597873461,0.7948328267477204,0.3283582089552239,0.7987421383647799,0.6491228070175439,0.8025889967637541,0.7350877192982456,0.8391492083799776,0.7508135750813575
18540,"2026-08-05 14:48:07.878729","train",56,0.2949787974357605,0.0006962019917046078,"","","","","","","","","","","",""
18560,"2026-08-05 14:48:08.692570","train",56,1.6456595659255981,0.000694954139097794,"","","","","","","","","","","",""
18580,"2026-08-05 14:48:09.608608","train",56,0.44139206409454346,0.0006937048528665014,"","","","","","","","","","","",""
18600,"2026-08-05 14:48:10.525379","train",56,0.314590185880661,0.000692454142197638,"","","","","","","","","","","",""
18620,"2026-08-05 14:48:11.429223","train",56,0.2466384470462799,0.0006912020162885866,"","","","","","","","","","","",""
18640,"2026-08-05 14:48:12.350150","train",56,0.35199952125549316,0.000689948484347137,"","","","","","","","","","","",""
18660,"2026-08-05 14:48:13.148676","train",56,0.41797563433647156,0.0006886935555914187,"","","","","","","","","","","",""
18680,"2026-08-05 14:48:14.104285","train",56,0.8425438404083252,0.0006874372392498331,"","","","","","","","","","","",""
18700,"2026-08-05 14:48:14.943285","train",56,0.697144627571106,0.0006861795445609854,"","","","","","","","","","","",""
18720,"2026-08-05 14:48:15.789475","train",56,0.7941314578056335,0.0006849204807736169,"","","","","","","","","","","",""
18740,"2026-08-05 14:48:16.589043","train",56,0.33380126953125,0.0006836600571465371,"","","","","","","","","","","",""
18760,"2026-08-05 14:48:17.402455","train",56,0.5784305334091187,0.0006823982829485546,"","","","","","","","","","","",""
18780,"2026-08-05 14:48:18.187516","train",56,0.28971418738365173,0.000681135167458411,"","","","","","","","","","","",""
18800,"2026-08-05 14:48:19.064169","train",56,0.2992214858531952,0.00067987071996471,"","","","","","","","","","","",""
18820,"2026-08-05 14:48:19.881800","train",56,1.0870795249938965,0.0006786049497658512,"","","","","","","","","","","",""
18840,"2026-08-05 14:48:20.788061","train",56,0.8456825613975525,0.0006773378661699611,"","","","","","","","","","","",""
18860,"2026-08-05 14:48:21.687188","train",56,0.48145461082458496,0.0006760694784948246,"","","","","","","","","","","",""
18867,"2026-08-05 14:48:37.729977","val",56,"","",0.8321220742273374,0.30382499847614886,0.7558811881188119,0.758592499731298,0.8237082066869301,0.3333333333333333,0.8532494758909853,0.8421052631578947,0.7644475265834489,0.6947368421052632,0.8424436270590117,0.765380443204711
18880,"2026-08-05 14:48:48.985271","train",57,1.519202709197998,0.0006747997960678155,"","","","","","","","","","","",""
18900,"2026-08-05 14:48:49.847397","train",57,0.29801443219184875,0.0006735288282258306,"","","","","","","","","","","",""
18920,"2026-08-05 14:48:50.800131","train",57,1.005411982536316,0.0006722565843152177,"","","","","","","","","","","",""
18940,"2026-08-05 14:48:51.740979","train",57,0.83672034740448,0.000670983073691709,"","","","","","","","","","","",""
18960,"2026-08-05 14:48:52.570842","train",57,1.1214361190795898,0.0006697083057203521,"","","","","","","","","","","",""
18980,"2026-08-05 14:48:53.459036","train",57,0.26259079575538635,0.0006684322897754402,"","","","","","","","","","","",""
19000,"2026-08-05 14:48:54.329056","train",57,0.39649176597595215,0.0006671550352404442,"","","","","","","","","","","",""
19020,"2026-08-05 14:48:55.230984","train",57,0.618199348449707,0.0006658765515079432,"","","","","","","","","","","",""
19040,"2026-08-05 14:48:56.023800","train",57,1.0490784645080566,0.0006645968479795551,"","","","","","","","","","","",""
19060,"2026-08-05 14:48:56.835995","train",57,0.9380980134010315,0.0006633159340658682,"","","","","","","","","","","",""
19080,"2026-08-05 14:48:57.642486","train",57,0.725898802280426,0.0006620338191863716,"","","","","","","","","","","",""
19100,"2026-08-05 14:48:58.448880","train",57,1.0463119745254517,0.0006607505127693862,"","","","","","","","","","","",""
19120,"2026-08-05 14:48:59.292298","train",57,0.3325994610786438,0.0006594660242519943,"","","","","","","","","","","",""
19140,"2026-08-05 14:49:00.113849","train",57,0.6632724404335022,0.0006581803630799722,"","","","","","","","","","","",""
19160,"2026-08-05 14:49:00.993138","train",57,0.7157064080238342,0.0006568935387077187,"","","","","","","","","","","",""
19180,"2026-08-05 14:49:01.997152","train",57,0.5315805673599243,0.0006556055605981868,"","","","","","","","","","","",""
19198,"2026-08-05 14:49:18.563932","val",57,"","",0.8435708435708437,0.3168630934056578,0.7615049504950495,0.7624632997112317,0.6724924012158054,0.2780569514237856,0.8763102725366876,0.8947368421052632,0.7896440129449838,0.712280701754386,0.8499920038381578,0.7632109096544243
19200,"2026-08-05 14:49:29.097608","train",58,0.39050066471099854,0.0006543164382228136,"","","","","","","","","","","",""
19220,"2026-08-05 14:49:29.908122","train",58,0.3074224293231964,0.0006530261810614511,"","","","","","","","","","","",""
19240,"2026-08-05 14:49:30.746980","train",58,0.4698961675167084,0.0006517347986022959,"","","","","","","","","","","",""
19260,"2026-08-05 14:49:31.633704","train",58,0.8058059215545654,0.00065044230034182,"","","","","","","","","","","",""
19280,"2026-08-05 14:49:32.425478","train",58,0.6505839824676514,0.0006491486957847006,"","","","","","","","","","","",""
19300,"2026-08-05 14:49:33.254609","train",58,0.2206501066684723,0.0006478539944437501,"","","","","","","","","","","",""
19320,"2026-08-05 14:49:34.071282","train",58,1.4991538524627686,0.0006465582058398466,"","","","","","","","","","","",""
19340,"2026-08-05 14:49:34.885259","train",58,0.45091012120246887,0.0006452613395018634,"","","","","","","","","","","",""
19360,"2026-08-05 14:49:35.718269","train",58,0.2695823609828949,0.0006439634049665996,"","","","","","","","","","","",""
19380,"2026-08-05 14:49:36.516964","train",58,0.8285679817199707,0.000642664411778709,"","","","","","","","","","","",""
19400,"2026-08-05 14:49:37.437912","train",58,0.4900992512702942,0.0006413643694906308,"","","","","","","","","","","",""
19420,"2026-08-05 14:49:38.274698","train",58,0.4938529133796692,0.0006400632876625189,"","","","","","","","","","","",""
19440,"2026-08-05 14:49:39.252691","train",58,0.606295108795166,0.0006387611758621715,"","","","","","","","","","","",""
19460,"2026-08-05 14:49:40.107453","train",58,0.7139323949813843,0.0006374580436649613,"","","","","","","","","","","",""
19480,"2026-08-05 14:49:40.934017","train",58,0.8032430410385132,0.0006361539006537643,"","","","","","","","","","","",""
19500,"2026-08-05 14:49:41.747060","train",58,1.0437276363372803,0.00063484875641889,"","","","","","","","","","","",""
19520,"2026-08-05 14:49:42.567572","train",58,0.3017650246620178,0.0006335426205580109,"","","","","","","","","","","",""
19529,"2026-08-05 14:49:58.538244","val",58,"","",0.8388033966981336,0.32332169577416003,0.7531881188118812,0.760471873539356,0.7682370820668692,0.2988505747126437,0.8637316561844863,0.8245614035087719,0.7942672214516875,0.7368421052631579,0.8434511434511435,0.7522082752208276
19540,"2026-08-05 14:50:09.457708","train",59,0.5698847770690918,0.0006322355026760909,"","","","","","","","","","","",""
19560,"2026-08-05 14:50:10.380096","train",59,0.24972087144851685,0.0006309274123853161,"","","","","","","","","","","",""
19580,"2026-08-05 14:50:11.240718","train",59,1.1007957458496094,0.0006296183593050231,"","","","","","","","","","","",""
19600,"2026-08-05 14:50:12.146233","train",59,0.6961269378662109,0.0006283083530616288,"","","","","","","","","","","",""
19620,"2026-08-05 14:50:12.930903","train",59,0.9186058044433594,0.0006269974032885589,"","","","","","","","","","","",""
19640,"2026-08-05 14:50:13.787675","train",59,0.3010074496269226,0.0006256855196261782,"","","","","","","","","","","",""
19660,"2026-08-05 14:50:14.591991","train",59,1.2613489627838135,0.0006243727117217189,"","","","","","","","","","","",""
19680,"2026-08-05 14:50:15.384056","train",59,0.5652397871017456,0.0006230589892292095,"","","","","","","","","","","",""
19700,"2026-08-05 14:50:16.284610","train",59,1.012205719947815,0.0006217443618094044,"","","","","","","","","","","",""
19720,"2026-08-05 14:50:17.106599","train",59,0.40998780727386475,0.0006204288391297125,"","","","","","","","","","","",""
19740,"2026-08-05 14:50:17.904284","train",59,0.7569876909255981,0.000619112430864126,"","","","","","","","","","","",""
19760,"2026-08-05 14:50:18.692637","train",59,0.35612568259239197,0.0006177951466931501,"","","","","","","","","","","",""
19780,"2026-08-05 14:50:19.592777","train",59,0.3020115792751312,0.0006164769963037306,"","","","","","","","","","","",""
19800,"2026-08-05 14:50:20.481540","train",59,0.2264329195022583,0.0006151579893891833,"","","","","","","","","","","",""
19820,"2026-08-05 14:50:21.282385","train",59,1.0809087753295898,0.0006138381356491228,"","","","","","","","","","","",""
19840,"2026-08-05 14:50:22.104332","train",59,0.41552698612213135,0.0006125174447893908,"","","","","","","","","","","",""
19860,"2026-08-05 14:50:22.966411","train",59,0.40178626775741577,0.000611195926521985,"","","","","","","","","","","",""
19860,"2026-08-05 14:50:38.674188","val",59,"","",0.8401569033147981,0.30475636961333563,0.7546930693069307,0.7614367589713672,0.7104863221884499,0.2957486136783734,0.8448637316561844,0.7894736842105263,0.787332408691632,0.7035087719298245,0.8482648328802175,0.7675499767549977
19880,"2026-08-05 14:50:49.997516","train",60,0.8255692720413208,0.0006098735905649882,"","","","","","","","","","","",""
19900,"2026-08-05 14:50:50.874292","train",60,0.6470737457275391,0.0006085504466424955,"","","","","","","","","","","",""
19920,"2026-08-05 14:50:51.777197","train",60,0.26043105125427246,0.0006072265044845438,"","","","","","","","","","","",""
19940,"2026-08-05 14:50:52.662700","train",60,1.726811170578003,0.00060590177382704,"","","","","","","","","","","",""
19960,"2026-08-05 14:50:53.479624","train",60,0.31260716915130615,0.0006045762644116898,"","","","","","","","","","","",""
19980,"2026-08-05 14:50:54.278701","train",60,0.35130709409713745,0.0006032499859859249,"","","","","","","","","","","",""
20000,"2026-08-05 14:50:55.139265","train",60,0.7364249229431152,0.0006019229483028328,"","","","","","","","","","","",""
20020,"2026-08-05 14:50:55.933643","train",60,0.37014904618263245,0.0006005951611210839,"","","","","","","","","","","",""
20040,"2026-08-05 14:50:56.810309","train",60,0.2324451208114624,0.0005992666342048605,"","","","","","","","","","","",""
20060,"2026-08-05 14:50:57.667693","train",60,1.1992757320404053,0.0005979373773237848,"","","","","","","","","","","",""
20080,"2026-08-05 14:50:58.500962","train",60,0.31878870725631714,0.0005966074002528465,"","","","","","","","","","","",""
20100,"2026-08-05 14:50:59.327971","train",60,0.3956514894962311,0.0005952767127723314,"","","","","","","","","","","",""
20120,"2026-08-05 14:51:00.269658","train",60,0.40780240297317505,0.0005939453246677505,"","","","","","","","","","","",""
20140,"2026-08-05 14:51:01.223382","train",60,0.8708211183547974,0.0005926132457297655,"","","","","","","","","","","",""
20160,"2026-08-05 14:51:02.126463","train",60,0.8365936875343323,0.000591280485754119,"","","","","","","","","","","",""
20180,"2026-08-05 14:51:03.025204","train",60,0.9555007219314575,0.0005899470545415623,"","","","","","","","","","","",""
20191,"2026-08-05 14:51:19.456803","val",60,"","",0.8392603129445234,0.31253880481288504,0.7656237623762376,0.7502514741260619,0.7735562310030395,0.319634703196347,0.8616352201257862,0.8771929824561403,0.7831715210355986,0.6877192982456141,0.8490164720933953,0.7779327444599411
20200,"2026-08-05 14:51:30.331336","train",61,0.39644449949264526,0.0005886129618977818,"","","","","","","","","","","",""
20220,"2026-08-05 14:51:31.177238","train",61,1.3797149658203125,0.0005872782176333283,"","","","","","","","","","","",""
20240,"2026-08-05 14:51:31.997745","train",61,0.3893405497074127,0.0005859428315635448,"","","","","","","","","","","",""
20260,"2026-08-05 14:51:32.868951","train",61,0.23353204131126404,0.0005846068135084933,"","","","","","","","","","","",""
20280,"2026-08-05 14:51:33.695761","train",61,0.7157474756240845,0.0005832701732928838,"","","","","","","","","","","",""
20300,"2026-08-05 14:51:34.526677","train",61,1.0356484651565552,0.0005819329207460013,"","","","","","","","","","","",""
20320,"2026-08-05 14:51:35.380066","train",61,0.24366506934165955,0.0005805950657016336,"","","","","","","","","","","",""
20340,"2026-08-05 14:51:36.283557","train",61,0.4135976731777191,0.0005792566179979991,"","","","","","","","","","","",""
20360,"2026-08-05 14:51:37.108284","train",61,0.7765160202980042,0.0005779175874776747,"","","","","","","","","","","",""
20380,"2026-08-05 14:51:37.998827","train",61,1.1952579021453857,0.0005765779839875231,"","","","","","","","","","","",""
20400,"2026-08-05 14:51:38.811847","train",61,0.4039701521396637,0.0005752378173786199,"","","","","","","","","","","",""
20420,"2026-08-05 14:51:39.693154","train",61,0.44667208194732666,0.0005738970975061829,"","","","","","","","","","","",""
20440,"2026-08-05 14:51:40.553197","train",61,0.45156317949295044,0.0005725558342294974,"","","","","","","","","","","",""
20460,"2026-08-05 14:51:41.435852","train",61,0.3068709671497345,0.0005712140374118449,"","","","","","","","","","","",""
20480,"2026-08-05 14:51:42.293705","train",61,0.29925668239593506,0.000569871716920431,"","","","","","","","","","","",""
20500,"2026-08-05 14:51:43.107806","train",61,0.30871546268463135,0.0005685288826263117,"","","","","","","","","","","",""
20520,"2026-08-05 14:51:43.953314","train",61,0.5286937952041626,0.0005671855444043214,"","","","","","","","","","","",""
20522,"2026-08-05 14:51:59.960880","val",61,"","",0.8421914737704211,0.3266649922933987,0.7638019801980198,0.760071848647627,0.7272036474164134,0.3029126213592233,0.7840670859538784,0.6842105263157895,0.7968099861303745,0.7333333333333333,0.8555573324804094,0.7751433441810011
20540,"2026-08-05 14:52:11.292297","train",62,0.774233877658844,0.0005658417121330007,"","","","","","","","","","","",""
20560,"2026-08-05 14:52:12.381668","train",62,1.106351613998413,0.0005644973956945227,"","","","","","","","","","","",""
20580,"2026-08-05 14:52:13.393587","train",62,0.7081628441810608,0.0005631526049746211,"","","","","","","","","","","",""
20600,"2026-08-05 14:52:14.310072","train",62,0.8347670435905457,0.0005618073498625179,"","","","","","","","","","","",""
20620,"2026-08-05 14:52:15.122195","train",62,0.3369820713996887,0.0005604616402508492,"","","","","","","","","","","",""
20640,"2026-08-05 14:52:15.996456","train",62,0.44572514295578003,0.000559115486035594,"","","","","","","","","","","",""
20660,"2026-08-05 14:52:16.835379","train",62,0.7544736862182617,0.0005577688971160009,"","","","","","","","","","","",""
20680,"2026-08-05 14:52:17.858656","train",62,0.3709193170070648,0.0005564218833945145,"","","","","","","","","","","",""
20700,"2026-08-05 14:52:18.771657","train",62,0.869147539138794,0.0005550744547767038,"","","","","","","","","","","",""
20720,"2026-08-05 14:52:19.730179","train",62,0.6387407779693604,0.000553726621171189,"","","","","","","","","","","",""
20740,"2026-08-05 14:52:20.755299","train",62,0.3238632082939148,0.0005523783924895677,"","","","","","","","","","","",""
20760,"2026-08-05 14:52:21.832093","train",62,0.2817773222923279,0.0005510297786463438,"","","","","","","","","","","",""
20780,"2026-08-05 14:52:22.636412","train",62,0.7493715286254883,0.0005496807895588525,"","","","","","","","","","","",""
20800,"2026-08-05 14:52:23.713530","train",62,0.2508247494697571,0.0005483314351471894,"","","","","","","","","","","",""
20820,"2026-08-05 14:52:24.575790","train",62,0.9985078573226929,0.0005469817253341362,"","","","","","","","","","","",""
20840,"2026-08-05 14:52:25.404588","train",62,0.34977951645851135,0.0005456316700450879,"","","","","","","","","","","",""
20853,"2026-08-05 14:52:42.370936","val",62,"","",0.8338635286003707,0.303946288290875,0.7472475247524752,0.7471660258867426,0.78419452887538,0.330188679245283,0.8176100628930818,0.7192982456140351,0.787332408691632,0.7228070175438597,0.8418519110826803,0.7497288083062141
20860,"2026-08-05 14:52:53.632497","train",63,0.7947462797164917,0.0005442812792079802,"","","","","","","","","","","",""
20880,"2026-08-05 14:52:54.489117","train",63,0.39506494998931885,0.0005429305627532165,"","","","","","","","","","","",""
20900,"2026-08-05 14:52:55.373390","train",63,0.28903454542160034,0.0005415795306135944,"","","","","","","","","","","",""
20920,"2026-08-05 14:52:56.342390","train",63,0.6961740851402283,0.0005402281927242335,"","","","","","","","","","","",""
20940,"2026-08-05 14:52:57.270862","train",63,0.3790262043476105,0.0005388765590225012,"","","","","","","","","","","",""
20960,"2026-08-05 14:52:58.273853","train",63,0.9543172121047974,0.0005375246394479405,"","","","","","","","","","","",""
20980,"2026-08-05 14:52:59.081639","train",63,0.27918851375579834,0.0005361724439421966,"","","","","","","","","","","",""
21000,"2026-08-05 14:53:00.033571","train",63,1.4834026098251343,0.0005348199824489437,"","","","","","","","","","","",""
21020,"2026-08-05 14:53:00.932260","train",63,0.5727031826972961,0.0005334672649138121,"","","","","","","","","","","",""
21040,"2026-08-05 14:53:02.032322","train",63,0.3611174523830414,0.0005321143012843151,"","","","","","","","","","","",""
21060,"2026-08-05 14:53:02.955100","train",63,1.2056894302368164,0.0005307611015097756,"","","","","","","","","","","",""
21080,"2026-08-05 14:53:03.887055","train",63,0.3286129832267761,0.0005294076755412529,"","","","","","","","","","","",""
21100,"2026-08-05 14:53:04.759029","train",63,0.4955745339393616,0.0005280540333314699,"","","","","","","","","","","",""
21120,"2026-08-05 14:53:05.564608","train",63,1.4073121547698975,0.0005267001848347395,"","","","","","","","","","","",""
21140,"2026-08-05 14:53:06.422285","train",63,1.137081265449524,0.0005253461400068915,"","","","","","","","","","","",""
21160,"2026-08-05 14:53:07.215995","train",63,0.49044230580329895,0.0005239919088052,"","","","","","","","","","","",""
21180,"2026-08-05 14:53:08.032919","train",63,1.0385072231292725,0.0005226375011883089,"","","","","","","","","","","",""
21184,"2026-08-05 14:53:24.118304","val",63,"","",0.8411914306651148,0.3185935411434733,0.7598415841584159,0.7574992289873274,0.7424012158054711,0.3067484662576687,0.8511530398322851,0.8070175438596491,0.8079056865464633,0.7403508771929824,0.8472413241644011,0.7594917092825043
21200,"2026-08-05 14:53:35.337450","train",64,0.5197286605834961,0.00052128292711616,"","","","","","","","","","","",""
21220,"2026-08-05 14:53:36.196324","train",64,0.23400332033634186,0.0005199281965499187,"","","","","","","","","","","",""
21240,"2026-08-05 14:53:37.008956","train",64,1.0076892375946045,0.0005185733194519018,"","","","","","","","","","","",""
21260,"2026-08-05 14:53:38.000341","train",64,0.2588628828525543,0.0005172183057855029,"","","","","","","","","","","",""
21280,"2026-08-05 14:53:38.924461","train",64,0.5690430998802185,0.0005158631655151206,"","","","","","","","","","","",""
21300,"2026-08-05 14:53:39.882165","train",64,0.6387184262275696,0.000514507908606084,"","","","","","","","","","","",""
21320,"2026-08-05 14:53:40.753379","train",64,0.6374220848083496,0.0005131525450245803,"","","","","","","","","","","",""
21340,"2026-08-05 14:53:41.648717","train",64,0.9370023608207703,0.0005117970847375809,"","","","","","","","","","","",""
21360,"2026-08-05 14:53:42.539738","train",64,0.2631564140319824,0.0005104415377127683,"","","","","","","","","","","",""
21380,"2026-08-05 14:53:43.415468","train",64,0.247362419962883,0.000509085913918463,"","","","","","","","","","","",""
21400,"2026-08-05 14:53:44.422604","train",64,1.0448505878448486,0.00050773022332355,"","","","","","","","","","","",""
21420,"2026-08-05 14:53:45.398257","train",64,0.3351716101169586,0.0005063744758974058,"","","","","","","","","","","",""
21440,"2026-08-05 14:53:46.450737","train",64,0.5001938939094543,0.0005050186816098241,"","","","","","","","","","","",""
21460,"2026-08-05 14:53:47.276233","train",64,0.3598978817462921,0.0005036628504309442,"","","","","","","","","","","",""
21480,"2026-08-05 14:53:48.114665","train",64,0.7186590433120728,0.0005023069923311757,"","","","","","","","","","","",""
21500,"2026-08-05 14:53:48.950814","train",64,0.3053569793701172,0.0005009511172811266,"","","","","","","","","","","",""
21515,"2026-08-05 14:54:05.364974","val",64,"","",0.8395792922108712,0.29957363345514454,0.7605544554455446,0.7616025638930602,0.7424012158054711,0.3095723014256619,0.8679245283018868,0.8596491228070176,0.779704114655571,0.6877192982456141,0.8452102990564528,0.7636758097009143
21520,"2026-08-05 14:54:16.119915","train",65,1.1171742677688599,0.00049959523525153,"","","","","","","","","","","",""
21540,"2026-08-05 14:54:16.933456","train",65,0.9585353136062622,0.0004982393562131695,"","","","","","","","","","","",""
21560,"2026-08-05 14:54:17.791575","train",65,0.4714934825897217,0.0004968834901368071,"","","","","","","","","","","",""
21580,"2026-08-05 14:54:18.674499","train",65,0.34463369846343994,0.0004955276469931096,"","","","","","","","","","","",""
21600,"2026-08-05 14:54:19.466368","train",65,0.24586722254753113,0.0004941718367525752,"","","","","","","","","","","",""
21620,"2026-08-05 14:54:20.428157","train",65,0.5221735239028931,0.0004928160693854596,"","","","","","","","","","","",""
21640,"2026-08-05 14:54:21.292817","train",65,1.0530736446380615,0.000491460354861704,"","","","","","","","","","","",""
21660,"2026-08-05 14:54:22.115898","train",65,1.5008164644241333,0.0004901047031508603,"","","","","","","","","","","",""
21680,"2026-08-05 14:54:22.989862","train",65,0.30455052852630615,0.000488749124222019,"","","","","","","","","","","",""
21700,"2026-08-05 14:54:23.821064","train",65,0.7150890827178955,0.000487393628043735,"","","","","","","","","","","",""
21720,"2026-08-05 14:54:24.733766","train",65,0.38246333599090576,0.00048603822458395495,"","","","","","","","","","","",""
21740,"2026-08-05 14:54:25.586377","train",65,0.2594679594039917,0.00048468292380994353,"","","","","","","","","","","",""
21760,"2026-08-05 14:54:26.437514","train",65,0.8669725656509399,0.0004833277356882102,"","","","","","","","","","","",""
21780,"2026-08-05 14:54:27.240455","train",65,1.3939969539642334,0.00048197267018443665,"","","","","","","","","","","",""
21800,"2026-08-05 14:54:28.165850","train",65,0.744744598865509,0.00048061773726340167,"","","","","","","","","","","",""
21820,"2026-08-05 14:54:29.096784","train",65,0.2807718515396118,0.0004792629468889102,"","","","","","","","","","","",""
21840,"2026-08-05 14:54:30.024347","train",65,0.22398465871810913,0.00047790830902371843,"","","","","","","","","","","",""
21846,"2026-08-05 14:54:46.336821","val",65,"","",0.8396482607008923,0.30651950460742805,0.7731485148514852,0.775715513395896,0.8624620060790273,0.3649122807017544,0.7966457023060797,0.7543859649122807,0.806287563569117,0.7421052631578947,0.8476731169038861,0.7766930110026344
21860,"2026-08-05 14:54:57.674216","train",66,0.27634838223457336,0.000476553833629461,"","","","","","","","","","","",""
21880,"2026-08-05 14:54:58.600713","train",66,0.2055589258670807,0.00047519953066657805,"","","","","","","","","","","",""
21900,"2026-08-05 14:54:59.518014","train",66,0.9008187651634216,0.00047384541009424147,"","","","","","","","","","","",""
21920,"2026-08-05 14:55:00.407041","train",66,1.2216495275497437,0.0004724914818702819,"","","","","","","","","","","",""
21940,"2026-08-05 14:55:01.299359","train",66,0.9301546216011047,0.0004711377559511157,"","","","","","","","","","","",""
21960,"2026-08-05 14:55:02.107023","train",66,1.5152034759521484,0.0004697842422916715,"","","","","","","","","","","",""
21980,"2026-08-05 14:55:03.020699","train",66,0.31580305099487305,0.0004684309508453168,"","","","","","","","","","","",""
22000,"2026-08-05 14:55:03.855254","train",66,1.1393667459487915,0.0004670778915637851,"","","","","","","","","","","",""
22020,"2026-08-05 14:55:04.685174","train",66,1.5819520950317383,0.00046572507439710285,"","","","","","","","","","","",""
22040,"2026-08-05 14:55:05.542197","train",66,0.2438337206840515,0.0004643725092935159,"","","","","","","","","","","",""
22060,"2026-08-05 14:55:06.344262","train",66,0.5523903369903564,0.00046302020619941623,"","","","","","","","","","","",""
22080,"2026-08-05 14:55:07.162584","train",66,0.8419696688652039,0.0004616681750592696,"","","","","","","","","","","",""
22100,"2026-08-05 14:55:08.026347","train",66,0.6643643379211426,0.00046031642581554125,"","","","","","","","","","","",""
22120,"2026-08-05 14:55:08.828852","train",66,0.3127099871635437,0.0004589649684086242,"","","","","","","","","","","",""
22140,"2026-08-05 14:55:09.660000","train",66,1.8935325145721436,0.00045761381277676483,"","","","","","","","","","","",""
22160,"2026-08-05 14:55:10.593782","train",66,1.6661168336868286,0.0004562629688559905,"","","","","","","","","","","",""
22177,"2026-08-05 14:55:28.452456","val",66,"","",0.8419759472391052,0.30452846703440273,0.7636435643564357,0.7619490717950613,0.6603343465045592,0.2755267423014587,0.8679245283018868,0.7894736842105263,0.7926490984743412,0.7228070175438597,0.8458499920038381,0.7638307763830776
22180,"2026-08-05 14:55:40.222818","train",67,0.5200581550598145,0.0004549124465800362,"","","","","","","","","","","",""
22200,"2026-08-05 14:55:41.074593","train",67,0.37804344296455383,0.00045356225588027207,"","","","","","","","","","","",""
22220,"2026-08-05 14:55:41.882985","train",67,0.317277193069458,0.00045221240668562936,"","","","","","","","","","","",""
22240,"2026-08-05 14:55:42.715988","train",67,0.25387662649154663,0.0004508629089225283,"","","","","","","","","","","",""
22260,"2026-08-05 14:55:43.634041","train",67,0.8229164481163025,0.0004495137725148049,"","","","","","","","","","","",""
22280,"2026-08-05 14:55:44.525125","train",67,0.7064376473426819,0.0004481650073836376,"","","","","","","","","","","",""
22300,"2026-08-05 14:55:45.320424","train",67,0.8647189140319824,0.0004468166234474747,"","","","","","","","","","","",""
22320,"2026-08-05 14:55:46.114279","train",67,1.0302544832229614,0.0004454686306219612,"","","","","","","","","","","",""
22340,"2026-08-05 14:55:46.898336","train",67,0.2703664302825928,0.0004441210388198659,"","","","","","","","","","","",""
22360,"2026-08-05 14:55:47.725965","train",67,0.6001477241516113,0.0004427738579510091,"","","","","","","","","","","",""
22380,"2026-08-05 14:55:48.575073","train",67,1.1208746433258057,0.0004414270979221887,"","","","","","","","","","","",""
22400,"2026-08-05 14:55:49.406149","train",67,1.8035030364990234,0.00044008076863710793,"","","","","","","","","","","",""
22420,"2026-08-05 14:55:50.244019","train",67,0.46643126010894775,0.0004387348799963025,"","","","","","","","","","","",""
22440,"2026-08-05 14:55:51.124920","train",67,0.5328821539878845,0.00043738944189706787,"","","","","","","","","","","",""
22460,"2026-08-05 14:55:52.129665","train",67,0.2264924943447113,0.00043604446423338623,"","","","","","","","","","","",""
22480,"2026-08-05 14:55:53.113311","train",67,0.34550154209136963,0.0004346999568958537,"","","","","","","","","","","",""
22500,"2026-08-05 14:55:54.163848","train",67,0.48274677991867065,0.0004333559297716082,"","","","","","","","","","","",""
22508,"2026-08-05 14:56:13.798466","val",67,"","",0.8469589206431312,0.32617207644817,0.7842376237623763,0.7829977539527767,0.7416413373860182,0.31451612903225806,0.8427672955974842,0.7192982456140351,0.8035136384650947,0.7315789473684211,0.8542939389093235,0.795908879590888
22520,"2026-08-05 14:56:27.633424","train",68,0.5938146710395813,0.00043201239274425586,"","","","","","","","","","","",""
22540,"2026-08-05 14:56:28.747498","train",68,0.4023456573486328,0.000430669355693799,"","","","","","","","","","","",""
22560,"2026-08-05 14:56:29.815358","train",68,0.7905300855636597,0.00042932682849656297,"","","","","","","","","","","",""
22580,"2026-08-05 14:56:30.921579","train",68,0.32557737827301025,0.000427984821025124,"","","","","","","","","","","",""
22600,"2026-08-05 14:56:32.132722","train",68,0.23907344043254852,0.00042664334314823654,"","","","","","","","","","","",""
22620,"2026-08-05 14:56:33.194827","train",68,0.5944445133209229,0.00042530240473076037,"","","","","","","","","","","",""
22640,"2026-08-05 14:56:34.194922","train",68,1.209260106086731,0.0004239620156335883,"","","","","","","","","","","",""
22660,"2026-08-05 14:56:35.278698","train",68,1.1323909759521484,0.00042262218571357326,"","","","","","","","","","","",""
22680,"2026-08-05 14:56:36.431343","train",68,0.3770241141319275,0.0004212829248234569,"","","","","","","","","","","",""
22700,"2026-08-05 14:56:37.507544","train",68,0.43841254711151123,0.00041994424281179563,"","","","","","","","","","","",""
22720,"2026-08-05 14:56:38.515877","train",68,0.41227054595947266,0.0004186061495228892,"","","","","","","","","","","",""
22740,"2026-08-05 14:56:39.584029","train",68,0.5821611881256104,0.0004172686547967083,"","","","","","","","","","","",""
22760,"2026-08-05 14:56:40.534316","train",68,0.5346056222915649,0.0004159317684688217,"","","","","","","","","","","",""
22780,"2026-08-05 14:56:41.538391","train",68,0.9219314455986023,0.00041459550037032403,"","","","","","","","","","","",""
22800,"2026-08-05 14:56:42.570174","train",68,0.33103689551353455,0.00041325986032776413,"","","","","","","","","","","",""
22820,"2026-08-05 14:56:43.660304","train",68,0.8326271772384644,0.0004119248581630715,"","","","","","","","","","","",""
22839,"2026-08-05 14:57:01.938103","val",68,"","",0.8499073235915341,0.3241592297665586,0.7824158415841584,0.7778840428510768,0.7682370820668692,0.32671081677704195,0.8867924528301887,0.8596491228070176,0.8005085529357374,0.7491228070175439,0.8545498160882776,0.7808771114210444
22840,"2026-08-05 14:57:13.990608","train",69,1.0565614700317383,0.00041059050369348575,"","","","","","","","","","","",""
22860,"2026-08-05 14:57:14.978643","train",69,0.36155208945274353,0.0004092568067314831,"","","","","","","","","","","",""
22880,"2026-08-05 14:57:15.906648","train",69,0.3045992851257324,0.00040792377708470445,"","","","","","","","","","","",""
22900,"2026-08-05 14:57:17.002855","train",69,0.6288833618164062,0.00040659142455588365,"","","","","","","","","","","",""
22920,"2026-08-05 14:57:18.015451","train",69,0.7262113690376282,0.00040525975894277537,"","","","","","","","","","","",""
22940,"2026-08-05 14:57:18.860251","train",69,0.22409945726394653,0.00040392879003808266,"","","","","","","","","","","",""
22960,"2026-08-05 14:57:19.853095","train",69,0.5870528817176819,0.00040259852762938517,"","","","","","","","","","","",""
22980,"2026-08-05 14:57:20.808201","train",69,0.2966774106025696,0.0004012689814990674,"","","","","","","","","","","",""
23000,"2026-08-05 14:57:21.895260","train",69,1.0494276285171509,0.0003999401614242462,"","","","","","","","","","","",""
23020,"2026-08-05 14:57:22.870671","train",69,1.2922176122665405,0.0003986120771766995,"","","","","","","","","","","",""
23040,"2026-08-05 14:57:23.862936","train",69,0.2956077456474304,0.00039728473852279384,"","","","","","","","","","","",""
23060,"2026-08-05 14:57:24.742517","train",69,0.30241793394088745,0.00039595815522341357,"","","","","","","","","","","",""
23080,"2026-08-05 14:57:25.630436","train",69,1.4054099321365356,0.0003946323370338872,"","","","","","","","","","","",""
23100,"2026-08-05 14:57:26.534508","train",69,0.2833613157272339,0.0003933072937039179,"","","","","","","","","","","",""
23120,"2026-08-05 14:57:27.362319","train",69,1.528175950050354,0.00039198303497751025,"","","","","","","","","","","",""
23140,"2026-08-05 14:57:28.340854","train",69,0.7085548639297485,0.00039065957059289906,"","","","","","","","","","","",""
23160,"2026-08-05 14:57:29.226645","train",69,0.6955175399780273,0.0003893369102824781,"","","","","","","","","","","",""
23170,"2026-08-05 14:57:49.356329","val",69,"","",0.843226001120738,0.314674753862601,0.7653069306930693,0.7627477193541221,0.7332826747720365,0.30495049504950494,0.888888888888889,0.8771929824561403,0.7868700878409617,0.7157894736842105,0.8502318886934273,0.7709592437625911
23180,"2026-08-05 14:58:01.438033","train",70,1.2503587007522583,0.0003880150637727278,"","","","","","","","","","","",""
23200,"2026-08-05 14:58:02.540182","train",70,0.7446271777153015,0.00038669404078414416,"","","","","","","","","","","",""
23220,"2026-08-05 14:58:03.650379","train",70,1.184697151184082,0.00038537385103116774,"","","","","","","","","","","",""
23240,"2026-08-05 14:58:04.799231","train",70,1.2122936248779297,0.000384054504222111,"","","","","","","","","","","",""
23260,"2026-08-05 14:58:05.847566","train",70,1.0215744972229004,0.00038273601005908817,"","","","","","","","","","","",""
23280,"2026-08-05 14:58:06.988515","train",70,2.192723035812378,0.0003814183782379429,"","","","","","","","","","","",""
23300,"2026-08-05 14:58:07.927951","train",70,2.122666358947754,0.0003801016184481779,"","","","","","","","","","","",""
23320,"2026-08-05 14:58:08.896606","train",70,1.1337406635284424,0.00037878574037288293,"","","","","","","","","","","",""
23340,"2026-08-05 14:58:09.821086","train",70,0.5430346727371216,0.00037747075368866376,"","","","","","","","","","","",""
23360,"2026-08-05 14:58:10.829649","train",70,0.2033517211675644,0.0003761566680655713,"","","","","","","","","","","",""
23380,"2026-08-05 14:58:11.848535","train",70,0.6914423704147339,0.0003748434931670301,"","","","","","","","","","","",""
23400,"2026-08-05 14:58:12.897117","train",70,0.6116248369216919,0.00037353123864976794,"","","","","","","","","","","",""
23420,"2026-08-05 14:58:13.871354","train",70,0.32409802079200745,0.0003722199141637439,"","","","","","","","","","","",""
23440,"2026-08-05 14:58:14.749428","train",70,0.9465569853782654,0.000370909529352078,"","","","","","","","","","","",""
23460,"2026-08-05 14:58:15.707885","train",70,1.2932639122009277,0.00036960009385098036,"","","","","","","","","","","",""
23480,"2026-08-05 14:58:16.689119","train",70,0.2571720480918884,0.00036829161728967985,"","","","","","","","","","","",""
23500,"2026-08-05 14:58:17.608442","train",70,1.2029733657836914,0.0003669841092903536,"","","","","","","","","","","",""
23501,"2026-08-05 14:58:35.416594","val",70,"","",0.8371998793051424,0.3067222196376924,0.761980198019802,0.7577892750037206,0.7613981762917933,0.29910714285714285,0.8490566037735849,0.8245614035087719,0.774618585298197,0.7070175438596491,0.8462977770670079,0.7694095769409577
23520,"2026-08-05 14:58:48.691011","train",71,1.0886480808258057,0.0003656775794680563,"","","","","","","","","","","",""
23540,"2026-08-05 14:58:49.804194","train",71,0.8935585618019104,0.00036437203743064947,"","","","","","","","","","","",""
23560,"2026-08-05 14:58:50.936693","train",71,0.2607227563858032,0.00036306749277873065,"","","","","","","","","","","",""
23580,"2026-08-05 14:58:51.878631","train",71,0.2873447835445404,0.00036176395510556286,"","","","","","","","","","","",""
23600,"2026-08-05 14:58:53.031737","train",71,0.6740260720252991,0.0003604614339970038,"","","","","","","","","","","",""
23620,"2026-08-05 14:58:54.156042","train",71,0.2924572825431824,0.0003591599390314361,"","","","","","","","","","","",""
23640,"2026-08-05 14:58:55.158880","train",71,1.043680191040039,0.00035785947977969625,"","","","","","","","","","","",""
23660,"2026-08-05 14:58:56.098977","train",71,0.3942449688911438,0.0003565600658050044,"","","","","","","","","","","",""
23680,"2026-08-05 14:58:57.062233","train",71,0.7373321056365967,0.0003552617066628939,"","","","","","","","","","","",""
23700,"2026-08-05 14:58:57.999151","train",71,0.37548065185546875,0.0003539644119011411,"","","","","","","","","","","",""
23720,"2026-08-05 14:58:58.969792","train",71,0.283907949924469,0.00035266819105969556,"","","","","","","","","","","",""
23740,"2026-08-05 14:58:59.831294","train",71,0.5041812062263489,0.0003513730536706092,"","","","","","","","","","","",""
23760,"2026-08-05 14:59:00.786478","train",71,1.4150537252426147,0.0003500790092579665,"","","","","","","","","","","",""
23780,"2026-08-05 14:59:01.710576","train",71,0.6438132524490356,0.00034878606733781476,"","","","","","","","","","","",""
23800,"2026-08-05 14:59:02.618557","train",71,0.305679589509964,0.0003474942374180936,"","","","","","","","","","","",""
23820,"2026-08-05 14:59:03.659152","train",71,0.596469521522522,0.0003462035289985656,"","","","","","","","","","","",""
23832,"2026-08-05 14:59:22.504033","val",71,"","",0.8482003534635113,0.32115157111300396,0.7714851485148515,0.7826152184619823,0.7621580547112462,0.31808278867102396,0.8092243186582809,0.7719298245614035,0.8192325473878872,0.7631578947368421,0.8567407644330722,0.7717340771734077
23840,"2026-08-05 14:59:34.396361","train",72,0.2887517511844635,0.0003449139515707456,"","","","","","","","","","","",""
23860,"2026-08-05 14:59:35.375157","train",72,0.23565341532230377,0.00034362551461783187,"","","","","","","","","","","",""
23880,"2026-08-05 14:59:36.216585","train",72,0.7723349332809448,0.00034233822761463593,"","","","","","","","","","","",""
23900,"2026-08-05 14:59:37.369279","train",72,0.9341173768043518,0.00034105210002751275,"","","","","","","","","","","",""
23920,"2026-08-05 14:59:38.518200","train",72,0.3451939821243286,0.00033976714131429126,"","","","","","","","","","","",""
23940,"2026-08-05 14:59:39.535008","train",72,1.2553801536560059,0.00033848336092420496,"","","","","","","","","","","",""
23960,"2026-08-05 14:59:40.762851","train",72,0.9733519554138184,0.0003372007682978221,"","","","","","","","","","","",""
23980,"2026-08-05 14:59:41.772990","train",72,0.7441084384918213,0.00033591937286697656,"","","","","","","","","","","",""
24000,"2026-08-05 14:59:42.652085","train",72,0.4874180257320404,0.00033463918405469826,"","","","","","","","","","","",""
24020,"2026-08-05 14:59:43.670564","train",72,0.9869220852851868,0.00033336021127514435,"","","","","","","","","","","",""
24040,"2026-08-05 14:59:44.600186","train",72,0.22231803834438324,0.0003320824639335291,"","","","","","","","","","","",""
24060,"2026-08-05 14:59:45.487003","train",72,0.2800872027873993,0.00033080595142605544,"","","","","","","","","","","",""
24080,"2026-08-05 14:59:46.503213","train",72,0.19176536798477173,0.00032953068313984604,"","","","","","","","","","","",""
24100,"2026-08-05 14:59:47.573744","train",72,1.9685815572738647,0.000328256668452873,"","","","","","","","","","","",""
24120,"2026-08-05 14:59:48.471835","train",72,0.6138016581535339,0.0003269839167338907,"","","","","","","","","","","",""
24140,"2026-08-05 14:59:49.464742","train",72,0.2549223303794861,0.00032571243734236575,"","","","","","","","","","","",""
24160,"2026-08-05 14:59:50.433480","train",72,0.7527342438697815,0.0003244422396284081,"","","","","","","","","","","",""
24163,"2026-08-05 15:00:07.968112","val",72,"","",0.845260571576361,0.3007960117084972,0.7679207920792079,0.772547715470642,0.7553191489361702,0.3148936170212766,0.8658280922431867,0.7894736842105263,0.7894128525196487,0.7210526315789474,0.8534783304014073,0.7754532775453278
24180,"2026-08-05 15:00:21.020220","train",73,0.27157896757125854,0.0003231733329327028,"","","","","","","","","","","",""
24200,"2026-08-05 15:00:21.944343","train",73,0.35241174697875977,0.0003219057265864414,"","","","","","","","","","","",""
24220,"2026-08-05 15:00:22.928076","train",73,0.32400017976760864,0.0003206394299112526,"","","","","","","","","","","",""
24240,"2026-08-05 15:00:23.901783","train",73,0.22095516324043274,0.00031937445221913425,"","","","","","","","","","","",""
24260,"2026-08-05 15:00:24.776121","train",73,0.3129327893257141,0.00031811080281238496,"","","","","","","","","","","",""
24280,"2026-08-05 15:00:25.640353","train",73,0.8452378511428833,0.0003168484909835353,"","","","","","","","","","","",""
24300,"2026-08-05 15:00:26.646382","train",73,0.3391776978969574,0.0003155875260152796,"","","","","","","","","","","",""
24320,"2026-08-05 15:00:27.652103","train",73,0.6579221487045288,0.00031432791718040794,"","","","","","","","","","","",""
24340,"2026-08-05 15:00:28.858054","train",73,0.8005878925323486,0.0003130696737417378,"","","","","","","","","","","",""
24360,"2026-08-05 15:00:29.832440","train",73,0.18770894408226013,0.0003118128049520457,"","","","","","","","","","","",""
24380,"2026-08-05 15:00:30.749799","train",73,0.26238876581192017,0.00031055732005399935,"","","","","","","","","","","",""
24400,"2026-08-05 15:00:31.670887","train",73,0.6542736887931824,0.00030930322828008996,"","","","","","","","","","","",""
24420,"2026-08-05 15:00:32.566653","train",73,1.0072466135025024,0.00030805053885256373,"","","","","","","","","","","",""
24440,"2026-08-05 15:00:33.556688","train",73,0.4263254404067993,0.0003067992609833549,"","","","","","","","","","","",""
24460,"2026-08-05 15:00:34.576860","train",73,0.30883264541625977,0.00030554940387401703,"","","","","","","","","","","",""
24480,"2026-08-05 15:00:35.491135","train",73,0.8448789119720459,0.00030430097671565597,"","","","","","","","","","","",""
24494,"2026-08-05 15:00:54.538845","val",73,"","",0.839656881762145,0.3230748748320475,0.760950495049505,0.7671367893954648,0.7758358662613982,0.30260047281323876,0.8280922431865828,0.8070175438596491,0.7963476652797041,0.7298245614035088,0.8459939229169998,0.7619711761971176
24500,"2026-08-05 15:01:06.581468","train",74,0.6007356643676758,0.00030305398868886224,"","","","","","","","","","","",""
24520,"2026-08-05 15:01:07.677927","train",74,0.2918857932090759,0.0003018084489636431,"","","","","","","","","","","",""
24540,"2026-08-05 15:01:08.627594","train",74,0.37766867876052856,0.0003005643666993557,"","","","","","","","","","","",""
24560,"2026-08-05 15:01:09.601124","train",74,0.35475146770477295,0.000299321751044639,"","","","","","","","","","","",""
24580,"2026-08-05 15:01:10.583324","train",74,1.6904879808425903,0.0002980806111373475,"","","","","","","","","","","",""
24600,"2026-08-05 15:01:11.478935","train",74,0.20717307925224304,0.00029684095610448306,"","","","","","","","","","","",""
24620,"2026-08-05 15:01:12.395220","train",74,0.7458492517471313,0.00029560279506212807,"","","","","","","","","","","",""
24640,"2026-08-05 15:01:13.405890","train",74,0.44018006324768066,0.0002943661371153789,"","","","","","","","","","","",""
24660,"2026-08-05 15:01:14.553738","train",74,1.8769124746322632,0.0002931309913582783,"","","","","","","","","","","",""
24680,"2026-08-05 15:01:15.676590","train",74,0.2302091419696808,0.00029189736687374905,"","","","","","","","","","","",""
24700,"2026-08-05 15:01:16.835711","train",74,0.33482587337493896,0.0002906652727335264,"","","","","","","","","","","",""
24720,"2026-08-05 15:01:17.883681","train",74,0.38095951080322266,0.00028943471799809244,"","","","","","","","","","","",""
24740,"2026-08-05 15:01:18.819517","train",74,0.284912645816803,0.00028820571171660886,"","","","","","","","","","","",""
24760,"2026-08-05 15:01:19.825924","train",74,1.1457610130310059,0.0002869782629268498,"","","","","","","","","","","",""
24780,"2026-08-05 15:01:20.756508","train",74,0.2675981819629669,0.00028575238065513676,"","","","","","","","","","","",""
24800,"2026-08-05 15:01:21.738304","train",74,0.22822678089141846,0.00028452807391627136,"","","","","","","","","","","",""
24820,"2026-08-05 15:01:22.599868","train",74,0.203342467546463,0.0002833053517134687,"","","","","","","","","","","",""
24825,"2026-08-05 15:01:40.814195","val",74,"","",0.8407258933574723,0.3232734968540609,0.7613465346534654,0.76752215769371,0.8487841945288754,0.3722397476340694,0.8029350104821803,0.7719298245614035,0.8146093388811835,0.7543859649122807,0.8450823604669759,0.7565473423214009
24840,"2026-08-05 15:01:53.923916","train",75,0.21730773150920868,0.00028208422303829215,"","","","","","","","","","","",""
24860,"2026-08-05 15:01:54.859677","train",75,1.127368450164795,0.0002808646968705868,"","","","","","","","","","","",""
24880,"2026-08-05 15:01:55.823087","train",75,0.3812559247016907,0.0002796467821784128,"","","","","","","","","","","",""
24900,"2026-08-05 15:01:56.771932","train",75,0.21261826157569885,0.00027843048791798014,"","","","","","","","","","","",""
24920,"2026-08-05 15:01:57.872594","train",75,0.6973459720611572,0.000277215823033583,"","","","","","","","","","","",""
24940,"2026-08-05 15:01:58.951655","train",75,1.274922251701355,0.000276002796457533,"","","","","","","","","","","",""
24960,"2026-08-05 15:01:59.890029","train",75,0.2036430537700653,0.0002747914171100944,"","","","","","","","","","","",""
24980,"2026-08-05 15:02:00.870596","train",75,0.2634604573249817,0.0002735816938994185,"","","","","","","","","","","",""
25000,"2026-08-05 15:02:01.879348","train",75,0.7891117334365845,0.00027237363572147705,"","","","","","","","","","","",""
25020,"2026-08-05 15:02:02.815805","train",75,0.6281276345252991,0.00027116725145999833,"","","","","","","","","","","",""
25040,"2026-08-05 15:02:03.695430","train",75,0.4889230728149414,0.0002699625499864009,"","","","","","","","","","","",""
25060,"2026-08-05 15:02:04.720002","train",75,1.2994052171707153,0.000268759540159728,"","","","","","","","","","","",""
25080,"2026-08-05 15:02:05.796853","train",75,1.0458128452301025,0.00026755823082658375,"","","","","","","","","","","",""
25100,"2026-08-05 15:02:06.791976","train",75,0.24683722853660583,0.00026635863082106727,"","","","","","","","","","","",""
25120,"2026-08-05 15:02:07.841129","train",75,0.977724552154541,0.0002651607489647071,"","","","","","","","","","","",""
25140,"2026-08-05 15:02:08.945896","train",75,1.4356815814971924,0.0002639645940663972,"","","","","","","","","","","",""
25156,"2026-08-05 15:02:28.028547","val",75,"","",0.832466916677443,0.3088444139464144,0.7475643564356436,0.7509280301016623,0.8138297872340425,0.33962264150943394,0.7840670859538784,0.6842105263157895,0.8224687933425797,0.7684210526315789,0.8349912042219735,0.7404308073764141
25160,"2026-08-05 15:02:40.030944","train",76,0.6498615741729736,0.0002627701749223326,"","","","","","","","","","","",""
25180,"2026-08-05 15:02:41.002921","train",76,0.3924068808555603,0.0002615775003159433,"","","","","","","","","","","",""
25200,"2026-08-05 15:02:42.007663","train",76,0.3249456584453583,0.0002603865790178306,"","","","","","","","","","","",""
25220,"2026-08-05 15:02:42.888431","train",76,0.42677053809165955,0.00025919741978570296,"","","","","","","","","","","",""
25240,"2026-08-05 15:02:43.797869","train",76,1.6580613851547241,0.0002580100313643104,"","","","","","","","","","","",""
25260,"2026-08-05 15:02:44.772248","train",76,0.6420061588287354,0.00025682442248538127,"","","","","","","","","","","",""
25280,"2026-08-05 15:02:45.693388","train",76,0.7622019052505493,0.0002556406018675578,"","","","","","","","","","","",""
25300,"2026-08-05 15:02:46.640324","train",76,0.19787830114364624,0.0002544585782163313,"","","","","","","","","","","",""
25320,"2026-08-05 15:02:47.677679","train",76,0.4435786306858063,0.00025327836022397924,"","","","","","","","","","","",""
25340,"2026-08-05 15:02:48.525706","train",76,1.4765793085098267,0.0002520999565695006,"","","","","","","","","","","",""
25360,"2026-08-05 15:02:49.537550","train",76,0.3460327386856079,0.000250923375918552,"","","","","","","","","","","",""
25380,"2026-08-05 15:02:50.673594","train",76,0.3177195191383362,0.0002497486269233842,"","","","","","","","","","","",""
25400,"2026-08-05 15:02:51.756597","train",76,0.4008321166038513,0.00024857571822277895,"","","","","","","","","","","",""
25420,"2026-08-05 15:02:52.852820","train",76,0.7783780097961426,0.0002474046584419843,"","","","","","","","","","","",""
25440,"2026-08-05 15:02:54.055073","train",76,0.3989548087120056,0.00024623545619265237,"","","","","","","","","","","",""
25460,"2026-08-05 15:02:54.958578","train",76,0.3878941833972931,0.00024506812007277554,"","","","","","","","","","","",""
25480,"2026-08-05 15:02:55.927660","train",76,0.35605746507644653,0.0002439026586666225,"","","","","","","","","","","",""
25487,"2026-08-05 15:03:13.986215","val",76,"","",0.843105306263201,0.31829958904144534,0.7654653465346535,0.7708365752851,0.7196048632218845,0.29174664107485604,0.7966457023060797,0.7368421052631579,0.8067498844197872,0.7543859649122807,0.8521829521829523,0.770494343716101
25500,"2026-08-05 15:03:26.755326","train",77,1.0671560764312744,0.00024273908054467654,"","","","","","","","","","","",""
25520,"2026-08-05 15:03:27.866882","train",77,0.6152416467666626,0.0002415773942635718,"","","","","","","","","","","",""
25540,"2026-08-05 15:03:28.760744","train",77,0.9909155368804932,0.0002404176083660296,"","","","","","","","","","","",""
25560,"2026-08-05 15:03:29.650039","train",77,0.3305555284023285,0.0002392597313807971,"","","","","","","","","","","",""
25580,"2026-08-05 15:03:30.592605","train",77,0.7344098091125488,0.00023810377182258366,"","","","","","","","","","","",""
25600,"2026-08-05 15:03:31.540318","train",77,0.5238401889801025,0.0002369497381919981,"","","","","","","","","","","",""
25620,"2026-08-05 15:03:32.463000","train",77,0.2734260559082031,0.0002357976389754871,"","","","","","","","","","","",""
25640,"2026-08-05 15:03:33.439040","train",77,0.9028592705726624,0.00023464748264527153,"","","","","","","","","","","",""
25660,"2026-08-05 15:03:34.599037","train",77,0.22639070451259613,0.00023349927765928496,"","","","","","","","","","","",""
25680,"2026-08-05 15:03:35.560390","train",77,0.7037827968597412,0.00023235303246111168,"","","","","","","","","","","",""
25700,"2026-08-05 15:03:36.563128","train",77,1.8229612112045288,0.00023120875547992417,"","","","","","","","","","","",""
25720,"2026-08-05 15:03:37.520545","train",77,0.5704999566078186,0.00023006645513042064,"","","","","","","","","","","",""
25740,"2026-08-05 15:03:38.401805","train",77,0.24727125465869904,0.0002289261398127643,"","","","","","","","","","","",""
25760,"2026-08-05 15:03:39.410469","train",77,0.8885715007781982,0.00022778781791252083,"","","","","","","","","","","",""
25780,"2026-08-05 15:03:40.391746","train",77,0.19584167003631592,0.00022665149780059656,"","","","","","","","","","","",""
25800,"2026-08-05 15:03:41.485818","train",77,1.118253231048584,0.0002255171878331776,"","","","","","","","","","","",""
25818,"2026-08-05 15:04:00.664332","val",77,"","",0.8405189878874089,0.3279525842730633,0.7605544554455446,0.7628547366317205,0.8168693009118541,0.33972602739726027,0.7924528301886792,0.7017543859649122,0.8226999537679149,0.775438596491228,0.844426675195906,0.7492639082597241
25820,"2026-08-05 15:04:12.699726","train",78,0.5120817422866821,0.000224384896351668,"","","","","","","","","","","",""
25840,"2026-08-05 15:04:13.756658","train",78,0.2529425621032715,0.00022325463168262796,"","","","","","","","","","","",""
25860,"2026-08-05 15:04:14.607284","train",78,1.045251727104187,0.00022212640213771352,"","","","","","","","","","","",""
25880,"2026-08-05 15:04:15.538888","train",78,1.5238173007965088,0.00022100021601361526,"","","","","","","","","","","",""
25900,"2026-08-05 15:04:16.545634","train",78,0.8513451814651489,0.0002198760815919958,"","","","","","","","","","","",""
25920,"2026-08-05 15:04:17.584156","train",78,0.29812222719192505,0.00021875400713943123,"","","","","","","","","","","",""
25940,"2026-08-05 15:04:18.506519","train",78,0.41665351390838623,0.0002176340009073491,"","","","","","","","","","","",""
25960,"2026-08-05 15:04:19.519735","train",78,1.1123871803283691,0.00021651607113196716,"","","","","","","","","","","",""
25980,"2026-08-05 15:04:20.404626","train",78,0.761854350566864,0.00021540022603423409,"","","","","","","","","","","",""
26000,"2026-08-05 15:04:21.411324","train",78,0.3241836428642273,0.0002142864738197684,"","","","","","","","","","","",""
26020,"2026-08-05 15:04:22.457819","train",78,0.42658424377441406,0.00021317482267879756,"","","","","","","","","","","",""
26040,"2026-08-05 15:04:23.385716","train",78,0.40473365783691406,0.00021206528078609888,"","","","","","","","","","","",""
26060,"2026-08-05 15:04:24.316951","train",78,0.2995200753211975,0.0002109578563009389,"","","","","","","","","","","",""
26080,"2026-08-05 15:04:25.379183","train",78,0.9115685224533081,0.00020985255736701263,"","","","","","","","","","","",""
26100,"2026-08-05 15:04:26.357920","train",78,0.40057215094566345,0.000208749392112385,"","","","","","","","","","","",""
26120,"2026-08-05 15:04:27.489781","train",78,0.20464149117469788,0.00020764836864943048,"","","","","","","","","","","",""
26140,"2026-08-05 15:04:28.648835","train",78,0.2877180278301239,0.00020654949507477302,"","","","","","","","","","","",""
26149,"2026-08-05 15:04:47.463126","val",78,"","",0.8368636579162895,0.3133385239545199,0.7494653465346535,0.7558519317302674,0.8290273556231003,0.34402332361516036,0.7966457023060796,0.7192982456140351,0.8190013869625521,0.7596491228070176,0.8404445865984327,0.7430652409731907
26160,"2026-08-05 15:04:58.729819","train",79,0.25756949186325073,0.00020545277946922678,"","","","","","","","","","","",""
26180,"2026-08-05 15:04:59.566727","train",79,0.4356958568096161,0.00020435822989773743,"","","","","","","","","","","",""
26200,"2026-08-05 15:05:00.448981","train",79,0.31653162837028503,0.00020326585440932156,"","","","","","","","","","","",""
26220,"2026-08-05 15:05:01.367807","train",79,0.3992358446121216,0.0002021756610370085,"","","","","","","","","","","",""
26240,"2026-08-05 15:05:02.206194","train",79,0.28535395860671997,0.00020108765779778116,"","","","","","","","","","","",""
26260,"2026-08-05 15:05:03.160412","train",79,0.24150332808494568,0.00020000185269251604,"","","","","","","","","","","",""
26280,"2026-08-05 15:05:04.075563","train",79,1.3335684537887573,0.00019891825370592584,"","","","","","","","","","","",""
26300,"2026-08-05 15:05:04.989173","train",79,0.7096329927444458,0.0001978368688065,"","","","","","","","","","","",""
26320,"2026-08-05 15:05:05.833849","train",79,0.2968064546585083,0.00019675770594644568,"","","","","","","","","","","",""
26340,"2026-08-05 15:05:06.715754","train",79,0.9093841314315796,0.00019568077306163028,"","","","","","","","","","","",""
26360,"2026-08-05 15:05:07.590321","train",79,0.41286465525627136,0.00019460607807152258,"","","","","","","","","","","",""
26380,"2026-08-05 15:05:08.618199","train",79,0.27660155296325684,0.0001935336288791342,"","","","","","","","","","","",""
26400,"2026-08-05 15:05:09.530672","train",79,1.8065552711486816,0.00019246343337096168,"","","","","","","","","","","",""
26420,"2026-08-05 15:05:10.440168","train",79,0.5122065544128418,0.00019139549941692916,"","","","","","","","","","","",""
26440,"2026-08-05 15:05:11.280202","train",79,0.29963064193725586,0.00019032983487032924,"","","","","","","","","","","",""
26460,"2026-08-05 15:05:12.088360","train",79,0.8546856045722961,0.00018926644756776646,"","","","","","","","","","","",""
26480,"2026-08-05 15:05:12.943652","train",79,0.25474193692207336,0.00018820534532909907,"","","","","","","","","","","",""
26480,"2026-08-05 15:05:29.068269","val",79,"","",0.8330359067201174,0.32580484830530626,0.7542178217821782,0.7587249620222929,0.8047112462006079,0.32189973614775724,0.8197064989517819,0.7894736842105263,0.7979657882570503,0.724561403508772,0.8377578762194147,0.7570122423678909
26500,"2026-08-05 15:05:40.815074","train",80,1.3560011386871338,0.00018714653595738114,"","","","","","","","","","","",""
26520,"2026-08-05 15:05:41.827184","train",80,0.3725380599498749,0.00018609002723880608,"","","","","","","","","","","",""
26540,"2026-08-05 15:05:42.737466","train",80,0.8469615578651428,0.00018503582694264902,"","","","","","","","","","","",""
26560,"2026-08-05 15:05:43.701784","train",80,0.37438344955444336,0.00018398394282120897,"","","","","","","","","","","",""
26580,"2026-08-05 15:05:44.572262","train",80,1.0454697608947754,0.00018293438260975312,"","","","","","","","","","","",""
26600,"2026-08-05 15:05:45.391739","train",80,1.205419898033142,0.00018188715402645868,"","","","","","","","","","","",""
26620,"2026-08-05 15:05:46.281977","train",80,0.2366517186164856,0.0001808422647723571,"","","","","","","","","","","",""
26640,"2026-08-05 15:05:47.150143","train",80,1.366623878479004,0.0001797997225312772,"","","","","","","","","","","",""
26660,"2026-08-05 15:05:48.081961","train",80,0.6132490634918213,0.0001787595349697879,"","","","","","","","","","","",""
26680,"2026-08-05 15:05:48.902193","train",80,0.25315335392951965,0.00017772170973714282,"","","","","","","","","","","",""
26700,"2026-08-05 15:05:49.830771","train",80,0.4486008882522583,0.00017668625446522367,"","","","","","","","","","","",""
26720,"2026-08-05 15:05:50.783099","train",80,0.6547011733055115,0.00017565317676848427,"","","","","","","","","","","",""
26740,"2026-08-05 15:05:51.700417","train",80,0.29565098881721497,0.00017462248424389394,"","","","","","","","","","","",""
26760,"2026-08-05 15:05:52.591493","train",80,0.23291921615600586,0.0001735941844708825,"","","","","","","","","","","",""
26780,"2026-08-05 15:05:53.399335","train",80,0.20519526302814484,0.00017256828501128416,"","","","","","","","","","","",""
26800,"2026-08-05 15:05:54.316780","train",80,1.028789758682251,0.00017154479340928148,"","","","","","","","","","","",""
26811,"2026-08-05 15:06:11.074328","val",80,"","",0.8326996853312643,0.3010824786725525,0.7437623762376238,0.747901656125804,0.8472644376899696,0.3659305993690852,0.7882599580712788,0.6842105263157895,0.8282478039759593,0.7964912280701755,0.8318247241324164,0.7230745389741206
26820,"2026-08-05 15:06:22.207428","train",81,0.8705475330352783,0.00017052371719135083,"","","","","","","","","","","",""
26840,"2026-08-05 15:06:23.121440","train",81,0.3545444905757904,0.00016950506386620591,"","","","","","","","","","","",""
26860,"2026-08-05 15:06:24.022166","train",81,0.19713574647903442,0.00016848884092474366,"","","","","","","","","","","",""
26880,"2026-08-05 15:06:24.943216","train",81,0.35828644037246704,0.00016747505583998855,"","","","","","","","","","","",""
26900,"2026-08-05 15:06:25.854218","train",81,0.8541072607040405,0.00016646371606703747,"","","","","","","","","","","",""
26920,"2026-08-05 15:06:26.697715","train",81,0.8801782727241516,0.00016545482904300508,"","","","","","","","","","","",""
26940,"2026-08-05 15:06:27.531753","train",81,0.3108200430870056,0.00016444840218696972,"","","","","","","","","","","",""
26960,"2026-08-05 15:06:28.409040","train",81,1.1421295404434204,0.00016344444289991808,"","","","","","","","","","","",""
26980,"2026-08-05 15:06:29.368364","train",81,0.8452684283256531,0.00016244295856469065,"","","","","","","","","","","",""
27000,"2026-08-05 15:06:30.280785","train",81,0.2609204649925232,0.00016144395654592834,"","","","","","","","","","","",""
27020,"2026-08-05 15:06:31.183649","train",81,0.8905608057975769,0.00016044744419001775,"","","","","","","","","","","",""
27040,"2026-08-05 15:06:32.047256","train",81,0.414287805557251,0.0001594534288250366,"","","","","","","","","","","",""
27060,"2026-08-05 15:06:32.853745","train",81,0.4669128656387329,0.00015846191776070124,"","","","","","","","","","","",""
27080,"2026-08-05 15:06:33.803668","train",81,0.917686939239502,0.00015747291828831133,"","","","","","","","","","","",""
27100,"2026-08-05 15:06:34.740805","train",81,0.21707798540592194,0.00015648643768069744,"","","","","","","","","","","",""
27120,"2026-08-05 15:06:35.569607","train",81,0.26487770676612854,0.0001555024831921672,"","","","","","","","","","","",""
27140,"2026-08-05 15:06:36.358049","train",81,1.241819143295288,0.00015452106205845125,"","","","","","","","","","","",""
27142,"2026-08-05 15:06:52.735978","val",81,"","",0.8346221819906031,0.2911043710458091,0.7536633663366337,0.7554199702470848,0.8472644376899696,0.3619047619047619,0.8071278825995807,0.7719298245614035,0.8079056865464632,0.7543859649122807,0.8371501679193987,0.7495738416240508
27160,"2026-08-05 15:07:04.329433","train",82,0.2286784052848816,0.00015354218149665142,"","","","","","","","","","","",""
27180,"2026-08-05 15:07:05.193843","train",82,0.4810447096824646,0.00015256584870518603,"","","","","","","","","","","",""
27200,"2026-08-05 15:07:06.029157","train",82,0.34572798013687134,0.00015159207086373866,"","","","","","","","","","","",""
27220,"2026-08-05 15:07:06.818421","train",82,1.5268535614013672,0.00015062085513320371,"","","","","","","","","","","",""
27240,"2026-08-05 15:07:07.653102","train",82,0.49830275774002075,0.00014965220865563515,"","","","","","","","","","","",""
27260,"2026-08-05 15:07:08.486277","train",82,1.1735074520111084,0.00014868613855419286,"","","","","","","","","","","",""
27280,"2026-08-05 15:07:09.360797","train",82,1.12624192237854,0.0001477226519330911,"","","","","","","","","","","",""
27300,"2026-08-05 15:07:10.265277","train",82,0.29085952043533325,0.0001467617558775459,"","","","","","","","","","","",""
27320,"2026-08-05 15:07:11.169146","train",82,0.9223935604095459,0.00014580345745372273,"","","","","","","","","","","",""
27340,"2026-08-05 15:07:11.991516","train",82,1.7245988845825195,0.00014484776370868508,"","","","","","","","","","","",""
27360,"2026-08-05 15:07:12.837104","train",82,0.8163732290267944,0.00014389468167034234,"","","","","","","","","","","",""
27380,"2026-08-05 15:07:13.723203","train",82,0.6395471096038818,0.00014294421834739766,"","","","","","","","","","","",""
27400,"2026-08-05 15:07:14.675899","train",82,0.7513043284416199,0.0001419963807292975,"","","","","","","","","","","",""
27420,"2026-08-05 15:07:15.576089","train",82,0.6844022870063782,0.00014105117578617942,"","","","","","","","","","","",""
27440,"2026-08-05 15:07:16.460667","train",82,0.8929502964019775,0.00014010861046882074,"","","","","","","","","","","",""
27460,"2026-08-05 15:07:17.411490","train",82,0.18520569801330566,0.00013916869170858785,"","","","","","","","","","","",""
27473,"2026-08-05 15:07:34.092092","val",82,"","",0.8362256993835941,0.28987149775840126,0.752,0.759779301384458,0.8100303951367781,0.3351063829787234,0.7777777777777778,0.6666666666666666,0.8111419325011557,0.7596491228070176,0.8420118343195265,0.7529831086316442
27480,"2026-08-05 15:07:44.913718","train",83,0.6601256132125854,0.00013823142641738531,"","","","","","","","","","","",""
27500,"2026-08-05 15:07:45.758280","train",83,0.621225893497467,0.0001372968214876044,"","","","","","","","","","","",""
27520,"2026-08-05 15:07:46.639019","train",83,0.49752578139305115,0.00013636488379207315,"","","","","","","","","","","",""
27540,"2026-08-05 15:07:47.470971","train",83,0.2659781575202942,0.00013543562018400552,"","","","","","","","","","","",""
27560,"2026-08-05 15:07:48.290390","train",83,1.1705799102783203,0.0001345090374969505,"","","","","","","","","","","",""
27580,"2026-08-05 15:07:49.144165","train",83,0.6797544956207275,0.0001335851425447428,"","","","","","","","","","","",""
27600,"2026-08-05 15:07:49.981873","train",83,0.32573044300079346,0.00013266394212145232,"","","","","","","","","","","",""
27620,"2026-08-05 15:07:50.875362","train",83,0.33876046538352966,0.00013174544300133357,"","","","","","","","","","","",""
27640,"2026-08-05 15:07:51.716559","train",83,0.7237496376037598,0.00013082965193877692,"","","","","","","","","","","",""
27660,"2026-08-05 15:07:52.514106","train",83,1.387225866317749,0.0001299165756682585,"","","","","","","","","","","",""
27680,"2026-08-05 15:07:53.318744","train",83,0.39150047302246094,0.00012900622090429012,"","","","","","","","","","","",""
27700,"2026-08-05 15:07:54.260899","train",83,1.258529543876648,0.0001280985943413706,"","","","","","","","","","","",""
27720,"2026-08-05 15:07:55.090300","train",83,0.5371659994125366,0.0001271937026539366,"","","","","","","","","","","",""
27740,"2026-08-05 15:07:55.917187","train",83,0.27821603417396545,0.00012629155249631275,"","","","","","","","","","","",""
27760,"2026-08-05 15:07:56.714602","train",83,1.1693354845046997,0.00012539215050266363,"","","","","","","","","","","",""
27780,"2026-08-05 15:07:57.539266","train",83,1.3585715293884277,0.00012449550328694456,"","","","","","","","","","","",""
27800,"2026-08-05 15:07:58.413097","train",83,0.21695935726165771,0.00012360161744285266,"","","","","","","","","","","",""
27804,"2026-08-05 15:08:15.364601","val",83,"","",0.830501314711841,0.29547553047052644,0.7401188118811881,0.7477512297700193,0.8282674772036475,0.3391812865497076,0.7966457023060797,0.7017543859649122,0.8129912159038373,0.7473684210526316,0.832928194466656,0.7368665736866574
27820,"2026-08-05 15:08:27.593212","train",84,0.6213040351867676,0.00012271049954377895,"","","","","","","","","","","",""
27840,"2026-08-05 15:08:28.630697","train",84,1.1049449443817139,0.00012182215614275977,"","","","","","","","","","","",""
27860,"2026-08-05 15:08:29.631356","train",84,1.188169240951538,0.00012093659377242833,"","","","","","","","","","","",""
27880,"2026-08-05 15:08:30.692864","train",84,1.5501134395599365,0.00012005381894496707,"","","","","","","","","","","",""
27900,"2026-08-05 15:08:31.639175","train",84,0.2977175712585449,0.00011917383815205974,"","","","","","","","","","","",""
27920,"2026-08-05 15:08:32.703461","train",84,0.5658990144729614,0.00011829665786484328,"","","","","","","","","","","",""
27940,"2026-08-05 15:08:33.821443","train",84,0.30997395515441895,0.00011742228453386036,"","","","","","","","","","","",""
27960,"2026-08-05 15:08:34.705098","train",84,0.5956749320030212,0.00011655072458901258,"","","","","","","","","","","",""
27980,"2026-08-05 15:08:35.688117","train",84,1.8152799606323242,0.00011568198443951205,"","","","","","","","","","","",""
28000,"2026-08-05 15:08:36.696091","train",84,0.7775454521179199,0.00011481607047383538,"","","","","","","","","","","",""
28020,"2026-08-05 15:08:37.650185","train",84,0.3062196671962738,0.00011395298905967606,"","","","","","","","","","","",""
28040,"2026-08-05 15:08:38.534351","train",84,0.8306082487106323,0.00011309274654389758,"","","","","","","","","","","",""
28060,"2026-08-05 15:08:39.521761","train",84,1.9070768356323242,0.00011223534925248715,"","","","","","","","","","","",""
28080,"2026-08-05 15:08:40.437123","train",84,0.3595142662525177,0.00011138080349050912,"","","","","","","","","","","",""
28100,"2026-08-05 15:08:41.479130","train",84,0.5436676144599915,0.00011052911554205792,"","","","","","","","","","","",""
28120,"2026-08-05 15:08:42.453189","train",84,1.859947919845581,0.00010968029167021297,"","","","","","","","","","","",""
28135,"2026-08-05 15:08:59.880018","val",84,"","",0.8334928229665073,0.3035787671901165,0.7533465346534653,0.753846769452407,0.8130699088145896,0.33513513513513515,0.7966457023060797,0.7368421052631579,0.821544151641239,0.7631578947368421,0.833967695506157,0.7483341081667442
28140,"2026-08-05 15:09:10.653800","train",85,0.6422238349914551,0.00010883433811699203,"","","","","","","","","","","",""
28160,"2026-08-05 15:09:11.494412","train",85,1.3373509645462036,0.00010799126110330479,"","","","","","","","","","","",""
28180,"2026-08-05 15:09:12.333267","train",85,0.30628323554992676,0.00010715106682890839,"","","","","","","","","","","",""
28200,"2026-08-05 15:09:13.114142","train",85,0.3946908414363861,0.00010631376147236046,"","","","","","","","","","","",""
28220,"2026-08-05 15:09:13.931198","train",85,0.579916775226593,0.00010547935119097459,"","","","","","","","","","","",""
28240,"2026-08-05 15:09:14.766163","train",85,0.7213461399078369,0.00010464784212077482,"","","","","","","","","","","",""
28260,"2026-08-05 15:09:15.602488","train",85,0.6638720035552979,0.00010381924037645063,"","","","","","","","","","","",""
28280,"2026-08-05 15:09:16.488203","train",85,0.5176737904548645,0.00010299355205131133,"","","","","","","","","","","",""
28300,"2026-08-05 15:09:17.314035","train",85,0.731979250907898,0.00010217078321724226,"","","","","","","","","","","",""
28320,"2026-08-05 15:09:18.166674","train",85,1.366586446762085,0.00010135093992465945,"","","","","","","","","","","",""
28340,"2026-08-05 15:09:19.063076","train",85,0.9010151624679565,0.00010053402820246505,"","","","","","","","","","","",""
28360,"2026-08-05 15:09:19.932861","train",85,0.26826751232147217,9.972005405800361e-05,"","","","","","","","","","","",""
28380,"2026-08-05 15:09:20.793306","train",85,1.0553045272827148,9.890902347701747e-05,"","","","","","","","","","","",""
28400,"2026-08-05 15:09:21.582623","train",85,0.25008487701416016,9.810094242360255e-05,"","","","","","","","","","","",""
28420,"2026-08-05 15:09:22.488306","train",85,0.6197375059127808,9.729581684016498e-05,"","","","","","","","","","","",""
28440,"2026-08-05 15:09:23.326958","train",85,0.3113681972026825,9.649365264737753e-05,"","","","","","","","","","","",""
28460,"2026-08-05 15:09:24.151921","train",85,1.2040807008743286,9.569445574413467e-05,"","","","","","","","","","","",""
28466,"2026-08-05 15:09:40.119963","val",85,"","",0.8245441613862667,0.2982756212226695,0.7363960396039604,0.7373073101102284,0.8305471124620061,0.3460410557184751,0.7840670859538784,0.7017543859649122,0.8247803975959316,0.7701754385964912,0.8216216216216217,0.7201301720130172
28480,"2026-08-05 15:09:51.382809","train",86,1.0458579063415527,9.489823200751122e-05,"","","","","","","","","","","",""
28500,"2026-08-05 15:09:52.237653","train",86,0.8357086777687073,9.410498729271794e-05,"","","","","","","","","","","",""
28520,"2026-08-05 15:09:53.081242","train",86,0.4346134662628174,9.33147274330583e-05,"","","","","","","","","","","",""
28540,"2026-08-05 15:09:53.907122","train",86,0.35980135202407837,9.252745823988632e-05,"","","","","","","","","","","",""
28560,"2026-08-05 15:09:54.738947","train",86,0.21681709587574005,9.174318550256362e-05,"","","","","","","","","","","",""
28580,"2026-08-05 15:09:55.563849","train",86,0.46375617384910583,9.09619149884161e-05,"","","","","","","","","","","",""
28600,"2026-08-05 15:09:56.373709","train",86,0.21991309523582458,9.018365244269271e-05,"","","","","","","","","","","",""
28620,"2026-08-05 15:09:57.229745","train",86,0.22010241448879242,8.940840358852257e-05,"","","","","","","","","","","",""
28640,"2026-08-05 15:09:58.059271","train",86,0.6202844381332397,8.863617412687242e-05,"","","","","","","","","","","",""
28660,"2026-08-05 15:09:58.915375","train",86,0.661505401134491,8.786696973650591e-05,"","","","","","","","","","","",""
28680,"2026-08-05 15:09:59.722226","train",86,1.6750757694244385,8.710079607394079e-05,"","","","","","","","","","","",""
28700,"2026-08-05 15:10:00.525461","train",86,0.6961708068847656,8.633765877340766e-05,"","","","","","","","","","","",""
28720,"2026-08-05 15:10:01.336183","train",86,1.28196120262146,8.557756344680848e-05,"","","","","","","","","","","",""
28740,"2026-08-05 15:10:02.238539","train",86,0.5487945079803467,8.482051568367572e-05,"","","","","","","","","","","",""
28760,"2026-08-05 15:10:03.064183","train",86,0.8722171783447266,8.406652105113042e-05,"","","","","","","","","","","",""
28780,"2026-08-05 15:10:03.871739","train",86,0.8211284279823303,8.33155850938421e-05,"","","","","","","","","","","",""
28797,"2026-08-05 15:10:20.575356","val",86,"","",0.8282167334798913,0.2968659359738831,0.7345742574257426,0.7414158435290623,0.8442249240121581,0.3768996960486322,0.7756813417190775,0.7017543859649122,0.8289412852519649,0.7736842105263158,0.8271229809691348,0.7222997055633039
28800,"2026-08-05 15:10:31.173091","train",87,0.19309569895267487,8.256771333398769e-05,"","","","","","","","","","","",""
28820,"2026-08-05 15:10:31.993829","train",87,0.9226737022399902,8.182291127121032e-05,"","","","","","","","","","","",""
28840,"2026-08-05 15:10:32.823710","train",87,0.24699707329273224,8.108118438258004e-05,"","","","","","","","","","","",""
28860,"2026-08-05 15:10:33.694340","train",87,0.19711270928382874,8.034253812255266e-05,"","","","","","","","","","","",""
28880,"2026-08-05 15:10:34.500618","train",87,0.9406737089157104,7.960697792292966e-05,"","","","","","","","","","","",""
28900,"2026-08-05 15:10:35.462763","train",87,0.5254873633384705,7.887450919281879e-05,"","","","","","","","","","","",""
28920,"2026-08-05 15:10:36.324581","train",87,0.8827732801437378,7.814513731859404e-05,"","","","","","","","","","","",""
28940,"2026-08-05 15:10:37.143257","train",87,0.6273109912872314,7.741886766385573e-05,"","","","","","","","","","","",""
28960,"2026-08-05 15:10:38.064335","train",87,0.5408422946929932,7.66957055693912e-05,"","","","","","","","","","","",""
28980,"2026-08-05 15:10:38.914506","train",87,0.2102709412574768,7.597565635313611e-05,"","","","","","","","","","","",""
29000,"2026-08-05 15:10:39.699212","train",87,0.4774492383003235,7.525872531013434e-05,"","","","","","","","","","","",""
29020,"2026-08-05 15:10:40.589199","train",87,0.21973824501037598,7.454491771250005e-05,"","","","","","","","","","","",""
29040,"2026-08-05 15:10:41.414983","train",87,0.2742536664009094,7.383423880937826e-05,"","","","","","","","","","","",""
29060,"2026-08-05 15:10:42.386497","train",87,0.20600494742393494,7.312669382690628e-05,"","","","","","","","","","","",""
29080,"2026-08-05 15:10:43.160456","train",87,0.3807385265827179,7.242228796817553e-05,"","","","","","","","","","","",""
29100,"2026-08-05 15:10:43.955842","train",87,1.0649360418319702,7.172102641319338e-05,"","","","","","","","","","","",""
29120,"2026-08-05 15:10:44.792033","train",87,0.22016176581382751,7.102291431884444e-05,"","","","","","","","","","","",""
29128,"2026-08-05 15:11:01.049795","val",87,"","",0.8347946032156559,0.29801224743122334,0.7569108910891089,0.7616771504951501,0.8077507598784195,0.3359580052493438,0.8218029350104822,0.7894736842105263,0.8268608414239482,0.7631578947368421,0.8324644170798017,0.7429102742910274
