"step","time","part","epoch","loss","lr","auroc","auprc","auroc_age_cond","auroc_I0002","auroc_I0006","auroc_S0001"
20,"2026-08-03 20:17:53.017628","train",0,0.6331828236579895,4.000961077716325e-05,"","","","","",""
40,"2026-08-03 20:17:54.104285","train",0,1.1679431200027466,4.00384427237903e-05,"","","","","",""
60,"2026-08-03 20:17:55.212188","train",0,1.171273946762085,4.008649468530861e-05,"","","","","",""
80,"2026-08-03 20:17:56.288911","train",0,1.1723213195800781,4.01537647374818e-05,"","","","","",""
100,"2026-08-03 20:17:57.382132","train",0,1.171661615371704,4.024025018648739e-05,"","","","","",""
120,"2026-08-03 20:17:58.565294","train",0,1.1741873025894165,4.034594756902347e-05,"","","","","",""
140,"2026-08-03 20:17:59.761410","train",0,2.22206449508667,4.047085265244867e-05,"","","","","",""
160,"2026-08-03 20:18:00.971963","train",0,1.6910467147827148,4.061496043495044e-05,"","","","","",""
180,"2026-08-03 20:18:01.862094","train",0,1.6967437267303467,4.077826514574693e-05,"","","","","",""
200,"2026-08-03 20:18:02.897562","train",0,2.2348482608795166,4.096076024531585e-05,"","","","","",""
220,"2026-08-03 20:18:03.819877","train",0,2.237295627593994,4.11624384256587e-05,"","","","","",""
240,"2026-08-03 20:18:04.982967","train",0,1.1662765741348267,4.138329161059199e-05,"","","","","",""
260,"2026-08-03 20:18:05.865237","train",0,0.636942982673645,4.162331095607075e-05,"","","","","",""
280,"2026-08-03 20:18:06.816024","train",0,1.169252872467041,4.188248685054331e-05,"","","","","",""
300,"2026-08-03 20:18:07.922518","train",0,1.6921627521514893,4.2160808915335285e-05,"","","","","",""
320,"2026-08-03 20:18:08.915548","train",0,1.6702841520309448,4.245826600506649e-05,"","","","","",""
331,"2026-08-03 20:18:28.380299","val",0,"","",0.5502909608172766,0.10788969379667396,0.5330693069306931,0.6813417190775681,0.47688395746648177,0.5534943227250919
340,"2026-08-03 20:18:42.201754","train",1,1.1595308780670166,4.277484620809587e-05,"","","","","",""
360,"2026-08-03 20:18:43.279785","train",1,1.1688170433044434,4.311053684699932e-05,"","","","","",""
380,"2026-08-03 20:18:44.370472","train",1,0.6802627444267273,4.3465324479077306e-05,"","","","","",""
400,"2026-08-03 20:18:45.493597","train",1,1.1703448295593262,4.383919489689262e-05,"","","","","",""
420,"2026-08-03 20:18:46.602922","train",1,1.171041488647461,4.423213312884015e-05,"","","","","",""
440,"2026-08-03 20:18:47.749049","train",1,0.6884838342666626,4.4644123439745663e-05,"","","","","",""
460,"2026-08-03 20:18:48.896046","train",1,0.6886166334152222,4.5075149331496385e-05,"","","","","",""
480,"2026-08-03 20:18:49.936020","train",1,2.5938007831573486,4.55251935437015e-05,"","","","","",""
500,"2026-08-03 20:18:51.150058","train",1,1.625309944152832,4.599423805438333e-05,"","","","","",""
520,"2026-08-03 20:18:52.126836","train",1,0.6863428950309753,4.648226408069918e-05,"","","","","",""
540,"2026-08-03 20:18:53.195078","train",1,1.1630281209945679,4.698925207969316e-05,"","","","","",""
560,"2026-08-03 20:18:54.123182","train",1,2.1458303928375244,4.7515181749079255e-05,"","","","","",""
580,"2026-08-03 20:18:55.229358","train",1,0.6876730918884277,4.8060032028053655e-05,"","","","","",""
600,"2026-08-03 20:18:56.131232","train",1,1.1632035970687866,4.8623781098138886e-05,"","","","","",""
620,"2026-08-03 20:18:57.168033","train",1,0.67698073387146,4.9206406384057146e-05,"","","","","",""
640,"2026-08-03 20:18:58.064002","train",1,3.1170334815979004,4.98078845546342e-05,"","","","","",""
660,"2026-08-03 20:18:59.056259","train",1,1.669965147972107,5.042819152373398e-05,"","","","","",""
662,"2026-08-03 20:19:19.020627","val",1,"","",0.5700418121470753,0.1267307129142303,0.5190495049504951,0.5849056603773585,0.5030050855293574,0.5824884055653287
680,"2026-08-03 20:19:33.133516","train",2,1.1535303592681885,5.106730245122294e-05,"","","","","",""
700,"2026-08-03 20:19:34.143018","train",2,1.1507554054260254,5.172519174396475e-05,"","","","","",""
720,"2026-08-03 20:19:35.239670","train",2,1.6693888902664185,5.240183305684528e-05,"","","","","",""
740,"2026-08-03 20:19:36.330158","train",2,1.1859896183013916,5.3097199293827856e-05,"","","","","",""
760,"2026-08-03 20:19:37.473750","train",2,1.6528046131134033,5.3811262609037235e-05,"","","","","",""
780,"2026-08-03 20:19:38.605020","train",2,0.6824796199798584,5.4543994407876134e-05,"","","","","",""
800,"2026-08-03 20:19:39.766449","train",2,1.1572740077972412,5.529536534816916e-05,"","","","","",""
820,"2026-08-03 20:19:40.908526","train",2,2.148569345474243,5.6065345341338967e-05,"","","","","",""
840,"2026-08-03 20:19:41.889356","train",2,1.1476223468780518,5.685390355360969e-05,"","","","","",""
860,"2026-08-03 20:19:42.780552","train",2,1.1587936878204346,5.766100840724254e-05,"","","","","",""
880,"2026-08-03 20:19:43.731897","train",2,1.1978416442871094,5.8486627581800935e-05,"","","","","",""
900,"2026-08-03 20:19:44.591093","train",2,0.6811002492904663,5.9330728015443194e-05,"","","","","",""
920,"2026-08-03 20:19:45.468881","train",2,1.653578758239746,6.019327590624799e-05,"","","","","",""
940,"2026-08-03 20:19:46.517234","train",2,0.6656434535980225,6.107423671356709e-05,"","","","","",""
960,"2026-08-03 20:19:47.528848","train",2,2.5907936096191406,6.19735751594087e-05,"","","","","",""
980,"2026-08-03 20:19:48.383312","train",2,0.6837295293807983,6.289125522985031e-05,"","","","","",""
993,"2026-08-03 20:20:06.929378","val",2,"","",0.598249924565714,0.12481626755611781,0.523009900990099,0.5681341719077567,0.5896902450300509,0.6010554933631858
1000,"2026-08-03 20:20:20.202423","train",3,1.6500282287597656,6.382724017648094e-05,"","","","","",""
1020,"2026-08-03 20:20:21.282492","train",3,1.1855518817901611,6.478149251787249e-05,"","","","","",""
1040,"2026-08-03 20:20:22.315886","train",3,0.6073547601699829,6.575397404108042e-05,"","","","","",""
1060,"2026-08-03 20:20:23.344867","train",3,1.1353671550750732,6.674464580317513e-05,"","","","","",""
1080,"2026-08-03 20:20:24.521452","train",3,1.7790263891220093,6.775346813279993e-05,"","","","","",""
1100,"2026-08-03 20:20:25.571558","train",3,2.490352153778076,6.878040063176068e-05,"","","","","",""
1120,"2026-08-03 20:20:26.688998","train",3,2.8774752616882324,6.982540217664304e-05,"","","","","",""
1140,"2026-08-03 20:20:27.789098","train",3,2.2915780544281006,7.088843092045976e-05,"","","","","",""
1160,"2026-08-03 20:20:28.774759","train",3,1.7109267711639404,7.196944429432579e-05,"","","","","",""
1180,"2026-08-03 20:20:29.822200","train",3,1.7453031539916992,7.306839900916373e-05,"","","","","",""
1200,"2026-08-03 20:20:30.793183","train",3,1.7358577251434326,7.418525105743617e-05,"","","","","",""
1220,"2026-08-03 20:20:31.824724","train",3,1.0229754447937012,7.531995571490946e-05,"","","","","",""
1240,"2026-08-03 20:20:32.737937","train",3,0.5875322818756104,7.64724675424433e-05,"","","","","",""
1260,"2026-08-03 20:20:33.602775","train",3,1.9570376873016357,7.764274038781144e-05,"","","","","",""
1280,"2026-08-03 20:20:34.524053","train",3,2.3623671531677246,7.883072738754896e-05,"","","","","",""
1300,"2026-08-03 20:20:35.422223","train",3,0.5206148028373718,8.003638096882963e-05,"","","","","",""
1320,"2026-08-03 20:20:36.256132","train",3,1.7928142547607422,8.125965285137049e-05,"","","","","",""
1324,"2026-08-03 20:20:54.568007","val",3,"","",0.58208974524764,0.13705078593337056,0.5202376237623763,0.5849056603773585,0.6010171058714748,0.5716855909163602
1340,"2026-08-03 20:21:08.724996","train",4,0.5000540018081665,8.250049404936522e-05,"","","","","",""
1360,"2026-08-03 20:21:09.768764","train",4,1.120185375213623,8.375885487344641e-05,"","","","","",""
1380,"2026-08-03 20:21:10.995088","train",4,1.0503449440002441,8.503468493267449e-05,"","","","","",""
1400,"2026-08-03 20:21:12.090861","train",4,0.43118566274642944,8.632793313655585e-05,"","","","","",""
1420,"2026-08-03 20:21:13.184425","train",4,1.7337696552276611,8.763854769708974e-05,"","","","","",""
1440,"2026-08-03 20:21:14.276210","train",4,0.9752651453018188,8.896647613084049e-05,"","","","","",""
1460,"2026-08-03 20:21:15.420344","train",4,2.4209532737731934,9.03116652610403e-05,"","","","","",""
1480,"2026-08-03 20:21:16.488671","train",4,1.4209184646606445,9.167406121971856e-05,"","","","","",""
1500,"2026-08-03 20:21:17.502211","train",4,0.9022936820983887,9.30536094498587e-05,"","","","","",""
1520,"2026-08-03 20:21:18.442357","train",4,0.4725191593170166,9.445025470758309e-05,"","","","","",""
1540,"2026-08-03 20:21:19.355390","train",4,2.782869815826416,9.586394106436528e-05,"","","","","",""
1560,"2026-08-03 20:21:20.355054","train",4,1.0452548265457153,9.729461190926961e-05,"","","","","",""
1580,"2026-08-03 20:21:21.295445","train",4,0.4233269989490509,9.874220995121838e-05,"","","","","",""
1600,"2026-08-03 20:21:22.201182","train",4,0.4296017289161682,0.0001002066772212856,"","","","","",""
1620,"2026-08-03 20:21:23.144812","train",4,2.720628261566162,0.00010168795507501868,"","","","","",""
1640,"2026-08-03 20:21:23.997674","train",4,1.69266939163208,0.00010318598419478719,"","","","","",""
1655,"2026-08-03 20:21:43.118102","val",4,"","",0.6378637010215957,0.15480259405348326,0.5626138613861386,0.6163522012578616,0.612575127138234,0.6400767631536861
1660,"2026-08-03 20:21:56.243532","train",5,0.8941166996955872,0.0001047007045921574,"","","","","",""
1680,"2026-08-03 20:21:57.345991","train",5,0.4751247465610504,0.00010623205561029517,"","","","","",""
1700,"2026-08-03 20:21:58.411128","train",5,3.016674757003784,0.00010777997592639472,"","","","","",""
1720,"2026-08-03 20:21:59.504683","train",5,1.9234485626220703,0.00010934440355413416,"","","","","",""
1740,"2026-08-03 20:22:00.587689","train",5,0.4630936086177826,0.0001109252758461582,"","","","","",""
1760,"2026-08-03 20:22:01.677784","train",5,4.0204901695251465,0.00011252252949658611,"","","","","",""
1780,"2026-08-03 20:22:02.778851","train",5,0.4523090720176697,0.00011413610054354759,"","","","","",""
1800,"2026-08-03 20:22:03.785935","train",5,2.1472434997558594,0.00011576592437174352,"","","","","",""
1820,"2026-08-03 20:22:04.997542","train",5,1.7377631664276123,0.00011741193571503388,"","","","","",""
1840,"2026-08-03 20:22:05.931842","train",5,0.9275417327880859,0.00011907406865905104,"","","","","",""
1860,"2026-08-03 20:22:06.789541","train",5,1.7661844491958618,0.00012075225664383922,"","","","","",""
1880,"2026-08-03 20:22:07.823709","train",5,1.4749536514282227,0.0001224464324665205,"","","","","",""
1900,"2026-08-03 20:22:08.824426","train",5,1.1813902854919434,0.00012415652828398518,"","","","","",""
1920,"2026-08-03 20:22:09.857242","train",5,0.5099414587020874,0.00012588247561560887,"","","","","",""
1940,"2026-08-03 20:22:10.806093","train",5,0.4564184546470642,0.0001276242053459951,"","","","","",""
1960,"2026-08-03 20:22:11.722842","train",5,1.8903915882110596,0.00012938164772774235,"","","","","",""
1980,"2026-08-03 20:22:12.674905","train",5,1.7450377941131592,0.00013115473238423786,"","","","","",""
1986,"2026-08-03 20:22:31.276574","val",5,"","",0.6211948790896159,0.18863674118520352,0.5413069306930693,0.5534591194968553,0.6389274156264446,0.6206860706860706
2000,"2026-08-03 20:22:44.568895","train",6,0.7920264005661011,0.000132943388312475,"","","","","",""
2020,"2026-08-03 20:22:45.643491","train",6,0.42248016595840454,0.00013474754388589764,"","","","","",""
2040,"2026-08-03 20:22:46.745453","train",6,0.45434221625328064,0.0001365671268572673,"","","","","",""
2060,"2026-08-03 20:22:47.939227","train",6,2.8900578022003174,0.00013840206436155724,"","","","","",""
2080,"2026-08-03 20:22:49.052306","train",6,2.331686496734619,0.00014025228291886943,"","","","","",""
2100,"2026-08-03 20:22:50.196439","train",6,1.7942852973937988,0.00014211770843737786,"","","","","",""
2120,"2026-08-03 20:22:51.341881","train",6,1.2649794816970825,0.00014399826621629543,"","","","","",""
2140,"2026-08-03 20:22:52.486337","train",6,0.4535253047943115,0.00014589388094886433,"","","","","",""
2160,"2026-08-03 20:22:53.508055","train",6,1.2093312740325928,0.00014780447672537356,"","","","","",""
2180,"2026-08-03 20:22:54.433115","train",6,0.2962266802787781,0.00014972997703619644,"","","","","",""
2200,"2026-08-03 20:22:55.349972","train",6,1.464374303817749,0.00015167030477485663,"","","","","",""
2220,"2026-08-03 20:22:56.219270","train",6,0.46716341376304626,0.00015362538224111442,"","","","","",""
2240,"2026-08-03 20:22:57.166940","train",6,1.3028919696807861,0.0001555951311440787,"","","","","",""
2260,"2026-08-03 20:22:58.234869","train",6,0.44060537219047546,0.00015757947260534194,"","","","","",""
2280,"2026-08-03 20:22:59.248598","train",6,1.855167031288147,0.00015957832716213913,"","","","","",""
2300,"2026-08-03 20:23:00.237342","train",6,1.3760024309158325,0.00016159161477052994,"","","","","",""
2317,"2026-08-03 20:23:19.511820","val",6,"","",0.6402000086210613,0.17666531570662294,0.5887524752475247,0.5870020964360587,0.647942672214517,0.6384295538141692
2320,"2026-08-03 20:23:32.341250","train",7,1.1273785829544067,0.00016361925480860352,"","","","","",""
2340,"2026-08-03 20:23:33.386724","train",7,1.6284430027008057,0.0001656611660797077,"","","","","",""
2360,"2026-08-03 20:23:34.511848","train",7,2.3480141162872314,0.00016771726681569948,"","","","","",""
2380,"2026-08-03 20:23:35.598567","train",7,1.701729655265808,0.00016978747468022104,"","","","","",""
2400,"2026-08-03 20:23:36.705531","train",7,0.5619009733200073,0.00017187170677199508,"","","","","",""
2420,"2026-08-03 20:23:37.783235","train",7,0.4398835599422455,0.00017396987962814598,"","","","","",""
2440,"2026-08-03 20:23:38.904944","train",7,1.1992594003677368,0.00017608190922754115,"","","","","",""
2460,"2026-08-03 20:23:40.044069","train",7,1.0573301315307617,0.00017820771099415645,"","","","","",""
2480,"2026-08-03 20:23:41.182948","train",7,0.6566718816757202,0.0001803471998004624,"","","","","",""
2500,"2026-08-03 20:23:42.217155","train",7,0.5754143595695496,0.00018250028997083341,"","","","","",""
2520,"2026-08-03 20:23:43.193916","train",7,0.5056393146514893,0.0001846668952849782,"","","","","",""
2540,"2026-08-03 20:23:44.156898","train",7,0.39874541759490967,0.00018684692898139328,"","","","","",""
2560,"2026-08-03 20:23:45.016560","train",7,0.4316508173942566,0.00018904030376083682,"","","","","",""
2580,"2026-08-03 20:23:45.892459","train",7,1.1153360605239868,0.0001912469317898244,"","","","","",""
2600,"2026-08-03 20:23:46.888381","train",7,0.5277328491210938,0.0001934667247041464,"","","","","",""
2620,"2026-08-03 20:23:47.957473","train",7,0.5151398181915283,0.00019569959361240708,"","","","","",""
2640,"2026-08-03 20:23:48.961723","train",7,0.48858219385147095,0.0001979454490995834,"","","","","",""
2648,"2026-08-03 20:24:07.315110","val",7,"","",0.6399155135997242,0.15306858777429572,0.6000792079207921,0.620545073375262,0.6368469717984281,0.639740924356309
2660,"2026-08-03 20:24:20.576189","train",8,1.2573764324188232,0.0002002042012306059,"","","","","",""
2680,"2026-08-03 20:24:21.772681","train",8,0.6259321570396423,0.00020247575955396045,"","","","","",""
2700,"2026-08-03 20:24:22.911707","train",8,2.049452781677246,0.00020476003310531028,"","","","","",""
2720,"2026-08-03 20:24:23.945729","train",8,0.759162962436676,0.00020705693041113838,"","","","","",""
2740,"2026-08-03 20:24:25.059536","train",8,1.8194522857666016,0.00020936635949241067,"","","","","",""
2760,"2026-08-03 20:24:26.146296","train",8,1.496053695678711,0.00021168822786825912,"","","","","",""
2780,"2026-08-03 20:24:27.289182","train",8,0.4966413974761963,0.00021402244255968586,"","","","","",""
2800,"2026-08-03 20:24:28.384068","train",8,0.36450958251953125,0.00021636891009328555,"","","","","",""
2820,"2026-08-03 20:24:29.564659","train",8,0.4684881567955017,0.00021872753650498903,"","","","","",""
2840,"2026-08-03 20:24:30.627500","train",8,0.399505078792572,0.00022109822734382625,"","","","","",""
2860,"2026-08-03 20:24:31.568093","train",8,1.1091405153274536,0.00022348088767570786,"","","","","",""
2880,"2026-08-03 20:24:32.519146","train",8,3.835388660430908,0.00022587542208722786,"","","","","",""
2900,"2026-08-03 20:24:33.462938","train",8,1.5180081129074097,0.0002282817346894836,"","","","","",""
2920,"2026-08-03 20:24:34.583930","train",8,0.35886555910110474,0.00023069972912191552,"","","","","",""
2940,"2026-08-03 20:24:35.617669","train",8,2.1486127376556396,0.00023312930855616694,"","","","","",""
2960,"2026-08-03 20:24:36.642341","train",8,0.576618492603302,0.00023557037569996078,"","","","","",""
2979,"2026-08-03 20:24:55.703818","val",8,"","",0.6697961119013751,0.15339206346389891,0.6158415841584158,0.6247379454926625,0.63291724456773,0.6733407964177194
2980,"2026-08-03 20:25:08.240279","train",9,1.7446192502975464,0.00023802283280099522,"","","","","",""
3000,"2026-08-03 20:25:09.233556","train",9,0.6606494188308716,0.00024048658165085914,"","","","","",""
3020,"2026-08-03 20:25:10.349684","train",9,2.2013885974884033,0.00024296152358896416,"","","","","",""
3040,"2026-08-03 20:25:11.434590","train",9,1.5970361232757568,0.000245447559506496,"","","","","",""
3060,"2026-08-03 20:25:12.620681","train",9,1.6428821086883545,0.0002479445898503829,"","","","","",""
3080,"2026-08-03 20:25:13.704878","train",9,1.2305176258087158,0.00025045251462728227,"","","","","",""
3100,"2026-08-03 20:25:14.837934","train",9,0.3277530074119568,0.0002529712334075852,"","","","","",""
3120,"2026-08-03 20:25:15.957449","train",9,1.6585146188735962,0.00025550064532943754,"","","","","",""
3140,"2026-08-03 20:25:17.105086","train",9,1.2998524904251099,0.00025804064910277984,"","","","","",""
3160,"2026-08-03 20:25:18.234204","train",9,1.44474196434021,0.00026059114301340235,"","","","","",""
3180,"2026-08-03 20:25:19.331304","train",9,1.5513641834259033,0.00026315202492701955,"","","","","",""
3200,"2026-08-03 20:25:20.309679","train",9,2.345336437225342,0.0002657231922933586,"","","","","",""
3220,"2026-08-03 20:25:21.241825","train",9,0.9929852485656738,0.00026830454215026687,"","","","","",""
3240,"2026-08-03 20:25:22.276873","train",9,0.4490433931350708,0.0002708959711278352,"","","","","",""
3260,"2026-08-03 20:25:23.295985","train",9,1.832834005355835,0.0002734973754525365,"","","","","",""
3280,"2026-08-03 20:25:24.247955","train",9,0.3521724343299866,0.0002761086509513826,"","","","","",""
3300,"2026-08-03 20:25:25.221414","train",9,1.236794352531433,0.0002787296930560941,"","","","","",""
3310,"2026-08-03 20:25:43.805458","val",9,"","",0.6757963705332127,0.17592522549607995,0.6270891089108911,0.5387840670859538,0.6449375866851594,0.6864545018391173
3320,"2026-08-03 20:25:57.168726","train",10,1.5212347507476807,0.00028136039680728964,"","","","","",""
3340,"2026-08-03 20:25:58.301032","train",10,0.34282517433166504,0.0002840006568586875,"","","","","",""
3360,"2026-08-03 20:25:59.397018","train",10,2.4233832359313965,0.0002866503674813256,"","","","","",""
3380,"2026-08-03 20:26:00.527835","train",10,0.25966379046440125,0.000289309422567794,"","","","","",""
3400,"2026-08-03 20:26:01.621892","train",10,1.286543846130371,0.00029197771563648455,"","","","","",""
3420,"2026-08-03 20:26:02.755597","train",10,0.9630435705184937,0.00029465513983585536,"","","","","",""
3440,"2026-08-03 20:26:03.837323","train",10,1.1136027574539185,0.00029734158794870915,"","","","","",""
3460,"2026-08-03 20:26:04.892865","train",10,0.513842761516571,0.0003000369523964869,"","","","","",""
3480,"2026-08-03 20:26:06.143990","train",10,2.3786354064941406,0.00030274112524357596,"","","","","",""
3500,"2026-08-03 20:26:07.061108","train",10,0.5565772652626038,0.0003054539982016316,"","","","","",""
3520,"2026-08-03 20:26:07.996056","train",10,0.4521206021308899,0.0003081754626339145,"","","","","",""
3540,"2026-08-03 20:26:09.121255","train",10,0.644874632358551,0.0003109054095596404,"","","","","",""
3560,"2026-08-03 20:26:10.027314","train",10,1.7769471406936646,0.00031364372965834444,"","","","","",""
3580,"2026-08-03 20:26:11.033075","train",10,1.7463154792785645,0.0003163903132742591,"","","","","",""
3600,"2026-08-03 20:26:12.122084","train",10,1.1252093315124512,0.00031914505042070446,"","","","","",""
3620,"2026-08-03 20:26:12.963936","train",10,1.12471342086792,0.0003219078307844937,"","","","","",""
3640,"2026-08-03 20:26:13.929548","train",10,1.2276803255081177,0.00032467854373035003,"","","","","",""
3641,"2026-08-03 20:26:32.272708","val",10,"","",0.7337557653347128,0.20222230088777182,0.6462574257425743,0.6457023060796645,0.6571890892279242,0.7598912521989445
3660,"2026-08-03 20:26:46.120837","train",11,0.6632786393165588,0.0003274570783053372,"","","","","",""
3680,"2026-08-03 20:26:47.285026","train",11,1.1749382019042969,0.0003302433232433027,"","","","","",""
3700,"2026-08-03 20:26:48.413039","train",11,2.546654224395752,0.0003330371669693329,"","","","","",""
3720,"2026-08-03 20:26:49.563144","train",11,1.2927863597869873,0.0003358384976042217,"","","","","",""
3740,"2026-08-03 20:26:50.656815","train",11,1.4887179136276245,0.0003386472029689503,"","","","","",""
3760,"2026-08-03 20:26:51.820250","train",11,0.3395858108997345,0.0003414631705891799,"","","","","",""
3780,"2026-08-03 20:26:53.026443","train",11,0.9227619171142578,0.0003442862876997547,"","","","","",""
3800,"2026-08-03 20:26:54.371484","train",11,0.5431939363479614,0.000347116441249219,"","","","","",""
3820,"2026-08-03 20:26:55.343525","train",11,1.7203516960144043,0.00034995351790434296,"","","","","",""
3840,"2026-08-03 20:26:56.282793","train",11,1.2741639614105225,0.0003527974040546621,"","","","","",""
3860,"2026-08-03 20:26:57.277727","train",11,0.5778997540473938,0.00035564798581702584,"","","","","",""
3880,"2026-08-03 20:26:58.185075","train",11,2.6664605140686035,0.00035850514904015897,"","","","","",""
3900,"2026-08-03 20:26:59.213467","train",11,1.505388617515564,0.0003613687793092321,"","","","","",""
3920,"2026-08-03 20:27:00.143395","train",11,0.9885621666908264,0.0003642387619504436,"","","","","",""
3940,"2026-08-03 20:27:01.183349","train",11,0.413662850856781,0.00036711498203561145,"","","","","",""
3960,"2026-08-03 20:27:02.174698","train",11,1.1667202711105347,0.0003699973243867762,"","","","","",""
3972,"2026-08-03 20:27:20.731245","val",11,"","",0.7140825035561877,0.1868101810996403,0.6754851485148515,0.5345911949685535,0.6324549237170596,0.7512234127618744
3980,"2026-08-03 20:27:34.450833","train",12,0.49677523970603943,0.00037288567358081275,"","","","","",""
4000,"2026-08-03 20:27:35.586186","train",12,1.2049145698547363,0.0003757799139540523,"","","","","",""
4020,"2026-08-03 20:27:36.682857","train",12,0.9117659330368042,0.0003786799296069146,"","","","","",""
4040,"2026-08-03 20:27:37.761953","train",12,1.5200767517089844,0.00038158560440854864,"","","","","",""
4060,"2026-08-03 20:27:38.906129","train",12,2.656348705291748,0.0003844968220014836,"","","","","",""
4080,"2026-08-03 20:27:40.013081","train",12,2.0100014209747314,0.00038741346580628804,"","","","","",""
4100,"2026-08-03 20:27:41.083828","train",12,1.0902758836746216,0.0003903354190262381,"","","","","",""
4120,"2026-08-03 20:27:42.175645","train",12,0.9309596419334412,0.0003932625646519954,"","","","","",""
4140,"2026-08-03 20:27:43.238738","train",12,0.2397613525390625,0.0003961947854662915,"","","","","",""
4160,"2026-08-03 20:27:44.296848","train",12,1.5875370502471924,0.0003991319640486234,"","","","","",""
4180,"2026-08-03 20:27:45.218648","train",12,1.5086627006530762,0.00040207398277995385,"","","","","",""
4200,"2026-08-03 20:27:46.213977","train",12,0.33349892497062683,0.00040502072384742294,"","","","","",""
4220,"2026-08-03 20:27:47.201929","train",12,1.2639546394348145,0.00040797206924906486,"","","","","",""
4240,"2026-08-03 20:27:48.053567","train",12,1.4001250267028809,0.0004109279007985338,"","","","","",""
4260,"2026-08-03 20:27:49.112442","train",12,0.9236294031143188,0.0004138881001298369,"","","","","",""
4280,"2026-08-03 20:27:50.003650","train",12,0.5352243185043335,0.00041685254870207325,"","","","","",""
4300,"2026-08-03 20:27:50.929483","train",12,2.3594510555267334,0.0004198211278041821,"","","","","",""
4303,"2026-08-03 20:28:09.865168","val",12,"","",0.6947713263502736,0.17885629413901194,0.652990099009901,0.6268343815513627,0.6773000462320851,0.6986726371341756
4320,"2026-08-03 20:28:23.798520","train",13,0.979642391204834,0.00042279371855969577,"","","","","",""
4340,"2026-08-03 20:28:24.854039","train",13,1.216843843460083,0.00042577020193150007,"","","","","",""
4360,"2026-08-03 20:28:25.968560","train",13,1.2270644903182983,0.0004287504587266017,"","","","","",""
4380,"2026-08-03 20:28:27.088276","train",13,1.1658443212509155,0.000431734369600901,"","","","","",""
4400,"2026-08-03 20:28:28.209849","train",13,0.4767604470252991,0.00043472181506397096,"","","","","",""
4420,"2026-08-03 20:28:29.353236","train",13,1.5420763492584229,0.0004377126754838422,"","","","","",""
4440,"2026-08-03 20:28:30.432255","train",13,3.1302309036254883,0.0004407068310917937,"","","","","",""
4460,"2026-08-03 20:28:31.523635","train",13,1.3014748096466064,0.0004437041619871491,"","","","","",""
4480,"2026-08-03 20:28:32.729411","train",13,0.8138694763183594,0.0004467045481420781,"","","","","",""
4500,"2026-08-03 20:28:33.733906","train",13,2.449706554412842,0.0004497078694064024,"","","","","",""
4520,"2026-08-03 20:28:34.643922","train",13,0.6316779851913452,0.0004527140055124078,"","","","","",""
4540,"2026-08-03 20:28:35.610505","train",13,2.3374998569488525,0.0004557228360796599,"","","","","",""
4560,"2026-08-03 20:28:36.617600","train",13,0.6720954775810242,0.0004587342406198251,"","","","","",""
4580,"2026-08-03 20:28:37.555903","train",13,0.37770047783851624,0.00046174809854149495,"","","","","",""
4600,"2026-08-03 20:28:38.464588","train",13,2.9641339778900146,0.0004647642891550159,"","","","","",""
4620,"2026-08-03 20:28:39.349071","train",13,0.6893808841705322,0.0004677826916773218,"","","","","",""
4634,"2026-08-03 20:28:58.449035","val",13,"","",0.7522048364153627,0.2017208672896079,0.7161188118811881,0.6394129979035639,0.7207582061950994,0.7616184231568847
4640,"2026-08-03 20:29:11.257257","train",14,0.40380650758743286,0.0004708031852367709,"","","","","",""
4660,"2026-08-03 20:29:12.371796","train",14,1.5694580078125,0.00047382564887798583,"","","","","",""
4680,"2026-08-03 20:29:13.470232","train",14,1.2558259963989258,0.0004768499615666978,"","","","","",""
4700,"2026-08-03 20:29:14.638327","train",14,1.1110625267028809,0.0004798760021945931,"","","","","",""
4720,"2026-08-03 20:29:15.680967","train",14,0.17649659514427185,0.0004829036495841624,"","","","","",""
4740,"2026-08-03 20:29:16.796833","train",14,1.4291796684265137,0.00048593278249355455,"","","","","",""
4760,"2026-08-03 20:29:18.008639","train",14,1.553797960281372,0.0004889632796214299,"","","","","",""
4780,"2026-08-03 20:29:19.189547","train",14,0.3832445740699768,0.0004919950196118196,"","","","","",""
4800,"2026-08-03 20:29:20.347170","train",14,0.2382683902978897,0.0004950278810589842,"","","","","",""
4820,"2026-08-03 20:29:21.485408","train",14,1.1502764225006104,0.0004980617425122757,"","","","","",""
4840,"2026-08-03 20:29:22.614664","train",14,1.0937244892120361,0.0005010964824810007,"","","","","",""
4860,"2026-08-03 20:29:23.605395","train",14,0.6233012676239014,0.0005041319794392861,"","","","","",""
4880,"2026-08-03 20:29:24.460271","train",14,0.45213180780410767,0.0005071681118309449,"","","","","",""
4900,"2026-08-03 20:29:25.532092","train",14,3.0968542098999023,0.0005102047580743444,"","","","","",""
4920,"2026-08-03 20:29:26.513549","train",14,0.27012118697166443,0.0005132417965672748,"","","","","",""
4940,"2026-08-03 20:29:27.469955","train",14,0.21025380492210388,0.0005162791056918187,"","","","","",""
4960,"2026-08-03 20:29:28.350672","train",14,1.563049077987671,0.000519316563819221,"","","","","",""
4965,"2026-08-03 20:29:46.810126","val",14,"","",0.7262295788611578,0.19727307575831318,0.6618613861386139,0.5765199161425577,0.6784558483587609,0.7497681113065728
4980,"2026-08-03 20:30:00.255986","train",15,0.6780480742454529,0.0005223540493147602,"","","","","",""
5000,"2026-08-03 20:30:01.416341","train",15,1.0211552381515503,0.0005253914405426186,"","","","","",""
5020,"2026-08-03 20:30:02.542996","train",15,0.5330247282981873,0.0005284286158707533,"","","","","",""
5040,"2026-08-03 20:30:03.630086","train",15,1.994766116142273,0.0005314654536757677,"","","","","",""
5060,"2026-08-03 20:30:04.721514","train",15,0.4694729447364807,0.0005345018323477805,"","","","","",""
5080,"2026-08-03 20:30:05.937657","train",15,2.4233269691467285,0.0005375376302952969,"","","","","",""
5100,"2026-08-03 20:30:07.120059","train",15,1.2419289350509644,0.0005405727259500768,"","","","","",""
5120,"2026-08-03 20:30:08.164999","train",15,0.664858341217041,0.0005436069977720037,"","","","","",""
5140,"2026-08-03 20:30:09.317544","train",15,1.1862261295318604,0.0005466403242539509,"","","","","",""
5160,"2026-08-03 20:30:10.434455","train",15,0.7681153416633606,0.0005496725839266485,"","","","","",""
5180,"2026-08-03 20:30:11.605334","train",15,0.11262251436710358,0.0005527036553635459,"","","","","",""
5200,"2026-08-03 20:30:12.473475","train",15,2.0122313499450684,0.0005557334171856765,"","","","","",""
5220,"2026-08-03 20:30:13.380335","train",15,1.4753303527832031,0.0005587617480665157,"","","","","",""
5240,"2026-08-03 20:30:14.298608","train",15,0.7977993488311768,0.0005617885267368421,"","","","","",""
5260,"2026-08-03 20:30:15.321658","train",15,0.5428835153579712,0.0005648136319895916,"","","","","",""
5280,"2026-08-03 20:30:16.290115","train",15,0.2032138705253601,0.0005678369426847122,"","","","","",""
5296,"2026-08-03 20:30:35.673649","val",15,"","",0.7219190482348377,0.2162847940444443,0.6678019801980198,0.5974842767295598,0.6800739713361073,0.7388933312010235
5300,"2026-08-03 20:30:49.229892","train",16,1.6150193214416504,0.0005708583377540148,"","","","","",""
5320,"2026-08-03 20:30:50.360046","train",16,1.4295929670333862,0.0005738776962060214,"","","","","",""
5340,"2026-08-03 20:30:51.523116","train",16,1.1152011156082153,0.0005768948971308101,"","","","","",""
5360,"2026-08-03 20:30:52.689034","train",16,1.3801542520523071,0.000579909819704857,"","","","","",""
5380,"2026-08-03 20:30:53.905008","train",16,0.42238080501556396,0.0005829223431958743,"","","","","",""
5400,"2026-08-03 20:30:55.078687","train",16,0.4271363914012909,0.0005859323469676456,"","","","","",""
5420,"2026-08-03 20:30:56.285058","train",16,1.6037585735321045,0.0005889397104848562,"","","","","",""
5440,"2026-08-03 20:30:57.432468","train",16,0.8302056789398193,0.0005919443133179205,"","","","","",""
5460,"2026-08-03 20:30:58.755954","train",16,4.844452857971191,0.0005949460351478033,"","","","","",""
5480,"2026-08-03 20:30:59.950039","train",16,0.4410508871078491,0.0005979447557708404,"","","","","",""
5500,"2026-08-03 20:31:01.113547","train",16,0.8951144218444824,0.0006009403551035491,"","","","","",""
5520,"2026-08-03 20:31:02.111034","train",16,0.33949047327041626,0.0006039327131874396,"","","","","",""
5540,"2026-08-03 20:31:03.209309","train",16,0.5915240049362183,0.0006069217101938168,"","","","","",""
5560,"2026-08-03 20:31:04.098498","train",16,0.23020631074905396,0.0006099072264285803,"","","","","",""
5580,"2026-08-03 20:31:05.149071","train",16,1.122900128364563,0.0006128891423370162,"","","","","",""
5600,"2026-08-03 20:31:06.224791","train",16,0.5834724307060242,0.0006158673385085862,"","","","","",""
5620,"2026-08-03 20:31:07.230822","train",16,1.8150209188461304,0.0006188416956817073,"","","","","",""
5627,"2026-08-03 20:31:26.648901","val",16,"","",0.7297555929134877,0.21301506353704655,0.6876039603960395,0.610062893081761,0.6920943134535368,0.7439788901327362
5640,"2026-08-03 20:31:40.201390","train",17,2.1336188316345215,0.0006218120947485303,"","","","","",""
5660,"2026-08-03 20:31:41.345729","train",17,1.4216299057006836,0.0006247784167597067,"","","","","",""
5680,"2026-08-03 20:31:42.546214","train",17,1.7462104558944702,0.0006277405429291541,"","","","","",""
5700,"2026-08-03 20:31:43.671186","train",17,1.113051414489746,0.0006306983546388118,"","","","","",""
5720,"2026-08-03 20:31:44.692551","train",17,1.7561501264572144,0.0006336517334433909,"","","","","",""
5740,"2026-08-03 20:31:45.820860","train",17,2.601253032684326,0.000636600561075119,"","","","","",""
5760,"2026-08-03 20:31:46.900120","train",17,1.665160894393921,0.0006395447194484736,"","","","","",""
5780,"2026-08-03 20:31:48.057289","train",17,0.6338797211647034,0.000642484090664913,"","","","","",""
5800,"2026-08-03 20:31:49.108211","train",17,1.2223286628723145,0.0006454185570175963,"","","","","",""
5820,"2026-08-03 20:31:50.201879","train",17,1.9313673973083496,0.0006483480009960979,"","","","","",""
5840,"2026-08-03 20:31:51.379838","train",17,0.22706371545791626,0.0006512723052911123,"","","","","",""
5860,"2026-08-03 20:31:52.458193","train",17,0.24240821599960327,0.0006541913527991525,"","","","","",""
5880,"2026-08-03 20:31:53.528990","train",17,1.1902049779891968,0.0006571050266272382,"","","","","",""
5900,"2026-08-03 20:31:54.416968","train",17,1.1244255304336548,0.0006600132100975791,"","","","","",""
5920,"2026-08-03 20:31:55.440944","train",17,0.5350595712661743,0.0006629157867522439,"","","","","",""
5940,"2026-08-03 20:31:56.507625","train",17,0.6583630442619324,0.0006658126403578273,"","","","","",""
5958,"2026-08-03 20:32:15.477465","val",17,"","",0.7445493340230182,0.22473797547422705,0.7021782178217821,0.6687631027253669,0.7008784096162737,0.7504717735486965
5960,"2026-08-03 20:32:28.193490","train",18,0.8020906448364258,0.0006687036549101022,"","","","","",""
5980,"2026-08-03 20:32:29.245967","train",18,1.006242275238037,0.0006715887146386658,"","","","","",""
6000,"2026-08-03 20:32:30.297021","train",18,0.5044201612472534,0.0006744677040115756,"","","","","",""
6020,"2026-08-03 20:32:31.329825","train",18,1.217155933380127,0.0006773405077399766,"","","","","",""
6040,"2026-08-03 20:32:32.414140","train",18,2.9903740882873535,0.0006802070107827165,"","","","","",""
6060,"2026-08-03 20:32:33.508878","train",18,0.5760388374328613,0.0006830670983509539,"","","","","",""
6080,"2026-08-03 20:32:34.708618","train",18,0.39809513092041016,0.0006859206559127541,"","","","","",""
6100,"2026-08-03 20:32:35.780859","train",18,0.9061912894248962,0.0006887675691976763,"","","","","",""
6120,"2026-08-03 20:32:36.880168","train",18,0.8455258011817932,0.0006916077242013485,"","","","","",""
6140,"2026-08-03 20:32:38.165525","train",18,1.0710968971252441,0.0006944410071900343,"","","","","",""
6160,"2026-08-03 20:32:39.305253","train",18,0.7551860809326172,0.0006972673047051858,"","","","","",""
6180,"2026-08-03 20:32:40.348023","train",18,0.5023418664932251,0.0007000865035679878,"","","","","",""
6200,"2026-08-03 20:32:41.293868","train",18,3.256002426147461,0.0007028984908838902,"","","","","",""
6220,"2026-08-03 20:32:42.384159","train",18,1.0186039209365845,0.0007057031540471287,"","","","","",""
6240,"2026-08-03 20:32:43.458207","train",18,0.635744571685791,0.0007085003807452334,"","","","","",""
6260,"2026-08-03 20:32:44.492625","train",18,1.2201623916625977,0.0007112900589635279,"","","","","",""
6280,"2026-08-03 20:32:45.538470","train",18,2.1518895626068115,0.0007140720769896128,"","","","","",""
6289,"2026-08-03 20:33:06.761870","val",18,"","",0.6853140221561275,0.16896463848804574,0.6697029702970297,0.46960167714884693,0.6213592233009708,0.706812729889653
6300,"2026-08-03 20:33:23.686500","train",19,1.49485182762146,0.0007168463234178414,"","","","","",""
6320,"2026-08-03 20:33:24.859775","train",19,1.5808179378509521,0.0007196126871537791,"","","","","",""
6340,"2026-08-03 20:33:26.018513","train",19,4.085322856903076,0.0007223710574186537,"","","","","",""
6360,"2026-08-03 20:33:27.237920","train",19,2.1505002975463867,0.0007251213237537901,"","","","","",""
6380,"2026-08-03 20:33:28.429911","train",19,1.2819929122924805,0.0007278633760250347,"","","","","",""
6400,"2026-08-03 20:33:29.676671","train",19,0.5939478278160095,0.0007305971044271652,"","","","","",""
6420,"2026-08-03 20:33:30.920861","train",19,1.2084202766418457,0.0007333223994882882,"","","","","",""
6440,"2026-08-03 20:33:32.380678","train",19,2.101966619491577,0.0007360391520742219,"","","","","",""
6460,"2026-08-03 20:33:33.685306","train",19,2.479224681854248,0.0007387472533928673,"","","","","",""
6480,"2026-08-03 20:33:34.851102","train",19,0.7286494970321655,0.0007414465949985654,"","","","","",""
6500,"2026-08-03 20:33:36.151892","train",19,0.42862468957901,0.0007441370687964378,"","","","","",""
6520,"2026-08-03 20:33:37.333542","train",19,0.7014162540435791,0.000746818567046718,"","","","","",""
6540,"2026-08-03 20:33:38.392831","train",19,1.6841782331466675,0.0007494909823690632,"","","","","",""
6560,"2026-08-03 20:33:39.643043","train",19,2.068905830383301,0.0007521542077468562,"","","","","",""
6580,"2026-08-03 20:33:40.813218","train",19,2.228938579559326,0.0007548081365314899,"","","","","",""
6600,"2026-08-03 20:33:42.054750","train",19,1.383385181427002,0.0007574526624466395,"","","","","",""
6620,"2026-08-03 20:33:43.135957","train",19,7.665350914001465,0.0007600876795925153,"","","","","",""
6620,"2026-08-03 20:34:04.452879","val",19,"","",0.728333117806802,0.23096813220934803,0.693069306930693,0.6519916142557651,0.6433194637078131,0.753670238285623
6640,"2026-08-03 20:34:22.797861","train",20,0.5472161769866943,0.0007627130824501072,"","","","","",""
6660,"2026-08-03 20:34:24.092562","train",20,3.294131278991699,0.0007653287658854071,"","","","","",""
6680,"2026-08-03 20:34:25.293272","train",20,0.37712734937667847,0.0007679346251536212,"","","","","",""
6700,"2026-08-03 20:34:26.517580","train",20,0.3733974099159241,0.0007705305559033626,"","","","","",""
6720,"2026-08-03 20:34:27.827568","train",20,0.33595287799835205,0.0007731164541808317,"","","","","",""
6740,"2026-08-03 20:34:29.089022","train",20,1.0029139518737793,0.0007756922164339781,"","","","","",""
6760,"2026-08-03 20:34:30.310338","train",20,0.5652720928192139,0.0007782577395166472,"","","","","",""
6780,"2026-08-03 20:34:31.541130","train",20,2.2891712188720703,0.0007808129206927114,"","","","","",""
6800,"2026-08-03 20:34:32.801591","train",20,1.2814182043075562,0.0007833576576401837,"","","","","",""
6820,"2026-08-03 20:34:33.981168","train",20,0.5992963314056396,0.0007858918484553148,"","","","","",""
6840,"2026-08-03 20:34:35.075207","train",20,1.235059380531311,0.0007884153916566754,"","","","","",""
6860,"2026-08-03 20:34:36.331669","train",20,2.3093419075012207,0.0007909281861892175,"","","","","",""
6880,"2026-08-03 20:34:37.615856","train",20,0.7513065338134766,0.0007934301314283233,"","","","","",""
6900,"2026-08-03 20:34:38.784460","train",20,2.7575674057006836,0.0007959211271838338,"","","","","",""
6920,"2026-08-03 20:34:40.059292","train",20,0.8587831258773804,0.0007984010737040611,"","","","","",""
6940,"2026-08-03 20:34:41.259435","train",20,0.34792762994766235,0.0008008698716797827,"","","","","",""
6951,"2026-08-03 20:35:03.182282","val",20,"","",0.767007198586146,0.23267458091159807,0.7107326732673267,0.6561844863731656,0.7018030513176144,0.7921797537182154
6960,"2026-08-03 20:35:20.920791","train",21,0.6439237594604492,0.0008033274222482185,"","","","","",""
6980,"2026-08-03 20:35:22.169664","train",21,0.7145290374755859,0.0008057736269969898,"","","","","",""
7000,"2026-08-03 20:35:23.337394","train",21,0.5837728977203369,0.0008082083879680604,"","","","","",""
7020,"2026-08-03 20:35:24.619064","train",21,1.628277063369751,0.0008106316076616586,"","","","","",""
7040,"2026-08-03 20:35:25.751857","train",21,2.0891520977020264,0.0008130431890401827,"","","","","",""
7060,"2026-08-03 20:35:26.960366","train",21,0.4348863363265991,0.0008154430355320854,"","","","","",""
7080,"2026-08-03 20:35:28.047855","train",21,6.000199317932129,0.0008178310510357429,"","","","","",""
7100,"2026-08-03 20:35:29.272244","train",21,1.3795384168624878,0.000820207139923301,"","","","","",""
7120,"2026-08-03 20:35:30.442762","train",21,0.48382994532585144,0.0008225712070445067,"","","","","",""
7140,"2026-08-03 20:35:31.722353","train",21,2.2100751399993896,0.000824923157730517,"","","","","",""
7160,"2026-08-03 20:35:32.980004","train",21,1.0768406391143799,0.0008272628977976903,"","","","","",""
7180,"2026-08-03 20:35:34.225979","train",21,1.319697618484497,0.0008295903335513584,"","","","","",""
7200,"2026-08-03 20:35:35.212264","train",21,1.1038222312927246,0.0008319053717895777,"","","","","",""
7220,"2026-08-03 20:35:36.523450","train",21,1.2071659564971924,0.0008342079198068626,"","","","","",""
7240,"2026-08-03 20:35:37.760803","train",21,1.1199208498001099,0.0008364978853978967,"","","","","",""
7260,"2026-08-03 20:35:39.007088","train",21,1.3776614665985107,0.0008387751768612259,"","","","","",""
7280,"2026-08-03 20:35:40.177782","train",21,1.9425060749053955,0.0008410397030029301,"","","","","",""
7282,"2026-08-03 20:36:01.962598","val",21,"","",0.7799646536488642,0.23585126581102572,0.7183366336633663,0.6436058700209643,0.7161349976883957,0.8068127298896529
7300,"2026-08-03 20:36:20.711886","train",22,2.113121271133423,0.0008432913731402755,"","","","","",""
7320,"2026-08-03 20:36:21.963555","train",22,2.16697096824646,0.0008455300971053456,"","","","","",""
7340,"2026-08-03 20:36:23.232928","train",22,0.3733684718608856,0.0008477557852486526,"","","","","",""
7360,"2026-08-03 20:36:24.487911","train",22,1.862199306488037,0.0008499683484427263,"","","","","",""
7380,"2026-08-03 20:36:25.685650","train",22,0.2927006483078003,0.000852167698085684,"","","","","",""
7400,"2026-08-03 20:36:27.013142","train",22,1.0308986902236938,0.0008543537461047787,"","","","","",""
7420,"2026-08-03 20:36:28.258627","train",22,2.4876770973205566,0.0008565264049599257,"","","","","",""
7440,"2026-08-03 20:36:29.552245","train",22,0.8667606115341187,0.0008586855876472072,"","","","","",""
7460,"2026-08-03 20:36:30.717179","train",22,1.2489007711410522,0.0008608312077023587,"","","","","",""
7480,"2026-08-03 20:36:31.985905","train",22,1.6983917951583862,0.0008629631792042288,"","","","","",""
7500,"2026-08-03 20:36:33.103442","train",22,0.3641870617866516,0.0008650814167782218,"","","","","",""
7520,"2026-08-03 20:36:33.970351","train",22,2.0429394245147705,0.0008671858355997154,"","","","","",""
7540,"2026-08-03 20:36:35.082885","train",22,0.506170392036438,0.0008692763513974584,"","","","","",""
7560,"2026-08-03 20:36:36.319990","train",22,1.197853922843933,0.0008713528804569443,"","","","","",""
7580,"2026-08-03 20:36:37.554030","train",22,0.3539637625217438,0.0008734153396237648,"","","","","",""
7600,"2026-08-03 20:36:38.729109","train",22,0.5702822208404541,0.0008754636463069386,"","","","","",""
7613,"2026-08-03 20:37:01.387022","val",22,"","",0.7344799344799344,0.19845770876250743,0.7024158415841584,0.6037735849056605,0.683541377716135,0.7474812090196704
7620,"2026-08-03 20:37:18.506695","train",23,1.8757929801940918,0.0008774977184822196,"","","","","",""
7640,"2026-08-03 20:37:19.733009","train",23,1.2301632165908813,0.0008795174746953809,"","","","","",""
7660,"2026-08-03 20:37:20.995971","train",23,0.7148425579071045,0.0008815228340654773,"","","","","",""
7680,"2026-08-03 20:37:22.261088","train",23,0.5945694446563721,0.0008835137162880836,"","","","","",""
7700,"2026-08-03 20:37:23.527456","train",23,0.31337976455688477,0.0008854900416385106,"","","","","",""
7720,"2026-08-03 20:37:24.699617","train",23,4.075063228607178,0.0008874517309749978,"","","","","",""
7740,"2026-08-03 20:37:25.973763","train",23,2.3478150367736816,0.0008893987057418823,"","","","","",""
7760,"2026-08-03 20:37:27.161798","train",23,2.4609932899475098,0.0008913308879727447,"","","","","",""
7780,"2026-08-03 20:37:28.396600","train",23,1.7946301698684692,0.0008932482002935317,"","","","","",""
7800,"2026-08-03 20:37:29.680827","train",23,1.5679314136505127,0.0008951505659256537,"","","","","",""
7820,"2026-08-03 20:37:30.967946","train",23,0.24619582295417786,0.00089703790868906,"","","","","",""
7840,"2026-08-03 20:37:32.125977","train",23,0.150570809841156,0.0008989101530052893,"","","","","",""
7860,"2026-08-03 20:37:33.129795","train",23,0.8741610646247864,0.0009007672239004957,"","","","","",""
7880,"2026-08-03 20:37:34.447343","train",23,1.2732125520706177,0.0009026090470084525,"","","","","",""
7900,"2026-08-03 20:37:35.651572","train",23,1.2947088479995728,0.0009044355485735282,"","","","","",""
7920,"2026-08-03 20:37:36.761221","train",23,0.31475111842155457,0.0009062466554536415,"","","","","",""
7940,"2026-08-03 20:37:37.972121","train",23,2.657290458679199,0.0009080422951231897,"","","","","",""
7944,"2026-08-03 20:38:00.284579","val",23,"","",0.7591447907237381,0.20941895969245938,0.7238019801980198,0.6268343815513627,0.7198335644937586,0.7750519750519751
7960,"2026-08-03 20:38:18.176495","train",24,1.114261269569397,0.0009098223956759534,"","","","","",""
7980,"2026-08-03 20:38:19.495817","train",24,1.3456807136535645,0.0009115868858279749,"","","","","",""
8000,"2026-08-03 20:38:20.753024","train",24,1.756712555885315,0.0009133356949204143,"","","","","",""
8020,"2026-08-03 20:38:22.096335","train",24,1.3037469387054443,0.0009150687529223777,"","","","","",""
8040,"2026-08-03 20:38:23.384393","train",24,0.37708956003189087,0.0009167859904337225,"","","","","",""
8060,"2026-08-03 20:38:24.586282","train",24,1.195030927658081,0.0009184873386878355,"","","","","",""
8080,"2026-08-03 20:38:25.818280","train",24,1.3724801540374756,0.0009201727295543884,"","","","","",""
8100,"2026-08-03 20:38:27.269294","train",24,0.5540806651115417,0.0009218420955420638,"","","","","",""
8120,"2026-08-03 20:38:28.589975","train",24,0.32762354612350464,0.0009234953698012599,"","","","","",""
8140,"2026-08-03 20:38:29.884650","train",24,3.122103691101074,0.0009251324861267662,"","","","","",""
8160,"2026-08-03 20:38:31.023693","train",24,0.20096775889396667,0.0009267533789604151,"","","","","",""
8180,"2026-08-03 20:38:32.120965","train",24,0.71031254529953,0.0009283579833937074,"","","","","",""
8200,"2026-08-03 20:38:33.336210","train",24,0.6072577834129333,0.0009299462351704114,"","","","","",""
8220,"2026-08-03 20:38:34.480194","train",24,0.8549596667289734,0.0009315180706891356,"","","","","",""
8240,"2026-08-03 20:38:35.784681","train",24,0.46568530797958374,0.0009330734270058764,"","","","","",""
8260,"2026-08-03 20:38:36.920959","train",24,1.655849575996399,0.0009346122418365379,"","","","","",""
8275,"2026-08-03 20:38:58.998019","val",24,"","",0.7749730591835856,0.2457140861900766,0.7175445544554455,0.6981132075471699,0.7438742487286176,0.7873020949944026
8280,"2026-08-03 20:39:15.958243","train",25,0.6941596269607544,0.0009361344535594268,"","","","","",""
8300,"2026-08-03 20:39:17.089794","train",25,1.3338112831115723,0.0009376400012177194,"","","","","",""
8320,"2026-08-03 20:39:18.312596","train",25,0.3851203918457031,0.000939128824521903,"","","","","",""
8340,"2026-08-03 20:39:19.603935","train",25,0.9540780782699585,0.0009406008638521901,"","","","","",""
8360,"2026-08-03 20:39:20.839604","train",25,2.852386474609375,0.0009420560602609058,"","","","","",""
8380,"2026-08-03 20:39:22.056435","train",25,2.6846611499786377,0.0009434943554748481,"","","","","",""
8400,"2026-08-03 20:39:23.382791","train",25,1.0675348043441772,0.0009449156918976226,"","","","","",""
8420,"2026-08-03 20:39:24.607073","train",25,0.8171907663345337,0.0009463200126119469,"","","","","",""
8440,"2026-08-03 20:39:25.808570","train",25,0.3919518291950226,0.000947707261381932,"","","","","",""
8460,"2026-08-03 20:39:27.005131","train",25,1.2779871225357056,0.0009490773826553327,"","","","","",""
8480,"2026-08-03 20:39:28.249264","train",25,3.6109046936035156,0.0009504303215657731,"","","","","",""
8500,"2026-08-03 20:39:29.520056","train",25,1.2241430282592773,0.000951766023934943,"","","","","",""
8520,"2026-08-03 20:39:30.889412","train",25,1.856868028640747,0.0009530844362747686,"","","","","",""
8540,"2026-08-03 20:39:32.158599","train",25,0.5564008951187134,0.0009543855057895528,"","","","","",""
8560,"2026-08-03 20:39:33.353653","train",25,0.9734227657318115,0.000955669180378091,"","","","","",""
8580,"2026-08-03 20:39:34.523833","train",25,0.5242143869400024,0.0009569354086357561,"","","","","",""
8600,"2026-08-03 20:39:35.739417","train",25,0.4418753385543823,0.0009581841398565582,"","","","","",""
8606,"2026-08-03 20:39:56.919378","val",25,"","",0.7468425363162207,0.2026214131673506,0.7108910891089109,0.5932914046121592,0.701340730466944,0.7704621781544858
8620,"2026-08-03 20:40:13.967414","train",26,1.189650297164917,0.0009594153240351745,"","","","","",""
8640,"2026-08-03 20:40:15.120996","train",26,0.4560396671295166,0.0009606289118689515,"","","","","",""
8660,"2026-08-03 20:40:16.199622","train",26,1.2283309698104858,0.0009618248547598799,"","","","","",""
8680,"2026-08-03 20:40:17.558118","train",26,0.5481180548667908,0.0009630031048165405,"","","","","",""
8700,"2026-08-03 20:40:18.876283","train",26,0.7098461985588074,0.0009641636148560219,"","","","","",""
8720,"2026-08-03 20:40:20.076714","train",26,1.607384443283081,0.00096530633840581,"","","","","",""
8740,"2026-08-03 20:40:21.251512","train",26,0.334919273853302,0.0009664312297056489,"","","","","",""
8760,"2026-08-03 20:40:22.460862","train",26,1.4315146207809448,0.0009675382437093735,"","","","","",""
8780,"2026-08-03 20:40:23.725783","train",26,0.5520308613777161,0.0009686273360867137,"","","","","",""
8800,"2026-08-03 20:40:24.946620","train",26,2.461876630783081,0.0009696984632250685,"","","","","",""
8820,"2026-08-03 20:40:26.179153","train",26,0.6288465261459351,0.0009707515822312537,"","","","","",""
8840,"2026-08-03 20:40:27.362816","train",26,0.44255995750427246,0.000971786650933219,"","","","","",""
8860,"2026-08-03 20:40:28.732042","train",26,1.7011208534240723,0.0009728036278817365,"","","","","",""
8880,"2026-08-03 20:40:30.270817","train",26,0.17329248785972595,0.0009738024723520612,"","","","","",""
8900,"2026-08-03 20:40:31.604591","train",26,2.01216721534729,0.0009747831443455613,"","","","","",""
8920,"2026-08-03 20:40:32.948562","train",26,1.1146700382232666,0.0009757456045913201,"","","","","",""
8937,"2026-08-03 20:40:56.113497","val",26,"","",0.7853528169317643,0.22672840977575598,0.7478811881188119,0.6373165618448636,0.6715210355987055,0.8286582440428595
8940,"2026-08-03 20:41:13.019902","train",27,0.4462660849094391,0.0009766898145477088,"","","","","",""
8960,"2026-08-03 20:41:14.164968","train",27,1.13039231300354,0.0009776157364039294,"","","","","",""
8980,"2026-08-03 20:41:15.323275","train",27,1.3693294525146484,0.0009785233330815294,"","","","","",""
9000,"2026-08-03 20:41:16.585527","train",27,1.4470008611679077,0.000979412568235886,"","","","","",""
9020,"2026-08-03 20:41:17.835028","train",27,1.3795506954193115,0.000980283406257662,"","","","","",""
9040,"2026-08-03 20:41:19.151330","train",27,1.873401403427124,0.0009811358122742322,"","","","","",""
9060,"2026-08-03 20:41:20.303961","train",27,0.917941689491272,0.0009819697521510783,"","","","","",""
9080,"2026-08-03 20:41:21.483444","train",27,0.3497065007686615,0.0009827851924931572,"","","","","",""
9100,"2026-08-03 20:41:22.672299","train",27,0.5130491256713867,0.0009835821006462383,"","","","","",""
9120,"2026-08-03 20:41:23.851062","train",27,2.0961380004882812,0.0009843604446982104,"","","","","",""
9140,"2026-08-03 20:41:25.153547","train",27,1.4823646545410156,0.00098512019348036,"","","","","",""
9160,"2026-08-03 20:41:26.338113","train",27,0.5185174942016602,0.0009858613165686192,"","","","","",""
9180,"2026-08-03 20:41:27.531622","train",27,1.6550066471099854,0.0009865837842847848,"","","","","",""
9200,"2026-08-03 20:41:28.821649","train",27,2.4548864364624023,0.0009872875676977054,"","","","","",""
9220,"2026-08-03 20:41:30.323625","train",27,1.366698145866394,0.0009879726386244417,"","","","","",""
9240,"2026-08-03 20:41:31.647313","train",27,1.583799123764038,0.0009886389696313932,"","","","","",""
9260,"2026-08-03 20:41:32.962697","train",27,1.6623677015304565,0.0009892865340353984,"","","","","",""
9268,"2026-08-03 20:41:54.562750","val",27,"","",0.7732057416267942,0.22370828579209695,0.7215841584158416,0.6079664570230607,0.6888580674988443,0.8108747801055494
9280,"2026-08-03 20:42:11.454217","train",28,0.32488009333610535,0.0009899153059048022,"","","","","",""
9300,"2026-08-03 20:42:12.677194","train",28,0.8860006332397461,0.000990525260060495,"","","","","",""
9320,"2026-08-03 20:42:13.959474","train",28,2.7013351917266846,0.0009911163720769207,"","","","","",""
9340,"2026-08-03 20:42:15.105722","train",28,5.113156318664551,0.0009916886182830546,"","","","","",""
9360,"2026-08-03 20:42:16.480878","train",28,0.2174142450094223,0.0009922419757633523,"","","","","",""
9380,"2026-08-03 20:42:17.638519","train",28,0.9019454717636108,0.0009927764223586657,"","","","","",""
9400,"2026-08-03 20:42:18.897410","train",28,0.8154340982437134,0.000993291936667132,"","","","","",""
9420,"2026-08-03 20:42:20.007897","train",28,1.097506046295166,0.0009937884980450297,"","","","","",""
9440,"2026-08-03 20:42:21.248935","train",28,1.4277009963989258,0.0009942660866076058,"","","","","",""
9460,"2026-08-03 20:42:22.457765","train",28,2.2794995307922363,0.0009947246832298715,"","","","","",""
9480,"2026-08-03 20:42:23.678774","train",28,1.1814191341400146,0.000995164269547369,"","","","","",""
9500,"2026-08-03 20:42:24.771181","train",28,0.9452943801879883,0.0009955848279569056,"","","","","",""
9520,"2026-08-03 20:42:26.044927","train",28,1.2080656290054321,0.0009959863416172602,"","","","","",""
9540,"2026-08-03 20:42:27.392042","train",28,0.20584742724895477,0.0009963687944498565,"","","","","",""
9560,"2026-08-03 20:42:28.848717","train",28,0.5832415819168091,0.0009967321711394069,"","","","","",""
9580,"2026-08-03 20:42:30.366824","train",28,0.8136296272277832,0.0009970764571345266,"","","","","",""
9599,"2026-08-03 20:42:52.766226","val",28,"","",0.7993879046510626,0.24550583999507766,0.7402772277227723,0.6373165618448637,0.7182154415164124,0.8303374380297458
9600,"2026-08-03 20:43:09.425460","train",29,0.8054569959640503,0.0009974016386483156,"","","","","",""
9620,"2026-08-03 20:43:10.610394","train",29,3.338487148284912,0.0009977077026589113,"","","","","",""
9640,"2026-08-03 20:43:11.804443","train",29,1.956689476966858,0.0009979946369100096,"","","","","",""
9660,"2026-08-03 20:43:13.251862","train",29,0.8883179426193237,0.0009982624299113554,"","","","","",""
9680,"2026-08-03 20:43:14.416862","train",29,1.4919719696044922,0.0009985110709392038,"","","","","",""
9700,"2026-08-03 20:43:15.768133","train",29,2.687234878540039,0.000998740550036748,"","","","","",""
9720,"2026-08-03 20:43:17.128812","train",29,1.288817048072815,0.0009989508580145199,"","","","","",""
9740,"2026-08-03 20:43:18.343886","train",29,1.2311702966690063,0.0009991419864507562,"","","","","",""
9760,"2026-08-03 20:43:19.637988","train",29,1.4374891519546509,0.000999313927691737,"","","","","",""
9780,"2026-08-03 20:43:20.952137","train",29,1.859705924987793,0.0009994666748520916,"","","","","",""
9800,"2026-08-03 20:43:22.151080","train",29,0.9562641382217407,0.0009996002218150746,"","","","","",""
9820,"2026-08-03 20:43:23.359718","train",29,0.8447020053863525,0.0009997145632328103,"","","","","",""
9840,"2026-08-03 20:43:24.532856","train",29,0.3100510835647583,0.0009998096945265079,"","","","","",""
9860,"2026-08-03 20:43:25.834490","train",29,0.8185533285140991,0.0009998856118866436,"","","","","",""
9880,"2026-08-03 20:43:27.186809","train",29,0.37492135167121887,0.000999942312273114,"","","","","",""
9900,"2026-08-03 20:43:28.941721","train",29,0.7810751795768738,0.0009999797934153573,"","","","","",""
9920,"2026-08-03 20:43:30.330966","train",29,2.668576240539551,0.000999998053812445,"","","","","",""
9930,"2026-08-03 20:43:52.595196","val",29,"","",0.7876977455924825,0.23889984277257076,0.7462178217821782,0.6477987421383647,0.7022653721682848,0.8157204541819927
9940,"2026-08-03 20:44:08.352974","train",30,2.192103385925293,0.0009999994438765105,"","","","","",""
9960,"2026-08-03 20:44:09.632785","train",30,0.26121968030929565,0.0009999955831902017,"","","","","",""
9980,"2026-08-03 20:44:10.906733","train",30,0.17296826839447021,0.0009999880456884277,"","","","","",""
10000,"2026-08-03 20:44:12.197993","train",30,1.4420522451400757,0.0009999768314266173,"","","","","",""
10020,"2026-08-03 20:44:13.436765","train",30,0.897071897983551,0.0009999619404872366,"","","","","",""
10040,"2026-08-03 20:44:14.617447","train",30,2.494907855987549,0.00099994337297979,"","","","","",""
10060,"2026-08-03 20:44:15.761938","train",30,1.1191182136535645,0.0009999211290408175,"","","","","",""
10080,"2026-08-03 20:44:17.004207","train",30,0.9416226148605347,0.000999895208833895,"","","","","",""
10100,"2026-08-03 20:44:18.226755","train",30,1.1983579397201538,0.000999865612549633,"","","","","",""
10120,"2026-08-03 20:44:19.452618","train",30,0.3450706899166107,0.000999832340405674,"","","","","",""
10140,"2026-08-03 20:44:20.827561","train",30,1.4039266109466553,0.000999795392646692,"","","","","",""
10160,"2026-08-03 20:44:22.043852","train",30,1.0555490255355835,0.0009997547695443914,"","","","","",""
10180,"2026-08-03 20:44:23.212752","train",30,1.5624096393585205,0.0009997104713975026,"","","","","",""
10200,"2026-08-03 20:44:24.428674","train",30,5.067397117614746,0.0009996624985317824,"","","","","",""
10220,"2026-08-03 20:44:25.848454","train",30,1.672521948814392,0.0009996108513000098,"","","","","",""
10240,"2026-08-03 20:44:27.377175","train",30,1.375269889831543,0.0009995555300819849,"","","","","",""
10260,"2026-08-03 20:44:28.557588","train",30,0.4093427360057831,0.0009994965352845243,"","","","","",""
10261,"2026-08-03 20:44:49.985260","val",30,"","",0.7671882408724514,0.22812522080690553,0.7360792079207921,0.6121593291404612,0.7473416551086454,0.780953142491604
10280,"2026-08-03 20:45:07.253060","train",31,0.2847292423248291,0.0009994338673414596,"","","","","",""
10300,"2026-08-03 20:45:08.487883","train",31,0.3370808959007263,0.0009993675267136336,"","","","","",""
10320,"2026-08-03 20:45:09.737070","train",31,0.5176959037780762,0.000999297513888897,"","","","","",""
10340,"2026-08-03 20:45:11.051296","train",31,1.379878282546997,0.0009992238293821051,"","","","","",""
10360,"2026-08-03 20:45:12.270381","train",31,0.863325834274292,0.0009991464737351137,"","","","","",""
10380,"2026-08-03 20:45:13.426539","train",31,0.5779208540916443,0.0009990654475167742,"","","","","",""
10400,"2026-08-03 20:45:14.647211","train",31,1.0889866352081299,0.0009989807513229318,"","","","","",""
10420,"2026-08-03 20:45:15.830509","train",31,3.1911168098449707,0.0009988923857764192,"","","","","",""
10440,"2026-08-03 20:45:17.160962","train",31,0.47951215505599976,0.0009988003515270518,"","","","","",""
10460,"2026-08-03 20:45:18.439677","train",31,1.5014718770980835,0.0009987046492516245,"","","","","",""
10480,"2026-08-03 20:45:19.602900","train",31,0.36251503229141235,0.0009986052796539056,"","","","","",""
10500,"2026-08-03 20:45:20.787138","train",31,1.424027442932129,0.0009985022434646313,"","","","","",""
10520,"2026-08-03 20:45:21.955241","train",31,1.8568974733352661,0.0009983955414415023,"","","","","",""
10540,"2026-08-03 20:45:23.172225","train",31,1.580653429031372,0.0009982851743691751,"","","","","",""
10560,"2026-08-03 20:45:24.581789","train",31,1.210160493850708,0.0009981711430592597,"","","","","",""
10580,"2026-08-03 20:45:26.282704","train",31,0.6643980741500854,0.0009980534483503103,"","","","","",""
10592,"2026-08-03 20:45:48.451891","val",31,"","",0.7870080606922712,0.2293234357677303,0.7444752475247525,0.6352201257861635,0.6858529819694869,0.8163921317767471
10600,"2026-08-03 20:46:03.701242","train",32,1.8509657382965088,0.0009979320911078216,"","","","","",""
10620,"2026-08-03 20:46:05.354051","train",32,0.8789347410202026,0.000997807072224222,"","","","","",""
10640,"2026-08-03 20:46:06.545184","train",32,2.874858856201172,0.000997678392618865,"","","","","",""
10660,"2026-08-03 20:46:07.700185","train",32,1.3306584358215332,0.000997546053238026,"","","","","",""
10680,"2026-08-03 20:46:09.105011","train",32,0.26546376943588257,0.000997410055054892,"","","","","",""
10700,"2026-08-03 20:46:10.328339","train",32,0.6726443767547607,0.0009972703990695565,"","","","","",""
10720,"2026-08-03 20:46:11.587413","train",32,2.7616329193115234,0.000997127086309011,"","","","","",""
10740,"2026-08-03 20:46:12.797508","train",32,2.0866751670837402,0.0009969801178271384,"","","","","",""
10760,"2026-08-03 20:46:14.017905","train",32,4.09186315536499,0.0009968294947047046,"","","","","",""
10780,"2026-08-03 20:46:15.401701","train",32,0.33509713411331177,0.0009966752180493503,"","","","","",""
10800,"2026-08-03 20:46:16.614431","train",32,1.2700600624084473,0.0009965172889955837,"","","","","",""
10820,"2026-08-03 20:46:17.843894","train",32,1.9116559028625488,0.0009963557087047722,"","","","","",""
10840,"2026-08-03 20:46:19.011501","train",32,1.7273882627487183,0.0009961904783651323,"","","","","",""
10860,"2026-08-03 20:46:20.326656","train",32,2.3104350566864014,0.000996021599191723,"","","","","",""
10880,"2026-08-03 20:46:21.527709","train",32,0.6475673317909241,0.000995849072426435,"","","","","",""
10900,"2026-08-03 20:46:22.801541","train",32,0.4707435965538025,0.0009956728993379827,"","","","","",""
10920,"2026-08-03 20:46:24.065493","train",32,0.3696048855781555,0.000995493081221895,"","","","","",""
10923,"2026-08-03 20:46:46.207034","val",32,"","",0.7776369671106513,0.23698142835186808,0.7199207920792079,0.6687631027253669,0.7205270457697642,0.802126979050056
10940,"2026-08-03 20:47:03.164010","train",33,0.3668209910392761,0.0009953096194005046,"","","","","",""
10960,"2026-08-03 20:47:04.357840","train",33,1.209388256072998,0.0009951225152229392,"","","","","",""
10980,"2026-08-03 20:47:05.559739","train",33,0.47962287068367004,0.0009949317700651118,"","","","","",""
11000,"2026-08-03 20:47:06.768641","train",33,2.118137836456299,0.0009947373853297099,"","","","","",""
11020,"2026-08-03 20:47:08.077812","train",33,0.9252287149429321,0.0009945393624461855,"","","","","",""
11040,"2026-08-03 20:47:09.398035","train",33,1.2088829278945923,0.0009943377028707441,"","","","","",""
11060,"2026-08-03 20:47:10.641084","train",33,3.125427007675171,0.0009941324080863353,"","","","","",""
11080,"2026-08-03 20:47:11.834465","train",33,0.8434491157531738,0.0009939234796026402,"","","","","",""
11100,"2026-08-03 20:47:13.073343","train",33,2.875317096710205,0.0009937109189560617,"","","","","",""
11120,"2026-08-03 20:47:14.262658","train",33,0.4641479551792145,0.0009934947277097125,"","","","","",""
11140,"2026-08-03 20:47:15.499618","train",33,1.88935387134552,0.0009932749074534032,"","","","","",""
11160,"2026-08-03 20:47:16.817622","train",33,0.28425467014312744,0.000993051459803632,"","","","","",""
11180,"2026-08-03 20:47:17.966835","train",33,0.30904489755630493,0.0009928243864035713,"","","","","",""
11200,"2026-08-03 20:47:19.181422","train",33,0.40643310546875,0.0009925936889230564,"","","","","",""
11220,"2026-08-03 20:47:20.496155","train",33,0.4364723563194275,0.0009923593690585738,"","","","","",""
11240,"2026-08-03 20:47:21.855844","train",33,1.2758703231811523,0.0009921214285332468,"","","","","",""
11254,"2026-08-03 20:47:45.214162","val",33,"","",0.7635329109013319,0.24825295587079965,0.7006732673267326,0.6582809224318658,0.7496532593619971,0.7722213337597954
11260,"2026-08-03 20:48:01.201383","train",34,0.23874735832214355,0.0009918798690968247,"","","","","",""
11280,"2026-08-03 20:48:02.488659","train",34,0.27931079268455505,0.0009916346925256698,"","","","","",""
11300,"2026-08-03 20:48:03.666632","train",34,1.2044098377227783,0.0009913859006227426,"","","","","",""
11320,"2026-08-03 20:48:04.866087","train",34,1.0875513553619385,0.0009911334952175906,"","","","","",""
11340,"2026-08-03 20:48:06.112819","train",34,3.751110553741455,0.000990877478166334,"","","","","",""
11360,"2026-08-03 20:48:07.395662","train",34,0.40107032656669617,0.0009906178513516518,"","","","","",""
11380,"2026-08-03 20:48:08.654506","train",34,2.113996982574463,0.0009903546166827681,"","","","","",""
11400,"2026-08-03 20:48:09.815033","train",34,0.8844172954559326,0.0009900877760954387,"","","","","",""
11420,"2026-08-03 20:48:11.026949","train",34,1.7090349197387695,0.0009898173315519357,"","","","","",""
11440,"2026-08-03 20:48:12.207824","train",34,0.5412468910217285,0.000989543285041034,"","","","","",""
11460,"2026-08-03 20:48:13.507567","train",34,3.147495985031128,0.0009892656385779965,"","","","","",""
11480,"2026-08-03 20:48:14.857445","train",34,0.4539887309074402,0.0009889843942045588,"","","","","",""
11500,"2026-08-03 20:48:16.063304","train",34,2.911672592163086,0.000988699553988915,"","","","","",""
11520,"2026-08-03 20:48:17.243349","train",34,0.9281993508338928,0.0009884111200257016,"","","","","",""
11540,"2026-08-03 20:48:18.450174","train",34,0.4076872766017914,0.0009881190944359829,"","","","","",""
11560,"2026-08-03 20:48:19.646158","train",34,2.081125497817993,0.0009878234793672348,"","","","","",""
11580,"2026-08-03 20:48:21.048846","train",34,1.1157726049423218,0.0009875242769933294,"","","","","",""
11585,"2026-08-03 20:48:44.142793","val",34,"","",0.7898185266606319,0.26098803255841085,0.7346534653465346,0.6519916142557651,0.723994452149792,0.8135934751319368
11600,"2026-08-03 20:49:00.933496","train",35,1.3078590631484985,0.0009872214895145187,"","","","","",""
11620,"2026-08-03 20:49:02.116575","train",35,0.8211691975593567,0.0009869151191574184,"","","","","",""
11640,"2026-08-03 20:49:03.501192","train",35,1.3886871337890625,0.0009866051681749924,"","","","","",""
11660,"2026-08-03 20:49:04.737900","train",35,0.7602592706680298,0.0009862916388465345,"","","","","",""
11680,"2026-08-03 20:49:05.922199","train",35,2.0890626907348633,0.000985974533477654,"","","","","",""
11700,"2026-08-03 20:49:07.109132","train",35,0.3879293203353882,0.0009856538544002562,"","","","","",""
11720,"2026-08-03 20:49:08.307666","train",35,1.4856202602386475,0.000985329603972527,"","","","","",""
11740,"2026-08-03 20:49:09.629938","train",35,0.33541935682296753,0.000985001784578915,"","","","","",""
11760,"2026-08-03 20:49:10.753328","train",35,2.9420928955078125,0.000984670398630114,"","","","","",""
11780,"2026-08-03 20:49:11.921328","train",35,0.4666196405887604,0.000984335448563045,"","","","","",""
11800,"2026-08-03 20:49:13.157156","train",35,0.43052321672439575,0.0009839969368408393,"","","","","",""
11820,"2026-08-03 20:49:14.390924","train",35,1.3910517692565918,0.0009836548659528188,"","","","","",""
11840,"2026-08-03 20:49:15.618151","train",35,1.1802864074707031,0.0009833092384144788,"","","","","",""
11860,"2026-08-03 20:49:17.003247","train",35,0.4558325409889221,0.0009829600567674694,"","","","","",""
11880,"2026-08-03 20:49:18.284451","train",35,0.9290329813957214,0.0009826073235795765,"","","","","",""
11900,"2026-08-03 20:49:19.587191","train",35,2.2388970851898193,0.0009822510414447029,"","","","","",""
11916,"2026-08-03 20:49:42.404656","val",35,"","",0.7868011552222078,0.23339999835634098,0.7362376237623762,0.620545073375262,0.6997226074895978,0.820917959379498
11920,"2026-08-03 20:49:58.515424","train",36,0.46504640579223633,0.0009818912129828496,"","","","","",""
11940,"2026-08-03 20:49:59.846781","train",36,0.4452371597290039,0.0009815278408400966,"","","","","",""
11960,"2026-08-03 20:50:01.075629","train",36,1.7068562507629395,0.0009811609276885824,"","","","","",""
11980,"2026-08-03 20:50:02.320251","train",36,2.217303991317749,0.0009807904762264856,"","","","","",""
12000,"2026-08-03 20:50:03.611552","train",36,0.3784666657447815,0.0009804164891780048,"","","","","",""
12020,"2026-08-03 20:50:04.867711","train",36,0.4183221459388733,0.0009800389692933376,"","","","","",""
12040,"2026-08-03 20:50:06.211851","train",36,0.2682972252368927,0.000979657919348662,"","","","","",""
12060,"2026-08-03 20:50:07.410575","train",36,0.4256805181503296,0.000979273342146114,"","","","","",""
12080,"2026-08-03 20:50:08.645903","train",36,0.8580535650253296,0.0009788852405137694,"","","","","",""
12100,"2026-08-03 20:50:09.835217","train",36,1.4313615560531616,0.0009784936173056205,"","","","","",""
12120,"2026-08-03 20:50:11.161621","train",36,1.4265438318252563,0.0009780984754015568,"","","","","",""
12140,"2026-08-03 20:50:12.358574","train",36,0.24331198632717133,0.0009776998177073437,"","","","","",""
12160,"2026-08-03 20:50:13.619591","train",36,0.3002665936946869,0.0009772976471546001,"","","","","",""
12180,"2026-08-03 20:50:14.798094","train",36,0.5496211051940918,0.0009768919667007777,"","","","","",""
12200,"2026-08-03 20:50:15.996751","train",36,2.36106014251709,0.0009764827793291393,"","","","","",""
12220,"2026-08-03 20:50:17.215331","train",36,0.39819636940956116,0.0009760700880487366,"","","","","",""
12240,"2026-08-03 20:50:18.665379","train",36,1.7138097286224365,0.0009756538958943874,"","","","","",""
12247,"2026-08-03 20:50:40.909285","val",36,"","",0.788956420535368,0.23492567425916014,0.7375841584158416,0.6184486373165619,0.7034211742949608,0.8282264513033744
12260,"2026-08-03 20:50:57.369791","train",37,1.4892401695251465,0.0009752342059266548,"","","","","",""
12280,"2026-08-03 20:50:58.537904","train",37,0.5580527782440186,0.0009748110212318236,"","","","","",""
12300,"2026-08-03 20:50:59.740513","train",37,3.1002588272094727,0.0009743843449218776,"","","","","",""
12320,"2026-08-03 20:51:01.100667","train",37,0.427374929189682,0.0009739541801344773,"","","","","",""
12340,"2026-08-03 20:51:02.309935","train",37,0.1949632167816162,0.0009735205300329363,"","","","","",""
12360,"2026-08-03 20:51:03.495443","train",37,0.3938247859477997,0.0009730833978061985,"","","","","",""
12380,"2026-08-03 20:51:04.727181","train",37,0.571955680847168,0.000972642786668814,"","","","","",""
12400,"2026-08-03 20:51:06.047360","train",37,0.36642399430274963,0.0009721986998609161,"","","","","",""
12420,"2026-08-03 20:51:07.317128","train",37,2.263439178466797,0.0009717511406481974,"","","","","",""
12440,"2026-08-03 20:51:08.574354","train",37,0.4054184854030609,0.0009713001123218853,"","","","","",""
12460,"2026-08-03 20:51:09.891636","train",37,2.112381935119629,0.000970845618198718,"","","","","",""
12480,"2026-08-03 20:51:11.225457","train",37,2.578890562057495,0.0009703876616209208,"","","","","",""
12500,"2026-08-03 20:51:12.347228","train",37,1.8527441024780273,0.0009699262459561803,"","","","","",""
12520,"2026-08-03 20:51:13.543692","train",37,1.2836323976516724,0.0009694613745976206,"","","","","",""
12540,"2026-08-03 20:51:14.721768","train",37,0.6807070970535278,0.0009689930509637781,"","","","","",""
12560,"2026-08-03 20:51:16.229759","train",37,0.38995665311813354,0.000968521278498576,"","","","","",""
12578,"2026-08-03 20:51:39.978811","val",37,"","",0.747644295012716,0.21488626151901574,0.7099405940594059,0.6247379454926624,0.6828478964401294,0.774012474012474
12580,"2026-08-03 20:51:55.793682","train",38,0.31841573119163513,0.0009680460606712997,"","","","","",""
12600,"2026-08-03 20:51:57.036815","train",38,1.983748197555542,0.0009675674009765701,"","","","","",""
12620,"2026-08-03 20:51:58.338662","train",38,1.2343302965164185,0.0009670853029343196,"","","","","",""
12640,"2026-08-03 20:51:59.606747","train",38,0.6676062941551208,0.0009665997700897644,"","","","","",""
12660,"2026-08-03 20:52:00.741021","train",38,1.4088691473007202,0.0009661108060133798,"","","","","",""
12680,"2026-08-03 20:52:02.017509","train",38,0.164009690284729,0.0009656184143008733,"","","","","",""
12700,"2026-08-03 20:52:03.173586","train",38,0.11524303257465363,0.0009651225985731584,"","","","","",""
12720,"2026-08-03 20:52:04.521185","train",38,0.2266121357679367,0.0009646233624763276,"","","","","",""
12740,"2026-08-03 20:52:05.759403","train",38,0.9351897239685059,0.000964120709681626,"","","","","",""
12760,"2026-08-03 20:52:06.980202","train",38,0.3525657057762146,0.0009636146438854244,"","","","","",""
12780,"2026-08-03 20:52:08.421702","train",38,1.7908101081848145,0.0009631051688091915,"","","","","",""
12800,"2026-08-03 20:52:09.632031","train",38,0.8254402279853821,0.0009625922881994671,"","","","","",""
12820,"2026-08-03 20:52:10.843410","train",38,1.1322426795959473,0.0009620760058278342,"","","","","",""
12840,"2026-08-03 20:52:12.107931","train",38,0.2520396113395691,0.0009615563254908915,"","","","","",""
12860,"2026-08-03 20:52:13.385811","train",38,1.3848836421966553,0.0009610332510102259,"","","","","",""
12880,"2026-08-03 20:52:14.583004","train",38,0.5238001942634583,0.0009605067862323829,"","","","","",""
12900,"2026-08-03 20:52:16.275088","train",38,1.068507432937622,0.0009599769350288401,"","","","","",""
12909,"2026-08-03 20:52:37.949175","val",38,"","",0.7645501961291434,0.2366539425928136,0.7245148514851485,0.591194968553459,0.7018030513176143,0.7944346713577484
12920,"2026-08-03 20:52:54.614620","train",39,1.950674295425415,0.0009594437012959778,"","","","","",""
12940,"2026-08-03 20:52:55.885378","train",39,0.36829525232315063,0.0009589070889550502,"","","","","",""
12960,"2026-08-03 20:52:57.238343","train",39,0.15517018735408783,0.000958367101952157,"","","","","",""
12980,"2026-08-03 20:52:58.409559","train",39,1.7851359844207764,0.0009578237442582146,"","","","","",""
13000,"2026-08-03 20:52:59.675070","train",39,0.4661639928817749,0.000957277019868926,"","","","","",""
13020,"2026-08-03 20:53:00.900696","train",39,1.4157829284667969,0.0009567269328047523,"","","","","",""
13040,"2026-08-03 20:53:02.092158","train",39,0.49787458777427673,0.0009561734871108825,"","","","","",""
13060,"2026-08-03 20:53:03.341511","train",39,1.734339952468872,0.0009556166868572042,"","","","","",""
13080,"2026-08-03 20:53:04.585614","train",39,1.4524054527282715,0.0009550565361382738,"","","","","",""
13100,"2026-08-03 20:53:05.746476","train",39,0.39047864079475403,0.0009544930390732855,"","","","","",""
13120,"2026-08-03 20:53:06.887857","train",39,0.2896815836429596,0.0009539261998060421,"","","","","",""
13140,"2026-08-03 20:53:08.107527","train",39,0.8624029159545898,0.0009533560225049236,"","","","","",""
13160,"2026-08-03 20:53:09.410791","train",39,3.533738136291504,0.0009527825113628578,"","","","","",""
13180,"2026-08-03 20:53:10.619198","train",39,0.18230533599853516,0.0009522056705972876,"","","","","",""
13200,"2026-08-03 20:53:11.877405","train",39,0.920861542224884,0.0009516255044501416,"","","","","",""
13220,"2026-08-03 20:53:13.308670","train",39,3.0321619510650635,0.0009510420171878024,"","","","","",""
13240,"2026-08-03 20:53:14.612921","train",39,0.36472123861312866,0.0009504552131010752,"","","","","",""
13240,"2026-08-03 20:53:35.870784","val",39,"","",0.7842148368464158,0.2461661958899592,0.7314851485148515,0.6687631027253668,0.6923254738788719,0.8155445386214618
13260,"2026-08-03 20:53:53.871338","train",40,0.20313380658626556,0.0009498650965051557,"","","","","",""
13280,"2026-08-03 20:53:55.214316","train",40,1.8863571882247925,0.0009492716717395995,"","","","","",""
13300,"2026-08-03 20:53:56.564039","train",40,1.311583399772644,0.0009486749431682892,"","","","","",""
13320,"2026-08-03 20:53:57.714281","train",40,1.6438462734222412,0.0009480749151794029,"","","","","",""
13340,"2026-08-03 20:53:58.962326","train",40,0.815521776676178,0.0009474715921853814,"","","","","",""
13360,"2026-08-03 20:54:00.087426","train",40,0.742907702922821,0.0009468649786228965,"","","","","",""
13380,"2026-08-03 20:54:01.359001","train",40,0.4239470362663269,0.0009462550789528177,"","","","","",""
13400,"2026-08-03 20:54:02.530826","train",40,3.4603710174560547,0.0009456418976601794,"","","","","",""
13420,"2026-08-03 20:54:03.868772","train",40,1.640150785446167,0.0009450254392541485,"","","","","",""
13440,"2026-08-03 20:54:05.106885","train",40,0.18321853876113892,0.0009444057082679911,"","","","","",""
13460,"2026-08-03 20:54:06.388730","train",40,0.4295213520526886,0.0009437827092590381,"","","","","",""
13480,"2026-08-03 20:54:07.670826","train",40,0.8362747430801392,0.0009431564468086533,"","","","","",""
13500,"2026-08-03 20:54:09.043056","train",40,2.9860727787017822,0.0009425269255221989,"","","","","",""
13520,"2026-08-03 20:54:10.335972","train",40,0.22132608294487,0.0009418941500290012,"","","","","",""
13540,"2026-08-03 20:54:11.742876","train",40,0.4074908494949341,0.0009412581249823178,"","","","","",""
13560,"2026-08-03 20:54:12.969441","train",40,0.4622310698032379,0.0009406188550593017,"","","","","",""
13571,"2026-08-03 20:54:35.080469","val",40,"","",0.7904564851933272,0.2679534873775644,0.7412277227722772,0.6268343815513627,0.7235321312991216,0.818870941947865
13580,"2026-08-03 20:54:51.303770","train",41,0.5709646940231323,0.0009399763449609687,"","","","","",""
13600,"2026-08-03 20:54:52.425071","train",41,0.2543242573738098,0.0009393305994121612,"","","","","",""
13620,"2026-08-03 20:54:53.573721","train",41,0.24215543270111084,0.0009386816231615149,"","","","","",""
13640,"2026-08-03 20:54:54.897114","train",41,0.5228348970413208,0.0009380294209814227,"","","","","",""
13660,"2026-08-03 20:54:56.086104","train",41,2.2748663425445557,0.0009373739976680003,"","","","","",""
13680,"2026-08-03 20:54:57.390149","train",41,0.12663905322551727,0.0009367153580410509,"","","","","",""
13700,"2026-08-03 20:54:58.651590","train",41,0.12980911135673523,0.0009360535069440291,"","","","","",""
13720,"2026-08-03 20:54:59.910829","train",41,1.3978760242462158,0.0009353884492440061,"","","","","",""
13740,"2026-08-03 20:55:01.235412","train",41,2.2289881706237793,0.0009347201898316339,"","","","","",""
13760,"2026-08-03 20:55:02.380199","train",41,0.9335318803787231,0.0009340487336211081,"","","","","",""
13780,"2026-08-03 20:55:03.579038","train",41,0.703009843826294,0.0009333740855501337,"","","","","",""
13800,"2026-08-03 20:55:04.765617","train",41,1.0923044681549072,0.0009326962505798869,"","","","","",""
13820,"2026-08-03 20:55:06.062608","train",41,1.439709186553955,0.0009320152336949803,"","","","","",""
13840,"2026-08-03 20:55:07.318902","train",41,0.24048984050750732,0.0009313310399034245,"","","","","",""
13860,"2026-08-03 20:55:08.848236","train",41,0.1933460235595703,0.0009306436742365932,"","","","","",""
13880,"2026-08-03 20:55:10.203850","train",41,3.9104561805725098,0.0009299531417491844,"","","","","",""
13900,"2026-08-03 20:55:11.310510","train",41,0.22890159487724304,0.0009292594475191842,"","","","","",""
13902,"2026-08-03 20:55:32.707916","val",41,"","",0.8016897280055174,0.2462850269942328,0.7524752475247525,0.6436058700209644,0.7131299121590384,0.8353430353430353
13920,"2026-08-03 20:55:49.262911","train",42,0.43461284041404724,0.0009285625966478298,"","","","","",""
13940,"2026-08-03 20:55:50.447295","train",42,1.0047900676727295,0.000927862594259571,"","","","","",""
13960,"2026-08-03 20:55:51.645798","train",42,0.4995754361152649,0.0009271594455020328,"","","","","",""
13980,"2026-08-03 20:55:53.089491","train",42,1.4870322942733765,0.0009264531555459782,"","","","","",""
14000,"2026-08-03 20:55:54.278848","train",42,0.6911795139312744,0.0009257437295852696,"","","","","",""
14020,"2026-08-03 20:55:55.568681","train",42,2.0466017723083496,0.0009250311728368303,"","","","","",""
14040,"2026-08-03 20:55:56.781550","train",42,2.2770330905914307,0.0009243154905406074,"","","","","",""
14060,"2026-08-03 20:55:57.965392","train",42,0.7731255292892456,0.0009235966879595315,"","","","","",""
14080,"2026-08-03 20:55:59.197465","train",42,1.1722807884216309,0.0009228747703794797,"","","","","",""
14100,"2026-08-03 20:56:00.472313","train",42,1.1544947624206543,0.0009221497431092351,"","","","","",""
14120,"2026-08-03 20:56:01.744592","train",42,0.8317306041717529,0.0009214216114804494,"","","","","",""
14140,"2026-08-03 20:56:02.866852","train",42,1.154747486114502,0.0009206903808476026,"","","","","",""
14160,"2026-08-03 20:56:04.224927","train",42,0.4618297219276428,0.0009199560565879638,"","","","","",""
14180,"2026-08-03 20:56:05.348438","train",42,0.2949044108390808,0.0009192186441015519,"","","","","",""
14200,"2026-08-03 20:56:06.840548","train",42,0.19696033000946045,0.0009184781488110958,"","","","","",""
14220,"2026-08-03 20:56:08.317118","train",42,1.6018750667572021,0.0009177345761619945,"","","","","",""
14233,"2026-08-03 20:56:31.403541","val",42,"","",0.80584507952929,0.21462621043452848,0.7538217821782178,0.6582809224318658,0.6879334257975034,0.8494322725091955
14240,"2026-08-03 20:56:47.165489","train",43,0.5905017852783203,0.0009169879316222769,"","","","","",""
14260,"2026-08-03 20:56:48.453714","train",43,0.6027741432189941,0.0009162382206825618,"","","","","",""
14280,"2026-08-03 20:56:49.620117","train",43,2.22607421875,0.0009154854488560177,"","","","","",""
14300,"2026-08-03 20:56:50.859635","train",43,1.9156981706619263,0.0009147296216783218,"","","","","",""
14320,"2026-08-03 20:56:51.969787","train",43,0.33329781889915466,0.0009139707447076194,"","","","","",""
14340,"2026-08-03 20:56:53.281574","train",43,0.1853821575641632,0.0009132088235244833,"","","","","",""
14360,"2026-08-03 20:56:54.427471","train",43,1.0581260919570923,0.0009124438637318727,"","","","","",""
14380,"2026-08-03 20:56:55.715688","train",43,2.743844985961914,0.0009116758709550918,"","","","","",""
14400,"2026-08-03 20:56:56.918859","train",43,1.1795215606689453,0.0009109048508417484,"","","","","",""
14420,"2026-08-03 20:56:58.159275","train",43,0.2725619673728943,0.0009101308090617127,"","","","","",""
14440,"2026-08-03 20:56:59.462234","train",43,5.472291946411133,0.0009093537513070753,"","","","","",""
14460,"2026-08-03 20:57:00.767638","train",43,2.012869119644165,0.0009085736832921053,"","","","","",""
14480,"2026-08-03 20:57:01.967810","train",43,0.3539416193962097,0.0009077906107532089,"","","","","",""
14500,"2026-08-03 20:57:03.173943","train",43,0.7409436702728271,0.0009070045394488863,"","","","","",""
14520,"2026-08-03 20:57:04.427516","train",43,2.2146425247192383,0.00090621547515969,"","","","","",""
14540,"2026-08-03 20:57:05.850587","train",43,0.742962121963501,0.0009054234236881818,"","","","","",""
14560,"2026-08-03 20:57:07.366638","train",43,4.1761322021484375,0.000904628390858891,"","","","","",""
14564,"2026-08-03 20:57:29.213302","val",43,"","",0.773955773955774,0.23576921470460466,0.726970297029703,0.6519916142557652,0.6840036985668053,0.8034383495921956
14580,"2026-08-03 20:57:45.605614","train",44,0.39254018664360046,0.0009038303825182704,"","","","","",""
14600,"2026-08-03 20:57:46.877465","train",44,0.35948970913887024,0.0009030294045346542,"","","","","",""
14620,"2026-08-03 20:57:48.073573","train",44,1.1243493556976318,0.0009022254627982146,"","","","","",""
14640,"2026-08-03 20:57:49.434397","train",44,4.099172592163086,0.0009014185632209181,"","","","","",""
14660,"2026-08-03 20:57:50.594820","train",44,2.7789969444274902,0.0009006087117364825,"","","","","",""
14680,"2026-08-03 20:57:51.961197","train",44,0.8792447447776794,0.0008997959143003334,"","","","","",""
14700,"2026-08-03 20:57:53.194318","train",44,0.17531709372997284,0.0008989801768895595,"","","","","",""
14720,"2026-08-03 20:57:54.435671","train",44,1.8104166984558105,0.0008981615055028701,"","","","","",""
14740,"2026-08-03 20:57:55.523738","train",44,1.1641528606414795,0.0008973399061605493,"","","","","",""
14760,"2026-08-03 20:57:56.824028","train",44,0.9894595146179199,0.0008965153849044133,"","","","","",""
14780,"2026-08-03 20:57:57.994970","train",44,0.5861648917198181,0.0008956879477977646,"","","","","",""
14800,"2026-08-03 20:57:59.246242","train",44,0.31659504771232605,0.0008948576009253486,"","","","","",""
14820,"2026-08-03 20:58:00.490226","train",44,0.1304572969675064,0.000894024350393308,"","","","","",""
14840,"2026-08-03 20:58:01.633804","train",44,0.19621485471725464,0.0008931882023291385,"","","","","",""
14860,"2026-08-03 20:58:02.841829","train",44,2.1546168327331543,0.0008923491628816432,"","","","","",""
14880,"2026-08-03 20:58:04.409244","train",44,0.305225670337677,0.0008915072382208876,"","","","","",""
14895,"2026-08-03 20:58:27.630580","val",44,"","",0.8158799948273631,0.2503505237891459,0.7603168316831683,0.6750524109014675,0.7080443828016643,0.8520869982408444
14900,"2026-08-03 20:58:43.982441","train",45,0.8044629693031311,0.0008906624345381544,"","","","","",""
14920,"2026-08-03 20:58:45.153991","train",45,0.3576052188873291,0.0008898147580458979,"","","","","",""
14940,"2026-08-03 20:58:46.246086","train",45,0.9977282285690308,0.0008889642149776983,"","","","","",""
14960,"2026-08-03 20:58:47.591016","train",45,0.17989292740821838,0.0008881108115882154,"","","","","",""
14980,"2026-08-03 20:58:48.759440","train",45,0.26348379254341125,0.0008872545541531435,"","","","","",""
15000,"2026-08-03 20:58:50.141112","train",45,1.0550634860992432,0.0008863954489691645,"","","","","",""
15020,"2026-08-03 20:58:51.301917","train",45,1.4344704151153564,0.0008855335023539018,"","","","","",""
15040,"2026-08-03 20:58:52.475839","train",45,0.2908395826816559,0.0008846687206458744,"","","","","",""
15060,"2026-08-03 20:58:53.738512","train",45,1.3696948289871216,0.000883801110204449,"","","","","",""
15080,"2026-08-03 20:58:54.823954","train",45,1.77776038646698,0.0008829306774097949,"","","","","",""
15100,"2026-08-03 20:58:56.146601","train",45,0.7220488786697388,0.0008820574286628353,"","","","","",""
15120,"2026-08-03 20:58:57.475677","train",45,0.5291558504104614,0.000881181370385202,"","","","","",""
15140,"2026-08-03 20:58:58.656730","train",45,0.40731456875801086,0.0008803025090191867,"","","","","",""
15160,"2026-08-03 20:59:00.002985","train",45,0.34340351819992065,0.0008794208510276945,"","","","","",""
15180,"2026-08-03 20:59:01.241232","train",45,0.8913935422897339,0.0008785364028941962,"","","","","",""
15200,"2026-08-03 20:59:02.738513","train",45,1.3335590362548828,0.0008776491711226802,"","","","","",""
15220,"2026-08-03 20:59:04.312655","train",45,0.2993902266025543,0.0008767591622376055,"","","","","",""
15226,"2026-08-03 20:59:25.928574","val",45,"","",0.8163627742575111,0.2760181198025638,0.7596831683168317,0.6750524109014675,0.7306981044845122,0.8508715816408123
15240,"2026-08-03 20:59:42.397469","train",46,1.752579689025879,0.0008758663827838528,"","","","","",""
15260,"2026-08-03 20:59:43.579961","train",46,0.27956080436706543,0.000874970839326677,"","","","","",""
15280,"2026-08-03 20:59:44.688226","train",46,0.3358924090862274,0.0008740725384516586,"","","","","",""
15300,"2026-08-03 20:59:45.867210","train",46,0.8992732763290405,0.0008731714867646554,"","","","","",""
15320,"2026-08-03 20:59:47.202548","train",46,0.47312280535697937,0.0008722676908917545,"","","","","",""
15340,"2026-08-03 20:59:48.498021","train",46,1.2214854955673218,0.0008713611574792219,"","","","","",""
15360,"2026-08-03 20:59:49.865607","train",46,2.315477132797241,0.0008704518931934557,"","","","","",""
15380,"2026-08-03 20:59:51.121923","train",46,1.6936556100845337,0.0008695399047209353,"","","","","",""
15400,"2026-08-03 20:59:52.333331","train",46,0.9556980133056641,0.0008686251987681736,"","","","","",""
15420,"2026-08-03 20:59:53.588499","train",46,0.5185047388076782,0.0008677077820616671,"","","","","",""
15440,"2026-08-03 20:59:54.766514","train",46,3.7468533515930176,0.000866787661347846,"","","","","",""
15460,"2026-08-03 20:59:56.094335","train",46,1.4459627866744995,0.0008658648433930254,"","","","","",""
15480,"2026-08-03 20:59:57.335123","train",46,0.24295268952846527,0.000864939334983355,"","","","","",""
15500,"2026-08-03 20:59:58.585968","train",46,0.19843727350234985,0.0008640111429247693,"","","","","",""
15520,"2026-08-03 20:59:59.804188","train",46,1.208082914352417,0.000863080274042938,"","","","","",""
15540,"2026-08-03 21:00:01.325773","train",46,0.4433727264404297,0.0008621467351832148,"","","","","",""
15557,"2026-08-03 21:00:24.233041","val",46,"","",0.7732402258718047,0.2396543984411161,0.723009900990099,0.6394129979035639,0.6946370781322238,0.8015512553974093
15560,"2026-08-03 21:00:39.694728","train",47,1.2432314157485962,0.0008612105332105884,"","","","","",""
15580,"2026-08-03 21:00:40.920830","train",47,3.4447662830352783,0.0008602716750096306,"","","","","",""
15600,"2026-08-03 21:00:42.324940","train",47,0.2690770626068115,0.000859330167484447,"","","","","",""
15620,"2026-08-03 21:00:43.571897","train",47,0.7599314451217651,0.0008583860175586252,"","","","","",""
15640,"2026-08-03 21:00:44.752357","train",47,0.26341500878334045,0.0008574392321751844,"","","","","",""
15660,"2026-08-03 21:00:46.026312","train",47,1.5528907775878906,0.0008564898182965242,"","","","","",""
15680,"2026-08-03 21:00:47.187301","train",47,0.2290685623884201,0.0008555377829043735,"","","","","",""
15700,"2026-08-03 21:00:48.317992","train",47,1.5379672050476074,0.0008545831329997391,"","","","","",""
15720,"2026-08-03 21:00:49.614699","train",47,2.20283842086792,0.0008536258756028539,"","","","","",""
15740,"2026-08-03 21:00:50.906779","train",47,1.451477289199829,0.0008526660177531263,"","","","","",""
15760,"2026-08-03 21:00:52.015074","train",47,1.9636677503585815,0.0008517035665090868,"","","","","",""
15780,"2026-08-03 21:00:53.372512","train",47,0.4520459771156311,0.0008507385289483379,"","","","","",""
15800,"2026-08-03 21:00:54.593674","train",47,2.778097629547119,0.0008497709121675004,"","","","","",""
15820,"2026-08-03 21:00:55.807893","train",47,0.1244090124964714,0.0008488007232821625,"","","","","",""
15840,"2026-08-03 21:00:56.909785","train",47,5.394657135009766,0.0008478279694268266,"","","","","",""
15860,"2026-08-03 21:00:58.101382","train",47,3.3386125564575195,0.0008468526577548574,"","","","","",""
15880,"2026-08-03 21:00:59.453618","train",47,1.235898494720459,0.0008458747954384291,"","","","","",""
15888,"2026-08-03 21:01:20.922742","val",47,"","",0.7911461700935386,0.26364771254422975,0.7323564356435643,0.6855345911949685,0.7276930189551549,0.8138973292819447
15900,"2026-08-03 21:01:36.793975","train",48,0.9899658560752869,0.0008448943896684724,"","","","","",""
15920,"2026-08-03 21:01:38.394733","train",48,0.6444180607795715,0.0008439114476546222,"","","","","",""
15940,"2026-08-03 21:01:39.607654","train",48,2.198035717010498,0.0008429259766251639,"","","","","",""
15960,"2026-08-03 21:01:40.798241","train",48,0.14431697130203247,0.000841937983826981,"","","","","",""
15980,"2026-08-03 21:01:42.137540","train",48,0.2501488924026489,0.0008409474765255008,"","","","","",""
16000,"2026-08-03 21:01:43.371508","train",48,0.38397687673568726,0.0008399544620046423,"","","","","",""
16020,"2026-08-03 21:01:44.648716","train",48,0.2542949318885803,0.0008389589475667611,"","","","","",""
16040,"2026-08-03 21:01:45.838541","train",48,0.25188320875167847,0.0008379609405325971,"","","","","",""
16060,"2026-08-03 21:01:47.058180","train",48,4.850430488586426,0.00083696044824122,"","","","","",""
16080,"2026-08-03 21:01:48.292432","train",48,0.5884727239608765,0.0008359574780499751,"","","","","",""
16100,"2026-08-03 21:01:49.469809","train",48,0.32094407081604004,0.0008349520373344297,"","","","","",""
16120,"2026-08-03 21:01:50.828668","train",48,0.2174234688282013,0.0008339441334883187,"","","","","",""
16140,"2026-08-03 21:01:52.005997","train",48,3.111872434616089,0.0008329337739234903,"","","","","",""
16160,"2026-08-03 21:01:53.459680","train",48,0.5592741966247559,0.0008319209660698507,"","","","","",""
16180,"2026-08-03 21:01:54.816926","train",48,0.63624107837677,0.0008309057173753112,"","","","","",""
16200,"2026-08-03 21:01:56.088743","train",48,1.0685944557189941,0.0008298880353057314,"","","","","",""
16219,"2026-08-03 21:02:18.135748","val",48,"","",0.7970084917453338,0.24929166185889662,0.7427326732673267,0.6813417190775681,0.7108183079056866,0.8256356948664642
16220,"2026-08-03 21:02:33.439821","train",49,1.8277512788772583,0.0008288679273448659,"","","","","",""
16240,"2026-08-03 21:02:34.882964","train",49,1.9115808010101318,0.0008278454009943083,"","","","","",""
16260,"2026-08-03 21:02:36.545540","train",49,0.5222190618515015,0.0008268204637734367,"","","","","",""
16280,"2026-08-03 21:02:37.709568","train",49,2.1604511737823486,0.0008257931232193575,"","","","","",""
16300,"2026-08-03 21:02:39.007622","train",49,1.745031714439392,0.0008247633868868513,"","","","","",""
16320,"2026-08-03 21:02:40.201273","train",49,2.4815402030944824,0.0008237312623483162,"","","","","",""
16340,"2026-08-03 21:02:41.436018","train",49,0.6460514068603516,0.0008226967571937124,"","","","","",""
16360,"2026-08-03 21:02:42.558741","train",49,0.1472177803516388,0.0008216598790305066,"","","","","",""
16380,"2026-08-03 21:02:43.844311","train",49,3.2433199882507324,0.0008206206354836161,"","","","","",""
16400,"2026-08-03 21:02:45.144248","train",49,3.9745919704437256,0.0008195790341953524,"","","","","",""
16420,"2026-08-03 21:02:46.347350","train",49,0.41410961747169495,0.0008185350828253654,"","","","","",""
16440,"2026-08-03 21:02:47.424932","train",49,0.7580156326293945,0.0008174887890505864,"","","","","",""
16460,"2026-08-03 21:02:48.773531","train",49,0.9284660220146179,0.0008164401605651729,"","","","","",""
16480,"2026-08-03 21:02:50.027433","train",49,1.2026002407073975,0.0008153892050804501,"","","","","",""
16500,"2026-08-03 21:02:51.371951","train",49,0.49309241771698,0.0008143359303248564,"","","","","",""
16520,"2026-08-03 21:02:52.569279","train",49,2.7313125133514404,0.000813280344043885,"","","","","",""
16540,"2026-08-03 21:02:53.792489","train",49,0.16929391026496887,0.0008122224540000272,"","","","","",""
16550,"2026-08-03 21:03:15.421763","val",49,"","",0.7772964351911721,0.21885759839636754,0.719049504950495,0.6373165618448637,0.7108183079056866,0.8022389253158484
16560,"2026-08-03 21:03:31.399481","train",50,1.9887394905090332,0.000811162267972716,"","","","","",""
16580,"2026-08-03 21:03:32.581575","train",50,1.2876795530319214,0.0008100997937582681,"","","","","",""
16600,"2026-08-03 21:03:34.206447","train",50,0.22803190350532532,0.000809035039169827,"","","","","",""
16620,"2026-08-03 21:03:35.435513","train",50,1.0736498832702637,0.0008079680120373057,"","","","","",""
16640,"2026-08-03 21:03:36.713207","train",50,2.6884360313415527,0.0008068987202073284,"","","","","",""
16660,"2026-08-03 21:03:38.006719","train",50,0.8041319847106934,0.0008058271715431735,"","","","","",""
16680,"2026-08-03 21:03:39.268827","train",50,0.44262558221817017,0.0008047533739247155,"","","","","",""
16700,"2026-08-03 21:03:40.354332","train",50,1.2965540885925293,0.0008036773352483672,"","","","","",""
16720,"2026-08-03 21:03:41.499150","train",50,0.4244632124900818,0.0008025990634270216,"","","","","",""
16740,"2026-08-03 21:03:42.773152","train",50,0.2436913102865219,0.000801518566389993,"","","","","",""
16760,"2026-08-03 21:03:43.987081","train",50,0.7184895873069763,0.0008004358520829603,"","","","","",""
16780,"2026-08-03 21:03:45.232823","train",50,1.6064441204071045,0.000799350928467907,"","","","","",""
16800,"2026-08-03 21:03:46.484872","train",50,0.7419154047966003,0.0007982638035230631,"","","","","",""
16820,"2026-08-03 21:03:47.737380","train",50,0.23809188604354858,0.0007971744852428471,"","","","","",""
16840,"2026-08-03 21:03:49.089928","train",50,1.6039484739303589,0.0007960829816378061,"","","","","",""
16860,"2026-08-03 21:03:50.282022","train",50,0.9282619953155518,0.0007949893007345582,"","","","","",""
16880,"2026-08-03 21:03:51.486765","train",50,0.4644787907600403,0.0007938934505757319,"","","","","",""
16881,"2026-08-03 21:04:12.628028","val",50,"","",0.7946204577783524,0.23756190830715912,0.7494653465346535,0.6582809224318658,0.6581137309292648,0.8375339836878298
16900,"2026-08-03 21:04:29.779475","train",51,2.759018898010254,0.0007927954392199085,"","","","","",""
16920,"2026-08-03 21:04:31.203439","train",51,5.241687297821045,0.0007916952747415618,"","","","","",""
16940,"2026-08-03 21:04:32.613612","train",51,0.6939826607704163,0.0007905929652309992,"","","","","",""
16960,"2026-08-03 21:04:33.831322","train",51,0.1527157425880432,0.000789488518794302,"","","","","",""
16980,"2026-08-03 21:04:35.040056","train",51,0.35162344574928284,0.000788381943553266,"","","","","",""
17000,"2026-08-03 21:04:36.270792","train",51,3.664724826812744,0.0007872732476453414,"","","","","",""
17020,"2026-08-03 21:04:37.402227","train",51,1.0302233695983887,0.0007861624392235736,"","","","","",""
17040,"2026-08-03 21:04:38.662299","train",51,0.2267594039440155,0.0007850495264565424,"","","","","",""
17060,"2026-08-03 21:04:39.881182","train",51,1.3866028785705566,0.0007839345175283027,"","","","","",""
17080,"2026-08-03 21:04:41.097450","train",51,0.7052235007286072,0.0007828174206383235,"","","","","",""
17100,"2026-08-03 21:04:42.313358","train",51,0.37011581659317017,0.000781698244001429,"","","","","",""
17120,"2026-08-03 21:04:43.543960","train",51,1.0792129039764404,0.0007805769958477366,"","","","","",""
17140,"2026-08-03 21:04:44.771890","train",51,1.9690124988555908,0.0007794536844225971,"","","","","",""
17160,"2026-08-03 21:04:46.023876","train",51,0.3020098805427551,0.000778328317986534,"","","","","",""
17180,"2026-08-03 21:04:47.220773","train",51,1.22247314453125,0.0007772009048151833,"","","","","",""
17200,"2026-08-03 21:04:48.419747","train",51,0.4832177460193634,0.0007760714531992314,"","","","","",""
17212,"2026-08-03 21:05:10.417979","val",51,"","",0.8007500323289798,0.25873678594958477,0.7411485148514851,0.6624737945492661,0.7105871474803513,0.834015672477211
17220,"2026-08-03 21:05:26.629084","train",52,3.0307321548461914,0.0007749399714443556,"","","","","",""
17240,"2026-08-03 21:05:27.824691","train",52,1.6740144491195679,0.000773806467871162,"","","","","",""
17260,"2026-08-03 21:05:29.269833","train",52,3.0854413509368896,0.000772670950815124,"","","","","",""
17280,"2026-08-03 21:05:30.973155","train",52,1.6701197624206543,0.0007715334286265223,"","","","","",""
17300,"2026-08-03 21:05:32.175957","train",52,0.6064066290855408,0.0007703939096703829,"","","","","",""
17320,"2026-08-03 21:05:33.406132","train",52,2.515450954437256,0.0007692524023264148,"","","","","",""
17340,"2026-08-03 21:05:34.591560","train",52,2.379450559616089,0.0007681089149889496,"","","","","",""
17360,"2026-08-03 21:05:35.776712","train",52,1.3638874292373657,0.0007669634560668791,"","","","","",""
17380,"2026-08-03 21:05:36.983665","train",52,1.0795183181762695,0.0007658160339835935,"","","","","",""
17400,"2026-08-03 21:05:38.265430","train",52,1.2589468955993652,0.0007646666571769198,"","","","","",""
17420,"2026-08-03 21:05:39.651890","train",52,1.7640763521194458,0.0007635153340990588,"","","","","",""
17440,"2026-08-03 21:05:40.797171","train",52,1.822636604309082,0.0007623620732165247,"","","","","",""
17460,"2026-08-03 21:05:42.069662","train",52,6.615415096282959,0.000761206883010081,"","","","","",""
17480,"2026-08-03 21:05:43.277074","train",52,0.5427237749099731,0.0007600497719746793,"","","","","",""
17500,"2026-08-03 21:05:44.569867","train",52,0.8303602337837219,0.0007588907486193961,"","","","","",""
17520,"2026-08-03 21:05:45.950342","train",52,2.227884531021118,0.000757729821467371,"","","","","",""
17540,"2026-08-03 21:05:47.224651","train",52,0.24954628944396973,0.000756566999055743,"","","","","",""
17543,"2026-08-03 21:06:09.095948","val",52,"","",0.8067244277770594,0.23814115506131012,0.7512079207920792,0.6268343815513626,0.6849283402681461,0.8520550135934752
17560,"2026-08-03 21:06:24.971790","train",53,0.19861289858818054,0.0007554022899355891,"","","","","",""
17580,"2026-08-03 21:06:26.238991","train",53,3.69099760055542,0.0007542357026718601,"","","","","",""
17600,"2026-08-03 21:06:27.621916","train",53,1.8955421447753906,0.0007530672458433182,"","","","","",""
17620,"2026-08-03 21:06:29.098138","train",53,1.7531092166900635,0.0007518969280424741,"","","","","",""
17640,"2026-08-03 21:06:30.493254","train",53,0.3640439808368683,0.0007507247578755232,"","","","","",""
17660,"2026-08-03 21:06:31.797790","train",53,1.9515098333358765,0.0007495507439622829,"","","","","",""
17680,"2026-08-03 21:06:33.098295","train",53,0.6874849796295166,0.0007483748949361294,"","","","","",""
17700,"2026-08-03 21:06:34.312502","train",53,0.31394168734550476,0.0007471972194439332,"","","","","",""
17720,"2026-08-03 21:06:35.561294","train",53,0.1631883680820465,0.0007460177261459963,"","","","","",""
17740,"2026-08-03 21:06:36.769391","train",53,0.5535178184509277,0.0007448364237159886,"","","","","",""
17760,"2026-08-03 21:06:37.915394","train",53,0.9858832955360413,0.0007436533208408836,"","","","","",""
17780,"2026-08-03 21:06:39.166898","train",53,0.2986956834793091,0.0007424684262208947,"","","","","",""
17800,"2026-08-03 21:06:40.364202","train",53,0.7809284925460815,0.0007412817485694115,"","","","","",""
17820,"2026-08-03 21:06:41.528256","train",53,0.14156556129455566,0.0007400932966129356,"","","","","",""
17840,"2026-08-03 21:06:42.919747","train",53,1.7279289960861206,0.0007389030790910161,"","","","","",""
17860,"2026-08-03 21:06:44.226419","train",53,1.0170514583587646,0.0007377111047561859,"","","","","",""
17874,"2026-08-03 21:07:06.305099","val",53,"","",0.8006207164101901,0.2470144137677388,0.7401980198019802,0.6855345911949685,0.7251502542764678,0.8290420598112905
17880,"2026-08-03 21:07:23.303623","train",54,1.1710196733474731,0.0007365173823738969,"","","","","",""
17900,"2026-08-03 21:07:24.561526","train",54,0.6337621212005615,0.000735321920722455,"","","","","",""
17920,"2026-08-03 21:07:25.767649","train",54,1.6521475315093994,0.0007341247285929574,"","","","","",""
17940,"2026-08-03 21:07:27.232353","train",54,0.47053614258766174,0.0007329258147892259,"","","","","",""
17960,"2026-08-03 21:07:28.838933","train",54,0.630170464515686,0.0007317251881277433,"","","","","",""
17980,"2026-08-03 21:07:30.177319","train",54,1.7327828407287598,0.0007305228574375883,"","","","","",""
18000,"2026-08-03 21:07:31.459000","train",54,1.7974234819412231,0.0007293188315603708,"","","","","",""
18020,"2026-08-03 21:07:32.730910","train",54,2.4047045707702637,0.0007281131193501657,"","","","","",""
18040,"2026-08-03 21:07:33.955322","train",54,0.1763116717338562,0.0007269057296734499,"","","","","",""
18060,"2026-08-03 21:07:35.168231","train",54,0.45365962386131287,0.0007256966714090354,"","","","","",""
18080,"2026-08-03 21:07:36.406940","train",54,0.6542104482650757,0.0007244859534480044,"","","","","",""
18100,"2026-08-03 21:07:37.594938","train",54,2.729034423828125,0.0007232735846936441,"","","","","",""
18120,"2026-08-03 21:07:38.771322","train",54,0.5992879867553711,0.0007220595740613816,"","","","","",""
18140,"2026-08-03 21:07:40.072771","train",54,2.2621610164642334,0.0007208439304787174,"","","","","",""
18160,"2026-08-03 21:07:41.369130","train",54,2.659090280532837,0.0007196266628851604,"","","","","",""
18180,"2026-08-03 21:07:42.742940","train",54,2.4841716289520264,0.0007184077802321625,"","","","","",""
18200,"2026-08-03 21:07:43.939679","train",54,0.34036409854888916,0.0007171872914830514,"","","","","",""
18205,"2026-08-03 21:08:05.569483","val",54,"","",0.8047329626276996,0.238575099751841,0.7459009900990099,0.6918238993710691,0.6613499768839575,0.8449224372301296
18220,"2026-08-03 21:08:21.556306","train",55,1.355071783065796,0.0007159652056129665,"","","","","",""
18240,"2026-08-03 21:08:22.764432","train",55,1.0415619611740112,0.0007147415316087914,"","","","","",""
18260,"2026-08-03 21:08:23.959124","train",55,0.20761802792549133,0.0007135162784690886,"","","","","",""
18280,"2026-08-03 21:08:25.438665","train",55,5.169330596923828,0.0007122894552040331,"","","","","",""
18300,"2026-08-03 21:08:26.892948","train",55,0.8620691895484924,0.0007110610708353462,"","","","","",""
18320,"2026-08-03 21:08:28.266875","train",55,0.831621527671814,0.0007098311343962291,"","","","","",""
18340,"2026-08-03 21:08:29.579990","train",55,2.2485804557800293,0.0007085996549312967,"","","","","",""
18360,"2026-08-03 21:08:30.949294","train",55,0.2694840133190155,0.0007073666414965105,"","","","","",""
18380,"2026-08-03 21:08:32.370000","train",55,1.6980212926864624,0.0007061321031591127,"","","","","",""
18400,"2026-08-03 21:08:33.502291","train",55,1.2733293771743774,0.000704896048997559,"","","","","",""
18420,"2026-08-03 21:08:34.750647","train",55,2.2438580989837646,0.0007036584881014524,"","","","","",""
18440,"2026-08-03 21:08:36.017924","train",55,0.1917078197002411,0.0007024194295714754,"","","","","",""
18460,"2026-08-03 21:08:37.209976","train",55,1.1691628694534302,0.0007011788825193243,"","","","","",""
18480,"2026-08-03 21:08:38.429800","train",55,0.13128453493118286,0.0006999368560676415,"","","","","",""
18500,"2026-08-03 21:08:39.757317","train",55,0.7474236488342285,0.0006986933593499481,"","","","","",""
18520,"2026-08-03 21:08:40.980662","train",55,1.4241739511489868,0.0006974484015105775,"","","","","",""
18536,"2026-08-03 21:09:03.099242","val",55,"","",0.8037760248286563,0.2427383851093171,0.7534257425742574,0.6226415094339622,0.6726768377253814,0.8487446025907565
18540,"2026-08-03 21:09:18.755793","train",56,0.23643240332603455,0.0006962019917046078,"","","","","",""
18560,"2026-08-03 21:09:19.984748","train",56,0.46117010712623596,0.000694954139097794,"","","","","",""
18580,"2026-08-03 21:09:21.271789","train",56,1.1360849142074585,0.0006937048528665014,"","","","","",""
18600,"2026-08-03 21:09:22.440117","train",56,0.8111109733581543,0.000692454142197638,"","","","","",""
18620,"2026-08-03 21:09:23.953282","train",56,1.6496906280517578,0.0006912020162885866,"","","","","",""
18640,"2026-08-03 21:09:25.407589","train",56,4.897731781005859,0.000689948484347137,"","","","","",""
18660,"2026-08-03 21:09:26.986369","train",56,1.4585827589035034,0.0006886935555914187,"","","","","",""
18680,"2026-08-03 21:09:28.154513","train",56,2.051201820373535,0.0006874372392498331,"","","","","",""
18700,"2026-08-03 21:09:29.457612","train",56,1.2714390754699707,0.0006861795445609854,"","","","","",""
18720,"2026-08-03 21:09:30.687512","train",56,1.7459317445755005,0.0006849204807736169,"","","","","",""
18740,"2026-08-03 21:09:32.063146","train",56,0.9443764090538025,0.0006836600571465371,"","","","","",""
18760,"2026-08-03 21:09:33.193439","train",56,0.7767857313156128,0.0006823982829485546,"","","","","",""
18780,"2026-08-03 21:09:34.372498","train",56,2.7271220684051514,0.000681135167458411,"","","","","",""
18800,"2026-08-03 21:09:35.555109","train",56,2.4891767501831055,0.00067987071996471,"","","","","",""
18820,"2026-08-03 21:09:36.806896","train",56,1.2549383640289307,0.0006786049497658512,"","","","","",""
18840,"2026-08-03 21:09:37.968115","train",56,0.38046324253082275,0.0006773378661699611,"","","","","",""
18860,"2026-08-03 21:09:39.295919","train",56,0.17620176076889038,0.0006760694784948246,"","","","","",""
18867,"2026-08-03 21:10:00.979590","val",56,"","",0.7905685589896116,0.2278910082346521,0.7369504950495049,0.6310272536687631,0.6567267683772537,0.8377578762194148
18880,"2026-08-03 21:10:17.220855","train",57,0.3392043709754944,0.0006747997960678155,"","","","","",""
18900,"2026-08-03 21:10:18.439964","train",57,0.1557973027229309,0.0006735288282258306,"","","","","",""
18920,"2026-08-03 21:10:19.815957","train",57,0.6481704711914062,0.0006722565843152177,"","","","","",""
18940,"2026-08-03 21:10:21.059449","train",57,0.37106236815452576,0.000670983073691709,"","","","","",""
18960,"2026-08-03 21:10:22.550187","train",57,0.406968355178833,0.0006697083057203521,"","","","","",""
18980,"2026-08-03 21:10:24.121012","train",57,0.24797415733337402,0.0006684322897754402,"","","","","",""
19000,"2026-08-03 21:10:25.688615","train",57,1.2414145469665527,0.0006671550352404442,"","","","","",""
19020,"2026-08-03 21:10:26.968902","train",57,0.42443346977233887,0.0006658765515079432,"","","","","",""
19040,"2026-08-03 21:10:28.071347","train",57,1.5838395357131958,0.0006645968479795551,"","","","","",""
19060,"2026-08-03 21:10:29.350109","train",57,1.127537727355957,0.0006633159340658682,"","","","","",""
19080,"2026-08-03 21:10:30.563178","train",57,0.30895546078681946,0.0006620338191863716,"","","","","",""
19100,"2026-08-03 21:10:31.791364","train",57,0.6744453310966492,0.0006607505127693862,"","","","","",""
19120,"2026-08-03 21:10:33.023795","train",57,0.6092646718025208,0.0006594660242519943,"","","","","",""
19140,"2026-08-03 21:10:34.176884","train",57,1.0296224355697632,0.0006581803630799722,"","","","","",""
19160,"2026-08-03 21:10:35.354064","train",57,0.501850962638855,0.0006568935387077187,"","","","","",""
19180,"2026-08-03 21:10:36.469430","train",57,0.09002536535263062,0.0006556055605981868,"","","","","",""
19198,"2026-08-03 21:10:59.074920","val",57,"","",0.8035949825423511,0.2432069324281266,0.7471683168316832,0.6268343815513626,0.6749884419787333,0.8448424756117063
19200,"2026-08-03 21:11:14.006416","train",58,0.6285558938980103,0.0006543164382228136,"","","","","",""
19220,"2026-08-03 21:11:15.231008","train",58,2.29626202583313,0.0006530261810614511,"","","","","",""
19240,"2026-08-03 21:11:16.459918","train",58,0.6842427253723145,0.0006517347986022959,"","","","","",""
19260,"2026-08-03 21:11:17.717770","train",58,0.9790749549865723,0.00065044230034182,"","","","","",""
19280,"2026-08-03 21:11:19.082454","train",58,0.6272830963134766,0.0006491486957847006,"","","","","",""
19300,"2026-08-03 21:11:20.691151","train",58,0.32661670446395874,0.0006478539944437501,"","","","","",""
19320,"2026-08-03 21:11:22.169483","train",58,0.6696269512176514,0.0006465582058398466,"","","","","",""
19340,"2026-08-03 21:11:23.765954","train",58,0.7170808911323547,0.0006452613395018634,"","","","","",""
19360,"2026-08-03 21:11:25.391718","train",58,0.11412887275218964,0.0006439634049665996,"","","","","",""
19380,"2026-08-03 21:11:26.639657","train",58,1.1256215572357178,0.000642664411778709,"","","","","",""
19400,"2026-08-03 21:11:27.831656","train",58,1.6742219924926758,0.0006413643694906308,"","","","","",""
19420,"2026-08-03 21:11:28.991562","train",58,0.3753451406955719,0.0006400632876625189,"","","","","",""
19440,"2026-08-03 21:11:30.194984","train",58,3.03157639503479,0.0006387611758621715,"","","","","",""
19460,"2026-08-03 21:11:31.525118","train",58,0.3416529595851898,0.0006374580436649613,"","","","","",""
19480,"2026-08-03 21:11:32.688504","train",58,0.18351976573467255,0.0006361539006537643,"","","","","",""
19500,"2026-08-03 21:11:34.008155","train",58,0.23902496695518494,0.00063484875641889,"","","","","",""
19520,"2026-08-03 21:11:35.277361","train",58,0.11751528084278107,0.0006335426205580109,"","","","","",""
19529,"2026-08-03 21:11:57.275492","val",58,"","",0.7679468942626837,0.22746225509648435,0.7238811881188119,0.6079664570230607,0.6944059177068886,0.7896209819286744
19540,"2026-08-03 21:12:12.814215","train",59,2.9994568824768066,0.0006322355026760909,"","","","","",""
19560,"2026-08-03 21:12:13.982973","train",59,1.6588925123214722,0.0006309274123853161,"","","","","",""
19580,"2026-08-03 21:12:15.276533","train",59,0.21303540468215942,0.0006296183593050231,"","","","","",""
19600,"2026-08-03 21:12:16.628320","train",59,2.4846274852752686,0.0006283083530616288,"","","","","",""
19620,"2026-08-03 21:12:18.157146","train",59,2.1381192207336426,0.0006269974032885589,"","","","","",""
19640,"2026-08-03 21:12:19.607911","train",59,0.4392257332801819,0.0006256855196261782,"","","","","",""
19660,"2026-08-03 21:12:21.116645","train",59,0.5050415396690369,0.0006243727117217189,"","","","","",""
19680,"2026-08-03 21:12:22.513687","train",59,1.0897057056427002,0.0006230589892292095,"","","","","",""
19700,"2026-08-03 21:12:23.949998","train",59,0.3208230137825012,0.0006217443618094044,"","","","","",""
19720,"2026-08-03 21:12:25.108121","train",59,2.2232117652893066,0.0006204288391297125,"","","","","",""
19740,"2026-08-03 21:12:26.405329","train",59,0.28153109550476074,0.000619112430864126,"","","","","",""
19760,"2026-08-03 21:12:27.530950","train",59,2.592752456665039,0.0006177951466931501,"","","","","",""
19780,"2026-08-03 21:12:28.831402","train",59,0.37936022877693176,0.0006164769963037306,"","","","","",""
19800,"2026-08-03 21:12:29.974033","train",59,0.07030745595693588,0.0006151579893891833,"","","","","",""
19820,"2026-08-03 21:12:31.234711","train",59,0.1909739077091217,0.0006138381356491228,"","","","","",""
19840,"2026-08-03 21:12:32.413268","train",59,0.9099647998809814,0.0006125174447893908,"","","","","",""
19860,"2026-08-03 21:12:33.607434","train",59,6.5967559814453125,0.000611195926521985,"","","","","",""
19860,"2026-08-03 21:12:55.432114","val",59,"","",0.7960170697012802,0.2615667167622594,0.7454257425742574,0.6436058700209644,0.6798428109107721,0.8341116264193187
19880,"2026-08-03 21:13:11.400537","train",60,0.12972009181976318,0.0006098735905649882,"","","","","",""
19900,"2026-08-03 21:13:12.626922","train",60,0.1688551902770996,0.0006085504466424955,"","","","","",""
19920,"2026-08-03 21:13:13.838868","train",60,0.11462954431772232,0.0006072265044845438,"","","","","",""
19940,"2026-08-03 21:13:15.234787","train",60,0.5335617065429688,0.00060590177382704,"","","","","",""
19960,"2026-08-03 21:13:16.974562","train",60,1.3968312740325928,0.0006045762644116898,"","","","","",""
19980,"2026-08-03 21:13:18.471047","train",60,2.6598997116088867,0.0006032499859859249,"","","","","",""
20000,"2026-08-03 21:13:20.091254","train",60,1.2965092658996582,0.0006019229483028328,"","","","","",""
20020,"2026-08-03 21:13:21.556527","train",60,0.8837891817092896,0.0006005951611210839,"","","","","",""
20040,"2026-08-03 21:13:22.822193","train",60,0.4142540693283081,0.0005992666342048605,"","","","","",""
20060,"2026-08-03 21:13:23.994795","train",60,0.3571232855319977,0.0005979373773237848,"","","","","",""
20080,"2026-08-03 21:13:25.246065","train",60,0.4959293603897095,0.0005966074002528465,"","","","","",""
20100,"2026-08-03 21:13:26.413129","train",60,0.19132283329963684,0.0005952767127723314,"","","","","",""
20120,"2026-08-03 21:13:27.690635","train",60,0.29164573550224304,0.0005939453246677505,"","","","","",""
20140,"2026-08-03 21:13:28.915492","train",60,2.0983939170837402,0.0005926132457297655,"","","","","",""
20160,"2026-08-03 21:13:30.184527","train",60,2.4818615913391113,0.000591280485754119,"","","","","",""
20180,"2026-08-03 21:13:31.479692","train",60,3.459791660308838,0.0005899470545415623,"","","","","",""
20191,"2026-08-03 21:13:53.241912","val",60,"","",0.7872839346523556,0.22027240645253424,0.7388514851485148,0.6415094339622641,0.6606564956079519,0.8278426355349433
20200,"2026-08-03 21:14:08.828538","train",61,1.4309347867965698,0.0005886129618977818,"","","","","",""
20220,"2026-08-03 21:14:10.128144","train",61,0.8724405765533447,0.0005872782176333283,"","","","","",""
20240,"2026-08-03 21:14:11.498721","train",61,2.930237293243408,0.0005859428315635448,"","","","","",""
20260,"2026-08-03 21:14:12.733122","train",61,0.15086980164051056,0.0005846068135084933,"","","","","",""
20280,"2026-08-03 21:14:14.391665","train",61,0.27750086784362793,0.0005832701732928838,"","","","","",""
20300,"2026-08-03 21:14:15.876748","train",61,0.23414139449596405,0.0005819329207460013,"","","","","",""
20320,"2026-08-03 21:14:17.327817","train",61,0.6466575860977173,0.0005805950657016336,"","","","","",""
20340,"2026-08-03 21:14:19.025783","train",61,0.2312127649784088,0.0005792566179979991,"","","","","",""
20360,"2026-08-03 21:14:20.423612","train",61,0.15901890397071838,0.0005779175874776747,"","","","","",""
20380,"2026-08-03 21:14:21.881057","train",61,3.7064878940582275,0.0005765779839875231,"","","","","",""
20400,"2026-08-03 21:14:23.169947","train",61,1.38467276096344,0.0005752378173786199,"","","","","",""
20420,"2026-08-03 21:14:24.309287","train",61,0.4109339714050293,0.0005738970975061829,"","","","","",""
20440,"2026-08-03 21:14:25.531805","train",61,0.3770970404148102,0.0005725558342294974,"","","","","",""
20460,"2026-08-03 21:14:26.699654","train",61,0.1579749882221222,0.0005712140374118449,"","","","","",""
20480,"2026-08-03 21:14:27.948648","train",61,4.496199131011963,0.000569871716920431,"","","","","",""
20500,"2026-08-03 21:14:29.192994","train",61,0.07637357711791992,0.0005685288826263117,"","","","","",""
20520,"2026-08-03 21:14:30.422762","train",61,2.89113187789917,0.0005671855444043214,"","","","","",""
20522,"2026-08-03 21:14:52.565607","val",61,"","",0.7852579852579853,0.24951502126211686,0.7230891089108911,0.6624737945492662,0.6830790568654646,0.8174636174636174
20540,"2026-08-03 21:15:08.548421","train",62,1.774515151977539,0.0005658417121330007,"","","","","",""
20560,"2026-08-03 21:15:09.739418","train",62,1.221498966217041,0.0005644973956945227,"","","","","",""
20580,"2026-08-03 21:15:11.044968","train",62,0.3813492953777313,0.0005631526049746211,"","","","","",""
20600,"2026-08-03 21:15:12.507219","train",62,0.19731536507606506,0.0005618073498625179,"","","","","",""
20620,"2026-08-03 21:15:13.947974","train",62,0.475504606962204,0.0005604616402508492,"","","","","",""
20640,"2026-08-03 21:15:15.305304","train",62,3.5389397144317627,0.000559115486035594,"","","","","",""
20660,"2026-08-03 21:15:16.939383","train",62,2.0130014419555664,0.0005577688971160009,"","","","","",""
20680,"2026-08-03 21:15:18.558856","train",62,2.019533634185791,0.0005564218833945145,"","","","","",""
20700,"2026-08-03 21:15:20.097929","train",62,0.9816969037055969,0.0005550744547767038,"","","","","",""
20720,"2026-08-03 21:15:21.602528","train",62,0.10624413192272186,0.000553726621171189,"","","","","",""
20740,"2026-08-03 21:15:22.798409","train",62,5.417192459106445,0.0005523783924895677,"","","","","",""
20760,"2026-08-03 21:15:23.986166","train",62,0.43971288204193115,0.0005510297786463438,"","","","","",""
20780,"2026-08-03 21:15:25.195301","train",62,1.090775966644287,0.0005496807895588525,"","","","","",""
20800,"2026-08-03 21:15:26.468448","train",62,0.340567409992218,0.0005483314351471894,"","","","","",""
20820,"2026-08-03 21:15:27.605906","train",62,2.250854969024658,0.0005469817253341362,"","","","","",""
20840,"2026-08-03 21:15:28.775714","train",62,2.111804962158203,0.0005456316700450879,"","","","","",""
20853,"2026-08-03 21:15:50.461072","val",62,"","",0.7759558601663865,0.22662149997387077,0.7258613861386138,0.6415094339622641,0.6784558483587609,0.8105709259555413
20860,"2026-08-03 21:16:05.136607","train",63,0.2795006334781647,0.0005442812792079802,"","","","","",""
20880,"2026-08-03 21:16:06.509760","train",63,1.560962200164795,0.0005429305627532165,"","","","","",""
20900,"2026-08-03 21:16:07.703360","train",63,0.15475288033485413,0.0005415795306135944,"","","","","",""
20920,"2026-08-03 21:16:09.190786","train",63,2.112980842590332,0.0005402281927242335,"","","","","",""
20940,"2026-08-03 21:16:10.756940","train",63,3.0918335914611816,0.0005388765590225012,"","","","","",""
20960,"2026-08-03 21:16:12.163021","train",63,0.23710884153842926,0.0005375246394479405,"","","","","",""
20980,"2026-08-03 21:16:13.701436","train",63,0.1215577945113182,0.0005361724439421966,"","","","","",""
21000,"2026-08-03 21:16:15.199717","train",63,0.18297120928764343,0.0005348199824489437,"","","","","",""
21020,"2026-08-03 21:16:16.803731","train",63,0.11253482848405838,0.0005334672649138121,"","","","","",""
21040,"2026-08-03 21:16:18.281005","train",63,1.266700267791748,0.0005321143012843151,"","","","","",""
21060,"2026-08-03 21:16:19.825030","train",63,0.304787814617157,0.0005307611015097756,"","","","","",""
21080,"2026-08-03 21:16:21.082297","train",63,0.38130831718444824,0.0005294076755412529,"","","","","",""
21100,"2026-08-03 21:16:22.354185","train",63,0.14004172384738922,0.0005280540333314699,"","","","","",""
21120,"2026-08-03 21:16:23.536062","train",63,0.4484490156173706,0.0005267001848347395,"","","","","",""
21140,"2026-08-03 21:16:24.803598","train",63,1.5486369132995605,0.0005253461400068915,"","","","","",""
21160,"2026-08-03 21:16:26.103312","train",63,0.4547829031944275,0.0005239919088052,"","","","","",""
21180,"2026-08-03 21:16:27.214114","train",63,0.44926199316978455,0.0005226375011883089,"","","","","",""
21184,"2026-08-03 21:16:48.585585","val",63,"","",0.8024570024570024,0.269616387077187,0.7458217821782178,0.6373165618448637,0.6793804900601017,0.848200863585479
21200,"2026-08-03 21:17:03.669951","train",64,0.10571972280740738,0.00052128292711616,"","","","","",""
21220,"2026-08-03 21:17:04.873344","train",64,1.1112970113754272,0.0005199281965499187,"","","","","",""
21240,"2026-08-03 21:17:06.169773","train",64,3.000852108001709,0.0005185733194519018,"","","","","",""
21260,"2026-08-03 21:17:07.418026","train",64,2.8304030895233154,0.0005172183057855029,"","","","","",""
21280,"2026-08-03 21:17:08.681515","train",64,3.9164912700653076,0.0005158631655151206,"","","","","",""
21300,"2026-08-03 21:17:10.410200","train",64,1.7343920469284058,0.000514507908606084,"","","","","",""
21320,"2026-08-03 21:17:11.849726","train",64,0.12620335817337036,0.0005131525450245803,"","","","","",""
21340,"2026-08-03 21:17:13.370675","train",64,1.9399428367614746,0.0005117970847375809,"","","","","",""
21360,"2026-08-03 21:17:14.819376","train",64,0.37932807207107544,0.0005104415377127683,"","","","","",""
21380,"2026-08-03 21:17:16.361756","train",64,0.34582212567329407,0.000509085913918463,"","","","","",""
21400,"2026-08-03 21:17:17.680984","train",64,2.7999277114868164,0.00050773022332355,"","","","","",""
21420,"2026-08-03 21:17:19.089355","train",64,3.15427827835083,0.0005063744758974058,"","","","","",""
21440,"2026-08-03 21:17:20.253122","train",64,1.2404441833496094,0.0005050186816098241,"","","","","",""
21460,"2026-08-03 21:17:21.436639","train",64,0.37166470289230347,0.0005036628504309442,"","","","","",""
21480,"2026-08-03 21:17:22.661517","train",64,2.9466190338134766,0.0005023069923311757,"","","","","",""
21500,"2026-08-03 21:17:23.863564","train",64,0.07949245721101761,0.0005009511172811266,"","","","","",""
21515,"2026-08-03 21:17:46.870852","val",64,"","",0.7742057847321006,0.2711936896243376,0.7277623762376237,0.6645702306079664,0.6629680998613037,0.808635854789701
21520,"2026-08-03 21:18:02.314579","train",65,0.07323013246059418,0.00049959523525153,"","","","","",""
21540,"2026-08-03 21:18:03.458555","train",65,3.195754289627075,0.0004982393562131695,"","","","","",""
21560,"2026-08-03 21:18:04.790285","train",65,0.35080230236053467,0.0004968834901368071,"","","","","",""
21580,"2026-08-03 21:18:06.013038","train",65,1.8301551342010498,0.0004955276469931096,"","","","","",""
21600,"2026-08-03 21:18:07.761385","train",65,0.5790873765945435,0.0004941718367525752,"","","","","",""
21620,"2026-08-03 21:18:09.283954","train",65,0.33665931224823,0.0004928160693854596,"","","","","",""
21640,"2026-08-03 21:18:10.749951","train",65,4.265734672546387,0.000491460354861704,"","","","","",""
21660,"2026-08-03 21:18:12.202367","train",65,3.7181880474090576,0.0004901047031508603,"","","","","",""
21680,"2026-08-03 21:18:13.674263","train",65,0.15760059654712677,0.000488749124222019,"","","","","",""
21700,"2026-08-03 21:18:15.255690","train",65,1.7682486772537231,0.000487393628043735,"","","","","",""
21720,"2026-08-03 21:18:16.886426","train",65,0.293379545211792,0.00048603822458395495,"","","","","",""
21740,"2026-08-03 21:18:18.069006","train",65,1.035102128982544,0.00048468292380994353,"","","","","",""
21760,"2026-08-03 21:18:19.238786","train",65,0.5796452760696411,0.0004833277356882102,"","","","","",""
21780,"2026-08-03 21:18:20.498957","train",65,3.7294678688049316,0.00048197267018443665,"","","","","",""
21800,"2026-08-03 21:18:21.710343","train",65,0.1914583295583725,0.00048061773726340167,"","","","","",""
21820,"2026-08-03 21:18:23.002562","train",65,0.308708131313324,0.0004792629468889102,"","","","","",""
21840,"2026-08-03 21:18:24.117516","train",65,0.11828890442848206,0.00047790830902371843,"","","","","",""
21846,"2026-08-03 21:18:45.803121","val",65,"","",0.7981637139531875,0.26555280470859743,0.7493069306930693,0.6624737945492662,0.6840036985668054,0.8336158643850954
