"step","time","part","epoch","loss","lr","auroc","auprc","auroc_age_cond","auroc_I0002","auroc_I0006","auroc_S0001"
20,"2026-08-02 10:51:02.258139","train",0,0.6873763799667358,4.0009669118256925e-05,"","","","","",""
40,"2026-08-02 10:51:03.231704","train",0,0.665839672088623,4.003867608347821e-05,"","","","","",""
60,"2026-08-02 10:51:04.169228","train",0,0.637813925743103,4.008701972703149e-05,"","","","","",""
80,"2026-08-02 10:51:04.981063","train",0,0.5926351547241211,4.01546981012485e-05,"","","","","",""
100,"2026-08-02 10:51:05.977686","train",0,0.592799186706543,4.024170847950336e-05,"","","","","",""
120,"2026-08-02 10:51:06.813432","train",0,0.5358722805976868,4.034804735632237e-05,"","","","","",""
140,"2026-08-02 10:51:07.620114","train",0,0.4408644437789917,4.047371044752597e-05,"","","","","",""
160,"2026-08-02 10:51:08.584161","train",0,0.31208592653274536,4.0618692690400234e-05,"","","","","",""
180,"2026-08-02 10:51:09.532275","train",0,0.2270972728729248,4.078298824390159e-05,"","","","","",""
200,"2026-08-02 10:51:10.343321","train",0,0.27671241760253906,4.0966590488892185e-05,"","","","","",""
220,"2026-08-02 10:51:11.156610","train",0,0.26390933990478516,4.116949202840584e-05,"","","","","",""
240,"2026-08-02 10:51:12.016725","train",0,0.3826395571231842,4.139168468794696e-05,"","","","","",""
260,"2026-08-02 10:51:12.920925","train",0,0.09456546604633331,4.163315951581951e-05,"","","","","",""
280,"2026-08-02 10:51:13.728048","train",0,0.2318647801876068,4.1893906783486826e-05,"","","","","",""
300,"2026-08-02 10:51:14.686897","train",0,0.07514776289463043,4.2173915985965304e-05,"","","","","",""
320,"2026-08-02 10:51:15.698170","train",0,0.413405179977417,4.247317584224616e-05,"","","","","",""
330,"2026-08-02 10:51:32.104401","val",0,"","",0.37857786885245903,0.07516222100261366,0.44309902158073694,0.3550600343053173,0.5233892321270962,0.36087253638156774
340,"2026-08-02 10:51:43.112555","train",1,0.23554489016532898,4.2791674295750344e-05,"","","","","",""
360,"2026-08-02 10:51:43.866010","train",1,0.22358644008636475,4.312939851481461e-05,"","","","","",""
380,"2026-08-02 10:51:44.715829","train",1,0.41748374700546265,4.3486334893207915e-05,"","","","","",""
400,"2026-08-02 10:51:45.498771","train",1,0.07982520759105682,4.386246905068044e-05,"","","","","",""
420,"2026-08-02 10:51:46.322460","train",1,0.07658249139785767,4.425778583354138e-05,"","","","","",""
440,"2026-08-02 10:51:47.226071","train",1,0.07839299738407135,4.467226931527152e-05,"","","","","",""
460,"2026-08-02 10:51:48.153017","train",1,0.5298201441764832,4.5105902797163235e-05,"","","","","",""
480,"2026-08-02 10:51:48.940002","train",1,0.41955628991127014,4.555866880899377e-05,"","","","","",""
500,"2026-08-02 10:51:49.949975","train",1,0.08803604543209076,4.6030549109729656e-05,"","","","","",""
520,"2026-08-02 10:51:50.891842","train",1,0.09392793476581573,4.65215246882605e-05,"","","","","",""
540,"2026-08-02 10:51:51.692792","train",1,0.3712645471096039,4.703157576416595e-05,"","","","","",""
560,"2026-08-02 10:51:52.449992","train",1,0.22264346480369568,4.756068178851181e-05,"","","","","",""
580,"2026-08-02 10:51:53.277262","train",1,0.24072156846523285,4.8108821444678386e-05,"","","","","",""
600,"2026-08-02 10:51:54.139566","train",1,0.41832271218299866,4.867597264921939e-05,"","","","","",""
620,"2026-08-02 10:51:54.849262","train",1,0.4123398959636688,4.9262112552751194e-05,"","","","","",""
640,"2026-08-02 10:51:55.700778","train",1,0.07671070098876953,4.9867217540873325e-05,"","","","","",""
660,"2026-08-02 10:51:56.467597","train",1,0.22838613390922546,5.0491263235120714e-05,"","","","","",""
660,"2026-08-02 10:52:13.747372","val",1,"","",0.4719467213114754,0.07887318495451458,0.49326903060162375,0.3996569468267581,0.5829655781112092,0.47569385124326335
680,"2026-08-02 10:52:26.907531","train",2,0.39578548073768616,5.1134224493944907e-05,"","","","","",""
700,"2026-08-02 10:52:27.753193","train",2,0.24050471186637878,5.179607541372735e-05,"","","","","",""
720,"2026-08-02 10:52:28.629512","train",2,0.07572904974222183,5.247678932982294e-05,"","","","","",""
740,"2026-08-02 10:52:29.385259","train",2,0.07422034442424774,5.317633881763437e-05,"","","","","",""
760,"2026-08-02 10:52:30.240695","train",2,0.24624431133270264,5.389469569371701e-05,"","","","","",""
780,"2026-08-02 10:52:31.033392","train",2,0.49318885803222656,5.4631831016914325e-05,"","","","","",""
800,"2026-08-02 10:52:31.792242","train",2,0.25044363737106323,5.538771508952368e-05,"","","","","",""
820,"2026-08-02 10:52:32.753885","train",2,0.24225537478923798,5.616231745849299e-05,"","","","","",""
840,"2026-08-02 10:52:33.722464","train",2,0.4387037754058838,5.6955606916647824e-05,"","","","","",""
860,"2026-08-02 10:52:34.467169","train",2,0.20467467606067657,5.7767551503947996e-05,"","","","","",""
880,"2026-08-02 10:52:35.316476","train",2,0.22229568660259247,5.859811850877602e-05,"","","","","",""
900,"2026-08-02 10:52:36.063638","train",2,0.08202459663152695,5.944727446925452e-05,"","","","","",""
920,"2026-08-02 10:52:36.848461","train",2,0.0782444030046463,6.0314985174594144e-05,"","","","","",""
940,"2026-08-02 10:52:37.712870","train",2,0.07473894953727722,6.12012156664724e-05,"","","","","",""
960,"2026-08-02 10:52:38.477920","train",2,0.352588027715683,6.210593024044177e-05,"","","","","",""
980,"2026-08-02 10:52:39.250357","train",2,0.07676233351230621,6.302909244736783e-05,"","","","","",""
990,"2026-08-02 10:52:56.002479","val",2,"","",0.5455081967213115,0.09926985348843076,0.5173131635556172,0.45454545454545453,0.6343777581641659,0.5507788839361982
1000,"2026-08-02 10:53:07.299430","train",3,0.22826716303825378,6.397066509489843e-05,"","","","","",""
1020,"2026-08-02 10:53:08.044366","train",3,0.5664675235748291,6.493061024896165e-05,"","","","","",""
1040,"2026-08-02 10:53:08.807080","train",3,0.07959072291851044,6.590888923529385e-05,"","","","","",""
1060,"2026-08-02 10:53:09.724857","train",3,0.07483534514904022,6.690546264099867e-05,"","","","","",""
1080,"2026-08-02 10:53:10.452632","train",3,0.36490195989608765,6.792029031613383e-05,"","","","","",""
1100,"2026-08-02 10:53:11.260197","train",3,0.4083324670791626,6.895333137532905e-05,"","","","","",""
1120,"2026-08-02 10:53:12.047459","train",3,0.2435043603181839,7.000454419943424e-05,"","","","","",""
1140,"2026-08-02 10:53:12.795856","train",3,0.6040273308753967,7.107388643719421e-05,"","","","","",""
1160,"2026-08-02 10:53:13.711070","train",3,0.3649146258831024,7.216131500695699e-05,"","","","","",""
1180,"2026-08-02 10:53:14.567086","train",3,0.43601447343826294,7.326678609840805e-05,"","","","","",""
1200,"2026-08-02 10:53:15.303618","train",3,0.24648378789424896,7.439025517433622e-05,"","","","","",""
1220,"2026-08-02 10:53:16.146660","train",3,0.08200564980506897,7.553167697242744e-05,"","","","","",""
1240,"2026-08-02 10:53:16.955452","train",3,0.08654618263244629,7.669100550708853e-05,"","","","","",""
1260,"2026-08-02 10:53:17.873098","train",3,0.5989816784858704,7.78681940713003e-05,"","","","","",""
1280,"2026-08-02 10:53:18.719432","train",3,0.09108258783817291,7.906319523849799e-05,"","","","","",""
1300,"2026-08-02 10:53:19.567971","train",3,0.20924970507621765,8.027596086448345e-05,"","","","","",""
1320,"2026-08-02 10:53:20.297546","train",3,0.3396162986755371,8.150644208936388e-05,"","","","","",""
1320,"2026-08-02 10:53:36.343646","val",3,"","",0.6454385245901639,0.12806794610409467,0.5651585594337659,0.5128644939965694,0.7001323918799647,0.6497196639073105
1340,"2026-08-02 10:53:47.888410","train",4,0.24337176978588104,8.275458933952075e-05,"","","","","",""
1360,"2026-08-02 10:53:48.719922","train",4,0.37625545263290405,8.402035232960643e-05,"","","","","",""
1380,"2026-08-02 10:53:49.539818","train",4,0.06984244287014008,8.530368006457107e-05,"","","","","",""
1400,"2026-08-02 10:53:50.451551","train",4,0.08180522918701172,8.660452084171611e-05,"","","","","",""
1420,"2026-08-02 10:53:51.270116","train",4,0.25647133588790894,8.792282225277784e-05,"","","","","",""
1440,"2026-08-02 10:53:52.042052","train",4,0.2483605146408081,8.925853118603834e-05,"","","","","",""
1460,"2026-08-02 10:53:52.870721","train",4,0.20409393310546875,9.061159382846599e-05,"","","","","",""
1480,"2026-08-02 10:53:53.720239","train",4,0.4018898010253906,9.198195566788303e-05,"","","","","",""
1500,"2026-08-02 10:53:54.466620","train",4,0.2606266438961029,9.336956149516129e-05,"","","","","",""
1520,"2026-08-02 10:53:55.252293","train",4,0.2418293058872223,9.477435540644738e-05,"","","","","",""
1540,"2026-08-02 10:53:56.122929","train",4,0.21903938055038452,9.619628080541462e-05,"","","","","",""
1560,"2026-08-02 10:53:57.031762","train",4,0.7061353921890259,9.763528040554253e-05,"","","","","",""
1580,"2026-08-02 10:53:57.899826","train",4,0.36237984895706177,9.9091296232426e-05,"","","","","",""
1600,"2026-08-02 10:53:58.703940","train",4,0.5140076875686646,0.00010056426962610978,"","","","","",""
1620,"2026-08-02 10:53:59.503779","train",4,0.08002692461013794,0.00010205414124345256,"","","","","",""
1640,"2026-08-02 10:54:00.352022","train",4,0.2503056526184082,0.00010356085106051735,"","","","","",""
1650,"2026-08-02 10:54:16.730883","val",4,"","",0.6788442622950819,0.14332198517554579,0.536465200194296,0.6260720411663808,0.6992497793468667,0.6742354823178592
1660,"2026-08-02 10:54:27.880576","train",5,0.40397024154663086,0.00010508433837499,"","","","","",""
1680,"2026-08-02 10:54:28.886102","train",5,0.3488866686820984,0.00010662454180862481,"","","","","",""
1700,"2026-08-02 10:54:29.905971","train",5,0.23112161457538605,0.00010818139930971696,"","","","","",""
1720,"2026-08-02 10:54:30.801974","train",5,0.5245423316955566,0.00010975484815560249,"","","","","",""
1740,"2026-08-02 10:54:31.711617","train",5,0.6063544750213623,0.00011134482495518607,"","","","","",""
1760,"2026-08-02 10:54:32.548726","train",5,0.06376029551029205,0.00011295126565149388,"","","","","",""
1780,"2026-08-02 10:54:33.360787","train",5,0.06094501167535782,0.00011457410552425469,"","","","","",""
1800,"2026-08-02 10:54:34.183323","train",5,0.31354355812072754,0.00011621327919250754,"","","","","",""
1820,"2026-08-02 10:54:34.920827","train",5,0.38372159004211426,0.00011786872061723562,"","","","","",""
1840,"2026-08-02 10:54:35.724799","train",5,0.08260972052812576,0.00011954036310402667,"","","","","",""
1860,"2026-08-02 10:54:36.556328","train",5,0.21644921600818634,0.00012122813930576064,"","","","","",""
1880,"2026-08-02 10:54:37.508272","train",5,0.25582748651504517,0.00012293198122532197,"","","","","",""
1900,"2026-08-02 10:54:38.284100","train",5,0.30066052079200745,0.0001246518202183398,"","","","","",""
1920,"2026-08-02 10:54:39.113266","train",5,0.4852294623851776,0.0001263875869959532,"","","","","",""
1940,"2026-08-02 10:54:40.149466","train",5,0.11224306374788284,0.0001281392116276029,"","","","","",""
1960,"2026-08-02 10:54:41.063351","train",5,0.03924146294593811,0.00012990662354384877,"","","","","",""
1980,"2026-08-02 10:54:41.764768","train",5,0.03106674551963806,0.00013168975153921188,"","","","","",""
1980,"2026-08-02 10:54:57.787902","val",5,"","",0.7485081967213115,0.18974971261514442,0.6180001387828742,0.6792452830188679,0.7636804942630185,0.7449329833662074
2000,"2026-08-02 10:55:09.199374","train",6,0.2727428674697876,0.00013348852377504468,"","","","","",""
2020,"2026-08-02 10:55:09.973783","train",6,0.06073244661092758,0.00013530286778242438,"","","","","",""
2040,"2026-08-02 10:55:10.727802","train",6,0.17130720615386963,0.00013713271046507294,"","","","","",""
2060,"2026-08-02 10:55:11.647318","train",6,0.338010311126709,0.0001389779781023015,"","","","","",""
2080,"2026-08-02 10:55:12.598890","train",6,0.07510562241077423,0.00014083859635198094,"","","","","",""
2100,"2026-08-02 10:55:13.414946","train",6,0.16446930170059204,0.00014271449025353672,"","","","","",""
2120,"2026-08-02 10:55:14.458181","train",6,0.25954750180244446,0.00014460558423096896,"","","","","",""
2140,"2026-08-02 10:55:15.281425","train",6,0.2579430341720581,0.00014651180209589718,"","","","","",""
2160,"2026-08-02 10:55:16.286539","train",6,0.21337080001831055,0.00014843306705063003,"","","","","",""
2180,"2026-08-02 10:55:17.145632","train",6,0.17425446212291718,0.0001503693016912589,"","","","","",""
2200,"2026-08-02 10:55:18.044941","train",6,0.2725260257720947,0.0001523204280107765,"","","","","",""
2220,"2026-08-02 10:55:18.873035","train",6,0.09874771535396576,0.0001542863674022201,"","","","","",""
2240,"2026-08-02 10:55:19.662341","train",6,0.16055087745189667,0.00015626704066183759,"","","","","",""
2260,"2026-08-02 10:55:20.515394","train",6,0.22260186076164246,0.00015826236799227906,"","","","","",""
2280,"2026-08-02 10:55:21.380906","train",6,0.16727936267852783,0.0001602722690058116,"","","","","",""
2300,"2026-08-02 10:55:22.291564","train",6,0.24776384234428406,0.00016229666272755765,"","","","","",""
2310,"2026-08-02 10:55:38.723762","val",6,"","",0.772344262295082,0.21713995048131146,0.6333356463812365,0.7169811320754718,0.7998676081200353,0.7606659729448491
2320,"2026-08-02 10:55:49.753654","train",7,0.40931573510169983,0.00016433546759875794,"","","","","",""
2340,"2026-08-02 10:55:50.755962","train",7,0.5124817490577698,0.00016638860148005636,"","","","","",""
2360,"2026-08-02 10:55:51.598176","train",7,0.058654509484767914,0.00016845598165481004,"","","","","",""
2380,"2026-08-02 10:55:52.365119","train",7,0.06655077636241913,0.00017053752483242178,"","","","","",""
2400,"2026-08-02 10:55:53.123948","train",7,0.35995006561279297,0.00017263314715169475,"","","","","",""
2420,"2026-08-02 10:55:53.846854","train",7,0.18541139364242554,0.0001747427641842124,"","","","","",""
2440,"2026-08-02 10:55:54.575207","train",7,0.24992838501930237,0.0001768662909377391,"","","","","",""
2460,"2026-08-02 10:55:55.349295","train",7,0.3236657679080963,0.00017900364185964416,"","","","","",""
2480,"2026-08-02 10:55:56.299684","train",7,0.1855296939611435,0.0001811547308403494,"","","","","",""
2500,"2026-08-02 10:55:57.159189","train",7,0.2806733250617981,0.0001833194712167976,"","","","","",""
2520,"2026-08-02 10:55:58.030970","train",7,0.04237744212150574,0.0001854977757759441,"","","","","",""
2540,"2026-08-02 10:55:58.772041","train",7,0.198695108294487,0.00018768955675827067,"","","","","",""
2560,"2026-08-02 10:55:59.581071","train",7,0.4444103240966797,0.00018989472586132105,"","","","","",""
2580,"2026-08-02 10:56:00.443663","train",7,0.16403168439865112,0.00019211319424325835,"","","","","",""
2600,"2026-08-02 10:56:01.259375","train",7,0.18188424408435822,0.0001943448725264446,"","","","","",""
2620,"2026-08-02 10:56:02.174023","train",7,0.1421310305595398,0.00019658967080104118,"","","","","",""
2640,"2026-08-02 10:56:02.962854","train",7,0.17823036015033722,0.0001988474986286317,"","","","","",""
2640,"2026-08-02 10:56:19.059904","val",7,"","",0.7742786885245901,0.21308455730292633,0.6494344597876622,0.6998284734133791,0.7925860547219771,0.7665367232515881
2660,"2026-08-02 10:56:30.490453","train",8,0.2581918239593506,0.00020111826504586505,"","","","","",""
2680,"2026-08-02 10:56:31.291400","train",8,0.20193275809288025,0.00020340187856812003,"","","","","",""
2700,"2026-08-02 10:56:32.163056","train",8,0.5192448496818542,0.00020569824719319195,"","","","","",""
2720,"2026-08-02 10:56:32.997107","train",8,0.14173205196857452,0.00020800727840499813,"","","","","",""
2740,"2026-08-02 10:56:33.949052","train",8,0.04424329847097397,0.0002103288791773058,"","","","","",""
2760,"2026-08-02 10:56:34.968542","train",8,0.09299653768539429,0.0002126629559774803,"","","","","",""
2780,"2026-08-02 10:56:35.880065","train",8,0.036783598363399506,0.00021500941477025216,"","","","","",""
2800,"2026-08-02 10:56:36.840972","train",8,0.41364508867263794,0.00021736816102150658,"","","","","",""
2820,"2026-08-02 10:56:37.705398","train",8,0.18311332166194916,0.0002197390997020918,"","","","","",""
2840,"2026-08-02 10:56:38.538999","train",8,0.23217198252677917,0.0002221221352916473,"","","","","",""
2860,"2026-08-02 10:56:39.345526","train",8,0.04784376174211502,0.00022451717178245288,"","","","","",""
2880,"2026-08-02 10:56:40.167690","train",8,0.32742056250572205,0.0002269241126832955,"","","","","",""
2900,"2026-08-02 10:56:41.045899","train",8,0.06435512751340866,0.00022934286102335776,"","","","","",""
2920,"2026-08-02 10:56:41.892384","train",8,0.06716329604387283,0.00023177331935612412,"","","","","",""
2940,"2026-08-02 10:56:42.703883","train",8,0.19937989115715027,0.00023421538976330688,"","","","","",""
2960,"2026-08-02 10:56:43.563747","train",8,0.30784428119659424,0.00023666897385879134,"","","","","",""
2970,"2026-08-02 10:56:59.994951","val",8,"","",0.7757049180327868,0.2182417550696506,0.6211921448893206,0.7135506003430532,0.8022947925860547,0.7663348191405097
2980,"2026-08-02 10:57:11.484126","train",9,0.2076946347951889,0.00023913397279259896,"","","","","",""
3000,"2026-08-02 10:57:12.343510","train",9,0.2841082215309143,0.0002416102872548709,"","","","","",""
3020,"2026-08-02 10:57:13.150886","train",9,0.0433899462223053,0.00024409781747986796,"","","","","",""
3040,"2026-08-02 10:57:13.969112","train",9,0.1222851574420929,0.0002465964632499904,"","","","","",""
3060,"2026-08-02 10:57:14.744660","train",9,0.3696591854095459,0.0002491061238998159,"","","","","",""
3080,"2026-08-02 10:57:15.590695","train",9,0.7112064361572266,0.0002516266983201542,"","","","","",""
3100,"2026-08-02 10:57:16.510728","train",9,0.07827785611152649,0.0002541580849621214,"","","","","",""
3120,"2026-08-02 10:57:17.363957","train",9,0.025738105177879333,0.00025670018184123077,"","","","","",""
3140,"2026-08-02 10:57:18.154423","train",9,0.13266035914421082,0.00025925288654150196,"","","","","",""
3160,"2026-08-02 10:57:18.999286","train",9,0.026973307132720947,0.0002618160962195861,"","","","","",""
3180,"2026-08-02 10:57:19.874570","train",9,0.21084247529506683,0.0002643897076089108,"","","","","",""
3200,"2026-08-02 10:57:20.651790","train",9,0.3539634644985199,0.0002669736170238388,"","","","","",""
3220,"2026-08-02 10:57:21.549804","train",9,0.41729119420051575,0.00026956772036384634,"","","","","",""
3240,"2026-08-02 10:57:22.485881","train",9,0.022317111492156982,0.00027217191311771716,"","","","","",""
3260,"2026-08-02 10:57:23.299801","train",9,0.6698086261749268,0.0002747860903677523,"","","","","",""
3280,"2026-08-02 10:57:24.022906","train",9,0.11861996352672577,0.0002774101467939977,"","","","","",""
3300,"2026-08-02 10:57:24.854451","train",9,0.25977346301078796,0.0002800439766784871,"","","","","",""
3300,"2026-08-02 10:57:42.008771","val",9,"","",0.7731311475409837,0.23229809953589634,0.5905905211296926,0.6843910806174958,0.8150926743159753,0.7640672806622455
3320,"2026-08-02 10:57:53.483611","train",10,0.075123131275177,0.00028268747390950116,"","","","","",""
3340,"2026-08-02 10:57:54.223708","train",10,0.05347387492656708,0.000285340531985843,"","","","","",""
3360,"2026-08-02 10:57:55.070686","train",10,0.021062813699245453,0.00028800304402112767,"","","","","",""
3380,"2026-08-02 10:57:55.755460","train",10,0.3553871810436249,0.00029067490274809014,"","","","","",""
3400,"2026-08-02 10:57:56.506919","train",10,0.09777119755744934,0.0002933560005229049,"","","","","",""
3420,"2026-08-02 10:57:57.285027","train",10,0.5630917549133301,0.00029604622932952456,"","","","","",""
3440,"2026-08-02 10:57:58.054631","train",10,0.15672147274017334,0.0002987454807840304,"","","","","",""
3460,"2026-08-02 10:57:58.856139","train",10,0.16947953402996063,0.0003014536461389993,"","","","","",""
3480,"2026-08-02 10:57:59.703872","train",10,0.08674537390470505,0.0003041706162878855,"","","","","",""
3500,"2026-08-02 10:58:00.535157","train",10,0.32877475023269653,0.00030689628176941506,"","","","","",""
3520,"2026-08-02 10:58:01.435226","train",10,0.05172303318977356,0.00030963053277199696,"","","","","",""
3540,"2026-08-02 10:58:02.252422","train",10,0.2165796160697937,0.0003123732591381466,"","","","","",""
3560,"2026-08-02 10:58:03.290910","train",10,0.32656845450401306,0.00031512435036892405,"","","","","",""
3580,"2026-08-02 10:58:04.127365","train",10,0.334519624710083,0.000317883695628386,"","","","","",""
3600,"2026-08-02 10:58:04.973353","train",10,0.2841038107872009,0.00032065118374805033,"","","","","",""
3620,"2026-08-02 10:58:05.866656","train",10,0.26996153593063354,0.00032342670323137605,"","","","","",""
3630,"2026-08-02 10:58:22.131930","val",10,"","",0.8076147540983606,0.2671213980170404,0.7054333495246686,0.7512864493996569,0.8128861429832304,0.8056129342879774
3640,"2026-08-02 10:58:33.232036","train",11,0.22791221737861633,0.0003262101422582543,"","","","","",""
3660,"2026-08-02 10:58:34.067329","train",11,0.3959149420261383,0.0003290013886895136,"","","","","",""
3680,"2026-08-02 10:58:34.820035","train",11,0.2218332439661026,0.00033180033007143843,"","","","","",""
3700,"2026-08-02 10:58:35.622486","train",11,0.1975768357515335,0.0003346068536402983,"","","","","",""
3720,"2026-08-02 10:58:36.389277","train",11,0.13879770040512085,0.0003374208463268921,"","","","","",""
3740,"2026-08-02 10:58:37.251340","train",11,0.19562654197216034,0.00034024219476110334,"","","","","",""
3760,"2026-08-02 10:58:38.231222","train",11,0.5000212788581848,0.00034307078527646615,"","","","","",""
3780,"2026-08-02 10:58:39.020190","train",11,0.19443446397781372,0.00034590650391474694,"","","","","",""
3800,"2026-08-02 10:58:39.790319","train",11,0.18331974744796753,0.00034874923643053355,"","","","","",""
3820,"2026-08-02 10:58:40.741654","train",11,0.12212695181369781,0.00035159886829583893,"","","","","",""
3840,"2026-08-02 10:58:41.551038","train",11,0.1844496876001358,0.00035445528470471547,"","","","","",""
3860,"2026-08-02 10:58:42.456577","train",11,0.016636326909065247,0.0003573183705778793,"","","","","",""
3880,"2026-08-02 10:58:43.400343","train",11,0.5986730456352234,0.000360188010567348,"","","","","",""
3900,"2026-08-02 10:58:44.375435","train",11,0.26768729090690613,0.00036306408906108594,"","","","","",""
3920,"2026-08-02 10:58:45.323405","train",11,0.2167147397994995,0.00036594649018766425,"","","","","",""
3940,"2026-08-02 10:58:46.186651","train",11,0.1802336424589157,0.000368835097820927,"","","","","",""
3960,"2026-08-02 10:58:46.902267","train",11,0.3281400501728058,0.00037172979558467063,"","","","","",""
3960,"2026-08-02 10:59:02.872007","val",11,"","",0.7909016393442625,0.22919492727036114,0.6762195545069738,0.7392795883361921,0.8192850838481907,0.7827356453942567
3980,"2026-08-02 10:59:14.296807","train",12,0.282002329826355,0.000374630466857333,"","","","","",""
4000,"2026-08-02 10:59:15.183603","train",12,0.1615682691335678,0.00037753699477669075,"","","","","",""
4020,"2026-08-02 10:59:16.007251","train",12,0.12974503636360168,0.00038044926224456834,"","","","","",""
4040,"2026-08-02 10:59:16.850022","train",12,0.09623748064041138,0.0003833671519315548,"","","","","",""
4060,"2026-08-02 10:59:17.726075","train",12,0.35907483100891113,0.00038629054628173216,"","","","","",""
4080,"2026-08-02 10:59:18.690707","train",12,0.05914744734764099,0.0003892193275174098,"","","","","",""
4100,"2026-08-02 10:59:19.542791","train",12,0.19854527711868286,0.0003921533776438704,"","","","","",""
4120,"2026-08-02 10:59:20.406889","train",12,0.27949798107147217,0.000395092578454124,"","","","","",""
4140,"2026-08-02 10:59:21.281534","train",12,0.4385235905647278,0.00039803681153366963,"","","","","",""
4160,"2026-08-02 10:59:22.143482","train",12,0.047600552439689636,0.00040098595826526637,"","","","","",""
4180,"2026-08-02 10:59:22.942265","train",12,0.37410327792167664,0.0004039398998337123,"","","","","",""
4200,"2026-08-02 10:59:23.816244","train",12,0.3578672707080841,0.00040689851723063066,"","","","","",""
4220,"2026-08-02 10:59:24.541626","train",12,0.06655515730381012,0.0004098616912592654,"","","","","",""
4240,"2026-08-02 10:59:25.600300","train",12,0.14776821434497833,0.00041282930253928266,"","","","","",""
4260,"2026-08-02 10:59:26.454173","train",12,0.05969851464033127,0.0004158012315115811,"","","","","",""
4280,"2026-08-02 10:59:27.391842","train",12,0.21290723979473114,0.0004187773584431074,"","","","","",""
4290,"2026-08-02 10:59:44.344648","val",12,"","",0.784532786885246,0.23243205770418038,0.6417320102699327,0.7324185248713551,0.7824360105913504,0.7849099973597156
4300,"2026-08-02 10:59:55.236172","train",13,0.10006669163703918,0.00042175756343168145,"","","","","",""
4320,"2026-08-02 10:59:55.992441","train",13,0.03997216373682022,0.00042474172641082664,"","","","","",""
4340,"2026-08-02 10:59:56.830544","train",13,0.07715968787670135,0.00042772972715460634,"","","","","",""
4360,"2026-08-02 10:59:57.802771","train",13,0.1509672850370407,0.00043072144528246824,"","","","","",""
4380,"2026-08-02 10:59:58.810386","train",13,0.31316623091697693,0.0004337167602640942,"","","","","",""
4400,"2026-08-02 10:59:59.651987","train",13,0.3325067162513733,0.0004367155514242557,"","","","","",""
4420,"2026-08-02 11:00:00.595586","train",13,0.1542460322380066,0.0004397176979476769,"","","","","",""
4440,"2026-08-02 11:00:01.416880","train",13,0.1541239619255066,0.00044272307888389996,"","","","","",""
4460,"2026-08-02 11:00:02.263893","train",13,0.5077224969863892,0.00044573157315215973,"","","","","",""
4480,"2026-08-02 11:00:03.126947","train",13,0.10405915975570679,0.00044874305954626097,"","","","","",""
4500,"2026-08-02 11:00:03.914945","train",13,0.04573960602283478,0.0004517574167394614,"","","","","",""
4520,"2026-08-02 11:00:04.716214","train",13,0.13136720657348633,0.00045477452328936087,"","","","","",""
4540,"2026-08-02 11:00:05.510186","train",13,0.1682438850402832,0.00045779425764279217,"","","","","",""
4560,"2026-08-02 11:00:06.422478","train",13,0.23973730206489563,0.00046081649814071993,"","","","","",""
4580,"2026-08-02 11:00:07.160688","train",13,0.028569862246513367,0.0004638411230231406,"","","","","",""
4600,"2026-08-02 11:00:08.045645","train",13,0.12723876535892487,0.0004668680104339891,"","","","","",""
4620,"2026-08-02 11:00:08.878429","train",13,0.13287311792373657,0.00046989703842604744,"","","","","",""
4620,"2026-08-02 11:00:25.270850","val",13,"","",0.7929508196721311,0.22748403379520588,0.6753174658247172,0.7495711835334476,0.7888349514563107,0.7916038951962353
4640,"2026-08-02 11:00:36.774814","train",14,0.2161020189523697,0.00047292808496585766,"","","","","",""
4660,"2026-08-02 11:00:37.699824","train",14,0.04697546362876892,0.00047596102793863893,"","","","","",""
4680,"2026-08-02 11:00:38.604503","train",14,0.3213686943054199,0.0004789957451532067,"","","","","",""
4700,"2026-08-02 11:00:39.427875","train",14,0.7599004507064819,0.00048203211434689607,"","","","","",""
4720,"2026-08-02 11:00:40.242363","train",14,0.0340803787112236,0.00048507001319048667,"","","","","",""
4740,"2026-08-02 11:00:40.984704","train",14,0.34510380029678345,0.0004881093192931322,"","","","","",""
4760,"2026-08-02 11:00:41.809914","train",14,0.18941155076026917,0.0004911499102072906,"","","","","",""
4780,"2026-08-02 11:00:42.599484","train",14,0.20207667350769043,0.0004941916634336568,"","","","","",""
4800,"2026-08-02 11:00:43.351149","train",14,0.49811863899230957,0.0004972344564260994,"","","","","",""
4820,"2026-08-02 11:00:44.189928","train",14,0.1714542657136917,0.0005002781665965958,"","","","","",""
4840,"2026-08-02 11:00:45.050534","train",14,0.1820811629295349,0.0005033226713201733,"","","","","",""
4860,"2026-08-02 11:00:45.991041","train",14,0.46403956413269043,0.0005063678479398478,"","","","","",""
4880,"2026-08-02 11:00:46.829470","train",14,0.1840181052684784,0.0005094135737715651,"","","","","",""
4900,"2026-08-02 11:00:47.793415","train",14,0.03842046856880188,0.0005124597261091456,"","","","","",""
4920,"2026-08-02 11:00:48.687163","train",14,0.22319570183753967,0.0005155061822292258,"","","","","",""
4940,"2026-08-02 11:00:49.590248","train",14,0.06489896774291992,0.0005185528193962037,"","","","","",""
4950,"2026-08-02 11:01:06.367106","val",14,"","",0.7956885245901638,0.23865768407564633,0.6960655055166193,0.7461406518010292,0.7853045013239188,0.793716122819824
4960,"2026-08-02 11:01:17.693640","train",15,0.12341693043708801,0.0005215995148671833,"","","","","",""
4980,"2026-08-02 11:01:18.847856","train",15,0.14102154970169067,0.0005246461458969195,"","","","","",""
5000,"2026-08-02 11:01:19.945801","train",15,0.18185988068580627,0.0005276925897427635,"","","","","",""
5020,"2026-08-02 11:01:21.084283","train",15,0.031393975019454956,0.000530738723669608,"","","","","",""
5040,"2026-08-02 11:01:22.190906","train",15,0.22323086857795715,0.0005337844249548311,"","","","","",""
5060,"2026-08-02 11:01:23.147620","train",15,0.08505944162607193,0.0005368295708932417,"","","","","",""
5080,"2026-08-02 11:01:24.083262","train",15,0.13904084265232086,0.0005398740388020224,"","","","","",""
5100,"2026-08-02 11:01:25.183146","train",15,0.17461538314819336,0.0005429177060256725,"","","","","",""
5120,"2026-08-02 11:01:26.259912","train",15,0.1390870362520218,0.0005459604499409485,"","","","","",""
5140,"2026-08-02 11:01:27.192227","train",15,0.351789653301239,0.0005490021479618057,"","","","","",""
5160,"2026-08-02 11:01:28.115733","train",15,0.22758348286151886,0.0005520426775443366,"","","","","",""
5180,"2026-08-02 11:01:29.216487","train",15,0.06391294300556183,0.0005550819161917074,"","","","","",""
5200,"2026-08-02 11:01:30.313547","train",15,0.25549012422561646,0.0005581197414590931,"","","","","",""
5220,"2026-08-02 11:01:31.377600","train",15,0.2869741916656494,0.000561156030958612,"","","","","",""
5240,"2026-08-02 11:01:32.308604","train",15,0.3877570927143097,0.0005641906623642546,"","","","","",""
5260,"2026-08-02 11:01:33.259243","train",15,0.6325104236602783,0.0005672235134168129,"","","","","",""
5280,"2026-08-02 11:01:34.161755","train",15,0.10523135960102081,0.0005702544619288054,"","","","","",""
5280,"2026-08-02 11:01:52.545507","val",15,"","",0.7851393442622951,0.21858695990409577,0.6649781416973145,0.7289879931389366,0.7636804942630184,0.7847857486759748
5300,"2026-08-02 11:02:04.574468","train",16,0.20788215100765228,0.0005732833857894008,"","","","","",""
5320,"2026-08-02 11:02:05.451888","train",16,0.03119586408138275,0.0005763101629693366,"","","","","",""
5340,"2026-08-02 11:02:06.411618","train",16,0.15901832282543182,0.0005793346715258355,"","","","","",""
5360,"2026-08-02 11:02:07.234884","train",16,0.2355106770992279,0.000582356789607519,"","","","","",""
5380,"2026-08-02 11:02:08.100786","train",16,0.11846763640642166,0.0005853763954593158,"","","","","",""
5400,"2026-08-02 11:02:09.132048","train",16,0.25315621495246887,0.000588393367427367,"","","","","",""
5420,"2026-08-02 11:02:09.915448","train",16,0.11077705770730972,0.0005914075839639282,"","","","","",""
5440,"2026-08-02 11:02:10.767863","train",16,0.17511817812919617,0.0005944189236322652,"","","","","",""
5460,"2026-08-02 11:02:11.582574","train",16,0.027262337505817413,0.0005974272651115474,"","","","","",""
5480,"2026-08-02 11:02:12.493171","train",16,0.33192017674446106,0.0006004324872017349,"","","","","",""
5500,"2026-08-02 11:02:13.302749","train",16,0.10764922201633453,0.0006034344688284625,"","","","","",""
5520,"2026-08-02 11:02:14.119123","train",16,0.1426803022623062,0.0006064330890479158,"","","","","",""
5540,"2026-08-02 11:02:15.023863","train",16,0.25220125913619995,0.0006094282270517052,"","","","","",""
5560,"2026-08-02 11:02:15.867653","train",16,0.1606755554676056,0.000612419762171733,"","","","","",""
5580,"2026-08-02 11:02:16.760061","train",16,0.047466397285461426,0.0006154075738850534,"","","","","",""
5600,"2026-08-02 11:02:17.558880","train",16,0.1271713823080063,0.0006183915418187301,"","","","","",""
5610,"2026-08-02 11:02:34.800957","val",16,"","",0.8019590163934426,0.27256521477458817,0.6870446186940532,0.7667238421955404,0.8022947925860546,0.7977852672123255
5620,"2026-08-02 11:02:46.251185","train",17,0.3273361921310425,0.0006213715457546845,"","","","","",""
5640,"2026-08-02 11:02:47.130017","train",17,0.34556442499160767,0.00062434746563454,"","","","","",""
5660,"2026-08-02 11:02:47.945857","train",17,0.6874213218688965,0.0006273191815644578,"","","","","",""
5680,"2026-08-02 11:02:48.810738","train",17,0.1250031590461731,0.000630286573819968,"","","","","",""
5700,"2026-08-02 11:02:49.655299","train",17,0.2227253019809723,0.0006332495228507935,"","","","","",""
5720,"2026-08-02 11:02:50.558381","train",17,0.1663215309381485,0.0006362079092856647,"","","","","",""
5740,"2026-08-02 11:02:51.391174","train",17,0.15806806087493896,0.0006391616139371306,"","","","","",""
5760,"2026-08-02 11:02:52.299740","train",17,0.054351866245269775,0.0006421105178063597,"","","","","",""
5780,"2026-08-02 11:02:53.185363","train",17,0.3112715482711792,0.0006450545020879343,"","","","","",""
5800,"2026-08-02 11:02:53.974561","train",17,0.03276900202035904,0.0006479934481746372,"","","","","",""
5820,"2026-08-02 11:02:54.928841","train",17,0.1462218463420868,0.0006509272376622293,"","","","","",""
5840,"2026-08-02 11:02:55.781916","train",17,0.05717293918132782,0.0006538557523542216,"","","","","",""
5860,"2026-08-02 11:02:56.653635","train",17,0.07088667154312134,0.0006567788742666354,"","","","","",""
5880,"2026-08-02 11:02:57.550732","train",17,0.19761107861995697,0.0006596964856327558,"","","","","",""
5900,"2026-08-02 11:02:58.488496","train",17,0.16196724772453308,0.0006626084689078779,"","","","","",""
5920,"2026-08-02 11:02:59.341188","train",17,0.025616087019443512,0.0006655147067740404,"","","","","",""
5940,"2026-08-02 11:03:00.157216","train",17,0.31743186712265015,0.0006684150821447532,"","","","","",""
5940,"2026-08-02 11:03:16.464445","val",17,"","",0.8065491803278688,0.24975457489260344,0.7001596003053223,0.6963979416809606,0.7950132391879965,0.8120893969279512
5960,"2026-08-02 11:03:28.436185","train",18,0.026531971991062164,0.0006713094781697143,"","","","","",""
5980,"2026-08-02 11:03:29.295756","train",18,0.37975621223449707,0.000674197778239518,"","","","","",""
6000,"2026-08-02 11:03:30.312668","train",18,0.03368566185235977,0.0006770798659903522,"","","","","",""
6020,"2026-08-02 11:03:31.235460","train",18,0.2946074306964874,0.0006799556253086858,"","","","","",""
6040,"2026-08-02 11:03:32.097404","train",18,0.18949632346630096,0.0006828249403359489,"","","","","",""
6060,"2026-08-02 11:03:33.021425","train",18,0.07901713997125626,0.0006856876954731983,"","","","","",""
6080,"2026-08-02 11:03:33.991216","train",18,0.05882391706109047,0.0006885437753857758,"","","","","",""
6100,"2026-08-02 11:03:34.856512","train",18,0.2397882342338562,0.0006913930650079547,"","","","","",""
6120,"2026-08-02 11:03:35.745506","train",18,0.186003640294075,0.0006942354495475756,"","","","","",""
6140,"2026-08-02 11:03:36.589949","train",18,0.0521906279027462,0.0006970708144906705,"","","","","",""
6160,"2026-08-02 11:03:37.448142","train",18,0.11863729357719421,0.000699899045606077,"","","","","",""
6180,"2026-08-02 11:03:38.363735","train",18,0.0630476251244545,0.0007027200289500409,"","","","","",""
6200,"2026-08-02 11:03:39.281763","train",18,0.579828143119812,0.0007055336508708055,"","","","","",""
6220,"2026-08-02 11:03:40.183348","train",18,0.4258583188056946,0.0007083397980131914,"","","","","",""
6240,"2026-08-02 11:03:41.110212","train",18,0.42708855867385864,0.0007111383573231628,"","","","","",""
6260,"2026-08-02 11:03:42.038809","train",18,0.3805561065673828,0.0007139292160523827,"","","","","",""
6270,"2026-08-02 11:03:59.212880","val",18,"","",0.8084180327868852,0.26186586693119107,0.720560682811741,0.7821612349914236,0.7989849955869374,0.8057527140571854
6280,"2026-08-02 11:04:10.586055","train",19,0.04096579551696777,0.0007167122617627547,"","","","","",""
6300,"2026-08-02 11:04:11.511682","train",19,0.07979893684387207,0.0007194873823309533,"","","","","",""
6320,"2026-08-02 11:04:12.430905","train",19,0.23187696933746338,0.0007222544659529418,"","","","","",""
6340,"2026-08-02 11:04:13.323917","train",19,0.23128187656402588,0.0007250134011484747,"","","","","",""
6360,"2026-08-02 11:04:14.278772","train",19,0.04207971692085266,0.0007277640767655912,"","","","","",""
6380,"2026-08-02 11:04:15.115710","train",19,0.04576447606086731,0.0007305063819850921,"","","","","",""
6400,"2026-08-02 11:04:15.946796","train",19,0.256570041179657,0.0007332402063250042,"","","","","",""
6420,"2026-08-02 11:04:16.772817","train",19,0.1984996348619461,0.0007359654396450327,"","","","","",""
6440,"2026-08-02 11:04:17.755663","train",19,0.15597188472747803,0.0007386819721509973,"","","","","",""
6460,"2026-08-02 11:04:18.689864","train",19,0.08283310383558273,0.0007413896943992565,"","","","","",""
6480,"2026-08-02 11:04:19.680768","train",19,0.3106226921081543,0.0007440884973011153,"","","","","",""
6500,"2026-08-02 11:04:20.674689","train",19,0.45559927821159363,0.0007467782721272225,"","","","","",""
6520,"2026-08-02 11:04:21.635399","train",19,0.0928824245929718,0.0007494589105119494,"","","","","",""
6540,"2026-08-02 11:04:22.556455","train",19,0.420014351606369,0.000752130304457756,"","","","","",""
6560,"2026-08-02 11:04:23.432731","train",19,0.2892115116119385,0.0007547923463395426,"","","","","",""
6580,"2026-08-02 11:04:24.487921","train",19,0.29055869579315186,0.0007574449289089851,"","","","","",""
6600,"2026-08-02 11:04:25.426882","train",19,0.17302587628364563,0.0007600879452988564,"","","","","",""
6600,"2026-08-02 11:04:42.477339","val",19,"","",0.7936967213114754,0.2454746257750234,0.673929637082784,0.7787307032590052,0.7806707855251545,0.7897401649401278
6620,"2026-08-02 11:04:54.281465","train",20,0.1565573811531067,0.0007627212890273312,"","","","","",""
6640,"2026-08-02 11:04:55.100506","train",20,0.2938256859779358,0.0007653448540022764,"","","","","",""
6660,"2026-08-02 11:04:55.990815","train",20,0.11745235323905945,0.0007679585345255258,"","","","","",""
6680,"2026-08-02 11:04:56.941723","train",20,0.0454232320189476,0.0007705622252971369,"","","","","",""
6700,"2026-08-02 11:04:57.770637","train",20,0.13492989540100098,0.000773155821419635,"","","","","",""
6720,"2026-08-02 11:04:58.628765","train",20,0.01887492835521698,0.0007757392184022385,"","","","","",""
6740,"2026-08-02 11:04:59.482390","train",20,0.032329291105270386,0.0007783123121650685,"","","","","",""
6760,"2026-08-02 11:05:00.309328","train",20,0.25926142930984497,0.000780874999043342,"","","","","",""
6780,"2026-08-02 11:05:01.084523","train",20,0.18766793608665466,0.0007834271757915487,"","","","","",""
6800,"2026-08-02 11:05:01.938186","train",20,0.23870240151882172,0.0007859687395876106,"","","","","",""
6820,"2026-08-02 11:05:02.847510","train",20,0.1444397121667862,0.0007884995880370235,"","","","","",""
6840,"2026-08-02 11:05:03.659864","train",20,0.264996200799942,0.0007910196191769837,"","","","","",""
6860,"2026-08-02 11:05:04.636629","train",20,0.05650055408477783,0.0007935287314804948,"","","","","",""
6880,"2026-08-02 11:05:05.435091","train",20,0.15609867870807648,0.0007960268238604589,"","","","","",""
6900,"2026-08-02 11:05:06.241792","train",20,0.049243390560150146,0.0007985137956737479,"","","","","",""
6920,"2026-08-02 11:05:07.192683","train",20,0.15372803807258606,0.0008009895467252596,"","","","","",""
6930,"2026-08-02 11:05:25.122013","val",20,"","",0.7832459016393443,0.21560801801978827,0.6647699673860246,0.7118353344768439,0.7255075022065314,0.8051159395530154
6940,"2026-08-02 11:05:37.431436","train",21,0.4079517126083374,0.0008034539772719539,"","","","","",""
6960,"2026-08-02 11:05:38.314945","train",21,0.3523891866207123,0.0008059069880268701,"","","","","",""
6980,"2026-08-02 11:05:39.230000","train",21,0.18564651906490326,0.0008083484801631296,"","","","","",""
7000,"2026-08-02 11:05:40.228250","train",21,0.2171720564365387,0.0008107783553179145,"","","","","",""
7020,"2026-08-02 11:05:41.067056","train",21,0.16705794632434845,0.0008131965155964323,"","","","","",""
7040,"2026-08-02 11:05:41.897854","train",21,0.28875038027763367,0.000815602863575859,"","","","","",""
7060,"2026-08-02 11:05:42.739645","train",21,0.079128198325634,0.000817997302309265,"","","","","",""
7080,"2026-08-02 11:05:43.669185","train",21,0.23676611483097076,0.00082037973532952,"","","","","",""
7100,"2026-08-02 11:05:44.672376","train",21,0.22228211164474487,0.0008227500666531794,"","","","","",""
7120,"2026-08-02 11:05:45.706748","train",21,0.05178099125623703,0.0008251082007843526,"","","","","",""
7140,"2026-08-02 11:05:46.705048","train",21,0.04920226335525513,0.0008274540427185486,"","","","","",""
7160,"2026-08-02 11:05:47.594043","train",21,0.0956602618098259,0.0008297874979465046,"","","","","",""
7180,"2026-08-02 11:05:48.506112","train",21,0.2733302116394043,0.0008321084724579931,"","","","","",""
7200,"2026-08-02 11:05:49.421261","train",21,0.12274923175573349,0.0008344168727456101,"","","","","",""
7220,"2026-08-02 11:05:50.295327","train",21,0.13911645114421844,0.0008367126058085417,"","","","","",""
7240,"2026-08-02 11:05:51.190367","train",21,0.30586662888526917,0.0008389955791563103,"","","","","",""
7260,"2026-08-02 11:05:52.084841","train",21,0.9026173949241638,0.0008412657008125031,"","","","","",""
7260,"2026-08-02 11:06:09.764338","val",21,"","",0.7901639344262296,0.22925302243277626,0.6810769551037402,0.7101200686106346,0.7469108561341571,0.801108919502384
7280,"2026-08-02 11:06:21.790852","train",22,0.1046832725405693,0.0008435228793184748,"","","","","",""
7300,"2026-08-02 11:06:22.628204","train",22,0.036209963262081146,0.0008457670237370341,"","","","","",""
7320,"2026-08-02 11:06:23.560691","train",22,0.15337233245372772,0.0008479980436561075,"","","","","",""
7340,"2026-08-02 11:06:24.621750","train",22,0.3458065986633301,0.0008502158491923799,"","","","","",""
7360,"2026-08-02 11:06:25.470179","train",22,0.29115593433380127,0.0008524203509949187,"","","","","",""
7380,"2026-08-02 11:06:26.276206","train",22,0.12868300080299377,0.0008546114602487706,"","","","","",""
7400,"2026-08-02 11:06:27.082860","train",22,0.14880505204200745,0.0008567890886785426,"","","","","",""
7420,"2026-08-02 11:06:27.918449","train",22,0.19753919541835785,0.0008589531485519559,"","","","","",""
7440,"2026-08-02 11:06:28.725707","train",22,0.3425823152065277,0.000861103552683382,"","","","","",""
7460,"2026-08-02 11:06:29.745596","train",22,0.24457821249961853,0.0008632402144373552,"","","","","",""
7480,"2026-08-02 11:06:30.569008","train",22,0.09809326380491257,0.000865363047732062,"","","","","",""
7500,"2026-08-02 11:06:31.443418","train",22,0.2727872133255005,0.0008674719670428103,"","","","","",""
7520,"2026-08-02 11:06:32.277984","train",22,0.1556279957294464,0.0008695668874054737,"","","","","",""
7540,"2026-08-02 11:06:33.137975","train",22,0.06381669640541077,0.0008716477244199163,"","","","","",""
7560,"2026-08-02 11:06:33.953451","train",22,0.35180893540382385,0.0008737143942533916,"","","","","",""
7580,"2026-08-02 11:06:34.941011","train",22,0.037369504570961,0.0008757668136439201,"","","","","",""
7590,"2026-08-02 11:06:51.717971","val",22,"","",0.7993852459016394,0.2516253603855934,0.6860731385746999,0.7735849056603774,0.7886142983230361,0.7993073135881467
7600,"2026-08-02 11:07:02.784005","train",23,0.46523940563201904,0.0008778048999036446,"","","","","",""
7620,"2026-08-02 11:07:03.751940","train",23,0.23011597990989685,0.0008798285709221603,"","","","","",""
7640,"2026-08-02 11:07:04.648292","train",23,0.21706943213939667,0.0008818377451698242,"","","","","",""
7660,"2026-08-02 11:07:05.501233","train",23,0.4650907516479492,0.0008838323417010386,"","","","","",""
7680,"2026-08-02 11:07:06.311841","train",23,0.24959014356136322,0.0008858122801575133,"","","","","",""
7700,"2026-08-02 11:07:07.062195","train",23,0.31596168875694275,0.0008877774807715017,"","","","","",""
7720,"2026-08-02 11:07:07.885521","train",23,0.31933075189590454,0.0008897278643690159,"","","","","",""
7740,"2026-08-02 11:07:08.739498","train",23,0.3130365014076233,0.0008916633523730158,"","","","","",""
7760,"2026-08-02 11:07:09.546793","train",23,0.461603581905365,0.0008935838668065746,"","","","","",""
7780,"2026-08-02 11:07:10.427101","train",23,0.20924130082130432,0.0008954893302960209,"","","","","",""
7800,"2026-08-02 11:07:11.247822","train",23,0.06841918081045151,0.0008973796660740552,"","","","","",""
7820,"2026-08-02 11:07:11.990901","train",23,0.038807839155197144,0.0008992547979828439,"","","","","",""
7840,"2026-08-02 11:07:12.720243","train",23,0.16576847434043884,0.0009011146504770858,"","","","","",""
7860,"2026-08-02 11:07:13.541062","train",23,0.23287147283554077,0.0009029591486270572,"","","","","",""
7880,"2026-08-02 11:07:14.341065","train",23,0.10877223312854767,0.0009047882181216303,"","","","","",""
7900,"2026-08-02 11:07:15.341990","train",23,0.2535417079925537,0.0009066017852712663,"","","","","",""
7920,"2026-08-02 11:07:16.104796","train",23,0.28077173233032227,0.0009083997770109851,"","","","","",""
7920,"2026-08-02 11:07:32.434569","val",23,"","",0.7911475409836065,0.24669702682533956,0.6716397196585941,0.7444253859348199,0.7561782877316857,0.7954245422212558
7940,"2026-08-02 11:07:44.962362","train",24,0.1192793995141983,0.0009101821209033087,"","","","","",""
7960,"2026-08-02 11:07:45.897832","train",24,0.2818903923034668,0.0009119487451411793,"","","","","",""
7980,"2026-08-02 11:07:46.708909","train",24,0.21818168461322784,0.0009136995785508522,"","","","","",""
8000,"2026-08-02 11:07:47.479077","train",24,0.20444902777671814,0.0009154345505947639,"","","","","",""
8020,"2026-08-02 11:07:48.365493","train",24,0.3399699926376343,0.0009171535913743734,"","","","","",""
8040,"2026-08-02 11:07:49.265044","train",24,0.3403558135032654,0.0009188566316329779,"","","","","",""
8060,"2026-08-02 11:07:50.228959","train",24,0.41240429878234863,0.0009205436027585041,"","","","","",""
8080,"2026-08-02 11:07:51.142241","train",24,0.19538338482379913,0.0009222144367862716,"","","","","",""
8100,"2026-08-02 11:07:51.996359","train",24,0.546448826789856,0.0009238690664017311,"","","","","",""
8120,"2026-08-02 11:07:52.792506","train",24,0.02080179750919342,0.0009255074249431767,"","","","","",""
8140,"2026-08-02 11:07:53.581390","train",24,0.07681841403245926,0.0009271294464044312,"","","","","",""
8160,"2026-08-02 11:07:54.468360","train",24,0.7313804030418396,0.0009287350654375061,"","","","","",""
8180,"2026-08-02 11:07:55.232768","train",24,0.29651275277137756,0.0009303242173552332,"","","","","",""
8200,"2026-08-02 11:07:56.082218","train",24,0.2566283047199249,0.0009318968381338715,"","","","","",""
8220,"2026-08-02 11:07:56.899683","train",24,0.11936546862125397,0.0009334528644156868,"","","","","",""
8240,"2026-08-02 11:07:57.797688","train",24,0.29283663630485535,0.0009349922335115035,"","","","","",""
8250,"2026-08-02 11:08:14.971096","val",24,"","",0.7904016393442623,0.24362946027333401,0.6776073832489071,0.7461406518010292,0.7883936451897616,0.7877521860002795
8260,"2026-08-02 11:08:27.550088","train",25,0.16175341606140137,0.0009365148834032304,"","","","","",""
8280,"2026-08-02 11:08:28.500728","train",25,0.327813059091568,0.00093802075274636,"","","","","",""
8300,"2026-08-02 11:08:29.539162","train",25,0.1518898904323578,0.0009395097808724389,"","","","","",""
8320,"2026-08-02 11:08:30.421713","train",25,0.07084270566701889,0.0009409819077915129,"","","","","",""
8340,"2026-08-02 11:08:31.240917","train",25,0.2176617681980133,0.0009424370741945435,"","","","","",""
8360,"2026-08-02 11:08:32.173565","train",25,0.34292733669281006,0.0009438752214557969,"","","","","",""
8380,"2026-08-02 11:08:33.241360","train",25,0.051488883793354034,0.000945296291635207,"","","","","",""
8400,"2026-08-02 11:08:34.139689","train",25,0.08337728679180145,0.0009467002274807086,"","","","","",""
8420,"2026-08-02 11:08:35.029296","train",25,0.31741875410079956,0.0009480869724305444,"","","","","",""
8440,"2026-08-02 11:08:35.938231","train",25,0.1880255490541458,0.0009494564706155443,"","","","","",""
8460,"2026-08-02 11:08:36.803533","train",25,0.21752049028873444,0.000950808666861375,"","","","","",""
8480,"2026-08-02 11:08:37.636777","train",25,0.7617217302322388,0.0009521435066907642,"","","","","",""
8500,"2026-08-02 11:08:38.498052","train",25,0.2788185477256775,0.0009534609363256944,"","","","","",""
8520,"2026-08-02 11:08:39.375688","train",25,0.21323677897453308,0.0009547609026895703,"","","","","",""
8540,"2026-08-02 11:08:40.324565","train",25,0.4092673063278198,0.0009560433534093561,"","","","","",""
8560,"2026-08-02 11:08:41.376456","train",25,0.043243445456027985,0.0009573082368176868,"","","","","",""
8580,"2026-08-02 11:08:42.116913","train",25,0.2680690884590149,0.0009585555019549487,"","","","","",""
8580,"2026-08-02 11:08:58.682261","val",25,"","",0.8029344262295082,0.24760887998337514,0.7247935604746374,0.7530017152658662,0.7936893203883496,0.8033298647242455
8600,"2026-08-02 11:09:10.388427","train",26,0.20761273801326752,0.000959785098571333,"","","","","",""
8620,"2026-08-02 11:09:11.345852","train",26,0.7539836764335632,0.0009609969771288602,"","","","","",""
8640,"2026-08-02 11:09:12.175217","train",26,0.05176837742328644,0.0009621910888033758,"","","","","",""
8660,"2026-08-02 11:09:12.984491","train",26,0.15625542402267456,0.0009633673854865173,"","","","","",""
8680,"2026-08-02 11:09:13.944576","train",26,0.09387984126806259,0.0009645258197876525,"","","","","",""
8700,"2026-08-02 11:09:14.719524","train",26,0.28460800647735596,0.0009656663450357887,"","","","","",""
8720,"2026-08-02 11:09:15.605202","train",26,0.2808438837528229,0.000966788915281453,"","","","","",""
8740,"2026-08-02 11:09:16.405330","train",26,0.49433061480522156,0.0009678934852985432,"","","","","",""
8760,"2026-08-02 11:09:17.195558","train",26,0.6510974168777466,0.0009689800105861508,"","","","","",""
8780,"2026-08-02 11:09:17.963314","train",26,0.1488839089870453,0.0009700484473703528,"","","","","",""
8800,"2026-08-02 11:09:18.828329","train",26,0.2848026156425476,0.0009710987526059759,"","","","","",""
8820,"2026-08-02 11:09:19.593984","train",26,0.21739734709262848,0.0009721308839783304,"","","","","",""
8840,"2026-08-02 11:09:20.465307","train",26,0.17447645962238312,0.0009731447999049149,"","","","","",""
8860,"2026-08-02 11:09:21.374818","train",26,0.1939847767353058,0.0009741404595370919,"","","","","",""
8880,"2026-08-02 11:09:22.307772","train",26,0.036835312843322754,0.0009751178227617336,"","","","","",""
8900,"2026-08-02 11:09:23.251958","train",26,0.21776992082595825,0.0009760768502028374,"","","","","",""
8910,"2026-08-02 11:09:39.853336","val",26,"","",0.8063524590163934,0.2617471383836365,0.7066823953924086,0.7461406518010292,0.823036187113857,0.8058924938263936
8920,"2026-08-02 11:09:51.155109","train",27,0.27217966318130493,0.0009770175032231124,"","","","","",""
8940,"2026-08-02 11:09:52.001701","train",27,0.26370617747306824,0.0009779397439255372,"","","","","",""
8960,"2026-08-02 11:09:52.960025","train",27,0.14690786600112915,0.0009788435351548845,"","","","","",""
8980,"2026-08-02 11:09:53.861483","train",27,0.6072145104408264,0.0009797288404992202,"","","","","",""
9000,"2026-08-02 11:09:54.767647","train",27,0.2671513557434082,0.0009805956242913687,"","","","","",""
9020,"2026-08-02 11:09:55.648604","train",27,0.22285649180412292,0.000981443851610351,"","","","","",""
9040,"2026-08-02 11:09:56.458288","train",27,0.40980765223503113,0.0009822734882827912,"","","","","",""
9060,"2026-08-02 11:09:57.321757","train",27,0.07947040349245071,0.0009830845008842928,"","","","","",""
9080,"2026-08-02 11:09:58.090455","train",27,0.26286962628364563,0.0009838768567407862,"","","","","",""
9100,"2026-08-02 11:09:58.967097","train",27,0.18272630870342255,0.0009846505239298443,"","","","","",""
9120,"2026-08-02 11:09:59.721946","train",27,0.32234203815460205,0.0009854054712819691,"","","","","",""
9140,"2026-08-02 11:10:00.505029","train",27,0.19076420366764069,0.000986141668381847,"","","","","",""
9160,"2026-08-02 11:10:01.375836","train",27,0.21485215425491333,0.000986859085569575,"","","","","",""
9180,"2026-08-02 11:10:02.213123","train",27,0.5732558965682983,0.000987557693941854,"","","","","",""
9200,"2026-08-02 11:10:03.060624","train",27,0.27529728412628174,0.0009882374653531554,"","","","","",""
9220,"2026-08-02 11:10:03.926169","train",27,0.418989360332489,0.0009888983724168536,"","","","","",""
9240,"2026-08-02 11:10:04.747871","train",27,0.16294002532958984,0.0009895403885063292,"","","","","",""
9240,"2026-08-02 11:10:21.161117","val",27,"","",0.7932704918032787,0.2446197322280772,0.6805218236069669,0.7409948542024014,0.7775816416593117,0.7944771460077344
9260,"2026-08-02 11:10:32.676381","train",28,0.1572628617286682,0.000990163487756043,"","","","","",""
9280,"2026-08-02 11:10:33.559832","train",28,0.41347435116767883,0.000990767645062577,"","","","","",""
9300,"2026-08-02 11:10:34.395576","train",28,0.1216554045677185,0.0009913528360856458,"","","","","",""
9320,"2026-08-02 11:10:35.146654","train",28,0.22096098959445953,0.0009919190372490777,"","","","","",""
9340,"2026-08-02 11:10:35.898807","train",28,0.4137694239616394,0.0009924662257417645,"","","","","",""
9360,"2026-08-02 11:10:36.718158","train",28,0.239167258143425,0.00099299437951858,"","","","","",""
9380,"2026-08-02 11:10:37.570544","train",28,0.11107520759105682,0.000993503477301269,"","","","","",""
9400,"2026-08-02 11:10:38.381507","train",28,0.15614068508148193,0.0009939934985793034,"","","","","",""
9420,"2026-08-02 11:10:39.343037","train",28,0.051665619015693665,0.0009944644236107097,"","","","","",""
9440,"2026-08-02 11:10:40.185837","train",28,0.16338838636875153,0.0009949162334228635,"","","","","",""
9460,"2026-08-02 11:10:41.043176","train",28,0.3277648389339447,0.0009953489098132543,"","","","","",""
9480,"2026-08-02 11:10:41.906478","train",28,0.1649652123451233,0.0009957624353502193,"","","","","",""
9500,"2026-08-02 11:10:42.868963","train",28,0.07914237678050995,0.0009961567933736441,"","","","","",""
9520,"2026-08-02 11:10:43.676593","train",28,0.42468589544296265,0.0009965319679956358,"","","","","",""
9540,"2026-08-02 11:10:44.559414","train",28,0.33187130093574524,0.000996887944101162,"","","","","",""
9560,"2026-08-02 11:10:45.331977","train",28,0.30218803882598877,0.0009972247073486598,"","","","","",""
9570,"2026-08-02 11:11:01.822782","val",28,"","",0.8138442622950819,0.26452101509444775,0.7260426063423774,0.7650085763293311,0.8312003530450132,0.8114992156801839
9580,"2026-08-02 11:11:15.651485","train",29,0.3247615396976471,0.000997542244170614,"","","","","",""
9600,"2026-08-02 11:11:16.522500","train",29,0.24467012286186218,0.0009978405417741035,"","","","","",""
9620,"2026-08-02 11:11:17.335026","train",29,0.14058396220207214,0.0009981195881413165,"","","","","",""
9640,"2026-08-02 11:11:18.163316","train",29,0.3841477036476135,0.000998379372030035,"","","","","",""
9660,"2026-08-02 11:11:19.024437","train",29,0.16949227452278137,0.0009986198829740876,"","","","","",""
9680,"2026-08-02 11:11:19.936271","train",29,0.08932758867740631,0.000998841111283771,"","","","","",""
9700,"2026-08-02 11:11:20.864434","train",29,0.5964301824569702,0.0009990430480462408,"","","","","",""
9720,"2026-08-02 11:11:21.763307","train",29,0.029535330832004547,0.0009992256851258704,"","","","","",""
9740,"2026-08-02 11:11:22.631849","train",29,0.1332930326461792,0.0009993890151645782,"","","","","",""
9760,"2026-08-02 11:11:23.570602","train",29,0.5374128818511963,0.0009995330315821247,"","","","","",""
9780,"2026-08-02 11:11:24.354353","train",29,0.3643774390220642,0.0009996577285763775,"","","","","",""
9800,"2026-08-02 11:11:25.226828","train",29,0.45701920986175537,0.0009997631011235454,"","","","","",""
9820,"2026-08-02 11:11:26.116949","train",29,0.1360630989074707,0.0009998491449783797,"","","","","",""
9840,"2026-08-02 11:11:27.121781","train",29,0.047776900231838226,0.0009999158566743461,"","","","","",""
9860,"2026-08-02 11:11:28.083666","train",29,0.5892764925956726,0.0009999632335237645,"","","","","",""
9880,"2026-08-02 11:11:29.083285","train",29,0.16974607110023499,0.0009999912736179167,"","","","","",""
9900,"2026-08-02 11:11:29.947505","train",29,0.32581180334091187,0.0009999999953760402,"","","","","",""
9900,"2026-08-02 11:11:48.341016","val",29,"","",0.7969344262295082,0.24944581042082828,0.6950246339601693,0.7375643224699828,0.777360988526037,0.8009691397331759
9920,"2026-08-02 11:12:01.763413","train",30,0.1578814536333084,0.0009999979608350798,"","","","","",""
9940,"2026-08-02 11:12:02.682471","train",30,0.32685115933418274,0.0009999922271435838,"","","","","",""
9960,"2026-08-02 11:12:03.543561","train",30,0.3506452441215515,0.0009999827943439723,"","","","","",""
9980,"2026-08-02 11:12:04.476029","train",30,0.30238282680511475,0.0009999696625060323,"","","","","",""
10000,"2026-08-02 11:12:05.324898","train",30,0.04375576972961426,0.0009999528317269184,"","","","","",""
10020,"2026-08-02 11:12:06.203190","train",30,0.11595539003610611,0.00099993230213115,"","","","","",""
10040,"2026-08-02 11:12:07.150896","train",30,0.0830073431134224,0.000999908073870613,"","","","","",""
10060,"2026-08-02 11:12:08.070380","train",30,0.06468181312084198,0.0009998801471245568,"","","","","",""
10080,"2026-08-02 11:12:09.063335","train",30,0.4392893612384796,0.0009998485220995932,"","","","","",""
10100,"2026-08-02 11:12:10.150068","train",30,0.3511614203453064,0.0009998131990296957,"","","","","",""
10120,"2026-08-02 11:12:11.052428","train",30,0.3739171028137207,0.0009997741781761975,"","","","","",""
10140,"2026-08-02 11:12:12.239009","train",30,0.21858443319797516,0.0009997314598277885,"","","","","",""
10160,"2026-08-02 11:12:13.741324","train",30,0.46250778436660767,0.0009996850443005146,"","","","","",""
10180,"2026-08-02 11:12:15.237013","train",30,0.011118337512016296,0.0009996349319377745,"","","","","",""
10200,"2026-08-02 11:12:16.458143","train",30,0.4017419219017029,0.0009995811231103176,"","","","","",""
10220,"2026-08-02 11:12:17.791476","train",30,0.03049980103969574,0.0009995236182162412,"","","","","",""
10230,"2026-08-02 11:12:41.630625","val",30,"","",0.8021721311475409,0.2643553538841953,0.6963430712650059,0.7632933104631219,0.7808914386584289,0.8053333747495612
10240,"2026-08-02 11:13:00.048982","train",31,0.11165469884872437,0.0009994624176809872,"","","","","",""
10260,"2026-08-02 11:13:00.852214","train",31,0.26392632722854614,0.000999397521957339,"","","","","",""
10280,"2026-08-02 11:13:01.771985","train",31,0.3923981487751007,0.000999328931525419,"","","","","",""
10300,"2026-08-02 11:13:02.924578","train",31,0.05768613517284393,0.0009992566468926835,"","","","","",""
10320,"2026-08-02 11:13:03.874475","train",31,0.11137691885232925,0.0009991806685939206,"","","","","",""
10340,"2026-08-02 11:13:04.894265","train",31,0.1830071210861206,0.000999100997191245,"","","","","",""
10360,"2026-08-02 11:13:05.773315","train",31,0.03702884167432785,0.0009990176332740947,"","","","","",""
10380,"2026-08-02 11:13:06.702682","train",31,0.3568536639213562,0.000998930577459226,"","","","","",""
10400,"2026-08-02 11:13:08.045966","train",31,0.3594698905944824,0.000998839830390709,"","","","","",""
10420,"2026-08-02 11:13:08.949905","train",31,0.08838052302598953,0.0009987453927399231,"","","","","",""
10440,"2026-08-02 11:13:10.186061","train",31,0.07566852867603302,0.000998647265205553,"","","","","",""
10460,"2026-08-02 11:13:11.821832","train",31,0.11977101117372513,0.0009985454485135804,"","","","","",""
10480,"2026-08-02 11:13:13.050417","train",31,0.11762993782758713,0.000998439943417283,"","","","","",""
10500,"2026-08-02 11:13:14.031118","train",31,0.290910005569458,0.000998330750697225,"","","","","",""
10520,"2026-08-02 11:13:14.914344","train",31,0.13187408447265625,0.0009982178711612538,"","","","","",""
10540,"2026-08-02 11:13:15.889397","train",31,0.12053032219409943,0.0009981013056444927,"","","","","",""
10560,"2026-08-02 11:13:16.991142","train",31,0.19047603011131287,0.0009979810550093354,"","","","","",""
10560,"2026-08-02 11:13:35.289854","val",31,"","",0.8119426229508198,0.2678020833486327,0.7337450558601069,0.7392795883361921,0.7760370697263901,0.8234736825756752
10580,"2026-08-02 11:13:53.882020","train",32,0.11750677227973938,0.0009978571201454398,"","","","","",""
10600,"2026-08-02 11:13:54.900723","train",32,0.10486922413110733,0.0009977295019697205,"","","","","",""
10620,"2026-08-02 11:13:55.816262","train",32,0.7926073670387268,0.000997598201426343,"","","","","",""
10640,"2026-08-02 11:13:57.106176","train",32,0.32385575771331787,0.000997463219486716,"","","","","",""
10660,"2026-08-02 11:13:58.757093","train",32,0.31096407771110535,0.0009973245571494845,"","","","","",""
10680,"2026-08-02 11:13:59.960106","train",32,0.23663438856601715,0.0009971822154405227,"","","","","",""
10700,"2026-08-02 11:14:01.513316","train",32,0.11373690515756607,0.0009970361954129258,"","","","","",""
10720,"2026-08-02 11:14:02.500606","train",32,0.0424494668841362,0.0009968864981470028,"","","","","",""
10740,"2026-08-02 11:14:03.410761","train",32,0.08127988874912262,0.0009967331247502677,"","","","","",""
10760,"2026-08-02 11:14:04.750956","train",32,0.22221624851226807,0.0009965760763574328,"","","","","",""
10780,"2026-08-02 11:14:05.827773","train",32,0.1616637408733368,0.0009964153541303982,"","","","","",""
10800,"2026-08-02 11:14:06.791809","train",32,0.08770868182182312,0.0009962509592582455,"","","","","",""
10820,"2026-08-02 11:14:07.567318","train",32,0.04859793931245804,0.000996082892957227,"","","","","",""
10840,"2026-08-02 11:14:09.022129","train",32,0.0978531539440155,0.0009959111564707575,"","","","","",""
10860,"2026-08-02 11:14:10.443607","train",32,0.30602896213531494,0.000995735751069406,"","","","","",""
10880,"2026-08-02 11:14:11.903053","train",32,0.2150307148694992,0.000995556678050885,"","","","","",""
10890,"2026-08-02 11:14:29.238785","val",32,"","",0.8049016393442623,0.2649214972399448,0.7091110956907918,0.7530017152658662,0.7592674315975286,0.8103809775265194
10900,"2026-08-02 11:14:40.391328","train",33,0.08875366300344467,0.000995373938740041,"","","","","",""
10920,"2026-08-02 11:14:41.301496","train",33,0.029440298676490784,0.0009951875344888454,"","","","","",""
10940,"2026-08-02 11:14:42.089532","train",33,0.266727089881897,0.000994997466676384,"","","","","",""
10960,"2026-08-02 11:14:42.885351","train",33,0.33420079946517944,0.0009948037367088474,"","","","","",""
10980,"2026-08-02 11:14:43.616750","train",33,0.4031059741973877,0.0009946063460195196,"","","","","",""
11000,"2026-08-02 11:14:44.506466","train",33,0.08874945342540741,0.000994405296068768,"","","","","",""
11020,"2026-08-02 11:14:45.290921","train",33,0.1294492930173874,0.0009942005883440332,"","","","","",""
11040,"2026-08-02 11:14:46.081605","train",33,0.22436383366584778,0.0009939922243598163,"","","","","",""
11060,"2026-08-02 11:14:46.828065","train",33,0.2175028771162033,0.0009937802056576694,"","","","","",""
11080,"2026-08-02 11:14:47.609779","train",33,0.1617794930934906,0.0009935645338061834,"","","","","",""
11100,"2026-08-02 11:14:48.588930","train",33,0.4294223189353943,0.0009933452104009765,"","","","","",""
11120,"2026-08-02 11:14:49.437788","train",33,0.21275436878204346,0.0009931222370646823,"","","","","",""
11140,"2026-08-02 11:14:50.356853","train",33,0.12464126944541931,0.0009928956154469381,"","","","","",""
11160,"2026-08-02 11:14:51.143369","train",33,0.14397156238555908,0.0009926653472243723,"","","","","",""
11180,"2026-08-02 11:14:51.902638","train",33,0.19021573662757874,0.000992431434100592,"","","","","",""
11200,"2026-08-02 11:14:52.690642","train",33,0.28191494941711426,0.0009921938778061719,"","","","","",""
11220,"2026-08-02 11:14:53.481760","train",33,0.14144325256347656,0.0009919526800986382,"","","","","",""
11220,"2026-08-02 11:15:09.425994","val",33,"","",0.8152704918032787,0.2660980265748987,0.7355492332246201,0.7615780445969125,0.8181818181818183,0.8138133474148508
11240,"2026-08-02 11:15:20.779258","train",34,0.46516361832618713,0.0009917078427624589,"","","","","",""
11260,"2026-08-02 11:15:21.578142","train",34,0.25490111112594604,0.0009914593676090288,"","","","","",""
11280,"2026-08-02 11:15:22.361199","train",34,0.10729309916496277,0.0009912072564766572,"","","","","",""
11300,"2026-08-02 11:15:23.218429","train",34,0.07697898149490356,0.0009909515112305528,"","","","","",""
11320,"2026-08-02 11:15:24.062529","train",34,0.4787062406539917,0.0009906921337628112,"","","","","",""
11340,"2026-08-02 11:15:24.917747","train",34,0.04422515630722046,0.0009904291259924011,"","","","","",""
11360,"2026-08-02 11:15:25.686267","train",34,0.10662579536437988,0.000990162489865148,"","","","","",""
11380,"2026-08-02 11:15:26.431013","train",34,0.36141422390937805,0.0009898922273537227,"","","","","",""
11400,"2026-08-02 11:15:27.304834","train",34,0.3503238558769226,0.0009896183404576248,"","","","","",""
11420,"2026-08-02 11:15:28.143644","train",34,0.13683894276618958,0.0009893408312031682,"","","","","",""
11440,"2026-08-02 11:15:29.057004","train",34,0.02311640977859497,0.0009890597016434667,"","","","","",""
11460,"2026-08-02 11:15:29.899044","train",34,0.6126804351806641,0.000988774953858418,"","","","","",""
11480,"2026-08-02 11:15:30.756746","train",34,0.38919275999069214,0.000988486589954689,"","","","","",""
11500,"2026-08-02 11:15:31.551933","train",34,0.14877553284168243,0.0009881946120657002,"","","","","",""
11520,"2026-08-02 11:15:32.372545","train",34,0.30857038497924805,0.000987899022351609,"","","","","",""
11540,"2026-08-02 11:15:33.276328","train",34,0.4303520619869232,0.000987599822999295,"","","","","",""
11550,"2026-08-02 11:15:49.521487","val",34,"","",0.8178278688524591,0.27942105387415855,0.7428353341197697,0.7735849056603773,0.7925860547219771,0.8215944212341001
11560,"2026-08-02 11:16:00.466215","train",35,0.07369649410247803,0.0009872970162223427,"","","","","",""
11580,"2026-08-02 11:16:01.294204","train",35,0.3997878432273865,0.0009869906042610263,"","","","","",""
11600,"2026-08-02 11:16:02.075574","train",35,0.025610223412513733,0.0009866805893822919,"","","","","",""
11620,"2026-08-02 11:16:02.814887","train",35,0.1969960629940033,0.0009863669738797412,"","","","","",""
11640,"2026-08-02 11:16:03.641610","train",35,0.053282320499420166,0.0009860497600736153,"","","","","",""
11660,"2026-08-02 11:16:04.406281","train",35,0.024664469063282013,0.000985728950310776,"","","","","",""
11680,"2026-08-02 11:16:05.279972","train",35,0.4806152284145355,0.0009854045469646897,"","","","","",""
11700,"2026-08-02 11:16:06.167293","train",35,0.040497101843357086,0.0009850765524354096,"","","","","",""
11720,"2026-08-02 11:16:07.048687","train",35,0.08219680190086365,0.0009847449691495576,"","","","","",""
11740,"2026-08-02 11:16:07.883295","train",35,0.160636767745018,0.0009844097995603063,"","","","","",""
11760,"2026-08-02 11:16:08.639134","train",35,0.22841006517410278,0.0009840710461473615,"","","","","",""
11780,"2026-08-02 11:16:09.426154","train",35,0.07956019043922424,0.0009837287114169428,"","","","","",""
11800,"2026-08-02 11:16:10.283477","train",35,0.7822751402854919,0.0009833827979017667,"","","","","",""
11820,"2026-08-02 11:16:11.005710","train",35,0.042513780295848846,0.0009830333081610257,"","","","","",""
11840,"2026-08-02 11:16:11.867212","train",35,0.2724142372608185,0.0009826802447803712,"","","","","",""
11860,"2026-08-02 11:16:12.793692","train",35,0.1444590836763382,0.0009823236103718932,"","","","","",""
11880,"2026-08-02 11:16:13.709723","train",35,0.4625549912452698,0.0009819634075741023,"","","","","",""
11880,"2026-08-02 11:16:30.947709","val",35,"","",0.812188524590164,0.27907664727551196,0.7252793005343141,0.7512864493996569,0.7826566637246248,0.8175408079270661
11900,"2026-08-02 11:16:43.034096","train",36,0.19838733971118927,0.000981599639051908,"","","","","",""
11920,"2026-08-02 11:16:43.895426","train",36,0.18264128267765045,0.0009812323074966018,"","","","","",""
11940,"2026-08-02 11:16:44.755927","train",36,0.41257065534591675,0.000980861415625835,"","","","","",""
11960,"2026-08-02 11:16:45.667524","train",36,0.07916471362113953,0.0009804869661835989,"","","","","",""
11980,"2026-08-02 11:16:46.523204","train",36,0.5000144243240356,0.0009801089619402062,"","","","","",""
12000,"2026-08-02 11:16:47.325474","train",36,0.6406784653663635,0.0009797274056922685,"","","","","",""
12020,"2026-08-02 11:16:48.153326","train",36,0.23995451629161835,0.0009793423002626767,"","","","","",""
12040,"2026-08-02 11:16:48.897301","train",36,0.27878451347351074,0.0009789536485005795,"","","","","",""
12060,"2026-08-02 11:16:49.673889","train",36,0.023898467421531677,0.0009785614532813632,"","","","","",""
12080,"2026-08-02 11:16:50.467635","train",36,0.6285115480422974,0.000978165717506629,"","","","","",""
12100,"2026-08-02 11:16:51.240399","train",36,0.5661888122558594,0.0009777664441041735,"","","","","",""
12120,"2026-08-02 11:16:52.004125","train",36,0.039006687700748444,0.0009773636360279653,"","","","","",""
12140,"2026-08-02 11:16:52.800732","train",36,0.12501078844070435,0.0009769572962581236,"","","","","",""
12160,"2026-08-02 11:16:53.663479","train",36,0.2999361753463745,0.000976547427800897,"","","","","",""
12180,"2026-08-02 11:16:54.441565","train",36,0.3059319853782654,0.00097613403368864,"","","","","",""
12200,"2026-08-02 11:16:55.210666","train",36,0.16794100403785706,0.0009757171169797916,"","","","","",""
12210,"2026-08-02 11:17:11.413678","val",36,"","",0.8091721311475408,0.2638372055273061,0.7114704045520783,0.7461406518010292,0.7610326566637247,0.8198394085762654
12220,"2026-08-02 11:17:22.488308","train",37,0.030259333550930023,0.0009752966807588519,"","","","","",""
12240,"2026-08-02 11:17:23.296520","train",37,0.19249777495861053,0.0009748727281363598,"","","","","",""
12260,"2026-08-02 11:17:24.091950","train",37,0.25414523482322693,0.0009744452622488699,"","","","","",""
12280,"2026-08-02 11:17:24.852665","train",37,0.3061475157737732,0.0009740142862589289,"","","","","",""
12300,"2026-08-02 11:17:25.629595","train",37,0.05292510241270065,0.0009735798033550528,"","","","","",""
12320,"2026-08-02 11:17:26.430315","train",37,0.3272068500518799,0.0009731418167517028,"","","","","",""
12340,"2026-08-02 11:17:27.249948","train",37,0.05793232098221779,0.000972700329689262,"","","","","",""
12360,"2026-08-02 11:17:28.118987","train",37,0.34800583124160767,0.0009722553454340109,"","","","","",""
12380,"2026-08-02 11:17:28.893538","train",37,0.15820226073265076,0.0009718068672781036,"","","","","",""
12400,"2026-08-02 11:17:29.722927","train",37,0.31436687707901,0.0009713548985395432,"","","","","",""
12420,"2026-08-02 11:17:30.532064","train",37,0.11081595718860626,0.0009708994425621578,"","","","","",""
12440,"2026-08-02 11:17:31.348266","train",37,0.22090846300125122,0.0009704405027155748,"","","","","",""
12460,"2026-08-02 11:17:32.073953","train",37,0.15187139809131622,0.0009699780823951968,"","","","","",""
12480,"2026-08-02 11:17:33.001064","train",37,0.04302041232585907,0.0009695121850221765,"","","","","",""
12500,"2026-08-02 11:17:33.891909","train",37,0.04304412007331848,0.0009690428140433901,"","","","","",""
12520,"2026-08-02 11:17:34.790393","train",37,0.08326222747564316,0.0009685699729314143,"","","","","",""
12540,"2026-08-02 11:17:35.573462","train",37,0.15816852450370789,0.0009680936651844978,"","","","","",""
12540,"2026-08-02 11:17:51.255268","val",37,"","",0.8221639344262295,0.29242359116771877,0.7439455971133162,0.7615780445969125,0.8022947925860546,0.8268439281221365
12560,"2026-08-02 11:18:02.588874","train",38,0.3155713677406311,0.0009676138943265374,"","","","","",""
12580,"2026-08-02 11:18:03.349396","train",38,0.32486873865127563,0.0009671306639070506,"","","","","",""
12600,"2026-08-02 11:18:04.149326","train",38,0.4028182327747345,0.0009666439775011509,"","","","","",""
12620,"2026-08-02 11:18:05.113403","train",38,0.15060599148273468,0.0009661538387095197,"","","","","",""
12640,"2026-08-02 11:18:05.843953","train",38,0.07063070684671402,0.0009656602511583806,"","","","","",""
12660,"2026-08-02 11:18:06.620566","train",38,0.19713503122329712,0.0009651632184994726,"","","","","",""
12680,"2026-08-02 11:18:07.407768","train",38,0.02356243133544922,0.0009646627444100225,"","","","","",""
12700,"2026-08-02 11:18:08.151769","train",38,0.08107511699199677,0.0009641588325927184,"","","","","",""
12720,"2026-08-02 11:18:08.947308","train",38,0.24327248334884644,0.0009636514867756814,"","","","","",""
12740,"2026-08-02 11:18:09.856686","train",38,0.041147105395793915,0.0009631407107124391,"","","","","",""
12760,"2026-08-02 11:18:10.613039","train",38,0.24482041597366333,0.0009626265081818975,"","","","","",""
12780,"2026-08-02 11:18:11.530540","train",38,0.17495189607143402,0.0009621088829883118,"","","","","",""
12800,"2026-08-02 11:18:12.407803","train",38,0.1300000697374344,0.0009615878389612605,"","","","","",""
12820,"2026-08-02 11:18:13.234274","train",38,0.1738702356815338,0.0009610633799556149,"","","","","",""
12840,"2026-08-02 11:18:14.073034","train",38,0.01528535783290863,0.0009605355098515122,"","","","","",""
12860,"2026-08-02 11:18:14.950469","train",38,0.1419089436531067,0.000960004232554326,"","","","","",""
12870,"2026-08-02 11:18:31.119899","val",38,"","",0.8212868852459015,0.2839993289345353,0.7346471445423635,0.7375643224699828,0.8080317740511915,0.828956155745725
12880,"2026-08-02 11:18:42.043204","train",39,0.12272967398166656,0.0009594695519946373,"","","","","",""
12900,"2026-08-02 11:18:42.897977","train",39,0.5975726842880249,0.0009589314721282059,"","","","","",""
12920,"2026-08-02 11:18:43.816674","train",39,0.28156664967536926,0.0009583899969359406,"","","","","",""
12940,"2026-08-02 11:18:44.797940","train",39,0.16802343726158142,0.0009578451304238705,"","","","","",""
12960,"2026-08-02 11:18:45.648568","train",39,0.47274792194366455,0.0009572968766231145,"","","","","",""
12980,"2026-08-02 11:18:46.402302","train",39,0.41118481755256653,0.0009567452395898524,"","","","","",""
13000,"2026-08-02 11:18:47.292909","train",39,0.07325228303670883,0.0009561902234052934,"","","","","",""
13020,"2026-08-02 11:18:48.117540","train",39,0.0686880499124527,0.000955631832175648,"","","","","",""
13040,"2026-08-02 11:18:49.067234","train",39,0.19529853761196136,0.0009550700700320959,"","","","","",""
13060,"2026-08-02 11:18:49.857741","train",39,0.165309339761734,0.0009545049411307559,"","","","","",""
13080,"2026-08-02 11:18:50.655694","train",39,0.1886288970708847,0.000953936449652656,"","","","","",""
13100,"2026-08-02 11:18:51.539801","train",39,0.31543248891830444,0.0009533645998037009,"","","","","",""
13120,"2026-08-02 11:18:52.319366","train",39,0.2880375385284424,0.0009527893958146422,"","","","","",""
13140,"2026-08-02 11:18:53.086446","train",39,0.36025458574295044,0.0009522108419410466,"","","","","",""
13160,"2026-08-02 11:18:53.926927","train",39,0.30523380637168884,0.0009516289424632647,"","","","","",""
13180,"2026-08-02 11:18:54.798242","train",39,0.08705876022577286,0.0009510437016863984,"","","","","",""
13200,"2026-08-02 11:18:55.607309","train",39,0.21369528770446777,0.0009504551239402702,"","","","","",""
13200,"2026-08-02 11:19:12.090254","val",39,"","",0.8248114754098359,0.31085473409087483,0.73700645340365,0.7667238421955404,0.7992056487202118,0.8322176836939135
13220,"2026-08-02 11:19:23.592532","train",40,0.4403449594974518,0.0009498632135793907,"","","","","",""
13240,"2026-08-02 11:19:24.351212","train",40,0.22754287719726562,0.0009492679749829264,"","","","","",""
13260,"2026-08-02 11:19:25.233602","train",40,0.16624048352241516,0.0009486694125546672,"","","","","",""
13280,"2026-08-02 11:19:26.141565","train",40,0.03361659497022629,0.000948067530722994,"","","","","",""
13300,"2026-08-02 11:19:26.918862","train",40,0.36066436767578125,0.0009474623339408456,"","","","","",""
13320,"2026-08-02 11:19:27.829947","train",40,0.20604369044303894,0.0009468538266856862,"","","","","",""
13340,"2026-08-02 11:19:28.658056","train",40,0.044977493584156036,0.0009462420134594722,"","","","","",""
13360,"2026-08-02 11:19:29.617288","train",40,0.06281493604183197,0.0009456268987886185,"","","","","",""
13380,"2026-08-02 11:19:30.466864","train",40,0.05024634301662445,0.0009450084872239655,"","","","","",""
13400,"2026-08-02 11:19:31.279834","train",40,0.1301998645067215,0.000944386783340745,"","","","","",""
13420,"2026-08-02 11:19:32.023513","train",40,0.34007760882377625,0.0009437617917385465,"","","","","",""
13440,"2026-08-02 11:19:32.818815","train",40,0.374256432056427,0.0009431335170412836,"","","","","",""
13460,"2026-08-02 11:19:33.691541","train",40,0.21034616231918335,0.0009425019638971592,"","","","","",""
13480,"2026-08-02 11:19:34.645481","train",40,0.4273679554462433,0.0009418671369786314,"","","","","",""
13500,"2026-08-02 11:19:35.439059","train",40,0.11553693562746048,0.0009412290409823789,"","","","","",""
13520,"2026-08-02 11:19:36.292199","train",40,0.03139136731624603,0.0009405876806292657,"","","","","",""
13530,"2026-08-02 11:19:52.317122","val",40,"","",0.8265819672131147,0.30390445383262504,0.7483866490875026,0.7461406518010292,0.793909973521624,0.8394241073508627
13540,"2026-08-02 11:20:03.200623","train",41,0.2678319811820984,0.0009399430606643075,"","","","","",""
13560,"2026-08-02 11:20:04.021334","train",41,0.28624874353408813,0.0009392951858566352,"","","","","",""
13580,"2026-08-02 11:20:05.002632","train",41,0.5181004405021667,0.0009386440609994606,"","","","","",""
13600,"2026-08-02 11:20:05.733011","train",41,0.02100031077861786,0.0009379896909100403,"","","","","",""
13620,"2026-08-02 11:20:06.506686","train",41,0.06742902100086212,0.0009373320804296402,"","","","","",""
13640,"2026-08-02 11:20:07.289933","train",41,0.12196537107229233,0.0009366712344235001,"","","","","",""
13660,"2026-08-02 11:20:08.110995","train",41,0.5189295411109924,0.000936007157780797,"","","","","",""
13680,"2026-08-02 11:20:08.893778","train",41,0.05967441201210022,0.0009353398554146096,"","","","","",""
13700,"2026-08-02 11:20:09.657480","train",41,0.05484984815120697,0.0009346693322618817,"","","","","",""
13720,"2026-08-02 11:20:10.448554","train",41,0.10807309299707413,0.0009339955932833856,"","","","","",""
13740,"2026-08-02 11:20:11.310104","train",41,0.09257380664348602,0.0009333186434636852,"","","","","",""
13760,"2026-08-02 11:20:12.069118","train",41,0.20665691792964935,0.0009326384878110994,"","","","","",""
13780,"2026-08-02 11:20:12.857023","train",41,0.08627773076295853,0.0009319551313576655,"","","","","",""
13800,"2026-08-02 11:20:13.625022","train",41,0.489940881729126,0.000931268579159101,"","","","","",""
13820,"2026-08-02 11:20:14.414380","train",41,0.1717206835746765,0.0009305788362947666,"","","","","",""
13840,"2026-08-02 11:20:15.312430","train",41,0.03027646243572235,0.000929885907867629,"","","","","",""
13860,"2026-08-02 11:20:16.200687","train",41,0.21247446537017822,0.0009291897990042229,"","","","","",""
13860,"2026-08-02 11:20:32.384203","val",41,"","",0.8273934426229509,0.3116562697152594,0.7469294289084727,0.7873070325900515,0.795233892321271,0.8350288101635424
13880,"2026-08-02 11:20:43.750864","train",42,0.19347545504570007,0.0009284905148546127,"","","","","",""
13900,"2026-08-02 11:20:44.732974","train",42,0.038508884608745575,0.0009277880605923551,"","","","","",""
13920,"2026-08-02 11:20:45.612310","train",42,0.1279754340648651,0.0009270824414144598,"","","","","",""
13940,"2026-08-02 11:20:46.365323","train",42,0.5967082977294922,0.0009263736625413523,"","","","","",""
13960,"2026-08-02 11:20:47.172983","train",42,0.029990971088409424,0.0009256617292168344,"","","","","",""
13980,"2026-08-02 11:20:48.134459","train",42,0.3355540931224823,0.0009249466467080459,"","","","","",""
14000,"2026-08-02 11:20:48.969940","train",42,0.09985160082578659,0.0009242284203054251,"","","","","",""
14020,"2026-08-02 11:20:49.869073","train",42,0.2499854564666748,0.0009235070553226701,"","","","","",""
14040,"2026-08-02 11:20:50.686096","train",42,0.1617606282234192,0.0009227825570966992,"","","","","",""
14060,"2026-08-02 11:20:51.474167","train",42,0.2513526976108551,0.000922054930987612,"","","","","",""
14080,"2026-08-02 11:20:52.308485","train",42,0.08810420334339142,0.0009213241823786488,"","","","","",""
14100,"2026-08-02 11:20:53.138977","train",42,0.09894043952226639,0.0009205903166761517,"","","","","",""
14120,"2026-08-02 11:20:53.935522","train",42,0.16041842103004456,0.0009198533393095235,"","","","","",""
14140,"2026-08-02 11:20:54.798459","train",42,0.1006857305765152,0.0009191132557311893,"","","","","",""
14160,"2026-08-02 11:20:55.653634","train",42,0.1466600000858307,0.000918370071416554,"","","","","",""
14180,"2026-08-02 11:20:56.583939","train",42,0.15708695352077484,0.0009176237918639635,"","","","","",""
14190,"2026-08-02 11:21:12.828459","val",42,"","",0.819327868852459,0.30088011808140813,0.7433904656165429,0.7753001715265866,0.7846425419240953,0.8269215835494742
14200,"2026-08-02 11:21:23.818686","train",43,0.46884971857070923,0.0009168744225946633,"","","","","",""
14220,"2026-08-02 11:21:24.795209","train",43,0.17322370409965515,0.0009161219691527575,"","","","","",""
14240,"2026-08-02 11:21:25.726382","train",43,0.3353380262851715,0.0009153664371051681,"","","","","",""
14260,"2026-08-02 11:21:26.740231","train",43,0.26272112131118774,0.0009146078320415942,"","","","","",""
14280,"2026-08-02 11:21:27.669334","train",43,0.08876349031925201,0.0009138461595744694,"","","","","",""
14300,"2026-08-02 11:21:28.534226","train",43,0.3451738655567169,0.0009130814253389216,"","","","","",""
14320,"2026-08-02 11:21:29.322357","train",43,0.12594591081142426,0.0009123136349927306,"","","","","",""
14340,"2026-08-02 11:21:30.081194","train",43,0.38116535544395447,0.0009115427942162865,"","","","","",""
14360,"2026-08-02 11:21:30.967256","train",43,0.13180087506771088,0.0009107689087125475,"","","","","",""
14380,"2026-08-02 11:21:31.730730","train",43,0.3585283160209656,0.0009099919842069977,"","","","","",""
14400,"2026-08-02 11:21:32.586877","train",43,0.03989959508180618,0.0009092120264476049,"","","","","",""
14420,"2026-08-02 11:21:33.417420","train",43,0.36343249678611755,0.0009084290412047783,"","","","","",""
14440,"2026-08-02 11:21:34.218139","train",43,0.3635576069355011,0.000907643034271325,"","","","","",""
14460,"2026-08-02 11:21:34.978025","train",43,0.09875907003879547,0.0009068540114624081,"","","","","",""
14480,"2026-08-02 11:21:35.855886","train",43,0.024397045373916626,0.0009060619786155029,"","","","","",""
14500,"2026-08-02 11:21:36.833249","train",43,0.32137569785118103,0.0009052669415903542,"","","","","",""
14520,"2026-08-02 11:21:37.649262","train",43,0.5538332462310791,0.0009044689062689329,"","","","","",""
14520,"2026-08-02 11:21:53.500569","val",43,"","",0.8157377049180328,0.28709695136461894,0.7285406980778572,0.7787307032590052,0.8051632833186232,0.8171369997049093
14540,"2026-08-02 11:22:04.776595","train",44,0.355185329914093,0.0009036678785553922,"","","","","",""
14560,"2026-08-02 11:22:05.552535","train",44,0.024567991495132446,0.0009028638643760243,"","","","","",""
14580,"2026-08-02 11:22:06.418145","train",44,0.33230477571487427,0.0009020568696792159,"","","","","",""
14600,"2026-08-02 11:22:07.212064","train",44,0.09137755632400513,0.0009012469004354052,"","","","","",""
14620,"2026-08-02 11:22:08.030802","train",44,0.3802253007888794,0.0009004339626370371,"","","","","",""
14640,"2026-08-02 11:22:08.943409","train",44,0.32555243372917175,0.0008996180622985184,"","","","","",""
14660,"2026-08-02 11:22:09.790008","train",44,0.7413693070411682,0.0008987992054561744,"","","","","",""
14680,"2026-08-02 11:22:10.596293","train",44,0.0457753986120224,0.0008979773981682035,"","","","","",""
14700,"2026-08-02 11:22:11.464820","train",44,0.2920025587081909,0.0008971526465146324,"","","","","",""
14720,"2026-08-02 11:22:12.398181","train",44,0.07091639935970306,0.0008963249565972717,"","","","","",""
14740,"2026-08-02 11:22:13.274368","train",44,0.4540552496910095,0.0008954943345396698,"","","","","",""
14760,"2026-08-02 11:22:14.141138","train",44,0.38420769572257996,0.0008946607864870686,"","","","","",""
14780,"2026-08-02 11:22:15.059938","train",44,0.2670992910861969,0.0008938243186063572,"","","","","",""
14800,"2026-08-02 11:22:15.787360","train",44,0.22734835743904114,0.000892984937086027,"","","","","",""
14820,"2026-08-02 11:22:16.517603","train",44,0.18104161322116852,0.0008921426481361253,"","","","","",""
14840,"2026-08-02 11:22:17.437883","train",44,0.297976553440094,0.0008912974579882096,"","","","","",""
14850,"2026-08-02 11:22:33.662031","val",44,"","",0.8253688524590164,0.29301467867272013,0.7447782943584762,0.8078902229845626,0.8047219770520742,0.8294065572242845
14860,"2026-08-02 11:22:44.735720","train",45,0.1203739270567894,0.0008904493728953018,"","","","","",""
14880,"2026-08-02 11:22:45.565707","train",45,0.5066592693328857,0.0008895983991318411,"","","","","",""
14900,"2026-08-02 11:22:46.439638","train",45,0.09416414797306061,0.0008887445429936388,"","","","","",""
14920,"2026-08-02 11:22:47.305434","train",45,0.5673148036003113,0.0008878878107978304,"","","","","",""
14940,"2026-08-02 11:22:48.259033","train",45,0.4860166311264038,0.0008870282088828301,"","","","","",""
14960,"2026-08-02 11:22:49.252842","train",45,0.17698140442371368,0.000886165743608283,"","","","","",""
14980,"2026-08-02 11:22:50.035165","train",45,0.21116362512111664,0.0008853004213550183,"","","","","",""
15000,"2026-08-02 11:22:50.872237","train",45,0.5098702907562256,0.0008844322485250022,"","","","","",""
15020,"2026-08-02 11:22:51.784961","train",45,0.27810776233673096,0.0008835612315412907,"","","","","",""
15040,"2026-08-02 11:22:52.570650","train",45,0.07733766734600067,0.0008826873768479818,"","","","","",""
15060,"2026-08-02 11:22:53.342628","train",45,0.25713562965393066,0.0008818106909101677,"","","","","",""
15080,"2026-08-02 11:22:54.159531","train",45,0.3232667148113251,0.0008809311802138875,"","","","","",""
15100,"2026-08-02 11:22:54.993031","train",45,0.023770958185195923,0.0008800488512660785,"","","","","",""
15120,"2026-08-02 11:22:55.778494","train",45,0.29663076996803284,0.0008791637105945286,"","","","","",""
15140,"2026-08-02 11:22:56.566537","train",45,0.24580533802509308,0.0008782757647478281,"","","","","",""
15160,"2026-08-02 11:22:57.412211","train",45,0.17196153104305267,0.0008773850202953205,"","","","","",""
15180,"2026-08-02 11:22:58.119208","train",45,0.23682059347629547,0.000876491483827055,"","","","","",""
15180,"2026-08-02 11:23:14.010999","val",45,"","",0.8110819672131148,0.2845413986876957,0.7140378877246548,0.7650085763293311,0.763018534863195,0.8211595508410083
15200,"2026-08-02 11:23:25.518644","train",46,0.3124626874923706,0.0008755951619537365,"","","","","",""
15220,"2026-08-02 11:23:26.564636","train",46,0.02969837188720703,0.0008746960613066779,"","","","","",""
15240,"2026-08-02 11:23:27.630489","train",46,0.15903352200984955,0.0008737941885377502,"","","","","",""
15260,"2026-08-02 11:23:28.715592","train",46,0.1313861608505249,0.0008728895503193332,"","","","","",""
15280,"2026-08-02 11:23:29.614684","train",46,0.5697843432426453,0.0008719821533442674,"","","","","",""
15300,"2026-08-02 11:23:30.412495","train",46,0.06852016597986221,0.0008710720043258027,"","","","","",""
15320,"2026-08-02 11:23:31.218071","train",46,0.12555907666683197,0.0008701591099975499,"","","","","",""
15340,"2026-08-02 11:23:32.052450","train",46,0.7027668356895447,0.000869243477113431,"","","","","",""
15360,"2026-08-02 11:23:32.824121","train",46,0.29140666127204895,0.0008683251124476282,"","","","","",""
15380,"2026-08-02 11:23:33.805629","train",46,0.18904699385166168,0.0008674040227945346,"","","","","",""
15400,"2026-08-02 11:23:34.732193","train",46,0.06707224994897842,0.0008664802149687042,"","","","","",""
15420,"2026-08-02 11:23:35.750304","train",46,0.14293451607227325,0.0008655536958048002,"","","","","",""
15440,"2026-08-02 11:23:36.678242","train",46,0.08840949833393097,0.0008646244721575461,"","","","","",""
15460,"2026-08-02 11:23:37.496633","train",46,0.14944447576999664,0.0008636925509016732,"","","","","",""
15480,"2026-08-02 11:23:38.300274","train",46,0.5322837233543396,0.0008627579389318718,"","","","","",""
15500,"2026-08-02 11:23:39.137837","train",46,0.05807701125741005,0.0008618206431627382,"","","","","",""
15510,"2026-08-02 11:24:03.766376","val",46,"","",0.8261967213114754,0.326159581863149,0.7583096245923253,0.7821612349914238,0.794792586054722,0.8347803127960614
15520,"2026-08-02 11:24:16.262028","train",47,0.1816641390323639,0.0008608806705287248,"","","","","",""
15540,"2026-08-02 11:24:17.117834","train",47,0.05169452726840973,0.0008599380279840882,"","","","","",""
15560,"2026-08-02 11:24:17.976996","train",47,0.19396355748176575,0.0008589927225028383,"","","","","",""
15580,"2026-08-02 11:24:18.799091","train",47,0.2769423723220825,0.000858044761078686,"","","","","",""
15600,"2026-08-02 11:24:19.588054","train",47,0.16805703938007355,0.000857094150724992,"","","","","",""
15620,"2026-08-02 11:24:20.346795","train",47,0.443848192691803,0.0008561408984747147,"","","","","",""
15640,"2026-08-02 11:24:21.263405","train",47,0.2679476737976074,0.0008551850113803583,"","","","","",""
15660,"2026-08-02 11:24:21.993094","train",47,0.27356913685798645,0.0008542264965139202,"","","","","",""
15680,"2026-08-02 11:24:22.737585","train",47,0.07398645579814911,0.0008532653609668395,"","","","","",""
15700,"2026-08-02 11:24:23.602123","train",47,0.042869359254837036,0.0008523016118499437,"","","","","",""
15720,"2026-08-02 11:24:24.520420","train",47,0.1693897247314453,0.0008513352562933966,"","","","","",""
15740,"2026-08-02 11:24:25.392616","train",47,0.38560014963150024,0.0008503663014466452,"","","","","",""
15760,"2026-08-02 11:24:26.138816","train",47,0.039459675550460815,0.0008493947544783672,"","","","","",""
15780,"2026-08-02 11:24:26.917915","train",47,0.16604456305503845,0.0008484206225764174,"","","","","",""
15800,"2026-08-02 11:24:27.689062","train",47,0.04325832426548004,0.0008474439129477756,"","","","","",""
15820,"2026-08-02 11:24:28.652397","train",47,0.05899122729897499,0.0008464646328184915,"","","","","",""
15840,"2026-08-02 11:24:29.485899","train",47,0.17448648810386658,0.0008454827894336333,"","","","","",""
15840,"2026-08-02 11:24:45.450173","val",47,"","",0.8165245901639344,0.2864252793717141,0.7272222607730207,0.7941680960548885,0.7652250661959399,0.8258188764812773
15860,"2026-08-02 11:24:56.759797","train",48,0.04208895564079285,0.0008444983900572323,"","","","","",""
15880,"2026-08-02 11:24:57.620577","train",48,0.2935181260108948,0.0008435114419722305,"","","","","",""
15900,"2026-08-02 11:24:58.510861","train",48,0.29177260398864746,0.000842521952480426,"","","","","",""
15920,"2026-08-02 11:24:59.369114","train",48,0.10179895162582397,0.000841529928902419,"","","","","",""
15940,"2026-08-02 11:25:00.383973","train",48,0.17427173256874084,0.0008405353785775579,"","","","","",""
15960,"2026-08-02 11:25:01.316628","train",48,0.05963730067014694,0.0008395383088638848,"","","","","",""
15980,"2026-08-02 11:25:02.249119","train",48,0.05481346696615219,0.0008385387271380814,"","","","","",""
16000,"2026-08-02 11:25:03.293616","train",48,0.08097588270902634,0.0008375366407954139,"","","","","",""
16020,"2026-08-02 11:25:04.294506","train",48,0.20930300652980804,0.0008365320572496786,"","","","","",""
16040,"2026-08-02 11:25:05.372878","train",48,0.44864216446876526,0.0008355249839331472,"","","","","",""
16060,"2026-08-02 11:25:06.380435","train",48,0.25366640090942383,0.0008345154282965113,"","","","","",""
16080,"2026-08-02 11:25:07.492814","train",48,0.046807289123535156,0.0008335033978088281,"","","","","",""
16100,"2026-08-02 11:25:08.688309","train",48,0.20324558019638062,0.0008324888999574638,"","","","","",""
16120,"2026-08-02 11:25:09.767611","train",48,0.25931012630462646,0.0008314719422480401,"","","","","",""
16140,"2026-08-02 11:25:10.699193","train",48,0.09361891448497772,0.0008304525322043768,"","","","","",""
16160,"2026-08-02 11:25:11.716319","train",48,0.036010436713695526,0.0008294306773684374,"","","","","",""
16170,"2026-08-02 11:25:28.452681","val",48,"","",0.8345573770491803,0.2962025463933293,0.7662896398584415,0.7667238421955402,0.7844218887908208,0.8524391569726808
16180,"2026-08-02 11:25:39.561205","train",49,0.0408017560839653,0.0008284063853002725,"","","","","",""
16200,"2026-08-02 11:25:40.405233","train",49,0.5718994140625,0.0008273796635779648,"","","","","",""
16220,"2026-08-02 11:25:41.193084","train",49,0.3024510145187378,0.0008263505197975715,"","","","","",""
16240,"2026-08-02 11:25:41.952942","train",49,0.503734827041626,0.0008253189615730702,"","","","","",""
16260,"2026-08-02 11:25:42.751826","train",49,0.21155554056167603,0.0008242849965363005,"","","","","",""
16280,"2026-08-02 11:25:43.516626","train",49,0.1431806981563568,0.000823248632336909,"","","","","",""
16300,"2026-08-02 11:25:44.328063","train",49,0.2512214779853821,0.000822209876642292,"","","","","",""
16320,"2026-08-02 11:25:45.144239","train",49,0.0417245477437973,0.0008211687371375391,"","","","","",""
16340,"2026-08-02 11:25:46.072594","train",49,0.24549901485443115,0.0008201252215253757,"","","","","",""
16360,"2026-08-02 11:25:46.858432","train",49,0.1722899228334427,0.0008190793375261071,"","","","","",""
16380,"2026-08-02 11:25:47.688361","train",49,0.019509658217430115,0.0008180310928775603,"","","","","",""
16400,"2026-08-02 11:25:48.499728","train",49,0.06557737290859222,0.0008169804953350277,"","","","","",""
16420,"2026-08-02 11:25:49.335646","train",49,0.10960303246974945,0.0008159275526712089,"","","","","",""
16440,"2026-08-02 11:25:50.129834","train",49,0.49891209602355957,0.0008148722726761536,"","","","","",""
16460,"2026-08-02 11:25:50.996559","train",49,0.14617133140563965,0.0008138146631572041,"","","","","",""
16480,"2026-08-02 11:25:51.744679","train",49,0.03289029002189636,0.000812754731938937,"","","","","",""
16500,"2026-08-02 11:25:52.514088","train",49,0.24223333597183228,0.0008116924868631064,"","","","","",""
16500,"2026-08-02 11:26:08.672361","val",49,"","",0.8234754098360655,0.2918469217871119,0.7493581292068558,0.7787307032590052,0.7539717563989409,0.8434777206578968
16520,"2026-08-02 11:26:20.080850","train",50,0.3076102137565613,0.0008106279357885843,"","","","","",""
16540,"2026-08-02 11:26:21.022139","train",50,0.11528854072093964,0.0008095610865913037,"","","","","",""
16560,"2026-08-02 11:26:21.820083","train",50,0.18768030405044556,0.0008084919471642,"","","","","",""
16580,"2026-08-02 11:26:22.716781","train",50,0.08028849959373474,0.0008074205254171526,"","","","","",""
16600,"2026-08-02 11:26:23.701969","train",50,0.5583710670471191,0.0008063468292769259,"","","","","",""
16620,"2026-08-02 11:26:24.598451","train",50,0.15432116389274597,0.0008052708666871115,"","","","","",""
16640,"2026-08-02 11:26:25.458978","train",50,0.04465244710445404,0.0008041926456080691,"","","","","",""
16660,"2026-08-02 11:26:26.181500","train",50,0.32004666328430176,0.0008031121740168669,"","","","","",""
16680,"2026-08-02 11:26:27.138462","train",50,0.15893660485744476,0.0008020294599072239,"","","","","",""
16700,"2026-08-02 11:26:28.079842","train",50,0.06680737435817719,0.0008009445112894496,"","","","","",""
16720,"2026-08-02 11:26:28.935251","train",50,0.15983512997627258,0.0007998573361903856,"","","","","",""
16740,"2026-08-02 11:26:29.693913","train",50,0.029074788093566895,0.0007987679426533454,"","","","","",""
16760,"2026-08-02 11:26:30.495993","train",50,0.22132959961891174,0.0007976763387380555,"","","","","",""
16780,"2026-08-02 11:26:31.326822","train",50,0.3920288681983948,0.0007965825325205955,"","","","","",""
16800,"2026-08-02 11:26:32.121734","train",50,0.27976298332214355,0.0007954865320933387,"","","","","",""
16820,"2026-08-02 11:26:32.938291","train",50,0.18031924962997437,0.0007943883455648914,"","","","","",""
16830,"2026-08-02 11:26:49.206338","val",50,"","",0.8195901639344262,0.2773096392782954,0.7432516827423495,0.7615780445969125,0.7667696381288615,0.8323264012921864
16840,"2026-08-02 11:27:00.209571","train",51,0.2162444293498993,0.0007932879810600342,"","","","","",""
16860,"2026-08-02 11:27:01.166092","train",51,0.13861674070358276,0.0007921854467196603,"","","","","",""
16880,"2026-08-02 11:27:01.977681","train",51,0.6765944957733154,0.000791080750700717,"","","","","",""
16900,"2026-08-02 11:27:02.854839","train",51,0.30259647965431213,0.0007899739011761438,"","","","","",""
16920,"2026-08-02 11:27:03.799530","train",51,0.06049094721674919,0.000788864906334813,"","","","","",""
16940,"2026-08-02 11:27:04.578897","train",51,0.5594558715820312,0.0007877537743814686,"","","","","",""
16960,"2026-08-02 11:27:05.585563","train",51,0.07964352518320084,0.0007866405135366658,"","","","","",""
16980,"2026-08-02 11:27:06.397991","train",51,0.054607413709163666,0.0007855251320367098,"","","","","",""
17000,"2026-08-02 11:27:07.200989","train",51,0.17163610458374023,0.0007844076381335958,"","","","","",""
17020,"2026-08-02 11:27:07.978926","train",51,0.129698246717453,0.0007832880400949465,"","","","","",""
17040,"2026-08-02 11:27:08.799939","train",51,0.41272202134132385,0.0007821663462039523,"","","","","",""
17060,"2026-08-02 11:27:09.655477","train",51,0.13758960366249084,0.0007810425647593095,"","","","","",""
17080,"2026-08-02 11:27:10.638358","train",51,0.1482890248298645,0.0007799167040751588,"","","","","",""
17100,"2026-08-02 11:27:11.397974","train",51,0.031384631991386414,0.0007787887724810234,"","","","","",""
17120,"2026-08-02 11:27:12.242706","train",51,0.20644526183605194,0.0007776587783217486,"","","","","",""
17140,"2026-08-02 11:27:13.091276","train",51,0.06217591464519501,0.0007765267299574388,"","","","","",""
17160,"2026-08-02 11:27:13.853189","train",51,0.08654138445854187,0.0007753926357633962,"","","","","",""
17160,"2026-08-02 11:27:30.144728","val",51,"","",0.8373852459016393,0.3093027178315782,0.7627506765665117,0.7770154373927959,0.8097969991173875,0.8472207122555795
17180,"2026-08-02 11:27:42.279456","train",52,0.22144505381584167,0.0007742565041300591,"","","","","",""
17200,"2026-08-02 11:27:43.223170","train",52,0.14030121266841888,0.0007731183434629391,"","","","","",""
17220,"2026-08-02 11:27:44.005859","train",52,0.12060291320085526,0.0007719781621825595,"","","","","",""
17240,"2026-08-02 11:27:44.794316","train",52,0.12025225907564163,0.0007708359687243929,"","","","","",""
17260,"2026-08-02 11:27:45.640281","train",52,0.05480751767754555,0.0007696917715387988,"","","","","",""
17280,"2026-08-02 11:27:46.486100","train",52,0.047602251172065735,0.0007685455790909605,"","","","","",""
17300,"2026-08-02 11:27:47.321349","train",52,0.2945149838924408,0.0007673973998608237,"","","","","",""
17320,"2026-08-02 11:27:48.142215","train",52,0.1677664816379547,0.0007662472423430322,"","","","","",""
17340,"2026-08-02 11:27:48.935245","train",52,0.03113745152950287,0.0007650951150468667,"","","","","",""
17360,"2026-08-02 11:27:49.782530","train",52,0.14707395434379578,0.0007639410264961805,"","","","","",""
17380,"2026-08-02 11:27:50.568127","train",52,0.10650777071714401,0.0007627849852293374,"","","","","",""
17400,"2026-08-02 11:27:51.405089","train",52,0.42073822021484375,0.0007616269997991476,"","","","","",""
17420,"2026-08-02 11:27:52.261675","train",52,0.1843458116054535,0.0007604670787728049,"","","","","",""
17440,"2026-08-02 11:27:53.141558","train",52,0.1903148889541626,0.0007593052307318242,"","","","","",""
17460,"2026-08-02 11:27:54.002941","train",52,0.036747343838214874,0.000758141464271976,"","","","","",""
17480,"2026-08-02 11:27:54.849777","train",52,0.23301029205322266,0.0007569757880032251,"","","","","",""
17490,"2026-08-02 11:28:11.927809","val",52,"","",0.8110409836065574,0.27222769449216133,0.7198667684407745,0.7564322469982847,0.7577228596646073,0.82650224424185
17500,"2026-08-02 11:28:23.651098","train",53,0.2584914565086365,0.0007558082105496642,"","","","","",""
17520,"2026-08-02 11:28:24.649549","train",53,0.1633330136537552,0.0007546387405494536,"","","","","",""
17540,"2026-08-02 11:28:25.444905","train",53,0.2141338288784027,0.000753467386654754,"","","","","",""
17560,"2026-08-02 11:28:26.254324","train",53,0.26100271940231323,0.000752294157531664,"","","","","",""
17580,"2026-08-02 11:28:27.067502","train",53,0.3130383789539337,0.0007511190618601558,"","","","","",""
17600,"2026-08-02 11:28:27.856382","train",53,0.29947519302368164,0.000749942108334012,"","","","","",""
17620,"2026-08-02 11:28:28.604471","train",53,0.9696688652038574,0.0007487633056607588,"","","","","",""
17640,"2026-08-02 11:28:29.455292","train",53,0.03794659674167633,0.0007475826625616039,"","","","","",""
17660,"2026-08-02 11:28:30.308214","train",53,0.20883893966674805,0.0007464001877713711,"","","","","",""
17680,"2026-08-02 11:28:31.199150","train",53,0.47234901785850525,0.0007452158900384354,"","","","","",""
17700,"2026-08-02 11:28:31.986852","train",53,0.280605286359787,0.0007440297781246589,"","","","","",""
17720,"2026-08-02 11:28:32.788611","train",53,0.07018549740314484,0.0007428418608053254,"","","","","",""
17740,"2026-08-02 11:28:33.651568","train",53,0.12081257253885269,0.000741652146869076,"","","","","",""
17760,"2026-08-02 11:28:34.399766","train",53,0.2687450051307678,0.0007404606451178436,"","","","","",""
17780,"2026-08-02 11:28:35.223179","train",53,0.2883259952068329,0.0007392673643667882,"","","","","",""
17800,"2026-08-02 11:28:36.035416","train",53,0.1351514458656311,0.0007380723134442313,"","","","","",""
17820,"2026-08-02 11:28:36.885039","train",53,0.49154889583587646,0.0007368755011915907,"","","","","",""
17820,"2026-08-02 11:28:52.959371","val",53,"","",0.7993360655737706,0.2749241749185899,0.6970369856359725,0.7735849056603774,0.7316857899382172,0.8131765729106807
17840,"2026-08-02 11:29:04.319714","train",54,0.11668436974287033,0.0007356769364633155,"","","","","",""
17860,"2026-08-02 11:29:05.154270","train",54,0.02383306622505188,0.0007344766281268202,"","","","","",""
17880,"2026-08-02 11:29:05.893123","train",54,0.40754368901252747,0.0007332745850624187,"","","","","",""
17900,"2026-08-02 11:29:06.703612","train",54,0.20617380738258362,0.0007320708161632593,"","","","","",""
17920,"2026-08-02 11:29:07.568385","train",54,0.02034643292427063,0.0007308653303352589,"","","","","",""
17940,"2026-08-02 11:29:08.391546","train",54,0.21292337775230408,0.0007296581364970365,"","","","","",""
17960,"2026-08-02 11:29:09.288470","train",54,0.14403139054775238,0.0007284492435798479,"","","","","",""
17980,"2026-08-02 11:29:10.237839","train",54,0.3497776389122009,0.0007272386605275188,"","","","","",""
18000,"2026-08-02 11:29:11.103656","train",54,0.05128585547208786,0.0007260263962963798,"","","","","",""
18020,"2026-08-02 11:29:12.057260","train",54,0.9893325567245483,0.0007248124598551987,"","","","","",""
18040,"2026-08-02 11:29:12.996538","train",54,0.08377783745527267,0.0007235968601851157,"","","","","",""
18060,"2026-08-02 11:29:13.898557","train",54,0.27872520685195923,0.0007223796062795756,"","","","","",""
18080,"2026-08-02 11:29:14.786873","train",54,0.3116188049316406,0.000721160707144262,"","","","","",""
18100,"2026-08-02 11:29:15.582812","train",54,0.0278337299823761,0.0007199401717970308,"","","","","",""
18120,"2026-08-02 11:29:16.475506","train",54,0.19143402576446533,0.0007187180092678426,"","","","","",""
18140,"2026-08-02 11:29:17.365564","train",54,0.5203877687454224,0.0007174942285986969,"","","","","",""
18150,"2026-08-02 11:29:34.341751","val",54,"","",0.829639344262295,0.3037835365094914,0.758170841718132,0.7804459691252144,0.7703000882612534,0.8438504667091183
18160,"2026-08-02 11:29:45.363089","train",55,0.11229339241981506,0.0007162688388435649,"","","","","",""
18180,"2026-08-02 11:29:46.300370","train",55,0.10643991082906723,0.0007150418490683215,"","","","","",""
18200,"2026-08-02 11:29:47.042802","train",55,0.21284101903438568,0.0007138132683506806,"","","","","",""
18220,"2026-08-02 11:29:47.814298","train",55,0.2577827572822571,0.0007125831057801255,"","","","","",""
18240,"2026-08-02 11:29:48.740293","train",55,0.07554486393928528,0.0007113513704578422,"","","","","",""
18260,"2026-08-02 11:29:49.558902","train",55,0.049627434462308884,0.0007101180714966537,"","","","","",""
18280,"2026-08-02 11:29:50.371532","train",55,0.2597273886203766,0.0007088832180209505,"","","","","",""
18300,"2026-08-02 11:29:51.282073","train",55,0.09189283102750778,0.0007076468191666243,"","","","","",""
18320,"2026-08-02 11:29:52.070015","train",55,0.02798469364643097,0.0007064088840809997,"","","","","",""
18340,"2026-08-02 11:29:53.016255","train",55,0.6738904118537903,0.0007051694219227674,"","","","","",""
18360,"2026-08-02 11:29:53.897147","train",55,0.03143158555030823,0.0007039284418619156,"","","","","",""
18380,"2026-08-02 11:29:54.661505","train",55,0.478819340467453,0.0007026859530796627,"","","","","",""
18400,"2026-08-02 11:29:55.658844","train",55,0.13764411211013794,0.0007014419647683888,"","","","","",""
18420,"2026-08-02 11:29:56.590059","train",55,0.5495115518569946,0.0007001964861315686,"","","","","",""
18440,"2026-08-02 11:29:57.443088","train",55,0.3702203333377838,0.0006989495263837024,"","","","","",""
18460,"2026-08-02 11:29:58.355534","train",55,0.11108794063329697,0.0006977010947502481,"","","","","",""
18480,"2026-08-02 11:29:59.093835","train",55,0.42615553736686707,0.0006964512004675539,"","","","","",""
18480,"2026-08-02 11:30:15.032238","val",55,"","",0.8195901639344262,0.28064694545094954,0.73742280202623,0.7753001715265866,0.7616946160635482,0.8349822169071396
18500,"2026-08-02 11:30:26.422470","train",56,0.054816748946905136,0.0006951998527827879,"","","","","",""
18520,"2026-08-02 11:30:27.201875","train",56,0.14132051169872284,0.0006939470609538729,"","","","","",""
18540,"2026-08-02 11:30:28.070884","train",56,0.19600962102413177,0.0006926928342494139,"","","","","",""
18560,"2026-08-02 11:30:29.015544","train",56,0.21247485280036926,0.0006914371819486333,"","","","","",""
18580,"2026-08-02 11:30:29.815274","train",56,0.04852437227964401,0.0006901801133412994,"","","","","",""
18600,"2026-08-02 11:30:30.549857","train",56,0.03834235668182373,0.0006889216377276599,"","","","","",""
18620,"2026-08-02 11:30:31.299078","train",56,0.060151614248752594,0.000687661764418371,"","","","","",""
18640,"2026-08-02 11:30:32.193736","train",56,0.17497338354587555,0.0006864005027344305,"","","","","",""
18660,"2026-08-02 11:30:33.089500","train",56,0.10077732801437378,0.000685137862007107,"","","","","",""
18680,"2026-08-02 11:30:33.929412","train",56,0.025130420923233032,0.0006838738515778724,"","","","","",""
18700,"2026-08-02 11:30:34.665396","train",56,0.010449334979057312,0.0006826084807983322,"","","","","",""
18720,"2026-08-02 11:30:35.492413","train",56,0.19571760296821594,0.0006813417590301555,"","","","","",""
18740,"2026-08-02 11:30:36.427704","train",56,0.01716272532939911,0.0006800736956450075,"","","","","",""
18760,"2026-08-02 11:30:37.208969","train",56,0.05793937295675278,0.0006788043000244785,"","","","","",""
18780,"2026-08-02 11:30:38.117036","train",56,0.1931871920824051,0.0006775335815600153,"","","","","",""
18800,"2026-08-02 11:30:38.940240","train",56,0.07876843214035034,0.0006762615496528517,"","","","","",""
18810,"2026-08-02 11:30:55.187095","val",56,"","",0.831393442622951,0.3104050127643715,0.753244049684269,0.7530017152658662,0.7714033539276257,0.8490067870843492
18820,"2026-08-02 11:31:06.235585","train",57,0.08594749867916107,0.0006749882137139388,"","","","","",""
18840,"2026-08-02 11:31:07.088059","train",57,0.30202236771583557,0.0006737135831638752,"","","","","",""
18860,"2026-08-02 11:31:07.959343","train",57,0.4203287363052368,0.0006724376674328376,"","","","","",""
18880,"2026-08-02 11:31:08.936516","train",57,0.5332784652709961,0.0006711604759605112,"","","","","",""
18900,"2026-08-02 11:31:09.754260","train",57,0.05744130164384842,0.0006698820181960194,"","","","","",""
18920,"2026-08-02 11:31:10.506672","train",57,0.025786764919757843,0.0006686023035978537,"","","","","",""
18940,"2026-08-02 11:31:11.380668","train",57,0.1515718251466751,0.0006673213416338047,"","","","","",""
18960,"2026-08-02 11:31:12.313074","train",57,0.3116578459739685,0.0006660391417808913,"","","","","",""
18980,"2026-08-02 11:31:13.092257","train",57,0.3519073724746704,0.0006647557135252904,"","","","","",""
19000,"2026-08-02 11:31:13.983861","train",57,0.048501402139663696,0.0006634710663622678,"","","","","",""
19020,"2026-08-02 11:31:14.830633","train",57,0.13531097769737244,0.0006621852097961063,"","","","","",""
19040,"2026-08-02 11:31:15.711713","train",57,0.03360069543123245,0.000660898153340037,"","","","","",""
19060,"2026-08-02 11:31:16.660296","train",57,0.26123929023742676,0.0006596099065161678,"","","","","",""
19080,"2026-08-02 11:31:17.596663","train",57,0.17670753598213196,0.000658320478855414,"","","","","",""
19100,"2026-08-02 11:31:18.454813","train",57,0.044141314923763275,0.000657029879897426,"","","","","",""
19120,"2026-08-02 11:31:19.236581","train",57,0.22501346468925476,0.0006557381191905214,"","","","","",""
19140,"2026-08-02 11:31:20.047059","train",57,0.15921147167682648,0.0006544452062916113,"","","","","",""
19140,"2026-08-02 11:31:36.254545","val",57,"","",0.8216475409836065,0.2851015085312675,0.747484560405246,0.7804459691252144,0.749117387466902,0.8382126826843929
19160,"2026-08-02 11:31:47.914185","train",58,0.25879842042922974,0.0006531511507661324,"","","","","",""
19180,"2026-08-02 11:31:48.913955","train",58,0.2950635850429535,0.000651855962187974,"","","","","",""
19200,"2026-08-02 11:31:49.792609","train",58,0.10865379869937897,0.0006505596501394087,"","","","","",""
19220,"2026-08-02 11:31:50.714176","train",58,0.0883239284157753,0.000649262224211021,"","","","","",""
19240,"2026-08-02 11:31:51.676995","train",58,0.034497812390327454,0.0006479636940016358,"","","","","",""
19260,"2026-08-02 11:31:52.619956","train",58,0.5831738114356995,0.0006466640691182483,"","","","","",""
19280,"2026-08-02 11:31:53.605122","train",58,0.056848302483558655,0.0006453633591759523,"","","","","",""
19300,"2026-08-02 11:31:54.490480","train",58,0.025932200253009796,0.0006440615737978692,"","","","","",""
19320,"2026-08-02 11:31:55.587079","train",58,0.4117504358291626,0.000642758722615077,"","","","","",""
19340,"2026-08-02 11:31:56.617737","train",58,0.0490754097700119,0.0006414548152665391,"","","","","",""
19360,"2026-08-02 11:31:57.559212","train",58,0.25656557083129883,0.0006401498613990322,"","","","","",""
19380,"2026-08-02 11:31:58.579440","train",58,0.21148507297039032,0.0006388438706670764,"","","","","",""
19400,"2026-08-02 11:31:59.548769","train",58,0.14326855540275574,0.0006375368527328617,"","","","","",""
19420,"2026-08-02 11:32:00.511568","train",58,0.058581482619047165,0.000636228817266179,"","","","","",""
19440,"2026-08-02 11:32:01.472418","train",58,0.27282607555389404,0.0006349197739443463,"","","","","",""
19460,"2026-08-02 11:32:02.333540","train",58,0.020419761538505554,0.0006336097324521387,"","","","","",""
19470,"2026-08-02 11:32:18.878445","val",58,"","",0.8360737704918033,0.31353489030797904,0.769065297342308,0.7873070325900515,0.76522506619594,0.8519887554941215
19480,"2026-08-02 11:32:29.797364","train",59,0.10333500057458878,0.0006322987024817156,"","","","","",""
19500,"2026-08-02 11:32:30.628879","train",59,0.039660826325416565,0.00063098669373255,"","","","","",""
19520,"2026-08-02 11:32:31.462562","train",59,0.0819844976067543,0.0006296737159113561,"","","","","",""
19540,"2026-08-02 11:32:32.326364","train",59,0.22109365463256836,0.0006283597787320171,"","","","","",""
19560,"2026-08-02 11:32:33.096553","train",59,0.11781476438045502,0.0006270448919155152,"","","","","",""
19580,"2026-08-02 11:32:33.927147","train",59,0.08843769133090973,0.0006257290651898569,"","","","","",""
19600,"2026-08-02 11:32:34.786681","train",59,0.2849653959274292,0.0006244123082900032,"","","","","",""
19620,"2026-08-02 11:32:35.600752","train",59,0.11469335108995438,0.0006230946309577968,"","","","","",""
19640,"2026-08-02 11:32:36.456217","train",59,0.11889879405498505,0.0006217760429418904,"","","","","",""
19660,"2026-08-02 11:32:37.215793","train",59,0.23098284006118774,0.0006204565539976736,"","","","","",""
19680,"2026-08-02 11:32:38.061648","train",59,0.06467044353485107,0.0006191361738872018,"","","","","",""
19700,"2026-08-02 11:32:38.883570","train",59,0.42066842317581177,0.0006178149123791235,"","","","","",""
19720,"2026-08-02 11:32:39.665597","train",59,0.3404255211353302,0.000616492779248608,"","","","","",""
19740,"2026-08-02 11:32:40.434951","train",59,0.23356357216835022,0.0006151697842772735,"","","","","",""
19760,"2026-08-02 11:32:41.276823","train",59,0.16451291739940643,0.0006138459372531141,"","","","","",""
19780,"2026-08-02 11:32:42.115045","train",59,0.3106525242328644,0.0006125212479704276,"","","","","",""
19800,"2026-08-02 11:32:42.950829","train",59,0.03892338275909424,0.0006111957262297435,"","","","","",""
19800,"2026-08-02 11:32:59.017643","val",59,"","",0.8289754098360655,0.31425895275173565,0.7591423218374852,0.79073756432247,0.7872903795233893,0.8407442496156056
19820,"2026-08-02 11:33:10.359119","train",60,0.10125905275344849,0.0006098693818377501,"","","","","",""
19840,"2026-08-02 11:33:11.297418","train",60,0.23555892705917358,0.0006085422246072213,"","","","","",""
19860,"2026-08-02 11:33:12.057909","train",60,0.02625325322151184,0.0006072142643569456,"","","","","",""
19880,"2026-08-02 11:33:12.916618","train",60,0.13542883098125458,0.000605885510911652,"","","","","",""
19900,"2026-08-02 11:33:13.811743","train",60,0.0685289055109024,0.000604555974101938,"","","","","",""
19920,"2026-08-02 11:33:14.525443","train",60,0.4653003513813019,0.0006032256637641966,"","","","","",""
19940,"2026-08-02 11:33:15.376740","train",60,0.061322953552007675,0.0006018945897405437,"","","","","",""
19960,"2026-08-02 11:33:16.186000","train",60,0.1666499227285385,0.0006005627618787451,"","","","","",""
19980,"2026-08-02 11:33:17.091353","train",60,0.04936067759990692,0.0005992301900321441,"","","","","",""
20000,"2026-08-02 11:33:17.947768","train",60,0.10686120390892029,0.0005978968840595881,"","","","","",""
20020,"2026-08-02 11:33:18.913290","train",60,0.04982295632362366,0.0005965628538253555,"","","","","",""
20040,"2026-08-02 11:33:19.722261","train",60,0.07744279503822327,0.0005952281091990836,"","","","","",""
20060,"2026-08-02 11:33:20.598207","train",60,0.21196426451206207,0.0005938926600556948,"","","","","",""
20080,"2026-08-02 11:33:21.437883","train",60,0.1340979039669037,0.0005925565162753236,"","","","","",""
20100,"2026-08-02 11:33:22.296057","train",60,0.22395244240760803,0.0005912196877432438,"","","","","",""
20120,"2026-08-02 11:33:23.103042","train",60,0.25209203362464905,0.0005898821843497954,"","","","","",""
20130,"2026-08-02 11:33:39.738894","val",60,"","",0.8372295081967214,0.3045823967981446,0.7687877315939213,0.7975986277873071,0.8022947925860547,0.847950673272555
20140,"2026-08-02 11:33:50.798815","train",61,0.37600934505462646,0.000588544015990311,"","","","","",""
20160,"2026-08-02 11:33:51.693415","train",61,0.3034796714782715,0.000587205192565043,"","","","","",""
20180,"2026-08-02 11:33:52.515945","train",61,0.4222959578037262,0.0005858657239790902,"","","","","",""
20200,"2026-08-02 11:33:53.335534","train",61,0.14589664340019226,0.0005845256201423246,"","","","","",""
20220,"2026-08-02 11:33:54.211416","train",61,0.7945191860198975,0.000583184890969318,"","","","","",""
20240,"2026-08-02 11:33:55.131465","train",61,0.02582724392414093,0.0005818435463792684,"","","","","",""
20260,"2026-08-02 11:33:56.048392","train",61,0.15851768851280212,0.0005805015962959272,"","","","","",""
20280,"2026-08-02 11:33:56.837820","train",61,0.2597081959247589,0.0005791590506475252,"","","","","",""
20300,"2026-08-02 11:33:57.620872","train",61,0.11847282201051712,0.0005778159193666999,"","","","","",""
20320,"2026-08-02 11:33:58.506227","train",61,0.03774290159344673,0.0005764722123904208,"","","","","",""
20340,"2026-08-02 11:33:59.331048","train",61,0.28074485063552856,0.0005751279396599173,"","","","","",""
20360,"2026-08-02 11:34:00.290895","train",61,0.40410110354423523,0.0005737831111206038,"","","","","",""
20380,"2026-08-02 11:34:01.287211","train",61,0.7190142869949341,0.0005724377367220072,"","","","","",""
20400,"2026-08-02 11:34:02.103547","train",61,0.3023115396499634,0.0005710918264176929,"","","","","",""
20420,"2026-08-02 11:34:02.927617","train",61,0.02892705425620079,0.0005697453901651909,"","","","","",""
20440,"2026-08-02 11:34:03.765339","train",61,0.015271395444869995,0.0005683984379259223,"","","","","",""
20460,"2026-08-02 11:34:04.596895","train",61,0.030462540686130524,0.0005670509796651261,"","","","","",""
20460,"2026-08-02 11:34:21.161691","val",61,"","",0.8266229508196721,0.295744626490056,0.7464436888487961,0.79073756432247,0.7484554280670785,0.8473760231102552
20480,"2026-08-02 11:34:32.563887","train",62,0.05623743683099747,0.0005657030253517846,"","","","","",""
20500,"2026-08-02 11:34:33.375096","train",62,0.03707242012023926,0.00056435458495855,"","","","","",""
20520,"2026-08-02 11:34:34.176847","train",62,0.05160321295261383,0.0005630056684616711,"","","","","",""
20540,"2026-08-02 11:34:35.018283","train",62,0.15827959775924683,0.0005616562858409188,"","","","","",""
20560,"2026-08-02 11:34:35.851771","train",62,0.0548543781042099,0.0005603064470795127,"","","","","",""
20580,"2026-08-02 11:34:36.674925","train",62,0.3250497579574585,0.0005589561621640469,"","","","","",""
20600,"2026-08-02 11:34:37.465328","train",62,0.042346179485321045,0.0005576054410844168,"","","","","",""
20620,"2026-08-02 11:34:38.280648","train",62,0.13445967435836792,0.0005562542938337439,"","","","","",""
20640,"2026-08-02 11:34:39.203288","train",62,0.10839391499757767,0.0005549027304083033,"","","","","",""
20660,"2026-08-02 11:34:39.996952","train",62,0.06041216850280762,0.0005535507608074488,"","","","","",""
20680,"2026-08-02 11:34:40.768544","train",62,0.19900673627853394,0.0005521983950335397,"","","","","",""
20700,"2026-08-02 11:34:41.571024","train",62,0.3067818582057953,0.0005508456430918656,"","","","","",""
20720,"2026-08-02 11:34:42.462190","train",62,0.042369842529296875,0.0005494925149905735,"","","","","",""
20740,"2026-08-02 11:34:43.320426","train",62,0.06468210369348526,0.0005481390207405936,"","","","","",""
20760,"2026-08-02 11:34:44.186158","train",62,0.03697708249092102,0.0005467851703555646,"","","","","",""
20780,"2026-08-02 11:34:44.953181","train",62,0.026893235743045807,0.0005454309738517603,"","","","","",""
20790,"2026-08-02 11:35:01.566765","val",62,"","",0.8246229508196722,0.31019253409990266,0.7354798417875235,0.7787307032590052,0.7376434245366283,0.8452482644011989
20800,"2026-08-02 11:35:12.625382","train",63,0.03010125458240509,0.0005440764412480147,"","","","","",""
20820,"2026-08-02 11:35:13.485722","train",63,0.13292211294174194,0.0005427215825656491,"","","","","",""
20840,"2026-08-02 11:35:14.376986","train",63,0.1931058168411255,0.000541366407828397,"","","","","",""
20860,"2026-08-02 11:35:15.253342","train",63,0.1302940994501114,0.00054001092706233,"","","","","",""
20880,"2026-08-02 11:35:16.053359","train",63,0.10785453766584396,0.0005386551502957836,"","","","","",""
20900,"2026-08-02 11:35:17.051989","train",63,0.016612529754638672,0.0005372990875592841,"","","","","",""
20920,"2026-08-02 11:35:18.044855","train",63,0.023171089589595795,0.0005359427488854725,"","","","","",""
20940,"2026-08-02 11:35:18.889652","train",63,0.5478954315185547,0.0005345861443090319,"","","","","",""
20960,"2026-08-02 11:35:19.664188","train",63,0.050006262958049774,0.0005332292838666125,"","","","","",""
20980,"2026-08-02 11:35:20.419846","train",63,0.2240939438343048,0.0005318721775967574,"","","","","",""
21000,"2026-08-02 11:35:21.318553","train",63,0.3597983717918396,0.0005305148355398283,"","","","","",""
21020,"2026-08-02 11:35:22.095188","train",63,0.026344820857048035,0.0005291572677379319,"","","","","",""
21040,"2026-08-02 11:35:22.901775","train",63,0.18210989236831665,0.0005277994842348444,"","","","","",""
21060,"2026-08-02 11:35:23.804822","train",63,0.34413784742355347,0.0005264414950759381,"","","","","",""
21080,"2026-08-02 11:35:24.593542","train",63,0.036695659160614014,0.000525083310308107,"","","","","",""
21100,"2026-08-02 11:35:25.621849","train",63,0.46258124709129333,0.0005237249399796919,"","","","","",""
21120,"2026-08-02 11:35:26.528079","train",63,0.3681831955909729,0.0005223663941404067,"","","","","",""
21120,"2026-08-02 11:35:42.658748","val",63,"","",0.8325081967213115,0.31568248394279147,0.7616404135729651,0.7993138936535162,0.7623565754633715,0.8491310357680898
21140,"2026-08-02 11:35:55.114959","train",64,0.2594887912273407,0.0005210076828412637,"","","","","",""
21160,"2026-08-02 11:35:55.949199","train",64,0.17158687114715576,0.0005196488161344995,"","","","","",""
21180,"2026-08-02 11:35:56.777348","train",64,0.016784101724624634,0.0005182898040735002,"","","","","",""
21200,"2026-08-02 11:35:57.598501","train",64,0.6903925538063049,0.0005169306567127274,"","","","","",""
21220,"2026-08-02 11:35:58.600618","train",64,0.04525025933980942,0.0005155713841076438,"","","","","",""
21240,"2026-08-02 11:35:59.387812","train",64,0.16400477290153503,0.0005142119963146384,"","","","","",""
21260,"2026-08-02 11:36:00.244811","train",64,0.021315813064575195,0.000512852503390953,"","","","","",""
21280,"2026-08-02 11:36:01.092314","train",64,0.37288427352905273,0.0005114929153946065,"","","","","",""
21300,"2026-08-02 11:36:01.941395","train",64,0.334423303604126,0.0005101332423843213,"","","","","",""
21320,"2026-08-02 11:36:02.700907","train",64,0.207919180393219,0.0005087734944194495,"","","","","",""
21340,"2026-08-02 11:36:03.490307","train",64,0.22781941294670105,0.0005074136815598969,"","","","","",""
21360,"2026-08-02 11:36:04.409233","train",64,0.3786936402320862,0.0005060538138660495,"","","","","",""
21380,"2026-08-02 11:36:05.346588","train",64,0.31575310230255127,0.0005046939013986997,"","","","","",""
21400,"2026-08-02 11:36:06.221897","train",64,0.19082117080688477,0.00050333395421897,"","","","","",""
21420,"2026-08-02 11:36:07.197364","train",64,0.1982422173023224,0.0005019739823882409,"","","","","",""
21440,"2026-08-02 11:36:08.022508","train",64,0.3813673257827759,0.0005006139959680745,"","","","","",""
21450,"2026-08-02 11:36:25.040627","val",64,"","",0.8267950819672132,0.3160210838917832,0.7375615849004233,0.7873070325900515,0.7616946160635482,0.8427477596409213
21460,"2026-08-02 11:36:36.122987","train",65,0.025105342268943787,0.0004992540050201411,"","","","","",""
21480,"2026-08-02 11:36:37.016799","train",65,0.18702903389930725,0.0004978940196061446,"","","","","",""
21500,"2026-08-02 11:36:38.018303","train",65,1.0495274066925049,0.0004965340497877474,"","","","","",""
21520,"2026-08-02 11:36:38.842188","train",65,0.15838424861431122,0.0004951741056264974,"","","","","",""
21540,"2026-08-02 11:36:39.745356","train",65,0.1680079698562622,0.0004938141971837522,"","","","","",""
21560,"2026-08-02 11:36:40.606642","train",65,0.2553418278694153,0.0004924543345206047,"","","","","",""
21580,"2026-08-02 11:36:41.484011","train",65,0.38015949726104736,0.00049109452769781,"","","","","",""
21600,"2026-08-02 11:36:42.344500","train",65,0.35071760416030884,0.0004897347867757098,"","","","","",""
21620,"2026-08-02 11:36:43.198313","train",65,0.46514105796813965,0.0004883751218141575,"","","","","",""
21640,"2026-08-02 11:36:44.044402","train",65,0.3258696496486664,0.00048701554287244555,"","","","","",""
21660,"2026-08-02 11:36:44.795626","train",65,0.3140520751476288,0.0004856560600092295,"","","","","",""
21680,"2026-08-02 11:36:45.685386","train",65,0.14725390076637268,0.000484296683282454,"","","","","",""
21700,"2026-08-02 11:36:46.457186","train",65,0.16009537875652313,0.0004829374227492786,"","","","","",""
21720,"2026-08-02 11:36:47.242483","train",65,0.2025771141052246,0.0004815782884660034,"","","","","",""
21740,"2026-08-02 11:36:48.085379","train",65,0.16303198039531708,0.00048021929048799395,"","","","","",""
21760,"2026-08-02 11:36:48.931288","train",65,0.029381737112998962,0.0004788604388696077,"","","","","",""
21780,"2026-08-02 11:36:49.695644","train",65,0.3395816385746002,0.00047750174366411967,"","","","","",""
21780,"2026-08-02 11:37:05.636703","val",65,"","",0.8204426229508196,0.3134554586834468,0.7212545971827077,0.7993138936535162,0.7837599293909974,0.8297637721900383
21800,"2026-08-02 11:37:17.091861","train",66,0.09479822218418121,0.00047614321492364664,"","","","","",""
21820,"2026-08-02 11:37:17.907744","train",66,0.23286986351013184,0.00047478486269907484,"","","","","",""
21840,"2026-08-02 11:37:18.708959","train",66,0.3276253342628479,0.0004734266970399842,"","","","","",""
21860,"2026-08-02 11:37:19.528269","train",66,0.11419296264648438,0.0004720687279945742,"","","","","",""
21880,"2026-08-02 11:37:20.303700","train",66,0.35090172290802,0.0004707109656095898,"","","","","",""
21900,"2026-08-02 11:37:21.169963","train",66,0.09631262719631195,0.00046935341993024714,"","","","","",""
21920,"2026-08-02 11:37:22.064434","train",66,0.0417085662484169,0.00046799610100015896,"","","","","",""
21940,"2026-08-02 11:37:22.983098","train",66,0.3605809509754181,0.0004666390188612604,"","","","","",""
21960,"2026-08-02 11:37:23.747245","train",66,0.03532033413648605,0.0004652821835537353,"","","","","",""
21980,"2026-08-02 11:37:24.507767","train",66,0.023479796946048737,0.00046392560511594006,"","","","","",""
22000,"2026-08-02 11:37:25.493512","train",66,0.16186439990997314,0.00046256929358433205,"","","","","",""
22020,"2026-08-02 11:37:26.308654","train",66,0.1869000941514969,0.00046121325899339333,"","","","","",""
22040,"2026-08-02 11:37:27.062682","train",66,0.0676964819431305,0.00045985751137555685,"","","","","",""
22060,"2026-08-02 11:37:27.902301","train",66,0.1761842668056488,0.0004585020607611329,"","","","","",""
22080,"2026-08-02 11:37:28.836688","train",66,0.38107484579086304,0.00045714691717823426,"","","","","",""
22100,"2026-08-02 11:37:29.723846","train",66,0.2032724916934967,0.0004557920906527019,"","","","","",""
22110,"2026-08-02 11:37:46.834602","val",66,"","",0.8304918032786885,0.3121711192182222,0.7519950038165291,0.797598627787307,0.7627978817299206,0.8490844425116871
22120,"2026-08-02 11:37:58.546116","train",67,0.08225078880786896,0.00045443759120803145,"","","","","",""
22140,"2026-08-02 11:37:59.467077","train",67,0.399719774723053,0.0004530834288652988,"","","","","",""
22160,"2026-08-02 11:38:00.360882","train",67,0.16188664734363556,0.0004517296136430853,"","","","","",""
22180,"2026-08-02 11:38:01.258607","train",67,0.13066625595092773,0.00045037615555740447,"","","","","",""
22200,"2026-08-02 11:38:02.198801","train",67,0.18891485035419464,0.0004490230646216278,"","","","","",""
22220,"2026-08-02 11:38:03.248332","train",67,0.2163742482662201,0.00044767035084641014,"","","","","",""
22240,"2026-08-02 11:38:04.128973","train",67,0.15019403398036957,0.000446318024239616,"","","","","",""
22260,"2026-08-02 11:38:04.940153","train",67,0.09417666494846344,0.000444966094806246,"","","","","",""
22280,"2026-08-02 11:38:05.720471","train",67,0.07869823276996613,0.0004436145725483613,"","","","","",""
22300,"2026-08-02 11:38:06.663694","train",67,0.3283383548259735,0.00044226346746501177,"","","","","",""
22320,"2026-08-02 11:38:07.512014","train",67,0.05605937913060188,0.0004409127895521602,"","","","","",""
22340,"2026-08-02 11:38:08.316799","train",67,0.2214949131011963,0.00043956254880260905,"","","","","",""
22360,"2026-08-02 11:38:09.134108","train",67,0.11638811230659485,0.0004382127552059268,"","","","","",""
22380,"2026-08-02 11:38:10.002245","train",67,0.03836508095264435,0.0004368634187483733,"","","","","",""
22400,"2026-08-02 11:38:10.796404","train",67,0.013795822858810425,0.0004355145494128266,"","","","","",""
22420,"2026-08-02 11:38:11.757243","train",67,0.0722513198852539,0.00043416615717870906,"","","","","",""
22440,"2026-08-02 11:38:12.495397","train",67,0.18099230527877808,0.0004328182520219125,"","","","","",""
22440,"2026-08-02 11:38:28.832547","val",67,"","",0.8145163934426229,0.28948858658456506,0.7179238082020679,0.7735849056603773,0.7544130626654899,0.832481712146862
22460,"2026-08-02 11:38:40.085923","train",68,0.15414811670780182,0.0004314708439147259,"","","","","",""
22480,"2026-08-02 11:38:40.921712","train",68,0.08229315280914307,0.0004301239428257608,"","","","","",""
22500,"2026-08-02 11:38:41.822776","train",68,0.21199844777584076,0.0004287775587198772,"","","","","",""
22520,"2026-08-02 11:38:42.582838","train",68,0.05703946575522423,0.00042743170155811063,"","","","","",""
22540,"2026-08-02 11:38:43.382225","train",68,0.05059851333498955,0.0004260863812975981,"","","","","",""
22560,"2026-08-02 11:38:44.126098","train",68,0.04483037441968918,0.00042474160789150413,"","","","","",""
22580,"2026-08-02 11:38:44.962074","train",68,0.3367701768875122,0.0004233973912889477,"","","","","",""
22600,"2026-08-02 11:38:45.932512","train",68,0.2623317539691925,0.0004220537414349286,"","","","","",""
22620,"2026-08-02 11:38:46.810202","train",68,0.18926271796226501,0.0004207106682702527,"","","","","",""
22640,"2026-08-02 11:38:47.577280","train",68,0.3177689015865326,0.0004193681817314603,"","","","","",""
22660,"2026-08-02 11:38:48.419826","train",68,0.02082344889640808,0.0004180262917507513,"","","","","",""
22680,"2026-08-02 11:38:49.370080","train",68,0.03941388428211212,0.00041668500825591177,"","","","","",""
22700,"2026-08-02 11:38:50.152645","train",68,0.06131516769528389,0.000415344341170241,"","","","","",""
22720,"2026-08-02 11:38:50.909818","train",68,0.0765576884150505,0.000414004300412478,"","","","","",""
22740,"2026-08-02 11:38:51.694084","train",68,0.4060019254684448,0.00041266489589672766,"","","","","",""
22760,"2026-08-02 11:38:52.597694","train",68,0.13191650807857513,0.0004113261375323879,"","","","","",""
22770,"2026-08-02 11:39:09.740995","val",68,"","",0.8222459016393442,0.3048304882089044,0.7386718478939699,0.797598627787307,0.7663283318623124,0.834935623650737
22780,"2026-08-02 11:39:20.817197","train",69,0.5146056413650513,0.00040998803522407644,"","","","","",""
22800,"2026-08-02 11:39:21.730695","train",69,0.07340249419212341,0.0004086505988715566,"","","","","",""
22820,"2026-08-02 11:39:22.680987","train",69,0.2650657594203949,0.00040731383836966543,"","","","","",""
22840,"2026-08-02 11:39:23.544984","train",69,0.20409226417541504,0.00040597776360823943,"","","","","",""
22860,"2026-08-02 11:39:24.388939","train",69,0.028782203793525696,0.0004046423844720416,"","","","","",""
22880,"2026-08-02 11:39:25.216768","train",69,0.5721880197525024,0.0004033077108406887,"","","","","",""
22900,"2026-08-02 11:39:26.029950","train",69,0.5346524119377136,0.0004019737525885781,"","","","","",""
22920,"2026-08-02 11:39:26.877381","train",69,0.1362975537776947,0.000400640519584814,"","","","","",""
22940,"2026-08-02 11:39:27.750576","train",69,0.27185916900634766,0.0003993080216931353,"","","","","",""
22960,"2026-08-02 11:39:28.663218","train",69,0.04445222020149231,0.00039797626877184243,"","","","","",""
22980,"2026-08-02 11:39:29.480472","train",69,0.12061719596385956,0.0003966452706737238,"","","","","",""
23000,"2026-08-02 11:39:30.269819","train",69,0.25016069412231445,0.00039531503724598373,"","","","","",""
23020,"2026-08-02 11:39:31.085104","train",69,0.21421094238758087,0.0003939855783301692,"","","","","",""
23040,"2026-08-02 11:39:31.904513","train",69,0.1512603759765625,0.0003926569037620967,"","","","","",""
23060,"2026-08-02 11:39:32.832817","train",69,0.06559257209300995,0.00039132902337178025,"","","","","",""
23080,"2026-08-02 11:39:33.710098","train",69,0.045261457562446594,0.0003900019469833585,"","","","","",""
23100,"2026-08-02 11:39:34.512828","train",69,0.07915130257606506,0.00038867568441502075,"","","","","",""
23100,"2026-08-02 11:39:53.134165","val",69,"","",0.8262295081967213,0.2787978868084924,0.7494275206439526,0.7855917667238422,0.7475728155339805,0.8488204140587386
23120,"2026-08-02 11:40:06.478952","train",70,0.11890646070241928,0.00038735024547893656,"","","","","",""
23140,"2026-08-02 11:40:07.408207","train",70,0.0994965061545372,0.00038602563998118135,"","","","","",""
23160,"2026-08-02 11:40:08.320416","train",70,0.17102164030075073,0.0003847018777216644,"","","","","",""
23180,"2026-08-02 11:40:09.238849","train",70,0.3211583197116852,0.0003833789684940567,"","","","","",""
23200,"2026-08-02 11:40:10.298859","train",70,0.48079484701156616,0.0003820569220857181,"","","","","",""
23220,"2026-08-02 11:40:11.138363","train",70,0.1243879646062851,0.0003807357482776248,"","","","","",""
23240,"2026-08-02 11:40:12.128055","train",70,0.12156688421964645,0.0003794154568442974,"","","","","",""
23260,"2026-08-02 11:40:12.996936","train",70,0.016681790351867676,0.0003780960575537287,"","","","","",""
23280,"2026-08-02 11:40:14.028058","train",70,0.46535223722457886,0.0003767775601673101,"","","","","",""
23300,"2026-08-02 11:40:15.254094","train",70,0.15388788282871246,0.00037545997443976154,"","","","","",""
23320,"2026-08-02 11:40:16.136787","train",70,0.6656290292739868,0.0003741433101190576,"","","","","",""
23340,"2026-08-02 11:40:16.946078","train",70,0.25322380661964417,0.00037282757694635576,"","","","","",""
23360,"2026-08-02 11:40:17.956354","train",70,0.12324276566505432,0.00037151278465592504,"","","","","",""
23380,"2026-08-02 11:40:18.833032","train",70,0.05518118292093277,0.00037019894297507327,"","","","","",""
23400,"2026-08-02 11:40:19.824941","train",70,0.04909650981426239,0.0003688860616240749,"","","","","",""
23420,"2026-08-02 11:40:20.801559","train",70,0.2747838497161865,0.00036757415031610035,"","","","","",""
23430,"2026-08-02 11:40:40.764558","val",70,"","",0.8215819672131148,0.2955507748342681,0.7374921934633266,0.8010291595197255,0.7438217122683142,0.8434466584869617
23440,"2026-08-02 11:40:54.819517","train",71,0.022770360112190247,0.0003662632187571427,"","","","","",""
23460,"2026-08-02 11:40:55.668925","train",71,0.052097395062446594,0.0003649532766459466,"","","","","",""
23480,"2026-08-02 11:40:56.562406","train",71,0.02609218657016754,0.0003636443336739365,"","","","","",""
23500,"2026-08-02 11:40:57.494486","train",71,0.22399762272834778,0.000362336399525145,"","","","","",""
23520,"2026-08-02 11:40:58.539320","train",71,0.024075016379356384,0.00036102948387614056,"","","","","",""
23540,"2026-08-02 11:40:59.435337","train",71,0.13423481583595276,0.00035972359639595676,"","","","","",""
23560,"2026-08-02 11:41:00.339512","train",71,0.022766008973121643,0.00035841874674602086,"","","","","",""
23580,"2026-08-02 11:41:01.321813","train",71,0.10273409634828568,0.0003571149445800808,"","","","","",""
23600,"2026-08-02 11:41:02.377408","train",71,0.47709161043167114,0.0003558121995441358,"","","","","",""
23620,"2026-08-02 11:41:03.394079","train",71,0.5542656183242798,0.00035451052127636375,"","","","","",""
23640,"2026-08-02 11:41:04.472456","train",71,0.045115165412425995,0.00035320991940704995,"","","","","",""
23660,"2026-08-02 11:41:05.564039","train",71,0.13422533869743347,0.00035191040355851645,"","","","","",""
23680,"2026-08-02 11:41:06.482574","train",71,0.26359543204307556,0.0003506119833450506,"","","","","",""
23700,"2026-08-02 11:41:07.331112","train",71,0.033106569200754166,0.0003493146683728333,"","","","","",""
23720,"2026-08-02 11:41:08.359168","train",71,0.039968155324459076,0.00034801846823986893,"","","","","",""
23740,"2026-08-02 11:41:09.388599","train",71,1.0527937412261963,0.0003467233925359142,"","","","","",""
23760,"2026-08-02 11:41:10.269986","train",71,0.1008891761302948,0.00034542945084240585,"","","","","",""
23760,"2026-08-02 11:41:28.445585","val",71,"","",0.8224344262295082,0.3103372613216828,0.7327735757407536,0.8096054888507719,0.7696381288614298,0.8363955456846879
23780,"2026-08-02 11:41:40.705803","train",72,0.08323220163583755,0.00034413665273239183,"","","","","",""
23800,"2026-08-02 11:41:41.560493","train",72,0.20551365613937378,0.000342845007770459,"","","","","",""
23820,"2026-08-02 11:41:42.401448","train",72,0.09640060365200043,0.0003415545255126627,"","","","","",""
23840,"2026-08-02 11:41:43.224226","train",72,0.14209815859794617,0.0003402652155064565,"","","","","",""
23860,"2026-08-02 11:41:44.088686","train",72,0.20324212312698364,0.0003389770872906211,"","","","","",""
23880,"2026-08-02 11:41:44.992579","train",72,0.39301204681396484,0.00033769015039519356,"","","","","",""
23900,"2026-08-02 11:41:45.922511","train",72,0.09460556507110596,0.00033640441434139767,"","","","","",""
23920,"2026-08-02 11:41:46.789079","train",72,0.42808234691619873,0.0003351198886415727,"","","","","",""
23940,"2026-08-02 11:41:47.740357","train",72,0.25871920585632324,0.00033383658279910304,"","","","","",""
23960,"2026-08-02 11:41:48.600382","train",72,0.3210310935974121,0.00033255450630834864,"","","","","",""
23980,"2026-08-02 11:41:49.493078","train",72,0.13871975243091583,0.000331273668654574,"","","","","",""
24000,"2026-08-02 11:41:50.425352","train",72,0.16179168224334717,0.00032999407931387796,"","","","","",""
24020,"2026-08-02 11:41:51.438108","train",72,0.04720988869667053,0.0003287157477531244,"","","","","",""
24040,"2026-08-02 11:41:52.358305","train",72,0.0687510073184967,0.0003274386834298716,"","","","","",""
24060,"2026-08-02 11:41:53.181487","train",72,0.06347352266311646,0.00032616289579230195,"","","","","",""
24080,"2026-08-02 11:41:54.171928","train",72,0.398875892162323,0.00032488839427915296,"","","","","",""
24090,"2026-08-02 11:42:11.243897","val",72,"","",0.827327868852459,0.311335855393519,0.7429047255568663,0.7993138936535162,0.7462488967343337,0.8493795331355708
24100,"2026-08-02 11:42:22.169343","train",73,0.013847842812538147,0.00032361518831964663,"","","","","",""
24120,"2026-08-02 11:42:23.048467","train",73,0.6984853744506836,0.0003223432873334201,"","","","","",""
24140,"2026-08-02 11:42:23.947825","train",73,0.037091054022312164,0.0003210727007304557,"","","","","",""
24160,"2026-08-02 11:42:24.807837","train",73,0.2842426300048828,0.00031980343791101183,"","","","","",""
24180,"2026-08-02 11:42:25.621058","train",73,0.2105076014995575,0.00031853550826555264,"","","","","",""
24200,"2026-08-02 11:42:26.366214","train",73,0.39144057035446167,0.000317268921174679,"","","","","",""
24220,"2026-08-02 11:42:27.289376","train",73,0.3122066855430603,0.0003160036860090598,"","","","","",""
24240,"2026-08-02 11:42:28.153218","train",73,0.36523497104644775,0.00031473981212936075,"","","","","",""
24260,"2026-08-02 11:42:29.166555","train",73,0.04461535066366196,0.00031347730888617705,"","","","","",""
24280,"2026-08-02 11:42:29.974425","train",73,0.34164726734161377,0.0003122161856199635,"","","","","",""
24300,"2026-08-02 11:42:30.755128","train",73,0.18307852745056152,0.0003109564516609648,"","","","","",""
24320,"2026-08-02 11:42:31.579218","train",73,0.2365141659975052,0.00030969811632914745,"","","","","",""
24340,"2026-08-02 11:42:32.443948","train",73,0.06463996320962906,0.0003084411889341303,"","","","","",""
24360,"2026-08-02 11:42:33.372399","train",73,0.0256151482462883,0.00030718567877511556,"","","","","",""
24380,"2026-08-02 11:42:34.198054","train",73,0.11878184974193573,0.0003059315951408207,"","","","","",""
24400,"2026-08-02 11:42:34.994132","train",73,0.28718897700309753,0.00030467894730940893,"","","","","",""
24420,"2026-08-02 11:42:35.711833","train",73,0.03758975863456726,0.0003034277445484208,"","","","","",""
24420,"2026-08-02 11:42:51.962091","val",73,"","",0.8374672131147541,0.3320436400213068,0.7636527652487684,0.8044596912521441,0.7917034421888791,0.8513209188190163
24440,"2026-08-02 11:43:03.384542","train",74,0.24015484750270844,0.0003021779961147058,"","","","","",""
24460,"2026-08-02 11:43:04.250606","train",74,0.02949652075767517,0.0003009297112543539,"","","","","",""
24480,"2026-08-02 11:43:05.090933","train",74,0.2693749964237213,0.0002996828992026268,"","","","","",""
24500,"2026-08-02 11:43:05.952248","train",74,0.20999209582805634,0.00029843756918389,"","","","","",""
24520,"2026-08-02 11:43:06.809537","train",74,0.02362610399723053,0.00029719373041154463,"","","","","",""
24540,"2026-08-02 11:43:07.624081","train",74,0.2749917805194855,0.0002959513920879582,"","","","","",""
24560,"2026-08-02 11:43:08.518814","train",74,0.25318440794944763,0.0002947105634043984,"","","","","",""
24580,"2026-08-02 11:43:09.341791","train",74,0.46382397413253784,0.00029347125354096335,"","","","","",""
24600,"2026-08-02 11:43:10.152305","train",74,0.1939500868320465,0.0002922334716665145,"","","","","",""
24620,"2026-08-02 11:43:11.125567","train",74,0.3035616874694824,0.00029099722693860894,"","","","","",""
24640,"2026-08-02 11:43:12.085711","train",74,0.6953397393226624,0.0002897625285034314,"","","","","",""
24660,"2026-08-02 11:43:13.001918","train",74,0.7716189622879028,0.00028852938549572626,"","","","","",""
24680,"2026-08-02 11:43:13.937322","train",74,0.39979055523872375,0.0002872978070387302,"","","","","",""
24700,"2026-08-02 11:43:14.784033","train",74,0.1500849425792694,0.0002860678022441056,"","","","","",""
24720,"2026-08-02 11:43:15.575644","train",74,0.050022710114717484,0.00028483938021187143,"","","","","",""
24740,"2026-08-02 11:43:16.450289","train",74,0.022769540548324585,0.00028361255003033696,"","","","","",""
24750,"2026-08-02 11:43:32.783252","val",74,"","",0.8283770491803278,0.3004802489967903,0.752203178127819,0.7924528301886793,0.7330097087378641,0.8578905679717955
24760,"2026-08-02 11:43:43.798165","train",75,0.2775827944278717,0.00028238732077603507,"","","","","",""
24780,"2026-08-02 11:43:44.662789","train",75,0.1969068944454193,0.0002811637015136533,"","","","","",""
24800,"2026-08-02 11:43:45.561105","train",75,0.4327271282672882,0.000279941701295969,"","","","","",""
24820,"2026-08-02 11:43:46.416719","train",75,0.4607536196708679,0.0002787213291637806,"","","","","",""
24840,"2026-08-02 11:43:47.198288","train",75,0.252877801656723,0.0002775025941458411,"","","","","",""
24860,"2026-08-02 11:43:48.095909","train",75,0.18828441202640533,0.0002762855052587925,"","","","","",""
24880,"2026-08-02 11:43:48.970905","train",75,0.10840576142072678,0.0002750700715070972,"","","","","",""
24900,"2026-08-02 11:43:49.812120","train",75,0.26350194215774536,0.0002738563018829726,"","","","","",""
24920,"2026-08-02 11:43:50.642474","train",75,0.35260310769081116,0.0002726442053663247,"","","","","",""
24940,"2026-08-02 11:43:51.406859","train",75,0.02192118763923645,0.00027143379092468074,"","","","","",""
24960,"2026-08-02 11:43:52.230338","train",75,0.05849353224039078,0.00027022506751312326,"","","","","",""
24980,"2026-08-02 11:43:53.159392","train",75,0.4881412386894226,0.0002690180440742246,"","","","","",""
25000,"2026-08-02 11:43:54.088943","train",75,0.17785972356796265,0.00026781272953797943,"","","","","",""
25020,"2026-08-02 11:43:54.831455","train",75,0.3402770161628723,0.0002666091328217399,"","","","","",""
25040,"2026-08-02 11:43:55.635158","train",75,0.08045750856399536,0.00026540726283014865,"","","","","",""
25060,"2026-08-02 11:43:56.603088","train",75,0.06866652518510818,0.0002642071284550733,"","","","","",""
25080,"2026-08-02 11:43:57.424736","train",75,0.2865219712257385,0.0002630087385755413,"","","","","",""
25080,"2026-08-02 11:44:13.915143","val",75,"","",0.8361885245901639,0.326570750217717,0.7596974533342585,0.7924528301886792,0.7566195939982348,0.8577973814589901
25100,"2026-08-02 11:44:25.442487","train",76,0.48371362686157227,0.0002618121020576737,"","","","","",""
25120,"2026-08-02 11:44:26.370380","train",76,0.037360504269599915,0.0002606172277546186,"","","","","",""
25140,"2026-08-02 11:44:27.209368","train",76,0.02583526074886322,0.0002594241245064875,"","","","","",""
25160,"2026-08-02 11:44:27.992210","train",76,0.21603070199489594,0.000258232801140289,"","","","","",""
25180,"2026-08-02 11:44:28.835002","train",76,0.15000078082084656,0.0002570432664698631,"","","","","",""
25200,"2026-08-02 11:44:29.761214","train",76,0.5089318156242371,0.0002558555292958162,"","","","","",""
25220,"2026-08-02 11:44:30.546808","train",76,0.02223449945449829,0.000254669598405457,"","","","","",""
25240,"2026-08-02 11:44:31.419744","train",76,0.03957613557577133,0.0002534854825727299,"","","","","",""
25260,"2026-08-02 11:44:32.230245","train",76,0.016858458518981934,0.00025230319055815096,"","","","","",""
25280,"2026-08-02 11:44:33.122910","train",76,0.021304622292518616,0.0002511227311087434,"","","","","",""
25300,"2026-08-02 11:44:34.024338","train",76,0.055715322494506836,0.0002499441129579719,"","","","","",""
25320,"2026-08-02 11:44:34.782827","train",76,0.09232916682958603,0.00024876734482567924,"","","","","",""
25340,"2026-08-02 11:44:35.736067","train",76,0.21164070069789886,0.00024759243541802036,"","","","","",""
25360,"2026-08-02 11:44:36.527940","train",76,0.10472001880407333,0.00024641939342739895,"","","","","",""
25380,"2026-08-02 11:44:37.485350","train",76,0.22718918323516846,0.0002452482275324032,"","","","","",""
25400,"2026-08-02 11:44:38.303510","train",76,0.31138932704925537,0.00024407894639774089,"","","","","",""
25410,"2026-08-02 11:44:55.092070","val",76,"","",0.8245081967213115,0.2966955406191898,0.7410311567552564,0.7873070325900515,0.75,0.8494882507338438
25420,"2026-08-02 11:45:06.241864","train",77,0.1611611247062683,0.00024291155867417556,"","","","","",""
25440,"2026-08-02 11:45:07.179512","train",77,0.06576893478631973,0.00024174607299846297,"","","","","",""
25460,"2026-08-02 11:45:08.096832","train",77,0.20854726433753967,0.00024058249799328702,"","","","","",""
25480,"2026-08-02 11:45:09.019906","train",77,0.07679763436317444,0.0002394208422671951,"","","","","",""
25500,"2026-08-02 11:45:09.914733","train",77,0.33056312799453735,0.00023826111441453544,"","","","","",""
25520,"2026-08-02 11:45:10.979310","train",77,0.30806174874305725,0.0002371033230153934,"","","","","",""
25540,"2026-08-02 11:45:11.922186","train",77,0.0688043087720871,0.0002359474766355273,"","","","","",""
25560,"2026-08-02 11:45:12.923685","train",77,0.5390464067459106,0.0002347935838263057,"","","","","",""
25580,"2026-08-02 11:45:13.892218","train",77,0.05121438577771187,0.00023364165312464427,"","","","","",""
25600,"2026-08-02 11:45:15.009335","train",77,0.02873833477497101,0.00023249169305294165,"","","","","",""
25620,"2026-08-02 11:45:15.928403","train",77,0.10828441381454468,0.0002313437121190177,"","","","","",""
25640,"2026-08-02 11:45:17.103373","train",77,0.2625516355037689,0.00023019771881604945,"","","","","",""
25660,"2026-08-02 11:45:18.178132","train",77,0.24623925983905792,0.00022905372162250877,"","","","","",""
25680,"2026-08-02 11:45:19.186267","train",77,0.03493380546569824,0.00022791172900209994,"","","","","",""
25700,"2026-08-02 11:45:20.123825","train",77,0.14220502972602844,0.0002267717494036963,"","","","","",""
25720,"2026-08-02 11:45:21.060768","train",77,0.23787561058998108,0.0002256337912612782,"","","","","",""
25740,"2026-08-02 11:45:21.915195","train",77,0.04588083177804947,0.00022449786299387053,"","","","","",""
25740,"2026-08-02 11:45:37.932476","val",77,"","",0.824672131147541,0.30696978680380604,0.7426965512455763,0.7958833619210979,0.7535304501323918,0.845885038905369
25760,"2026-08-02 11:45:49.281175","train",78,0.04064670205116272,0.00022336397300548114,"","","","","",""
25780,"2026-08-02 11:45:50.078784","train",78,0.09629721194505692,0.00022223212968503636,"","","","","",""
25800,"2026-08-02 11:45:50.941590","train",78,0.5601982474327087,0.00022110234140632195,"","","","","",""
25820,"2026-08-02 11:45:51.730672","train",78,0.7761772274971008,0.00021997461652791946,"","","","","",""
25840,"2026-08-02 11:45:52.608759","train",78,0.07876841723918915,0.00021884896339314426,"","","","","",""
25860,"2026-08-02 11:45:53.413937","train",78,0.12926042079925537,0.00021772539032998428,"","","","","",""
25880,"2026-08-02 11:45:54.288360","train",78,0.41564035415649414,0.0002166039056510387,"","","","","",""
25900,"2026-08-02 11:45:55.160792","train",78,0.014415383338928223,0.00021548451765345585,"","","","","",""
25920,"2026-08-02 11:45:55.980557","train",78,0.21220776438713074,0.00021436723461887175,"","","","","",""
25940,"2026-08-02 11:45:56.836148","train",78,0.2566259503364563,0.00021325206481334982,"","","","","",""
25960,"2026-08-02 11:45:57.729592","train",78,0.03773732855916023,0.00021213901648731834,"","","","","",""
25980,"2026-08-02 11:45:58.589957","train",78,0.16541874408721924,0.00021102809787551088,"","","","","",""
26000,"2026-08-02 11:45:59.472847","train",78,0.013790033757686615,0.00020991931719690387,"","","","","",""
26020,"2026-08-02 11:46:00.337398","train",78,0.3293492794036865,0.00020881268265465677,"","","","","",""
26040,"2026-08-02 11:46:01.134883","train",78,0.5066754221916199,0.00020770820243605137,"","","","","",""
26060,"2026-08-02 11:46:01.953155","train",78,0.24807953834533691,0.00020660588471243128,"","","","","",""
26070,"2026-08-02 11:46:18.413595","val",78,"","",0.8261967213114755,0.3214119061391967,0.741516896814933,0.7958833619210978,0.7541924095322153,0.8487427586314007
26080,"2026-08-02 11:46:29.501909","train",79,0.0349993035197258,0.0002055057376391401,"","","","","",""
26100,"2026-08-02 11:46:30.453652","train",79,0.17624452710151672,0.00020440776935546308,"","","","","",""
26120,"2026-08-02 11:46:31.356193","train",79,0.28422826528549194,0.00020331198798456598,"","","","","",""
26140,"2026-08-02 11:46:32.189800","train",79,0.05378545820713043,0.00020221840163343467,"","","","","",""
26160,"2026-08-02 11:46:32.967707","train",79,0.048366181552410126,0.00020112701839281543,"","","","","",""
26180,"2026-08-02 11:46:33.909790","train",79,0.3698064386844635,0.00020003784633715552,"","","","","",""
26200,"2026-08-02 11:46:34.696121","train",79,0.13383857905864716,0.00019895089352454272,"","","","","",""
26220,"2026-08-02 11:46:35.436358","train",79,0.14537592232227325,0.00019786616799664597,"","","","","",""
26240,"2026-08-02 11:46:36.245578","train",79,0.21306800842285156,0.00019678367777865649,"","","","","",""
26260,"2026-08-02 11:46:37.064983","train",79,0.036932382732629776,0.0001957034308792271,"","","","","",""
26280,"2026-08-02 11:46:37.940573","train",79,0.014922752976417542,0.00019462543529041464,"","","","","",""
26300,"2026-08-02 11:46:38.832395","train",79,0.29986339807510376,0.00019354969898761917,"","","","","",""
26320,"2026-08-02 11:46:39.674126","train",79,0.036216266453266144,0.00019247622992952588,"","","","","",""
26340,"2026-08-02 11:46:40.502507","train",79,0.0830574482679367,0.00019140503605804656,"","","","","",""
26360,"2026-08-02 11:46:41.302668","train",79,0.023225337266921997,0.00019033612529825985,"","","","","",""
26380,"2026-08-02 11:46:42.102823","train",79,0.21698793768882751,0.00018926950555835296,"","","","","",""
26400,"2026-08-02 11:46:42.884202","train",79,0.38643211126327515,0.00018820518472956397,"","","","","",""
26400,"2026-08-02 11:46:59.196797","val",79,"","",0.8304098360655738,0.3107015892182733,0.7497050863923392,0.7821612349914236,0.7612533097969991,0.8517402581266404
26420,"2026-08-02 11:47:10.725149","train",80,0.0694960206747055,0.00018714317068612243,"","","","","",""
26440,"2026-08-02 11:47:11.574721","train",80,0.01617296040058136,0.0001860834712851914,"","","","","",""
26460,"2026-08-02 11:47:12.439890","train",80,0.017603278160095215,0.00018502609436680915,"","","","","",""
26480,"2026-08-02 11:47:13.352539","train",80,0.6563280820846558,0.000183971047753832,"","","","","",""
26500,"2026-08-02 11:47:14.206206","train",80,0.02024620771408081,0.0001829183392518755,"","","","","",""
26520,"2026-08-02 11:47:15.050311","train",80,0.021059878170490265,0.0001818679766492566,"","","","","",""
26540,"2026-08-02 11:47:15.972901","train",80,0.12437900900840759,0.0001808199677169373,"","","","","",""
26560,"2026-08-02 11:47:16.807205","train",80,0.017034143209457397,0.00017977432020846551,"","","","","",""
26580,"2026-08-02 11:47:17.683653","train",80,0.030300959944725037,0.00017873104185991913,"","","","","",""
26600,"2026-08-02 11:47:18.721662","train",80,0.08987101912498474,0.00017769014038984763,"","","","","",""
26620,"2026-08-02 11:47:19.628134","train",80,0.3033953011035919,0.00017665162349921558,"","","","","",""
26640,"2026-08-02 11:47:20.623907","train",80,0.5991566181182861,0.00017561549887134599,"","","","","",""
26660,"2026-08-02 11:47:21.507431","train",80,0.03023659437894821,0.00017458177417186254,"","","","","",""
26680,"2026-08-02 11:47:22.302515","train",80,0.17571502923965454,0.0001735504570486334,"","","","","",""
26700,"2026-08-02 11:47:23.091054","train",80,0.02172030881047249,0.0001725215551317149,"","","","","",""
26720,"2026-08-02 11:47:23.945910","train",80,0.4110468626022339,0.00017149507603329516,"","","","","",""
26730,"2026-08-02 11:47:40.636214","val",80,"","",0.8233852459016394,0.3026222843193281,0.7426965512455763,0.7890222984562607,0.7323477493380406,0.8490067870843493
