"step","time","part","epoch","loss","lr","auroc","auprc","auroc_age_cond","auroc_I0002","auroc_I0006","auroc_S0001"
20,"2026-08-01 22:53:33.399954","train",0,0.6344905495643616,4.0009669118256925e-05,"","","","","",""
40,"2026-08-01 22:53:34.293604","train",0,0.6054154634475708,4.003867608347821e-05,"","","","","",""
60,"2026-08-01 22:53:35.121873","train",0,0.6022664308547974,4.008701972703149e-05,"","","","","",""
80,"2026-08-01 22:53:36.049344","train",0,0.572810709476471,4.01546981012485e-05,"","","","","",""
100,"2026-08-01 22:53:36.921623","train",0,0.5228907465934753,4.024170847950336e-05,"","","","","",""
120,"2026-08-01 22:53:37.820232","train",0,0.5327110886573792,4.034804735632237e-05,"","","","","",""
140,"2026-08-01 22:53:38.775233","train",0,0.40663111209869385,4.047371044752597e-05,"","","","","",""
160,"2026-08-01 22:53:39.739971","train",0,0.41507700085639954,4.0618692690400234e-05,"","","","","",""
180,"2026-08-01 22:53:40.564343","train",0,0.42521846294403076,4.078298824390159e-05,"","","","","",""
200,"2026-08-01 22:53:41.415414","train",0,0.12580281496047974,4.0966590488892185e-05,"","","","","",""
220,"2026-08-01 22:53:42.419467","train",0,0.27047908306121826,4.116949202840584e-05,"","","","","",""
240,"2026-08-01 22:53:43.245223","train",0,0.23790130019187927,4.139168468794696e-05,"","","","","",""
260,"2026-08-01 22:53:44.119146","train",0,0.28312113881111145,4.163315951581951e-05,"","","","","",""
280,"2026-08-01 22:53:44.997119","train",0,0.07876911759376526,4.1893906783486826e-05,"","","","","",""
300,"2026-08-01 22:53:45.888386","train",0,0.46013176441192627,4.2173915985965304e-05,"","","","","",""
320,"2026-08-01 22:53:46.820184","train",0,0.5393542647361755,4.247317584224616e-05,"","","","","",""
330,"2026-08-01 22:54:03.707374","val",0,"","",0.40406967213114753,0.06676381151255575,0.4603080979807092,0.36020583190394506,0.45586937334510147,0.39737058723034147
340,"2026-08-01 22:54:15.369963","train",1,0.09339874237775803,4.2791674295750344e-05,"","","","","",""
360,"2026-08-01 22:54:16.357074","train",1,0.09512677043676376,4.312939851481461e-05,"","","","","",""
380,"2026-08-01 22:54:17.293391","train",1,0.07820567488670349,4.3486334893207915e-05,"","","","","",""
400,"2026-08-01 22:54:18.220418","train",1,0.5782428979873657,4.386246905068044e-05,"","","","","",""
420,"2026-08-01 22:54:19.097519","train",1,0.4008750915527344,4.425778583354138e-05,"","","","","",""
440,"2026-08-01 22:54:20.051053","train",1,0.24519845843315125,4.467226931527152e-05,"","","","","",""
460,"2026-08-01 22:54:20.888443","train",1,0.2537883520126343,4.5105902797163235e-05,"","","","","",""
480,"2026-08-01 22:54:21.779938","train",1,0.265195369720459,4.555866880899377e-05,"","","","","",""
500,"2026-08-01 22:54:22.660858","train",1,0.2610786557197571,4.6030549109729656e-05,"","","","","",""
520,"2026-08-01 22:54:23.661881","train",1,0.41105371713638306,4.65215246882605e-05,"","","","","",""
540,"2026-08-01 22:54:24.634956","train",1,0.2615472376346588,4.703157576416595e-05,"","","","","",""
560,"2026-08-01 22:54:25.587191","train",1,0.09148074686527252,4.756068178851181e-05,"","","","","",""
580,"2026-08-01 22:54:26.415765","train",1,0.70135498046875,4.8108821444678386e-05,"","","","","",""
600,"2026-08-01 22:54:27.297766","train",1,0.2212062031030655,4.867597264921939e-05,"","","","","",""
620,"2026-08-01 22:54:28.237380","train",1,0.2296736091375351,4.9262112552751194e-05,"","","","","",""
640,"2026-08-01 22:54:29.127720","train",1,0.5522041916847229,4.9867217540873325e-05,"","","","","",""
660,"2026-08-01 22:54:30.029350","train",1,0.24361518025398254,5.0491263235120714e-05,"","","","","",""
660,"2026-08-01 22:54:46.771704","val",1,"","",0.5210737704918034,0.09594149291742853,0.5357018943862327,0.37049742710120065,0.5359664607237422,0.5426095329802599
680,"2026-08-01 22:54:58.493288","train",2,0.08849691599607468,5.1134224493944907e-05,"","","","","",""
700,"2026-08-01 22:54:59.425018","train",2,0.24490049481391907,5.179607541372735e-05,"","","","","",""
720,"2026-08-01 22:55:00.289901","train",2,0.24608027935028076,5.247678932982294e-05,"","","","","",""
740,"2026-08-01 22:55:01.219536","train",2,0.2239168882369995,5.317633881763437e-05,"","","","","",""
760,"2026-08-01 22:55:02.130606","train",2,0.05906122922897339,5.389469569371701e-05,"","","","","",""
780,"2026-08-01 22:55:03.095178","train",2,0.24062998592853546,5.4631831016914325e-05,"","","","","",""
800,"2026-08-01 22:55:04.016582","train",2,0.3949921131134033,5.538771508952368e-05,"","","","","",""
820,"2026-08-01 22:55:04.921370","train",2,0.3796512484550476,5.616231745849299e-05,"","","","","",""
840,"2026-08-01 22:55:05.819541","train",2,0.06762401759624481,5.6955606916647824e-05,"","","","","",""
860,"2026-08-01 22:55:06.680973","train",2,0.22788618505001068,5.7767551503947996e-05,"","","","","",""
880,"2026-08-01 22:55:07.659103","train",2,0.08873379230499268,5.859811850877602e-05,"","","","","",""
900,"2026-08-01 22:55:08.553529","train",2,0.38701388239860535,5.944727446925452e-05,"","","","","",""
920,"2026-08-01 22:55:09.577661","train",2,0.562382698059082,6.0314985174594144e-05,"","","","","",""
940,"2026-08-01 22:55:10.461429","train",2,0.08825206756591797,6.12012156664724e-05,"","","","","",""
960,"2026-08-01 22:55:11.304324","train",2,0.24266353249549866,6.210593024044177e-05,"","","","","",""
980,"2026-08-01 22:55:12.231283","train",2,0.09075038135051727,6.302909244736783e-05,"","","","","",""
990,"2026-08-01 22:55:30.022132","val",2,"","",0.6633442622950819,0.1416120078475457,0.5981541877732288,0.5300171526586621,0.7312444836716682,0.6574774410983584
1000,"2026-08-01 22:55:43.184171","train",3,0.0866394191980362,6.397066509489843e-05,"","","","","",""
1020,"2026-08-01 22:55:44.128450","train",3,0.07350675761699677,6.493061024896165e-05,"","","","","",""
1040,"2026-08-01 22:55:45.115574","train",3,0.07771725952625275,6.590888923529385e-05,"","","","","",""
1060,"2026-08-01 22:55:45.999430","train",3,0.41157644987106323,6.690546264099867e-05,"","","","","",""
1080,"2026-08-01 22:55:46.854129","train",3,0.22354207932949066,6.792029031613383e-05,"","","","","",""
1100,"2026-08-01 22:55:47.735111","train",3,0.22117257118225098,6.895333137532905e-05,"","","","","",""
1120,"2026-08-01 22:55:48.656523","train",3,0.4097977876663208,7.000454419943424e-05,"","","","","",""
1140,"2026-08-01 22:55:49.552155","train",3,0.3781760632991791,7.107388643719421e-05,"","","","","",""
1160,"2026-08-01 22:55:50.512355","train",3,0.06263259053230286,7.216131500695699e-05,"","","","","",""
1180,"2026-08-01 22:55:51.272240","train",3,0.24729973077774048,7.326678609840805e-05,"","","","","",""
1200,"2026-08-01 22:55:52.268560","train",3,0.08138416707515717,7.439025517433622e-05,"","","","","",""
1220,"2026-08-01 22:55:53.173969","train",3,0.4233972728252411,7.553167697242744e-05,"","","","","",""
1240,"2026-08-01 22:55:54.103506","train",3,0.22454440593719482,7.669100550708853e-05,"","","","","",""
1260,"2026-08-01 22:55:54.976609","train",3,0.24825014173984528,7.78681940713003e-05,"","","","","",""
1280,"2026-08-01 22:55:55.945413","train",3,0.07310421764850616,7.906319523849799e-05,"","","","","",""
1300,"2026-08-01 22:55:56.888209","train",3,0.22442618012428284,8.027596086448345e-05,"","","","","",""
1320,"2026-08-01 22:55:57.781371","train",3,0.24579298496246338,8.150644208936388e-05,"","","","","",""
1320,"2026-08-01 22:56:15.744542","val",3,"","",0.6708319672131149,0.167371925207043,0.5991603636111303,0.5951972555746141,0.6365842894969109,0.6855964713373817
1340,"2026-08-01 22:56:28.102226","train",4,0.08280700445175171,8.275458933952075e-05,"","","","","",""
1360,"2026-08-01 22:56:29.047064","train",4,0.4989085793495178,8.402035232960643e-05,"","","","","",""
1380,"2026-08-01 22:56:29.884463","train",4,0.07851293683052063,8.530368006457107e-05,"","","","","",""
1400,"2026-08-01 22:56:30.811438","train",4,0.2564672529697418,8.660452084171611e-05,"","","","","",""
1420,"2026-08-01 22:56:31.709367","train",4,0.060249462723731995,8.792282225277784e-05,"","","","","",""
1440,"2026-08-01 22:56:32.563952","train",4,0.06007494032382965,8.925853118603834e-05,"","","","","",""
1460,"2026-08-01 22:56:33.485719","train",4,0.08024050295352936,9.061159382846599e-05,"","","","","",""
1480,"2026-08-01 22:56:34.396341","train",4,0.20798780024051666,9.198195566788303e-05,"","","","","",""
1500,"2026-08-01 22:56:35.342124","train",4,0.22322164475917816,9.336956149516129e-05,"","","","","",""
1520,"2026-08-01 22:56:36.307991","train",4,0.3604777455329895,9.477435540644738e-05,"","","","","",""
1540,"2026-08-01 22:56:37.214582","train",4,0.09467777609825134,9.619628080541462e-05,"","","","","",""
1560,"2026-08-01 22:56:38.333648","train",4,0.09449519217014313,9.763528040554253e-05,"","","","","",""
1580,"2026-08-01 22:56:39.191453","train",4,0.045644789934158325,9.9091296232426e-05,"","","","","",""
1600,"2026-08-01 22:56:40.135943","train",4,0.2224796861410141,0.00010056426962610978,"","","","","",""
1620,"2026-08-01 22:56:41.068186","train",4,0.07825855910778046,0.00010205414124345256,"","","","","",""
1640,"2026-08-01 22:56:42.019585","train",4,0.2169530838727951,0.00010356085106051735,"","","","","",""
1650,"2026-08-01 22:57:00.177591","val",4,"","",0.7370901639344262,0.19882482705923743,0.6177919644715842,0.6706689536878216,0.7210944395410415,0.7416093310761489
1660,"2026-08-01 22:57:12.358446","train",5,0.22342449426651,0.00010508433837499,"","","","","",""
1680,"2026-08-01 22:57:13.259353","train",5,0.23980647325515747,0.00010662454180862481,"","","","","",""
1700,"2026-08-01 22:57:14.216280","train",5,0.2511616349220276,0.00010818139930971696,"","","","","",""
1720,"2026-08-01 22:57:15.207493","train",5,0.840231716632843,0.00010975484815560249,"","","","","",""
1740,"2026-08-01 22:57:16.244552","train",5,0.211226224899292,0.00011134482495518607,"","","","","",""
1760,"2026-08-01 22:57:17.157477","train",5,0.07227042317390442,0.00011295126565149388,"","","","","",""
1780,"2026-08-01 22:57:18.118884","train",5,0.2290479838848114,0.00011457410552425469,"","","","","",""
1800,"2026-08-01 22:57:19.157306","train",5,0.18764545023441315,0.00011621327919250754,"","","","","",""
1820,"2026-08-01 22:57:20.182860","train",5,0.28625380992889404,0.00011786872061723562,"","","","","",""
1840,"2026-08-01 22:57:21.258942","train",5,0.2115967869758606,0.00011954036310402667,"","","","","",""
1860,"2026-08-01 22:57:22.401460","train",5,0.23305867612361908,0.00012122813930576064,"","","","","",""
1880,"2026-08-01 22:57:23.408928","train",5,0.1900501400232315,0.00012293198122532197,"","","","","",""
1900,"2026-08-01 22:57:24.452164","train",5,0.33238568902015686,0.0001246518202183398,"","","","","",""
1920,"2026-08-01 22:57:25.546338","train",5,0.09237373620271683,0.0001263875869959532,"","","","","",""
1940,"2026-08-01 22:57:26.571233","train",5,0.24227634072303772,0.0001281392116276029,"","","","","",""
1960,"2026-08-01 22:57:27.517364","train",5,0.07278653979301453,0.00012990662354384877,"","","","","",""
1980,"2026-08-01 22:57:28.346555","train",5,0.41785359382629395,0.00013168975153921188,"","","","","",""
1980,"2026-08-01 22:57:47.529147","val",5,"","",0.7748934426229508,0.22485118870656862,0.6488099368537923,0.7444253859348199,0.7627978817299206,0.7704039635330113
2000,"2026-08-01 22:58:00.313491","train",6,0.3710888624191284,0.00013348852377504468,"","","","","",""
2020,"2026-08-01 22:58:01.329466","train",6,0.06607326865196228,0.00013530286778242438,"","","","","",""
2040,"2026-08-01 22:58:02.514238","train",6,0.18579639494419098,0.00013713271046507294,"","","","","",""
2060,"2026-08-01 22:58:03.573238","train",6,0.05847424268722534,0.0001389779781023015,"","","","","",""
2080,"2026-08-01 22:58:04.558688","train",6,0.2468774914741516,0.00014083859635198094,"","","","","",""
2100,"2026-08-01 22:58:05.491508","train",6,0.09690379351377487,0.00014271449025353672,"","","","","",""
2120,"2026-08-01 22:58:06.596530","train",6,0.2594277262687683,0.00014460558423096896,"","","","","",""
2140,"2026-08-01 22:58:07.616199","train",6,0.04023417830467224,0.00014651180209589718,"","","","","",""
2160,"2026-08-01 22:58:08.592942","train",6,0.053459830582141876,0.00014843306705063003,"","","","","",""
2180,"2026-08-01 22:58:09.608537","train",6,0.2091747224330902,0.0001503693016912589,"","","","","",""
2200,"2026-08-01 22:58:10.585249","train",6,0.08863050490617752,0.0001523204280107765,"","","","","",""
2220,"2026-08-01 22:58:11.512136","train",6,0.18978092074394226,0.0001542863674022201,"","","","","",""
2240,"2026-08-01 22:58:12.497098","train",6,0.19601741433143616,0.00015626704066183759,"","","","","",""
2260,"2026-08-01 22:58:13.385496","train",6,0.21674314141273499,0.00015826236799227906,"","","","","",""
2280,"2026-08-01 22:58:14.329405","train",6,0.3771207928657532,0.0001602722690058116,"","","","","",""
2300,"2026-08-01 22:58:15.307043","train",6,0.07088181376457214,0.00016229666272755765,"","","","","",""
2310,"2026-08-01 22:58:33.651441","val",6,"","",0.7974836065573769,0.24291916783966433,0.6807299979182568,0.7547169811320754,0.7709620476610768,0.8010778573314489
2320,"2026-08-01 22:58:46.574734","train",7,0.26124611496925354,0.00016433546759875794,"","","","","",""
2340,"2026-08-01 22:58:47.513653","train",7,0.39378446340560913,0.00016638860148005636,"","","","","",""
2360,"2026-08-01 22:58:48.368623","train",7,0.27282994985580444,0.00016845598165481004,"","","","","",""
2380,"2026-08-01 22:58:49.282635","train",7,0.13189443945884705,0.00017053752483242178,"","","","","",""
2400,"2026-08-01 22:58:50.206059","train",7,0.3123024106025696,0.00017263314715169475,"","","","","",""
2420,"2026-08-01 22:58:51.106204","train",7,0.11532758176326752,0.0001747427641842124,"","","","","",""
2440,"2026-08-01 22:58:51.957702","train",7,0.41157975792884827,0.0001768662909377391,"","","","","",""
2460,"2026-08-01 22:58:52.839297","train",7,0.8734018802642822,0.00017900364185964416,"","","","","",""
2480,"2026-08-01 22:58:53.783666","train",7,0.06948665529489517,0.0001811547308403494,"","","","","",""
2500,"2026-08-01 22:58:54.785732","train",7,0.26445460319519043,0.0001833194712167976,"","","","","",""
2520,"2026-08-01 22:58:55.686035","train",7,0.22303418815135956,0.0001854977757759441,"","","","","",""
2540,"2026-08-01 22:58:56.586193","train",7,0.21339015662670135,0.00018768955675827067,"","","","","",""
2560,"2026-08-01 22:58:57.498669","train",7,0.09680938720703125,0.00018989472586132105,"","","","","",""
2580,"2026-08-01 22:58:58.582553","train",7,0.2418397217988968,0.00019211319424325835,"","","","","",""
2600,"2026-08-01 22:58:59.478942","train",7,0.033235713839530945,0.0001943448725264446,"","","","","",""
2620,"2026-08-01 22:59:00.341446","train",7,0.21390442550182343,0.00019658967080104118,"","","","","",""
2640,"2026-08-01 22:59:01.215887","train",7,0.24787497520446777,0.0001988474986286317,"","","","","",""
2640,"2026-08-01 22:59:18.722030","val",7,"","",0.8067622950819672,0.268564466426719,0.7184095482617445,0.7427101200686106,0.7939099735216241,0.8091074285181792
2660,"2026-08-01 22:59:31.164041","train",8,0.27740299701690674,0.00020111826504586505,"","","","","",""
2680,"2026-08-01 22:59:32.060401","train",8,0.1892627626657486,0.00020340187856812003,"","","","","",""
2700,"2026-08-01 22:59:33.024940","train",8,0.35441017150878906,0.00020569824719319195,"","","","","",""
2720,"2026-08-01 22:59:33.899990","train",8,0.024306267499923706,0.00020800727840499813,"","","","","",""
2740,"2026-08-01 22:59:34.928963","train",8,0.07891932129859924,0.0002103288791773058,"","","","","",""
2760,"2026-08-01 22:59:36.021395","train",8,0.3445810377597809,0.0002126629559774803,"","","","","",""
2780,"2026-08-01 22:59:37.043811","train",8,0.22495023906230927,0.00021500941477025216,"","","","","",""
2800,"2026-08-01 22:59:38.006552","train",8,0.0430460125207901,0.00021736816102150658,"","","","","",""
2820,"2026-08-01 22:59:39.130186","train",8,0.08565042912960052,0.0002197390997020918,"","","","","",""
2840,"2026-08-01 22:59:40.298223","train",8,0.13619840145111084,0.0002221221352916473,"","","","","",""
2860,"2026-08-01 22:59:41.308679","train",8,0.17373378574848175,0.00022451717178245288,"","","","","",""
2880,"2026-08-01 22:59:42.254235","train",8,0.2080543041229248,0.0002269241126832955,"","","","","",""
2900,"2026-08-01 22:59:43.279309","train",8,0.14457163214683533,0.00022934286102335776,"","","","","",""
2920,"2026-08-01 22:59:44.230567","train",8,0.08093856275081635,0.00023177331935612412,"","","","","",""
2940,"2026-08-01 22:59:45.301181","train",8,0.5253397226333618,0.00023421538976330688,"","","","","",""
2960,"2026-08-01 22:59:46.405693","train",8,0.26967740058898926,0.00023666897385879134,"","","","","",""
2970,"2026-08-01 23:00:03.781520","val",8,"","",0.793934426229508,0.2263659988168876,0.6740684199569773,0.7392795883361921,0.79567519858782,0.7892587012906331
2980,"2026-08-01 23:00:15.251953","train",9,0.11011023819446564,0.00023913397279259896,"","","","","",""
3000,"2026-08-01 23:00:16.160326","train",9,0.5541804432868958,0.0002416102872548709,"","","","","",""
3020,"2026-08-01 23:00:17.026650","train",9,0.5831876397132874,0.00024409781747986796,"","","","","",""
3040,"2026-08-01 23:00:17.924902","train",9,0.136322483420372,0.0002465964632499904,"","","","","",""
3060,"2026-08-01 23:00:18.840208","train",9,0.334038108587265,0.0002491061238998159,"","","","","",""
3080,"2026-08-01 23:00:19.783050","train",9,0.12359420955181122,0.0002516266983201542,"","","","","",""
3100,"2026-08-01 23:00:20.682460","train",9,0.021125763654708862,0.0002541580849621214,"","","","","",""
3120,"2026-08-01 23:00:21.604814","train",9,0.2684432566165924,0.00025670018184123077,"","","","","",""
3140,"2026-08-01 23:00:22.631760","train",9,0.26494401693344116,0.00025925288654150196,"","","","","",""
3160,"2026-08-01 23:00:23.456870","train",9,0.07059195637702942,0.0002618160962195861,"","","","","",""
3180,"2026-08-01 23:00:24.406734","train",9,0.20897895097732544,0.0002643897076089108,"","","","","",""
3200,"2026-08-01 23:00:25.423404","train",9,0.11718834191560745,0.0002669736170238388,"","","","","",""
3220,"2026-08-01 23:00:26.314108","train",9,0.05390157550573349,0.00026956772036384634,"","","","","",""
3240,"2026-08-01 23:00:27.301059","train",9,0.1317189335823059,0.00027217191311771716,"","","","","",""
3260,"2026-08-01 23:00:28.317758","train",9,0.47487542033195496,0.0002747860903677523,"","","","","",""
3280,"2026-08-01 23:00:29.143604","train",9,0.035677872598171234,0.0002774101467939977,"","","","","",""
3300,"2026-08-01 23:00:29.988454","train",9,0.13868974149227142,0.0002800439766784871,"","","","","",""
3300,"2026-08-01 23:00:46.523032","val",9,"","",0.801139344262295,0.2544631969642171,0.6819096523489001,0.7324185248713551,0.8146513680494263,0.7963253451783745
3320,"2026-08-01 23:00:59.148730","train",10,0.24154916405677795,0.00028268747390950116,"","","","","",""
3340,"2026-08-01 23:00:59.975010","train",10,0.1815398782491684,0.000285340531985843,"","","","","",""
3360,"2026-08-01 23:01:00.849128","train",10,0.22443336248397827,0.00028800304402112767,"","","","","",""
3380,"2026-08-01 23:01:01.813384","train",10,0.21430809795856476,0.00029067490274809014,"","","","","",""
3400,"2026-08-01 23:01:02.725556","train",10,0.2578137218952179,0.0002933560005229049,"","","","","",""
3420,"2026-08-01 23:01:03.628862","train",10,0.12770140171051025,0.00029604622932952456,"","","","","",""
3440,"2026-08-01 23:01:04.522545","train",10,0.5518957376480103,0.0002987454807840304,"","","","","",""
3460,"2026-08-01 23:01:05.523007","train",10,0.3070657253265381,0.0003014536461389993,"","","","","",""
3480,"2026-08-01 23:01:06.459678","train",10,0.15408968925476074,0.0003041706162878855,"","","","","",""
3500,"2026-08-01 23:01:07.422362","train",10,0.9246507287025452,0.00030689628176941506,"","","","","",""
3520,"2026-08-01 23:01:08.339572","train",10,0.2476740926504135,0.00030963053277199696,"","","","","",""
3540,"2026-08-01 23:01:09.193287","train",10,0.03450217843055725,0.0003123732591381466,"","","","","",""
3560,"2026-08-01 23:01:10.062570","train",10,0.5146543979644775,0.00031512435036892405,"","","","","",""
3580,"2026-08-01 23:01:11.030537","train",10,0.15671800076961517,0.000317883695628386,"","","","","",""
3600,"2026-08-01 23:01:11.973258","train",10,0.05456559360027313,0.00032065118374805033,"","","","","",""
3620,"2026-08-01 23:01:12.797453","train",10,0.46748533844947815,0.00032342670323137605,"","","","","",""
3630,"2026-08-01 23:01:29.775075","val",10,"","",0.792172131147541,0.2567132328962572,0.6871140101311498,0.7341337907375644,0.8022947925860547,0.790796278751922
3640,"2026-08-01 23:01:41.346756","train",11,0.32617247104644775,0.0003262101422582543,"","","","","",""
3660,"2026-08-01 23:01:42.187084","train",11,0.31972816586494446,0.0003290013886895136,"","","","","",""
3680,"2026-08-01 23:01:43.166973","train",11,0.5041200518608093,0.00033180033007143843,"","","","","",""
3700,"2026-08-01 23:01:44.107778","train",11,0.20895642042160034,0.0003346068536402983,"","","","","",""
3720,"2026-08-01 23:01:45.059106","train",11,0.09407348930835724,0.0003374208463268921,"","","","","",""
3740,"2026-08-01 23:01:45.916866","train",11,0.2513499855995178,0.00034024219476110334,"","","","","",""
3760,"2026-08-01 23:01:46.888833","train",11,0.016351372003555298,0.00034307078527646615,"","","","","",""
3780,"2026-08-01 23:01:47.801658","train",11,0.043384090065956116,0.00034590650391474694,"","","","","",""
3800,"2026-08-01 23:01:48.707104","train",11,0.16341429948806763,0.00034874923643053355,"","","","","",""
3820,"2026-08-01 23:01:49.623948","train",11,0.12126432359218597,0.00035159886829583893,"","","","","",""
3840,"2026-08-01 23:01:50.552400","train",11,0.1477949619293213,0.00035445528470471547,"","","","","",""
3860,"2026-08-01 23:01:51.466098","train",11,0.03001880645751953,0.0003573183705778793,"","","","","",""
3880,"2026-08-01 23:01:52.366194","train",11,0.5244282484054565,0.000360188010567348,"","","","","",""
3900,"2026-08-01 23:01:53.382561","train",11,0.025831907987594604,0.00036306408906108594,"","","","","",""
3920,"2026-08-01 23:01:54.324668","train",11,0.40928974747657776,0.00036594649018766425,"","","","","",""
3940,"2026-08-01 23:01:55.277007","train",11,0.2277255356311798,0.000368835097820927,"","","","","",""
3960,"2026-08-01 23:01:56.217725","train",11,0.21616291999816895,0.00037172979558467063,"","","","","",""
3960,"2026-08-01 23:02:13.512950","val",11,"","",0.7957131147540984,0.24379012076396808,0.6935674137811394,0.7392795883361921,0.8089143865842895,0.7917747371363785
3980,"2026-08-01 23:02:25.986670","train",12,0.32637470960617065,0.000374630466857333,"","","","","",""
4000,"2026-08-01 23:02:27.065930","train",12,0.38855278491973877,0.00037753699477669075,"","","","","",""
4020,"2026-08-01 23:02:28.068715","train",12,0.04200146347284317,0.00038044926224456834,"","","","","",""
4040,"2026-08-01 23:02:28.940663","train",12,0.32362157106399536,0.0003833671519315548,"","","","","",""
4060,"2026-08-01 23:02:30.027306","train",12,0.08153010904788971,0.00038629054628173216,"","","","","",""
4080,"2026-08-01 23:02:31.018562","train",12,0.0460134893655777,0.0003892193275174098,"","","","","",""
4100,"2026-08-01 23:02:32.023659","train",12,0.0974053293466568,0.0003921533776438704,"","","","","",""
4120,"2026-08-01 23:02:32.970336","train",12,0.4209177494049072,0.000395092578454124,"","","","","",""
4140,"2026-08-01 23:02:34.104878","train",12,0.3241724967956543,0.00039803681153366963,"","","","","",""
4160,"2026-08-01 23:02:35.217261","train",12,0.15055260062217712,0.00040098595826526637,"","","","","",""
4180,"2026-08-01 23:02:36.347223","train",12,0.3078356087207794,0.0004039398998337123,"","","","","",""
4200,"2026-08-01 23:02:37.232621","train",12,0.06492920219898224,0.00040689851723063066,"","","","","",""
4220,"2026-08-01 23:02:38.271032","train",12,0.0507378950715065,0.0004098616912592654,"","","","","",""
4240,"2026-08-01 23:02:39.274704","train",12,0.03334586322307587,0.00041282930253928266,"","","","","",""
4260,"2026-08-01 23:02:40.208170","train",12,0.21409553289413452,0.0004158012315115811,"","","","","",""
4280,"2026-08-01 23:02:41.172111","train",12,0.06343609094619751,0.0004187773584431074,"","","","","",""
4290,"2026-08-01 23:02:59.299901","val",12,"","",0.8021721311475408,0.24326399739207982,0.68440774408438,0.7169811320754718,0.8201676963812885,0.7999906813487194
4300,"2026-08-01 23:03:11.443801","train",13,0.45143401622772217,0.00042175756343168145,"","","","","",""
4320,"2026-08-01 23:03:12.372818","train",13,0.035087987780570984,0.00042474172641082664,"","","","","",""
4340,"2026-08-01 23:03:13.355421","train",13,0.7752083539962769,0.00042772972715460634,"","","","","",""
4360,"2026-08-01 23:03:14.367220","train",13,0.23899763822555542,0.00043072144528246824,"","","","","",""
4380,"2026-08-01 23:03:15.226367","train",13,0.3244565427303314,0.0004337167602640942,"","","","","",""
4400,"2026-08-01 23:03:16.117855","train",13,0.724955677986145,0.0004367155514242557,"","","","","",""
4420,"2026-08-01 23:03:17.079332","train",13,0.021762162446975708,0.0004397176979476769,"","","","","",""
4440,"2026-08-01 23:03:17.981257","train",13,0.5935111045837402,0.00044272307888389996,"","","","","",""
4460,"2026-08-01 23:03:18.939721","train",13,0.2999086380004883,0.00044573157315215973,"","","","","",""
4480,"2026-08-01 23:03:19.927497","train",13,0.2305522859096527,0.00044874305954626097,"","","","","",""
4500,"2026-08-01 23:03:20.858309","train",13,0.06832842528820038,0.0004517574167394614,"","","","","",""
4520,"2026-08-01 23:03:21.820931","train",13,0.2563827633857727,0.00045477452328936087,"","","","","",""
4540,"2026-08-01 23:03:22.671392","train",13,0.1513041853904724,0.00045779425764279217,"","","","","",""
4560,"2026-08-01 23:03:23.637282","train",13,0.3582076132297516,0.00046081649814071993,"","","","","",""
4580,"2026-08-01 23:03:24.532706","train",13,0.10024560242891312,0.0004638411230231406,"","","","","",""
4600,"2026-08-01 23:03:25.490976","train",13,0.3991096317768097,0.0004668680104339891,"","","","","",""
4620,"2026-08-01 23:03:26.398468","train",13,0.2583225965499878,0.00046989703842604744,"","","","","",""
4620,"2026-08-01 23:03:44.463368","val",13,"","",0.8125983606557377,0.2651404879725987,0.7366594962181667,0.7873070325900515,0.8320829655781111,0.8053023125786262
4640,"2026-08-01 23:03:56.538364","train",14,0.31040772795677185,0.00047292808496585766,"","","","","",""
4660,"2026-08-01 23:03:57.661985","train",14,0.3703717291355133,0.00047596102793863893,"","","","","",""
4680,"2026-08-01 23:03:58.647036","train",14,0.08476713299751282,0.0004789957451532067,"","","","","",""
4700,"2026-08-01 23:03:59.628891","train",14,0.026978105306625366,0.00048203211434689607,"","","","","",""
4720,"2026-08-01 23:04:00.583104","train",14,0.05368773639202118,0.00048507001319048667,"","","","","",""
4740,"2026-08-01 23:04:01.633249","train",14,0.13468042016029358,0.0004881093192931322,"","","","","",""
4760,"2026-08-01 23:04:02.486441","train",14,0.2512398660182953,0.0004911499102072906,"","","","","",""
4780,"2026-08-01 23:04:03.450540","train",14,0.4507790207862854,0.0004941916634336568,"","","","","",""
4800,"2026-08-01 23:04:04.358474","train",14,0.15405118465423584,0.0004972344564260994,"","","","","",""
4820,"2026-08-01 23:04:05.335659","train",14,0.011751443147659302,0.0005002781665965958,"","","","","",""
4840,"2026-08-01 23:04:06.352852","train",14,0.11236759275197983,0.0005033226713201733,"","","","","",""
4860,"2026-08-01 23:04:07.323447","train",14,0.12009017169475555,0.0005063678479398478,"","","","","",""
4880,"2026-08-01 23:04:08.286484","train",14,0.06716267019510269,0.0005094135737715651,"","","","","",""
4900,"2026-08-01 23:04:09.271999","train",14,0.14977484941482544,0.0005124597261091456,"","","","","",""
4920,"2026-08-01 23:04:10.219089","train",14,0.30395007133483887,0.0005155061822292258,"","","","","",""
4940,"2026-08-01 23:04:11.303497","train",14,0.021040692925453186,0.0005185528193962037,"","","","","",""
4950,"2026-08-01 23:04:28.369367","val",14,"","",0.796016393442623,0.2599946505348409,0.6880160988134064,0.7307032590051459,0.8025154457193292,0.7956730395887368
4960,"2026-08-01 23:04:39.741071","train",15,0.5177216529846191,0.0005215995148671833,"","","","","",""
4980,"2026-08-01 23:04:40.597373","train",15,0.07331585139036179,0.0005246461458969195,"","","","","",""
5000,"2026-08-01 23:04:41.581624","train",15,0.293277382850647,0.0005276925897427635,"","","","","",""
5020,"2026-08-01 23:04:42.464486","train",15,0.3407895565032959,0.000530738723669608,"","","","","",""
5040,"2026-08-01 23:04:43.407198","train",15,0.19690975546836853,0.0005337844249548311,"","","","","",""
5060,"2026-08-01 23:04:44.350706","train",15,0.2299397885799408,0.0005368295708932417,"","","","","",""
5080,"2026-08-01 23:04:45.280882","train",15,0.1291826069355011,0.0005398740388020224,"","","","","",""
5100,"2026-08-01 23:04:46.285495","train",15,0.5910103917121887,0.0005429177060256725,"","","","","",""
5120,"2026-08-01 23:04:47.259812","train",15,0.22658365964889526,0.0005459604499409485,"","","","","",""
5140,"2026-08-01 23:04:48.139669","train",15,0.34801098704338074,0.0005490021479618057,"","","","","",""
5160,"2026-08-01 23:04:49.076110","train",15,0.3096659183502197,0.0005520426775443366,"","","","","",""
5180,"2026-08-01 23:04:50.180752","train",15,0.22008582949638367,0.0005550819161917074,"","","","","",""
5200,"2026-08-01 23:04:51.102325","train",15,0.3422161340713501,0.0005581197414590931,"","","","","",""
5220,"2026-08-01 23:04:52.032909","train",15,0.39729228615760803,0.000561156030958612,"","","","","",""
5240,"2026-08-01 23:04:53.082706","train",15,0.10158149152994156,0.0005641906623642546,"","","","","",""
5260,"2026-08-01 23:04:53.942902","train",15,0.331401526927948,0.0005672235134168129,"","","","","",""
5280,"2026-08-01 23:04:54.831640","train",15,0.09104885905981064,0.0005702544619288054,"","","","","",""
5280,"2026-08-01 23:05:11.565642","val",15,"","",0.8038032786885246,0.2659843772104629,0.694885851085976,0.7632933104631218,0.8022947925860546,0.8030037119294267
5300,"2026-08-01 23:05:23.515690","train",16,0.05469822883605957,0.0005732833857894008,"","","","","",""
5320,"2026-08-01 23:05:24.466985","train",16,0.07473185658454895,0.0005763101629693366,"","","","","",""
5340,"2026-08-01 23:05:25.370354","train",16,0.26475924253463745,0.0005793346715258355,"","","","","",""
5360,"2026-08-01 23:05:26.256896","train",16,0.15868347883224487,0.000582356789607519,"","","","","",""
5380,"2026-08-01 23:05:27.181009","train",16,0.08006158471107483,0.0005853763954593158,"","","","","",""
5400,"2026-08-01 23:05:28.103205","train",16,0.4097970128059387,0.000588393367427367,"","","","","",""
5420,"2026-08-01 23:05:29.069157","train",16,0.9036484956741333,0.0005914075839639282,"","","","","",""
5440,"2026-08-01 23:05:29.967512","train",16,0.06628568470478058,0.0005944189236322652,"","","","","",""
5460,"2026-08-01 23:05:30.876128","train",16,0.24615837633609772,0.0005974272651115474,"","","","","",""
5480,"2026-08-01 23:05:31.798783","train",16,0.4563441872596741,0.0006004324872017349,"","","","","",""
5500,"2026-08-01 23:05:32.709144","train",16,0.1685403734445572,0.0006034344688284625,"","","","","",""
5520,"2026-08-01 23:05:33.619102","train",16,0.8724491596221924,0.0006064330890479158,"","","","","",""
5540,"2026-08-01 23:05:34.543533","train",16,0.2910463809967041,0.0006094282270517052,"","","","","",""
5560,"2026-08-01 23:05:35.485166","train",16,0.07523858547210693,0.000612419762171733,"","","","","",""
5580,"2026-08-01 23:05:36.410042","train",16,0.29785680770874023,0.0006154075738850534,"","","","","",""
5600,"2026-08-01 23:05:37.377884","train",16,0.13795070350170135,0.0006183915418187301,"","","","","",""
5610,"2026-08-01 23:05:55.627251","val",16,"","",0.8161147540983607,0.2945717325683316,0.7221566858649643,0.7787307032590052,0.8323036187113857,0.8091384906891143
5620,"2026-08-01 23:06:07.522719","train",17,0.16040942072868347,0.0006213715457546845,"","","","","",""
5640,"2026-08-01 23:06:08.442065","train",17,0.15464989840984344,0.00062434746563454,"","","","","",""
5660,"2026-08-01 23:06:09.407356","train",17,0.05615067481994629,0.0006273191815644578,"","","","","",""
5680,"2026-08-01 23:06:10.360010","train",17,0.08137252926826477,0.000630286573819968,"","","","","",""
5700,"2026-08-01 23:06:11.373005","train",17,0.024785086512565613,0.0006332495228507935,"","","","","",""
5720,"2026-08-01 23:06:12.321862","train",17,0.4666723608970642,0.0006362079092856647,"","","","","",""
5740,"2026-08-01 23:06:13.257078","train",17,0.17368479073047638,0.0006391616139371306,"","","","","",""
5760,"2026-08-01 23:06:14.180196","train",17,0.14341393113136292,0.0006421105178063597,"","","","","",""
5780,"2026-08-01 23:06:15.171000","train",17,0.051918499171733856,0.0006450545020879343,"","","","","",""
5800,"2026-08-01 23:06:16.135947","train",17,0.417257696390152,0.0006479934481746372,"","","","","",""
5820,"2026-08-01 23:06:17.098149","train",17,0.21556739509105682,0.0006509272376622293,"","","","","",""
5840,"2026-08-01 23:06:17.991806","train",17,0.4166661500930786,0.0006538557523542216,"","","","","",""
5860,"2026-08-01 23:06:18.825533","train",17,0.14352935552597046,0.0006567788742666354,"","","","","",""
5880,"2026-08-01 23:06:19.753494","train",17,0.3851289451122284,0.0006596964856327558,"","","","","",""
5900,"2026-08-01 23:06:20.698578","train",17,0.4096350371837616,0.0006626084689078779,"","","","","",""
5920,"2026-08-01 23:06:21.688261","train",17,0.08407041430473328,0.0006655147067740404,"","","","","",""
5940,"2026-08-01 23:06:22.623893","train",17,0.5721433758735657,0.0006684150821447532,"","","","","",""
5940,"2026-08-01 23:06:40.216913","val",17,"","",0.803483606557377,0.2842281796467737,0.7043230865311221,0.7701543739279588,0.8170785525154457,0.7957972882724773
5960,"2026-08-01 23:06:52.856689","train",18,0.111214280128479,0.0006713094781697143,"","","","","",""
5980,"2026-08-01 23:06:53.878528","train",18,0.2881559431552887,0.000674197778239518,"","","","","",""
6000,"2026-08-01 23:06:54.730453","train",18,0.026898019015789032,0.0006770798659903522,"","","","","",""
6020,"2026-08-01 23:06:55.606654","train",18,0.16883811354637146,0.0006799556253086858,"","","","","",""
6040,"2026-08-01 23:06:56.525811","train",18,0.25322988629341125,0.0006828249403359489,"","","","","",""
6060,"2026-08-01 23:06:57.442789","train",18,0.09545587003231049,0.0006856876954731983,"","","","","",""
6080,"2026-08-01 23:06:58.381134","train",18,0.5627790093421936,0.0006885437753857758,"","","","","",""
6100,"2026-08-01 23:06:59.292859","train",18,0.2805718779563904,0.0006913930650079547,"","","","","",""
6120,"2026-08-01 23:07:00.258319","train",18,0.15111136436462402,0.0006942354495475756,"","","","","",""
6140,"2026-08-01 23:07:01.295415","train",18,0.03652764856815338,0.0006970708144906705,"","","","","",""
6160,"2026-08-01 23:07:02.171688","train",18,0.1265849471092224,0.000699899045606077,"","","","","",""
6180,"2026-08-01 23:07:03.095948","train",18,0.04308174550533295,0.0007027200289500409,"","","","","",""
6200,"2026-08-01 23:07:03.949250","train",18,0.16647803783416748,0.0007055336508708055,"","","","","",""
6220,"2026-08-01 23:07:04.822136","train",18,0.07549426704645157,0.0007083397980131914,"","","","","",""
6240,"2026-08-01 23:07:05.698620","train",18,0.19659842550754547,0.0007111383573231628,"","","","","",""
6260,"2026-08-01 23:07:06.622213","train",18,0.16705863177776337,0.0007139292160523827,"","","","","",""
6270,"2026-08-01 23:07:25.899067","val",18,"","",0.7919180327868851,0.2470155370740706,0.6689334536118243,0.7324185248713551,0.781332744924978,0.7955798530759315
6280,"2026-08-01 23:07:37.959500","train",19,0.28389137983322144,0.0007167122617627547,"","","","","",""
6300,"2026-08-01 23:07:38.843689","train",19,0.03166484832763672,0.0007194873823309533,"","","","","",""
6320,"2026-08-01 23:07:39.747464","train",19,0.21347683668136597,0.0007222544659529418,"","","","","",""
6340,"2026-08-01 23:07:40.703802","train",19,0.6945753693580627,0.0007250134011484747,"","","","","",""
6360,"2026-08-01 23:07:41.657469","train",19,0.14391762018203735,0.0007277640767655912,"","","","","",""
6380,"2026-08-01 23:07:42.548183","train",19,0.029558226466178894,0.0007305063819850921,"","","","","",""
6400,"2026-08-01 23:07:43.503081","train",19,0.21513372659683228,0.0007332402063250042,"","","","","",""
6420,"2026-08-01 23:07:44.500080","train",19,0.1153840720653534,0.0007359654396450327,"","","","","",""
6440,"2026-08-01 23:07:45.421935","train",19,0.1778542697429657,0.0007386819721509973,"","","","","",""
6460,"2026-08-01 23:07:46.421549","train",19,0.2888527512550354,0.0007413896943992565,"","","","","",""
6480,"2026-08-01 23:07:47.271090","train",19,0.1305122971534729,0.0007440884973011153,"","","","","",""
6500,"2026-08-01 23:07:48.205563","train",19,0.18304577469825745,0.0007467782721272225,"","","","","",""
6520,"2026-08-01 23:07:49.230817","train",19,0.2465072125196457,0.0007494589105119494,"","","","","",""
6540,"2026-08-01 23:07:50.174225","train",19,0.10590988397598267,0.000752130304457756,"","","","","",""
6560,"2026-08-01 23:07:51.070267","train",19,0.05130556970834732,0.0007547923463395426,"","","","","",""
6580,"2026-08-01 23:07:52.024662","train",19,0.1340375542640686,0.0007574449289089851,"","","","","",""
6600,"2026-08-01 23:07:52.906869","train",19,0.2331782877445221,0.0007600879452988564,"","","","","",""
6600,"2026-08-01 23:08:09.626274","val",19,"","",0.7981803278688525,0.24127062061942411,0.6894039275553396,0.7341337907375642,0.7967784642541924,0.7980803578362091
6620,"2026-08-01 23:08:21.905612","train",20,0.3431675136089325,0.0007627212890273312,"","","","","",""
6640,"2026-08-01 23:08:22.928623","train",20,0.30969032645225525,0.0007653448540022764,"","","","","",""
6660,"2026-08-01 23:08:23.827707","train",20,0.15041987597942352,0.0007679585345255258,"","","","","",""
6680,"2026-08-01 23:08:24.704829","train",20,0.43837109208106995,0.0007705622252971369,"","","","","",""
6700,"2026-08-01 23:08:25.656928","train",20,0.09354792535305023,0.000773155821419635,"","","","","",""
6720,"2026-08-01 23:08:26.590322","train",20,0.06567326188087463,0.0007757392184022385,"","","","","",""
6740,"2026-08-01 23:08:27.528403","train",20,0.5301817655563354,0.0007783123121650685,"","","","","",""
6760,"2026-08-01 23:08:28.460705","train",20,0.0885794460773468,0.000780874999043342,"","","","","",""
6780,"2026-08-01 23:08:29.418226","train",20,0.15246537327766418,0.0007834271757915487,"","","","","",""
6800,"2026-08-01 23:08:30.421973","train",20,0.03805305063724518,0.0007859687395876106,"","","","","",""
6820,"2026-08-01 23:08:31.286266","train",20,0.31915515661239624,0.0007884995880370235,"","","","","",""
6840,"2026-08-01 23:08:32.247060","train",20,0.10144178569316864,0.0007910196191769837,"","","","","",""
6860,"2026-08-01 23:08:33.157757","train",20,0.07663172483444214,0.0007935287314804948,"","","","","",""
6880,"2026-08-01 23:08:34.159595","train",20,0.06350995600223541,0.0007960268238604589,"","","","","",""
6900,"2026-08-01 23:08:34.999816","train",20,0.8035855889320374,0.0007985137956737479,"","","","","",""
6920,"2026-08-01 23:08:35.891201","train",20,0.24114030599594116,0.0008009895467252596,"","","","","",""
6930,"2026-08-01 23:08:53.096952","val",20,"","",0.7951065573770493,0.24795870711992718,0.6817014780376102,0.7358490566037736,0.7780229479258606,0.7944460838367993
6940,"2026-08-01 23:09:04.482525","train",21,0.30416014790534973,0.0008034539772719539,"","","","","",""
6960,"2026-08-01 23:09:05.363756","train",21,0.04906965047121048,0.0008059069880268701,"","","","","",""
6980,"2026-08-01 23:09:06.280336","train",21,0.5276938676834106,0.0008083484801631296,"","","","","",""
7000,"2026-08-01 23:09:07.155130","train",21,0.27226996421813965,0.0008107783553179145,"","","","","",""
7020,"2026-08-01 23:09:08.122207","train",21,0.09642674028873444,0.0008131965155964323,"","","","","",""
7040,"2026-08-01 23:09:09.045328","train",21,0.06842411309480667,0.000815602863575859,"","","","","",""
7060,"2026-08-01 23:09:09.933132","train",21,0.20446360111236572,0.000817997302309265,"","","","","",""
7080,"2026-08-01 23:09:10.862712","train",21,0.06621438264846802,0.00082037973532952,"","","","","",""
7100,"2026-08-01 23:09:11.777981","train",21,0.07604040205478668,0.0008227500666531794,"","","","","",""
7120,"2026-08-01 23:09:12.712228","train",21,0.056819070130586624,0.0008251082007843526,"","","","","",""
7140,"2026-08-01 23:09:13.564902","train",21,0.1382417231798172,0.0008274540427185486,"","","","","",""
7160,"2026-08-01 23:09:14.434700","train",21,0.5172370076179504,0.0008297874979465046,"","","","","",""
7180,"2026-08-01 23:09:15.382083","train",21,0.11963686347007751,0.0008321084724579931,"","","","","",""
7200,"2026-08-01 23:09:16.445077","train",21,0.01187404990196228,0.0008344168727456101,"","","","","",""
7220,"2026-08-01 23:09:17.248183","train",21,0.3186066150665283,0.0008367126058085417,"","","","","",""
7240,"2026-08-01 23:09:18.211079","train",21,0.24469351768493652,0.0008389955791563103,"","","","","",""
7260,"2026-08-01 23:09:19.111526","train",21,0.2856661081314087,0.0008412657008125031,"","","","","",""
7260,"2026-08-01 23:09:36.008916","val",21,"","",0.8023524590163934,0.2693910854462686,0.7179931996391645,0.758147512864494,0.8071491615180936,0.7971174305372203
7280,"2026-08-01 23:09:48.735976","train",22,0.20285972952842712,0.0008435228793184748,"","","","","",""
7300,"2026-08-01 23:09:49.661251","train",22,0.5028042197227478,0.0008457670237370341,"","","","","",""
7320,"2026-08-01 23:09:50.668878","train",22,0.02769283950328827,0.0008479980436561075,"","","","","",""
7340,"2026-08-01 23:09:51.673901","train",22,0.18940487504005432,0.0008502158491923799,"","","","","",""
7360,"2026-08-01 23:09:52.474416","train",22,0.14630168676376343,0.0008524203509949187,"","","","","",""
7380,"2026-08-01 23:09:53.434821","train",22,0.07395094633102417,0.0008546114602487706,"","","","","",""
7400,"2026-08-01 23:09:54.353372","train",22,0.043557651340961456,0.0008567890886785426,"","","","","",""
7420,"2026-08-01 23:09:55.330306","train",22,0.25847113132476807,0.0008589531485519559,"","","","","",""
7440,"2026-08-01 23:09:56.167204","train",22,0.30042457580566406,0.000861103552683382,"","","","","",""
7460,"2026-08-01 23:09:57.160670","train",22,0.4528927803039551,0.0008632402144373552,"","","","","",""
7480,"2026-08-01 23:09:58.039580","train",22,0.224943608045578,0.000865363047732062,"","","","","",""
7500,"2026-08-01 23:09:58.918159","train",22,0.29683855175971985,0.0008674719670428103,"","","","","",""
7520,"2026-08-01 23:09:59.753674","train",22,0.08031470328569412,0.0008695668874054737,"","","","","",""
7540,"2026-08-01 23:10:00.743094","train",22,0.31245964765548706,0.0008716477244199163,"","","","","",""
7560,"2026-08-01 23:10:01.623748","train",22,0.31108880043029785,0.0008737143942533916,"","","","","",""
7580,"2026-08-01 23:10:02.562256","train",22,0.42342519760131836,0.0008757668136439201,"","","","","",""
7590,"2026-08-01 23:10:20.369698","val",22,"","",0.8071311475409836,0.3266807361136265,0.7035597807230588,0.7409948542024014,0.8062665489849955,0.8079270660226444
7600,"2026-08-01 23:10:32.523459","train",23,0.048429325222969055,0.0008778048999036446,"","","","","",""
7620,"2026-08-01 23:10:33.424720","train",23,0.13602790236473083,0.0008798285709221603,"","","","","",""
7640,"2026-08-01 23:10:34.385026","train",23,0.03417681157588959,0.0008818377451698242,"","","","","",""
7660,"2026-08-01 23:10:35.260426","train",23,0.23452675342559814,0.0008838323417010386,"","","","","",""
7680,"2026-08-01 23:10:36.322939","train",23,0.04442858695983887,0.0008858122801575133,"","","","","",""
7700,"2026-08-01 23:10:37.214028","train",23,0.34280452132225037,0.0008877774807715017,"","","","","",""
7720,"2026-08-01 23:10:38.121288","train",23,0.0724250003695488,0.0008897278643690159,"","","","","",""
7740,"2026-08-01 23:10:39.031253","train",23,0.38586533069610596,0.0008916633523730158,"","","","","",""
7760,"2026-08-01 23:10:40.015071","train",23,0.11615264415740967,0.0008935838668065746,"","","","","",""
7780,"2026-08-01 23:10:40.949924","train",23,0.513687789440155,0.0008954893302960209,"","","","","",""
7800,"2026-08-01 23:10:41.968531","train",23,0.2585645318031311,0.0008973796660740552,"","","","","",""
7820,"2026-08-01 23:10:42.898770","train",23,0.20021216571331024,0.0008992547979828439,"","","","","",""
7840,"2026-08-01 23:10:43.870830","train",23,0.043130405247211456,0.0009011146504770858,"","","","","",""
7860,"2026-08-01 23:10:44.740196","train",23,0.25646042823791504,0.0009029591486270572,"","","","","",""
7880,"2026-08-01 23:10:45.759366","train",23,0.04528159648180008,0.0009047882181216303,"","","","","",""
7900,"2026-08-01 23:10:46.640780","train",23,0.16188594698905945,0.0009066017852712663,"","","","","",""
7920,"2026-08-01 23:10:47.550967","train",23,0.4762919545173645,0.0009083997770109851,"","","","","",""
7920,"2026-08-01 23:11:05.353821","val",23,"","",0.8193770491803278,0.30088851615403767,0.7407535910068698,0.7564322469982847,0.8241394527802295,0.8179756783201578
7940,"2026-08-01 23:11:18.613200","train",24,0.16901607811450958,0.0009101821209033087,"","","","","",""
7960,"2026-08-01 23:11:19.524143","train",24,0.07423903048038483,0.0009119487451411793,"","","","","",""
7980,"2026-08-01 23:11:20.463658","train",24,0.15596804022789001,0.0009136995785508522,"","","","","",""
8000,"2026-08-01 23:11:21.479734","train",24,0.3032422661781311,0.0009154345505947639,"","","","","",""
8020,"2026-08-01 23:11:22.361378","train",24,0.07927621901035309,0.0009171535913743734,"","","","","",""
8040,"2026-08-01 23:11:23.291926","train",24,0.1926904171705246,0.0009188566316329779,"","","","","",""
8060,"2026-08-01 23:11:24.276981","train",24,0.06967266649007797,0.0009205436027585041,"","","","","",""
8080,"2026-08-01 23:11:25.175294","train",24,0.30828097462654114,0.0009222144367862716,"","","","","",""
8100,"2026-08-01 23:11:26.149299","train",24,0.19484582543373108,0.0009238690664017311,"","","","","",""
8120,"2026-08-01 23:11:27.099463","train",24,0.2971569001674652,0.0009255074249431767,"","","","","",""
8140,"2026-08-01 23:11:28.034693","train",24,0.23188048601150513,0.0009271294464044312,"","","","","",""
8160,"2026-08-01 23:11:28.919693","train",24,0.22839367389678955,0.0009287350654375061,"","","","","",""
8180,"2026-08-01 23:11:29.863084","train",24,0.10015697032213211,0.0009303242173552332,"","","","","",""
8200,"2026-08-01 23:11:30.758737","train",24,0.5829977989196777,0.0009318968381338715,"","","","","",""
8220,"2026-08-01 23:11:31.688299","train",24,0.10339116305112839,0.0009334528644156868,"","","","","",""
8240,"2026-08-01 23:11:32.684797","train",24,0.12614017724990845,0.0009349922335115035,"","","","","",""
8250,"2026-08-01 23:11:49.860185","val",24,"","",0.8220983606557377,0.31543316712675373,0.7214627714939976,0.7615780445969125,0.8309796999117387,0.819497724695979
8260,"2026-08-01 23:12:01.140086","train",25,0.03136558085680008,0.0009365148834032304,"","","","","",""
8280,"2026-08-01 23:12:02.089372","train",25,0.10336525738239288,0.00093802075274636,"","","","","",""
8300,"2026-08-01 23:12:03.026320","train",25,0.06401267647743225,0.0009395097808724389,"","","","","",""
8320,"2026-08-01 23:12:03.966520","train",25,0.2333807647228241,0.0009409819077915129,"","","","","",""
8340,"2026-08-01 23:12:04.825887","train",25,0.26289546489715576,0.0009424370741945435,"","","","","",""
8360,"2026-08-01 23:12:05.737472","train",25,0.6454240083694458,0.0009438752214557969,"","","","","",""
8380,"2026-08-01 23:12:06.670957","train",25,0.11413084715604782,0.000945296291635207,"","","","","",""
8400,"2026-08-01 23:12:07.577327","train",25,0.13220420479774475,0.0009467002274807086,"","","","","",""
8420,"2026-08-01 23:12:08.480674","train",25,0.290929913520813,0.0009480869724305444,"","","","","",""
8440,"2026-08-01 23:12:09.380037","train",25,0.16073375940322876,0.0009494564706155443,"","","","","",""
8460,"2026-08-01 23:12:10.205509","train",25,0.25279006361961365,0.000950808666861375,"","","","","",""
8480,"2026-08-01 23:12:11.165794","train",25,0.4365806579589844,0.0009521435066907642,"","","","","",""
8500,"2026-08-01 23:12:12.012046","train",25,0.18226611614227295,0.0009534609363256944,"","","","","",""
8520,"2026-08-01 23:12:13.041990","train",25,0.5567300319671631,0.0009547609026895703,"","","","","",""
8540,"2026-08-01 23:12:14.028231","train",25,0.014741078019142151,0.0009560433534093561,"","","","","",""
8560,"2026-08-01 23:12:15.052349","train",25,0.1737278252840042,0.0009573082368176868,"","","","","",""
8580,"2026-08-01 23:12:15.824323","train",25,0.30581769347190857,0.0009585555019549487,"","","","","",""
8580,"2026-08-01 23:12:32.699211","val",25,"","",0.8095245901639344,0.2709248298774205,0.7035597807230588,0.771869639794168,0.8071491615180936,0.8078494105953066
8600,"2026-08-01 23:12:45.075153","train",26,0.08215324580669403,0.000959785098571333,"","","","","",""
8620,"2026-08-01 23:12:46.032534","train",26,0.21798758208751678,0.0009609969771288602,"","","","","",""
8640,"2026-08-01 23:12:47.089260","train",26,0.04050739109516144,0.0009621910888033758,"","","","","",""
8660,"2026-08-01 23:12:48.022658","train",26,0.1317734718322754,0.0009633673854865173,"","","","","",""
8680,"2026-08-01 23:12:48.967499","train",26,0.5366034507751465,0.0009645258197876525,"","","","","",""
8700,"2026-08-01 23:12:49.900463","train",26,0.11745170503854752,0.0009656663450357887,"","","","","",""
8720,"2026-08-01 23:12:50.812844","train",26,0.27844080328941345,0.000966788915281453,"","","","","",""
8740,"2026-08-01 23:12:51.719167","train",26,0.46971559524536133,0.0009678934852985432,"","","","","",""
8760,"2026-08-01 23:12:52.592859","train",26,0.11531286686658859,0.0009689800105861508,"","","","","",""
8780,"2026-08-01 23:12:53.543905","train",26,0.05146041512489319,0.0009700484473703528,"","","","","",""
8800,"2026-08-01 23:12:54.568869","train",26,0.06749066710472107,0.0009710987526059759,"","","","","",""
8820,"2026-08-01 23:12:55.549241","train",26,0.3995501399040222,0.0009721308839783304,"","","","","",""
8840,"2026-08-01 23:12:56.520275","train",26,0.07547487318515778,0.0009731447999049149,"","","","","",""
8860,"2026-08-01 23:12:57.455969","train",26,0.34995779395103455,0.0009741404595370919,"","","","","",""
8880,"2026-08-01 23:12:58.413235","train",26,0.340875506401062,0.0009751178227617336,"","","","","",""
8900,"2026-08-01 23:12:59.419371","train",26,0.28910183906555176,0.0009760768502028374,"","","","","",""
8910,"2026-08-01 23:13:17.898259","val",26,"","",0.8181065573770492,0.2894674287959351,0.7322184442439803,0.7461406518010292,0.8276699029126214,0.8155528289872179
8920,"2026-08-01 23:13:30.733261","train",27,0.1401662677526474,0.0009770175032231124,"","","","","",""
8940,"2026-08-01 23:13:31.669869","train",27,0.04338064044713974,0.0009779397439255372,"","","","","",""
8960,"2026-08-01 23:13:32.652483","train",27,0.028050914406776428,0.0009788435351548845,"","","","","",""
8980,"2026-08-01 23:13:33.614199","train",27,0.3014093041419983,0.0009797288404992202,"","","","","",""
9000,"2026-08-01 23:13:34.585216","train",27,0.14409294724464417,0.0009805956242913687,"","","","","",""
9020,"2026-08-01 23:13:35.525253","train",27,0.3212689459323883,0.000981443851610351,"","","","","",""
9040,"2026-08-01 23:13:36.559239","train",27,0.07529478520154953,0.0009822734882827912,"","","","","",""
9060,"2026-08-01 23:13:37.482851","train",27,0.13217386603355408,0.0009830845008842928,"","","","","",""
9080,"2026-08-01 23:13:38.371988","train",27,0.026135891675949097,0.0009838768567407862,"","","","","",""
9100,"2026-08-01 23:13:39.345052","train",27,0.47833260893821716,0.0009846505239298443,"","","","","",""
9120,"2026-08-01 23:13:40.283081","train",27,0.04179266095161438,0.0009854054712819691,"","","","","",""
9140,"2026-08-01 23:13:41.311504","train",27,0.3250015377998352,0.000986141668381847,"","","","","",""
9160,"2026-08-01 23:13:42.342156","train",27,0.13503313064575195,0.000986859085569575,"","","","","",""
9180,"2026-08-01 23:13:43.331017","train",27,0.2638873755931854,0.000987557693941854,"","","","","",""
9200,"2026-08-01 23:13:44.365742","train",27,0.4302349090576172,0.0009882374653531554,"","","","","",""
9220,"2026-08-01 23:13:45.436367","train",27,0.46066004037857056,0.0009888983724168536,"","","","","",""
9240,"2026-08-01 23:13:46.251202","train",27,0.2004554569721222,0.0009895403885063292,"","","","","",""
9240,"2026-08-01 23:14:04.308170","val",27,"","",0.8066475409836065,0.2605430875022766,0.7063354382069252,0.7667238421955404,0.8038393645189762,0.8053333747495612
9260,"2026-08-01 23:14:17.422136","train",28,0.1006082221865654,0.000990163487756043,"","","","","",""
9280,"2026-08-01 23:14:18.349585","train",28,0.21636071801185608,0.000990767645062577,"","","","","",""
9300,"2026-08-01 23:14:19.294243","train",28,0.26438048481941223,0.0009913528360856458,"","","","","",""
9320,"2026-08-01 23:14:20.149232","train",28,0.2694137990474701,0.0009919190372490777,"","","","","",""
9340,"2026-08-01 23:14:21.047970","train",28,0.22883212566375732,0.0009924662257417645,"","","","","",""
9360,"2026-08-01 23:14:21.997641","train",28,0.35208243131637573,0.00099299437951858,"","","","","",""
9380,"2026-08-01 23:14:23.046155","train",28,0.1877177357673645,0.000993503477301269,"","","","","",""
9400,"2026-08-01 23:14:23.952651","train",28,0.2881237864494324,0.0009939934985793034,"","","","","",""
9420,"2026-08-01 23:14:24.843598","train",28,0.2865341305732727,0.0009944644236107097,"","","","","",""
9440,"2026-08-01 23:14:25.786813","train",28,0.42215943336486816,0.0009949162334228635,"","","","","",""
9460,"2026-08-01 23:14:26.848072","train",28,0.10948415100574493,0.0009953489098132543,"","","","","",""
9480,"2026-08-01 23:14:27.701045","train",28,0.4808603823184967,0.0009957624353502193,"","","","","",""
9500,"2026-08-01 23:14:28.679218","train",28,0.189254492521286,0.0009961567933736441,"","","","","",""
9520,"2026-08-01 23:14:29.656261","train",28,0.10464781522750854,0.0009965319679956358,"","","","","",""
9540,"2026-08-01 23:14:30.568255","train",28,0.03833073377609253,0.000996887944101162,"","","","","",""
9560,"2026-08-01 23:14:31.559162","train",28,0.21539989113807678,0.0009972247073486598,"","","","","",""
9570,"2026-08-01 23:14:48.926671","val",28,"","",0.8088524590163935,0.2591014850623325,0.7037679550343487,0.7015437392795884,0.8075904677846426,0.8146830882010342
9580,"2026-08-01 23:15:00.463643","train",29,0.11588892340660095,0.000997542244170614,"","","","","",""
9600,"2026-08-01 23:15:01.369704","train",29,0.04180332273244858,0.0009978405417741035,"","","","","",""
9620,"2026-08-01 23:15:02.328573","train",29,0.023491404950618744,0.0009981195881413165,"","","","","",""
9640,"2026-08-01 23:15:03.274220","train",29,0.14917197823524475,0.000998379372030035,"","","","","",""
9660,"2026-08-01 23:15:04.174431","train",29,0.6578724384307861,0.0009986198829740876,"","","","","",""
9680,"2026-08-01 23:15:05.068601","train",29,0.20002010464668274,0.000998841111283771,"","","","","",""
9700,"2026-08-01 23:15:05.998630","train",29,0.0385747104883194,0.0009990430480462408,"","","","","",""
9720,"2026-08-01 23:15:06.919956","train",29,0.20907503366470337,0.0009992256851258704,"","","","","",""
9740,"2026-08-01 23:15:07.861699","train",29,0.2296898066997528,0.0009993890151645782,"","","","","",""
9760,"2026-08-01 23:15:08.758601","train",29,0.36083096265792847,0.0009995330315821247,"","","","","",""
9780,"2026-08-01 23:15:09.673949","train",29,0.19197024405002594,0.0009996577285763775,"","","","","",""
9800,"2026-08-01 23:15:10.641505","train",29,0.19156570732593536,0.0009997631011235454,"","","","","",""
9820,"2026-08-01 23:15:11.633295","train",29,0.2662353515625,0.0009998491449783797,"","","","","",""
9840,"2026-08-01 23:15:12.547288","train",29,0.05853923410177231,0.0009999158566743461,"","","","","",""
9860,"2026-08-01 23:15:13.472203","train",29,0.22760933637619019,0.0009999632335237645,"","","","","",""
9880,"2026-08-01 23:15:14.411471","train",29,0.17040717601776123,0.0009999912736179167,"","","","","",""
9900,"2026-08-01 23:15:15.343100","train",29,0.1482735127210617,0.0009999999953760402,"","","","","",""
9900,"2026-08-01 23:15:32.334241","val",29,"","",0.8214836065573771,0.2770143475464696,0.730206092568177,0.7632933104631219,0.822594880847308,0.8235358069175455
9920,"2026-08-01 23:15:44.509493","train",30,0.128708153963089,0.0009999979608350798,"","","","","",""
9940,"2026-08-01 23:15:45.359095","train",30,0.1262407898902893,0.0009999922271435838,"","","","","",""
9960,"2026-08-01 23:15:46.247358","train",30,0.18135447800159454,0.0009999827943439723,"","","","","",""
9980,"2026-08-01 23:15:47.217748","train",30,0.28714263439178467,0.0009999696625060323,"","","","","",""
10000,"2026-08-01 23:15:48.250382","train",30,0.20026788115501404,0.0009999528317269184,"","","","","",""
10020,"2026-08-01 23:15:49.108276","train",30,0.3118985593318939,0.00099993230213115,"","","","","",""
10040,"2026-08-01 23:15:50.021713","train",30,0.022100180387496948,0.000999908073870613,"","","","","",""
10060,"2026-08-01 23:15:50.901656","train",30,0.05400018393993378,0.0009998801471245568,"","","","","",""
10080,"2026-08-01 23:15:51.850762","train",30,0.4017109274864197,0.0009998485220995932,"","","","","",""
10100,"2026-08-01 23:15:52.870829","train",30,0.25480759143829346,0.0009998131990296957,"","","","","",""
10120,"2026-08-01 23:15:53.824038","train",30,0.13040831685066223,0.0009997741781761975,"","","","","",""
10140,"2026-08-01 23:15:54.736405","train",30,0.27041077613830566,0.0009997314598277885,"","","","","",""
10160,"2026-08-01 23:15:55.724478","train",30,0.14668181538581848,0.0009996850443005146,"","","","","",""
10180,"2026-08-01 23:15:56.717399","train",30,0.12474451959133148,0.0009996349319377745,"","","","","",""
10200,"2026-08-01 23:15:57.683275","train",30,0.33998289704322815,0.0009995811231103176,"","","","","",""
10220,"2026-08-01 23:15:58.487217","train",30,0.04247676581144333,0.0009995236182162412,"","","","","",""
10230,"2026-08-01 23:16:18.817572","val",30,"","",0.816672131147541,0.30643475925622626,0.721601554368191,0.7478559176672385,0.8111209179170344,0.8210042399863327
10240,"2026-08-01 23:16:31.659837","train",31,0.443123459815979,0.0009994624176809872,"","","","","",""
10260,"2026-08-01 23:16:32.588112","train",31,0.041293010115623474,0.000999397521957339,"","","","","",""
10280,"2026-08-01 23:16:33.596493","train",31,0.11740516126155853,0.000999328931525419,"","","","","",""
10300,"2026-08-01 23:16:34.439361","train",31,0.2635631561279297,0.0009992566468926835,"","","","","",""
10320,"2026-08-01 23:16:35.345525","train",31,0.23960711061954498,0.0009991806685939206,"","","","","",""
10340,"2026-08-01 23:16:36.272440","train",31,0.30722281336784363,0.000999100997191245,"","","","","",""
10360,"2026-08-01 23:16:37.186705","train",31,0.09779007732868195,0.0009990176332740947,"","","","","",""
10380,"2026-08-01 23:16:38.124205","train",31,0.2331080436706543,0.000998930577459226,"","","","","",""
10400,"2026-08-01 23:16:39.102575","train",31,0.052791424095630646,0.000998839830390709,"","","","","",""
10420,"2026-08-01 23:16:40.030972","train",31,0.1912386417388916,0.0009987453927399231,"","","","","",""
10440,"2026-08-01 23:16:41.008731","train",31,0.33246666193008423,0.000998647265205553,"","","","","",""
10460,"2026-08-01 23:16:41.969262","train",31,0.6378263235092163,0.0009985454485135804,"","","","","",""
10480,"2026-08-01 23:16:42.926088","train",31,0.3866664171218872,0.000998439943417283,"","","","","",""
10500,"2026-08-01 23:16:43.873768","train",31,0.21954628825187683,0.000998330750697225,"","","","","",""
10520,"2026-08-01 23:16:44.899589","train",31,0.08288799226284027,0.0009982178711612538,"","","","","",""
10540,"2026-08-01 23:16:45.786558","train",31,0.2025284618139267,0.0009981013056444927,"","","","","",""
10560,"2026-08-01 23:16:46.589952","train",31,0.07800012826919556,0.0009979810550093354,"","","","","",""
10560,"2026-08-01 23:17:03.635124","val",31,"","",0.8268278688524591,0.3231095074553669,0.7535910068697522,0.7821612349914236,0.8042806707855251,0.83077329274543
10580,"2026-08-01 23:17:15.586505","train",32,0.390713632106781,0.0009978571201454398,"","","","","",""
10600,"2026-08-01 23:17:16.548507","train",32,0.0566365085542202,0.0009977295019697205,"","","","","",""
10620,"2026-08-01 23:17:17.413870","train",32,0.049940407276153564,0.000997598201426343,"","","","","",""
10640,"2026-08-01 23:17:18.407247","train",32,0.41832613945007324,0.000997463219486716,"","","","","",""
10660,"2026-08-01 23:17:19.339909","train",32,0.1695706844329834,0.0009973245571494845,"","","","","",""
10680,"2026-08-01 23:17:20.331870","train",32,0.194566011428833,0.0009971822154405227,"","","","","",""
10700,"2026-08-01 23:17:21.401962","train",32,0.19934839010238647,0.0009970361954129258,"","","","","",""
10720,"2026-08-01 23:17:22.381855","train",32,0.10445476323366165,0.0009968864981470028,"","","","","",""
10740,"2026-08-01 23:17:23.347212","train",32,0.022037029266357422,0.0009967331247502677,"","","","","",""
10760,"2026-08-01 23:17:24.451088","train",32,0.3324584364891052,0.0009965760763574328,"","","","","",""
10780,"2026-08-01 23:17:25.533467","train",32,0.06633400171995163,0.0009964153541303982,"","","","","",""
10800,"2026-08-01 23:17:26.408210","train",32,0.06215687096118927,0.0009962509592582455,"","","","","",""
10820,"2026-08-01 23:17:27.305592","train",32,0.14258378744125366,0.000996082892957227,"","","","","",""
10840,"2026-08-01 23:17:28.222716","train",32,0.23127052187919617,0.0009959111564707575,"","","","","",""
10860,"2026-08-01 23:17:29.108436","train",32,0.1311616450548172,0.000995735751069406,"","","","","",""
10880,"2026-08-01 23:17:29.974731","train",32,0.1621982902288437,0.000995556678050885,"","","","","",""
10890,"2026-08-01 23:17:47.342521","val",32,"","",0.8236967213114755,0.2924886732182227,0.7397821108875164,0.7375643224699828,0.8102383053839364,0.8336465435569291
10900,"2026-08-01 23:17:59.350758","train",33,0.4245833158493042,0.000995373938740041,"","","","","",""
10920,"2026-08-01 23:18:00.246636","train",33,0.027602866291999817,0.0009951875344888454,"","","","","",""
10940,"2026-08-01 23:18:01.240179","train",33,0.14123286306858063,0.000994997466676384,"","","","","",""
10960,"2026-08-01 23:18:02.119268","train",33,0.6013102531433105,0.0009948037367088474,"","","","","",""
10980,"2026-08-01 23:18:03.150864","train",33,0.0352621003985405,0.0009946063460195196,"","","","","",""
11000,"2026-08-01 23:18:04.117491","train",33,0.3182355761528015,0.000994405296068768,"","","","","",""
11020,"2026-08-01 23:18:05.058032","train",33,0.1253226399421692,0.0009942005883440332,"","","","","",""
11040,"2026-08-01 23:18:05.999112","train",33,0.1573856920003891,0.0009939922243598163,"","","","","",""
11060,"2026-08-01 23:18:06.857511","train",33,0.812400758266449,0.0009937802056576694,"","","","","",""
11080,"2026-08-01 23:18:07.858026","train",33,0.15487134456634521,0.0009935645338061834,"","","","","",""
11100,"2026-08-01 23:18:08.671954","train",33,0.1182216927409172,0.0009933452104009765,"","","","","",""
11120,"2026-08-01 23:18:09.719405","train",33,0.15432700514793396,0.0009931222370646823,"","","","","",""
11140,"2026-08-01 23:18:10.639644","train",33,0.12376411259174347,0.0009928956154469381,"","","","","",""
11160,"2026-08-01 23:18:11.612491","train",33,0.18486934900283813,0.0009926653472243723,"","","","","",""
11180,"2026-08-01 23:18:12.533254","train",33,0.24105249345302582,0.000992431434100592,"","","","","",""
11200,"2026-08-01 23:18:13.433107","train",33,0.45370450615882874,0.0009921938778061719,"","","","","",""
11220,"2026-08-01 23:18:14.310344","train",33,0.36856165528297424,0.0009919526800986382,"","","","","",""
11220,"2026-08-01 23:18:33.106409","val",33,"","",0.8223196721311474,0.27902150546345456,0.7467906460342794,0.7735849056603774,0.8232568402471315,0.8222311957382701
11240,"2026-08-01 23:18:47.309454","train",34,0.14648903906345367,0.0009917078427624589,"","","","","",""
11260,"2026-08-01 23:18:48.210830","train",34,0.1604364514350891,0.0009914593676090288,"","","","","",""
11280,"2026-08-01 23:18:49.157324","train",34,0.24967342615127563,0.0009912072564766572,"","","","","",""
11300,"2026-08-01 23:18:50.137179","train",34,0.37898126244544983,0.0009909515112305528,"","","","","",""
11320,"2026-08-01 23:18:51.111908","train",34,0.06860468536615372,0.0009906921337628112,"","","","","",""
11340,"2026-08-01 23:18:52.086328","train",34,0.03992548957467079,0.0009904291259924011,"","","","","",""
11360,"2026-08-01 23:18:53.027886","train",34,0.20202776789665222,0.000990162489865148,"","","","","",""
11380,"2026-08-01 23:18:53.954303","train",34,0.062420785427093506,0.0009898922273537227,"","","","","",""
11400,"2026-08-01 23:18:54.915135","train",34,0.1953130066394806,0.0009896183404576248,"","","","","",""
11420,"2026-08-01 23:18:55.994784","train",34,0.16893906891345978,0.0009893408312031682,"","","","","",""
11440,"2026-08-01 23:18:56.997386","train",34,0.3160330653190613,0.0009890597016434667,"","","","","",""
11460,"2026-08-01 23:18:57.874533","train",34,0.49516767263412476,0.000988774953858418,"","","","","",""
11480,"2026-08-01 23:18:58.852770","train",34,0.028990663588047028,0.000988486589954689,"","","","","",""
11500,"2026-08-01 23:18:59.748746","train",34,0.6197289824485779,0.0009881946120657002,"","","","","",""
11520,"2026-08-01 23:19:00.740298","train",34,0.02397345006465912,0.000987899022351609,"","","","","",""
11540,"2026-08-01 23:19:01.717662","train",34,0.5360451340675354,0.000987599822999295,"","","","","",""
11550,"2026-08-01 23:19:21.684263","val",34,"","",0.8177704918032787,0.2595899821919845,0.7206994656859343,0.7495711835334476,0.8075904677846425,0.8230077500116484
11560,"2026-08-01 23:19:35.245155","train",35,0.6932223439216614,0.0009872970162223427,"","","","","",""
11580,"2026-08-01 23:19:36.130833","train",35,0.06544092297554016,0.0009869906042610263,"","","","","",""
11600,"2026-08-01 23:19:36.991828","train",35,0.12005504220724106,0.0009866805893822919,"","","","","",""
11620,"2026-08-01 23:19:37.813085","train",35,0.49068599939346313,0.0009863669738797412,"","","","","",""
11640,"2026-08-01 23:19:38.741033","train",35,0.37316691875457764,0.0009860497600736153,"","","","","",""
11660,"2026-08-01 23:19:39.736698","train",35,0.18815390765666962,0.000985728950310776,"","","","","",""
11680,"2026-08-01 23:19:40.649937","train",35,0.31689026951789856,0.0009854045469646897,"","","","","",""
11700,"2026-08-01 23:19:41.649112","train",35,0.2358749806880951,0.0009850765524354096,"","","","","",""
11720,"2026-08-01 23:19:42.628376","train",35,0.4106636643409729,0.0009847449691495576,"","","","","",""
11740,"2026-08-01 23:19:43.471186","train",35,0.36999812722206116,0.0009844097995603063,"","","","","",""
11760,"2026-08-01 23:19:44.413239","train",35,0.258975088596344,0.0009840710461473615,"","","","","",""
11780,"2026-08-01 23:19:45.385736","train",35,0.4946020245552063,0.0009837287114169428,"","","","","",""
11800,"2026-08-01 23:19:46.277280","train",35,0.07943600416183472,0.0009833827979017667,"","","","","",""
11820,"2026-08-01 23:19:47.221131","train",35,0.16931238770484924,0.0009830333081610257,"","","","","",""
11840,"2026-08-01 23:19:48.034700","train",35,0.19204655289649963,0.0009826802447803712,"","","","","",""
11860,"2026-08-01 23:19:49.007614","train",35,0.18636329472064972,0.0009823236103718932,"","","","","",""
11880,"2026-08-01 23:19:49.860755","train",35,0.406588613986969,0.0009819634075741023,"","","","","",""
11880,"2026-08-01 23:20:08.096147","val",35,"","",0.817672131147541,0.27753431386465155,0.7345777531052669,0.7427101200686106,0.8058252427184466,0.8252286952335098
11900,"2026-08-01 23:20:20.761943","train",36,0.19563473761081696,0.000981599639051908,"","","","","",""
11920,"2026-08-01 23:20:21.739010","train",36,0.08998572826385498,0.0009812323074966018,"","","","","",""
11940,"2026-08-01 23:20:22.711199","train",36,0.036468520760536194,0.000980861415625835,"","","","","",""
11960,"2026-08-01 23:20:23.564692","train",36,0.3707355856895447,0.0009804869661835989,"","","","","",""
11980,"2026-08-01 23:20:24.422596","train",36,0.0458228662610054,0.0009801089619402062,"","","","","",""
12000,"2026-08-01 23:20:25.389825","train",36,0.1652780920267105,0.0009797274056922685,"","","","","",""
12020,"2026-08-01 23:20:26.348222","train",36,0.12689459323883057,0.0009793423002626767,"","","","","",""
12040,"2026-08-01 23:20:27.269657","train",36,0.30323413014411926,0.0009789536485005795,"","","","","",""
12060,"2026-08-01 23:20:28.178949","train",36,0.11859841644763947,0.0009785614532813632,"","","","","",""
12080,"2026-08-01 23:20:29.111677","train",36,0.17316707968711853,0.000978165717506629,"","","","","",""
12100,"2026-08-01 23:20:30.003034","train",36,0.05259817838668823,0.0009777664441041735,"","","","","",""
12120,"2026-08-01 23:20:30.891635","train",36,0.1483057737350464,0.0009773636360279653,"","","","","",""
12140,"2026-08-01 23:20:31.808771","train",36,0.18439243733882904,0.0009769572962581236,"","","","","",""
12160,"2026-08-01 23:20:32.772540","train",36,0.06653698533773422,0.000976547427800897,"","","","","",""
12180,"2026-08-01 23:20:33.767159","train",36,0.47181421518325806,0.00097613403368864,"","","","","",""
12200,"2026-08-01 23:20:34.695399","train",36,0.30129098892211914,0.0009757171169797916,"","","","","",""
12210,"2026-08-01 23:20:53.957106","val",36,"","",0.8066803278688524,0.2522922137971254,0.700228991742419,0.7650085763293311,0.7833186231244483,0.8111730628853651
12220,"2026-08-01 23:21:05.954367","train",37,0.14846308529376984,0.0009752966807588519,"","","","","",""
12240,"2026-08-01 23:21:06.911177","train",37,0.052859559655189514,0.0009748727281363598,"","","","","",""
12260,"2026-08-01 23:21:07.877587","train",37,0.3729478418827057,0.0009744452622488699,"","","","","",""
12280,"2026-08-01 23:21:08.780245","train",37,0.05954282730817795,0.0009740142862589289,"","","","","",""
12300,"2026-08-01 23:21:09.745266","train",37,0.15638858079910278,0.0009735798033550528,"","","","","",""
12320,"2026-08-01 23:21:10.771908","train",37,0.2834775149822235,0.0009731418167517028,"","","","","",""
12340,"2026-08-01 23:21:11.669735","train",37,0.12415039539337158,0.000972700329689262,"","","","","",""
12360,"2026-08-01 23:21:12.627015","train",37,0.19180870056152344,0.0009722553454340109,"","","","","",""
12380,"2026-08-01 23:21:13.429783","train",37,0.16148515045642853,0.0009718068672781036,"","","","","",""
12400,"2026-08-01 23:21:14.398167","train",37,0.20183652639389038,0.0009713548985395432,"","","","","",""
12420,"2026-08-01 23:21:15.299893","train",37,0.3382229506969452,0.0009708994425621578,"","","","","",""
12440,"2026-08-01 23:21:16.271618","train",37,0.16479648649692535,0.0009704405027155748,"","","","","",""
12460,"2026-08-01 23:21:17.143553","train",37,0.24531298875808716,0.0009699780823951968,"","","","","",""
12480,"2026-08-01 23:21:18.168213","train",37,0.04240898787975311,0.0009695121850221765,"","","","","",""
12500,"2026-08-01 23:21:19.097271","train",37,0.5552866458892822,0.0009690428140433901,"","","","","",""
12520,"2026-08-01 23:21:19.915380","train",37,0.03354227542877197,0.0009685699729314143,"","","","","",""
12540,"2026-08-01 23:21:20.856939","train",37,0.2465829849243164,0.0009680936651844978,"","","","","",""
12540,"2026-08-01 23:21:37.656307","val",37,"","",0.8157459016393442,0.28021291288508837,0.7248629519117341,0.7890222984562607,0.7846425419240953,0.8216720766614378
12560,"2026-08-01 23:21:49.590589","train",38,0.35987821221351624,0.0009676138943265374,"","","","","",""
12580,"2026-08-01 23:21:50.503875","train",38,0.04303355515003204,0.0009671306639070506,"","","","","",""
12600,"2026-08-01 23:21:51.360212","train",38,0.37457597255706787,0.0009666439775011509,"","","","","",""
12620,"2026-08-01 23:21:52.284160","train",38,0.060825347900390625,0.0009661538387095197,"","","","","",""
12640,"2026-08-01 23:21:53.248171","train",38,0.24432483315467834,0.0009656602511583806,"","","","","",""
12660,"2026-08-01 23:21:54.207309","train",38,0.21659544110298157,0.0009651632184994726,"","","","","",""
12680,"2026-08-01 23:21:55.119978","train",38,0.2392691820859909,0.0009646627444100225,"","","","","",""
12700,"2026-08-01 23:21:56.123206","train",38,0.07796049118041992,0.0009641588325927184,"","","","","",""
12720,"2026-08-01 23:21:57.010233","train",38,0.06611952185630798,0.0009636514867756814,"","","","","",""
12740,"2026-08-01 23:21:57.968007","train",38,0.22803080081939697,0.0009631407107124391,"","","","","",""
12760,"2026-08-01 23:21:58.789318","train",38,0.09967321157455444,0.0009626265081818975,"","","","","",""
12780,"2026-08-01 23:21:59.622975","train",38,0.07976885885000229,0.0009621088829883118,"","","","","",""
12800,"2026-08-01 23:22:00.620713","train",38,0.35716119408607483,0.0009615878389612605,"","","","","",""
12820,"2026-08-01 23:22:01.667128","train",38,0.30358579754829407,0.0009610633799556149,"","","","","",""
12840,"2026-08-01 23:22:02.642730","train",38,0.4322153329849243,0.0009605355098515122,"","","","","",""
12860,"2026-08-01 23:22:03.597627","train",38,0.08156763017177582,0.000960004232554326,"","","","","",""
12870,"2026-08-01 23:22:21.085451","val",38,"","",0.8128688524590164,0.28080015728454566,0.716050239400458,0.7735849056603774,0.7819947043248014,0.8197306909779926
12880,"2026-08-01 23:22:32.512536","train",39,0.07524104416370392,0.0009594695519946373,"","","","","",""
12900,"2026-08-01 23:22:33.406610","train",39,0.06364177167415619,0.0009589314721282059,"","","","","",""
12920,"2026-08-01 23:22:34.417764","train",39,0.27180200815200806,0.0009583899969359406,"","","","","",""
12940,"2026-08-01 23:22:35.295506","train",39,0.30496880412101746,0.0009578451304238705,"","","","","",""
12960,"2026-08-01 23:22:36.222375","train",39,0.06402479857206345,0.0009572968766231145,"","","","","",""
12980,"2026-08-01 23:22:37.160683","train",39,0.18016453087329865,0.0009567452395898524,"","","","","",""
13000,"2026-08-01 23:22:38.019375","train",39,0.42068150639533997,0.0009561902234052934,"","","","","",""
13020,"2026-08-01 23:22:38.915467","train",39,0.12875686585903168,0.000955631832175648,"","","","","",""
13040,"2026-08-01 23:22:39.693897","train",39,0.21961534023284912,0.0009550700700320959,"","","","","",""
13060,"2026-08-01 23:22:40.686077","train",39,0.07223647087812424,0.0009545049411307559,"","","","","",""
13080,"2026-08-01 23:22:41.586635","train",39,0.48670002818107605,0.000953936449652656,"","","","","",""
13100,"2026-08-01 23:22:42.487749","train",39,0.42800939083099365,0.0009533645998037009,"","","","","",""
13120,"2026-08-01 23:22:43.388796","train",39,0.07144059240818024,0.0009527893958146422,"","","","","",""
13140,"2026-08-01 23:22:44.317648","train",39,0.3003643751144409,0.0009522108419410466,"","","","","",""
13160,"2026-08-01 23:22:45.229088","train",39,0.41710472106933594,0.0009516289424632647,"","","","","",""
13180,"2026-08-01 23:22:46.193116","train",39,0.09376999735832214,0.0009510437016863984,"","","","","",""
13200,"2026-08-01 23:22:47.099044","train",39,0.34366071224212646,0.0009504551239402702,"","","","","",""
13200,"2026-08-01 23:23:03.747464","val",39,"","",0.8218688524590163,0.28976890655457077,0.7379085420859066,0.8010291595197255,0.7859664607237423,0.830524795377949
13220,"2026-08-01 23:23:15.614826","train",40,0.3449268341064453,0.0009498632135793907,"","","","","",""
13240,"2026-08-01 23:23:16.552940","train",40,0.28189656138420105,0.0009492679749829264,"","","","","",""
13260,"2026-08-01 23:23:17.520699","train",40,0.2359512746334076,0.0009486694125546672,"","","","","",""
13280,"2026-08-01 23:23:18.421346","train",40,0.27595704793930054,0.000948067530722994,"","","","","",""
13300,"2026-08-01 23:23:19.380407","train",40,0.13731026649475098,0.0009474623339408456,"","","","","",""
13320,"2026-08-01 23:23:20.295533","train",40,0.2505112290382385,0.0009468538266856862,"","","","","",""
13340,"2026-08-01 23:23:21.207761","train",40,0.2658305764198303,0.0009462420134594722,"","","","","",""
13360,"2026-08-01 23:23:22.101955","train",40,0.4647436738014221,0.0009456268987886185,"","","","","",""
13380,"2026-08-01 23:23:22.936704","train",40,0.056114912033081055,0.0009450084872239655,"","","","","",""
13400,"2026-08-01 23:23:23.984164","train",40,0.2604067623615265,0.000944386783340745,"","","","","",""
13420,"2026-08-01 23:23:24.931522","train",40,0.008735910058021545,0.0009437617917385465,"","","","","",""
13440,"2026-08-01 23:23:25.838160","train",40,0.3438352942466736,0.0009431335170412836,"","","","","",""
13460,"2026-08-01 23:23:26.850062","train",40,0.35848307609558105,0.0009425019638971592,"","","","","",""
13480,"2026-08-01 23:23:27.667665","train",40,0.1097526028752327,0.0009418671369786314,"","","","","",""
13500,"2026-08-01 23:23:28.538882","train",40,0.4458523094654083,0.0009412290409823789,"","","","","",""
13520,"2026-08-01 23:23:29.441340","train",40,0.16500364243984222,0.0009405876806292657,"","","","","",""
13530,"2026-08-01 23:23:47.312375","val",40,"","",0.8158278688524591,0.29098640145283095,0.725695649156894,0.8044596912521441,0.779126213592233,0.8190317921319522
13540,"2026-08-01 23:24:06.937071","train",41,0.26544955372810364,0.0009399430606643075,"","","","","",""
13560,"2026-08-01 23:24:08.221499","train",41,0.20606690645217896,0.0009392951858566352,"","","","","",""
13580,"2026-08-01 23:24:09.218894","train",41,0.12909206748008728,0.0009386440609994606,"","","","","",""
13600,"2026-08-01 23:24:10.186793","train",41,0.27788859605789185,0.0009379896909100403,"","","","","",""
13620,"2026-08-01 23:24:11.084580","train",41,0.014272302389144897,0.0009373320804296402,"","","","","",""
13640,"2026-08-01 23:24:12.046304","train",41,0.6600902080535889,0.0009366712344235001,"","","","","",""
13660,"2026-08-01 23:24:13.029305","train",41,0.14985062181949615,0.000936007157780797,"","","","","",""
13680,"2026-08-01 23:24:13.903533","train",41,0.3821691870689392,0.0009353398554146096,"","","","","",""
13700,"2026-08-01 23:24:14.773235","train",41,0.09579357504844666,0.0009346693322618817,"","","","","",""
13720,"2026-08-01 23:24:15.737547","train",41,0.24524812400341034,0.0009339955932833856,"","","","","",""
13740,"2026-08-01 23:24:16.676570","train",41,0.86371248960495,0.0009333186434636852,"","","","","",""
13760,"2026-08-01 23:24:17.614596","train",41,0.06803946197032928,0.0009326384878110994,"","","","","",""
13780,"2026-08-01 23:24:18.584899","train",41,0.05418600142002106,0.0009319551313576655,"","","","","",""
13800,"2026-08-01 23:24:19.410825","train",41,0.1622733175754547,0.000931268579159101,"","","","","",""
13820,"2026-08-01 23:24:20.288176","train",41,0.37477758526802063,0.0009305788362947666,"","","","","",""
13840,"2026-08-01 23:24:21.207007","train",41,0.04130306839942932,0.000929885907867629,"","","","","",""
13860,"2026-08-01 23:24:22.153297","train",41,0.13334709405899048,0.0009291897990042229,"","","","","",""
13860,"2026-08-01 23:24:40.390865","val",41,"","",0.8109016393442625,0.28237387273175285,0.714593019221428,0.7478559176672384,0.7667696381288615,0.823939615139702
13880,"2026-08-01 23:24:55.082821","train",42,0.3387693762779236,0.0009284905148546127,"","","","","",""
13900,"2026-08-01 23:24:56.027064","train",42,0.028434567153453827,0.0009277880605923551,"","","","","",""
13920,"2026-08-01 23:24:57.017077","train",42,0.542992115020752,0.0009270824414144598,"","","","","",""
13940,"2026-08-01 23:24:57.960199","train",42,0.09882688522338867,0.0009263736625413523,"","","","","",""
13960,"2026-08-01 23:24:58.839493","train",42,0.11048784852027893,0.0009256617292168344,"","","","","",""
13980,"2026-08-01 23:24:59.887460","train",42,0.15774944424629211,0.0009249466467080459,"","","","","",""
14000,"2026-08-01 23:25:00.757577","train",42,0.5550764799118042,0.0009242284203054251,"","","","","",""
14020,"2026-08-01 23:25:01.704553","train",42,0.43364500999450684,0.0009235070553226701,"","","","","",""
14040,"2026-08-01 23:25:02.671043","train",42,0.02911151945590973,0.0009227825570966992,"","","","","",""
14060,"2026-08-01 23:25:03.606919","train",42,0.4539494812488556,0.000922054930987612,"","","","","",""
14080,"2026-08-01 23:25:04.484140","train",42,0.33209389448165894,0.0009213241823786488,"","","","","",""
14100,"2026-08-01 23:25:05.417441","train",42,0.392401784658432,0.0009205903166761517,"","","","","",""
14120,"2026-08-01 23:25:06.370032","train",42,0.3406901955604553,0.0009198533393095235,"","","","","",""
14140,"2026-08-01 23:25:07.336055","train",42,0.3199431002140045,0.0009191132557311893,"","","","","",""
14160,"2026-08-01 23:25:08.291964","train",42,0.13350020349025726,0.000918370071416554,"","","","","",""
14180,"2026-08-01 23:25:09.352445","train",42,0.5875498056411743,0.0009176237918639635,"","","","","",""
14190,"2026-08-01 23:25:27.866428","val",42,"","",0.8090983606557377,0.29136218181577844,0.7031434321004788,0.7547169811320755,0.778684907325684,0.8168108469100905
14200,"2026-08-01 23:25:39.294605","train",43,0.044140011072158813,0.0009168744225946633,"","","","","",""
14220,"2026-08-01 23:25:40.236027","train",43,0.15030673146247864,0.0009161219691527575,"","","","","",""
14240,"2026-08-01 23:25:41.285101","train",43,0.26201704144477844,0.0009153664371051681,"","","","","",""
14260,"2026-08-01 23:25:42.222159","train",43,0.12640365958213806,0.0009146078320415942,"","","","","",""
14280,"2026-08-01 23:25:43.053805","train",43,0.03416755795478821,0.0009138461595744694,"","","","","",""
14300,"2026-08-01 23:25:44.052816","train",43,0.4350968599319458,0.0009130814253389216,"","","","","",""
14320,"2026-08-01 23:25:45.044679","train",43,0.06434604525566101,0.0009123136349927306,"","","","","",""
14340,"2026-08-01 23:25:45.947067","train",43,0.4107893705368042,0.0009115427942162865,"","","","","",""
14360,"2026-08-01 23:25:46.880256","train",43,0.05963508039712906,0.0009107689087125475,"","","","","",""
14380,"2026-08-01 23:25:47.832513","train",43,0.17359119653701782,0.0009099919842069977,"","","","","",""
14400,"2026-08-01 23:25:48.745971","train",43,0.12260432541370392,0.0009092120264476049,"","","","","",""
14420,"2026-08-01 23:25:49.800452","train",43,0.21331676840782166,0.0009084290412047783,"","","","","",""
14440,"2026-08-01 23:25:50.831369","train",43,0.025460094213485718,0.000907643034271325,"","","","","",""
14460,"2026-08-01 23:25:51.743547","train",43,0.3393233120441437,0.0009068540114624081,"","","","","",""
14480,"2026-08-01 23:25:52.563411","train",43,0.02890484780073166,0.0009060619786155029,"","","","","",""
14500,"2026-08-01 23:25:53.565721","train",43,0.20280173420906067,0.0009052669415903542,"","","","","",""
14520,"2026-08-01 23:25:54.415658","train",43,0.30447718501091003,0.0009044689062689329,"","","","","",""
14520,"2026-08-01 23:26:11.615399","val",43,"","",0.8331803278688524,0.3233318151678657,0.7528970924987857,0.7890222984562607,0.8003089143865842,0.8421265162222187
14540,"2026-08-01 23:26:23.675405","train",44,0.10381519794464111,0.0009036678785553922,"","","","","",""
14560,"2026-08-01 23:26:24.627395","train",44,0.16708295047283173,0.0009028638643760243,"","","","","",""
14580,"2026-08-01 23:26:25.546961","train",44,0.2571338415145874,0.0009020568696792159,"","","","","",""
14600,"2026-08-01 23:26:26.466001","train",44,0.15950192511081696,0.0009012469004354052,"","","","","",""
14620,"2026-08-01 23:26:27.441765","train",44,0.12105537950992584,0.0009004339626370371,"","","","","",""
14640,"2026-08-01 23:26:28.444988","train",44,0.31118708848953247,0.0008996180622985184,"","","","","",""
14660,"2026-08-01 23:26:29.423263","train",44,0.48271816968917847,0.0008987992054561744,"","","","","",""
14680,"2026-08-01 23:26:30.432620","train",44,0.30129554867744446,0.0008979773981682035,"","","","","",""
14700,"2026-08-01 23:26:31.425798","train",44,0.2811734676361084,0.0008971526465146324,"","","","","",""
14720,"2026-08-01 23:26:32.374455","train",44,0.18076694011688232,0.0008963249565972717,"","","","","",""
14740,"2026-08-01 23:26:33.507382","train",44,0.3344742953777313,0.0008954943345396698,"","","","","",""
14760,"2026-08-01 23:26:34.419536","train",44,0.10380908846855164,0.0008946607864870686,"","","","","",""
14780,"2026-08-01 23:26:35.394793","train",44,0.3549214005470276,0.0008938243186063572,"","","","","",""
14800,"2026-08-01 23:26:36.284725","train",44,0.2092645764350891,0.000892984937086027,"","","","","",""
14820,"2026-08-01 23:26:37.242146","train",44,0.2098514437675476,0.0008921426481361253,"","","","","",""
14840,"2026-08-01 23:26:38.194410","train",44,0.3789922595024109,0.0008912974579882096,"","","","","",""
14850,"2026-08-01 23:26:57.634905","val",44,"","",0.8165983606557378,0.29672641213306505,0.7277773922697939,0.7855917667238422,0.7579435127978817,0.8292978396260114
14860,"2026-08-01 23:27:11.093257","train",45,0.0863247737288475,0.0008904493728953018,"","","","","",""
14880,"2026-08-01 23:27:11.972606","train",45,0.2313224971294403,0.0008895983991318411,"","","","","",""
14900,"2026-08-01 23:27:12.918004","train",45,0.17174795269966125,0.0008887445429936388,"","","","","",""
14920,"2026-08-01 23:27:13.951646","train",45,0.0416886992752552,0.0008878878107978304,"","","","","",""
14940,"2026-08-01 23:27:14.876843","train",45,0.2119135707616806,0.0008870282088828301,"","","","","",""
14960,"2026-08-01 23:27:15.804926","train",45,0.8762405514717102,0.000886165743608283,"","","","","",""
14980,"2026-08-01 23:27:16.768574","train",45,0.4614701569080353,0.0008853004213550183,"","","","","",""
15000,"2026-08-01 23:27:17.770877","train",45,0.3309226632118225,0.0008844322485250022,"","","","","",""
15020,"2026-08-01 23:27:18.742600","train",45,0.2728898525238037,0.0008835612315412907,"","","","","",""
15040,"2026-08-01 23:27:19.695279","train",45,0.21888522803783417,0.0008826873768479818,"","","","","",""
15060,"2026-08-01 23:27:20.669069","train",45,0.09758003801107407,0.0008818106909101677,"","","","","",""
15080,"2026-08-01 23:27:21.592048","train",45,0.7085501551628113,0.0008809311802138875,"","","","","",""
15100,"2026-08-01 23:27:22.550910","train",45,0.23849551379680634,0.0008800488512660785,"","","","","",""
15120,"2026-08-01 23:27:23.447581","train",45,0.29554444551467896,0.0008791637105945286,"","","","","",""
15140,"2026-08-01 23:27:24.453200","train",45,0.24485482275485992,0.0008782757647478281,"","","","","",""
15160,"2026-08-01 23:27:25.401778","train",45,0.2264815866947174,0.0008773850202953205,"","","","","",""
15180,"2026-08-01 23:27:26.325443","train",45,0.5838814973831177,0.000876491483827055,"","","","","",""
15180,"2026-08-01 23:27:44.274410","val",45,"","",0.8015901639344262,0.27327108430617314,0.7121643189230449,0.7547169811320755,0.7586054721977052,0.8110643452870921
15200,"2026-08-01 23:27:56.930325","train",46,0.2576850950717926,0.0008755951619537365,"","","","","",""
15220,"2026-08-01 23:27:57.856083","train",46,0.5982368588447571,0.0008746960613066779,"","","","","",""
15240,"2026-08-01 23:27:58.822313","train",46,0.454393595457077,0.0008737941885377502,"","","","","",""
15260,"2026-08-01 23:27:59.771179","train",46,0.038149334490299225,0.0008728895503193332,"","","","","",""
15280,"2026-08-01 23:28:00.679485","train",46,0.4126751124858856,0.0008719821533442674,"","","","","",""
15300,"2026-08-01 23:28:01.670492","train",46,0.06572119146585464,0.0008710720043258027,"","","","","",""
15320,"2026-08-01 23:28:02.623380","train",46,0.08950585871934891,0.0008701591099975499,"","","","","",""
15340,"2026-08-01 23:28:03.577385","train",46,0.23792754113674164,0.000869243477113431,"","","","","",""
15360,"2026-08-01 23:28:04.612463","train",46,0.371493935585022,0.0008683251124476282,"","","","","",""
15380,"2026-08-01 23:28:05.610428","train",46,0.2666410803794861,0.0008674040227945346,"","","","","",""
15400,"2026-08-01 23:28:06.671650","train",46,0.06847594678401947,0.0008664802149687042,"","","","","",""
15420,"2026-08-01 23:28:07.617356","train",46,0.24027080833911896,0.0008655536958048002,"","","","","",""
15440,"2026-08-01 23:28:08.648830","train",46,0.3049333095550537,0.0008646244721575461,"","","","","",""
15460,"2026-08-01 23:28:09.587374","train",46,0.6881200075149536,0.0008636925509016732,"","","","","",""
15480,"2026-08-01 23:28:10.490410","train",46,0.2060127556324005,0.0008627579389318718,"","","","","",""
15500,"2026-08-01 23:28:11.457347","train",46,0.15351329743862152,0.0008618206431627382,"","","","","",""
15510,"2026-08-01 23:28:30.242049","val",46,"","",0.8120081967213114,0.29009892571532986,0.7104295329956284,0.7427101200686106,0.7575022065313327,0.8267818037802662
15520,"2026-08-01 23:28:42.506123","train",47,0.1956828534603119,0.0008608806705287248,"","","","","",""
15540,"2026-08-01 23:28:43.430292","train",47,0.06459194421768188,0.0008599380279840882,"","","","","",""
15560,"2026-08-01 23:28:44.356475","train",47,0.08284404873847961,0.0008589927225028383,"","","","","",""
15580,"2026-08-01 23:28:45.360465","train",47,0.13089875876903534,0.000858044761078686,"","","","","",""
15600,"2026-08-01 23:28:46.420103","train",47,0.14730674028396606,0.000857094150724992,"","","","","",""
15620,"2026-08-01 23:28:47.311816","train",47,0.24680982530117035,0.0008561408984747147,"","","","","",""
15640,"2026-08-01 23:28:48.236732","train",47,0.0828724130988121,0.0008551850113803583,"","","","","",""
15660,"2026-08-01 23:28:49.200926","train",47,0.2480589747428894,0.0008542264965139202,"","","","","",""
15680,"2026-08-01 23:28:50.151429","train",47,0.07353115826845169,0.0008532653609668395,"","","","","",""
15700,"2026-08-01 23:28:51.173909","train",47,0.12321458756923676,0.0008523016118499437,"","","","","",""
15720,"2026-08-01 23:28:52.133314","train",47,0.1803632229566574,0.0008513352562933966,"","","","","",""
15740,"2026-08-01 23:28:53.100259","train",47,0.11726982146501541,0.0008503663014466452,"","","","","",""
15760,"2026-08-01 23:28:54.084265","train",47,0.29318276047706604,0.0008493947544783672,"","","","","",""
15780,"2026-08-01 23:28:54.948560","train",47,0.0339648500084877,0.0008484206225764174,"","","","","",""
15800,"2026-08-01 23:28:55.830851","train",47,0.09380874037742615,0.0008474439129477756,"","","","","",""
15820,"2026-08-01 23:28:56.730443","train",47,0.15404877066612244,0.0008464646328184915,"","","","","",""
15840,"2026-08-01 23:28:57.633289","train",47,0.03439445048570633,0.0008454827894336333,"","","","","",""
15840,"2026-08-01 23:29:15.984067","val",47,"","",0.8107622950819672,0.29989746648410653,0.7116091874262715,0.7461406518010292,0.7749338040600176,0.8231319986953888
15860,"2026-08-01 23:29:28.802734","train",48,0.5880921483039856,0.0008444983900572323,"","","","","",""
15880,"2026-08-01 23:29:29.704197","train",48,0.1242760643362999,0.0008435114419722305,"","","","","",""
15900,"2026-08-01 23:29:30.797882","train",48,0.2289513647556305,0.000842521952480426,"","","","","",""
15920,"2026-08-01 23:29:31.727643","train",48,0.26007550954818726,0.000841529928902419,"","","","","",""
15940,"2026-08-01 23:29:32.592543","train",48,0.11966563761234283,0.0008405353785775579,"","","","","",""
15960,"2026-08-01 23:29:33.560858","train",48,0.48333388566970825,0.0008395383088638848,"","","","","",""
15980,"2026-08-01 23:29:34.556134","train",48,0.30864888429641724,0.0008385387271380814,"","","","","",""
16000,"2026-08-01 23:29:35.541444","train",48,0.3194120228290558,0.0008375366407954139,"","","","","",""
16020,"2026-08-01 23:29:36.485909","train",48,0.056152377277612686,0.0008365320572496786,"","","","","",""
16040,"2026-08-01 23:29:37.482148","train",48,0.34330055117607117,0.0008355249839331472,"","","","","",""
16060,"2026-08-01 23:29:38.431545","train",48,0.09305271506309509,0.0008345154282965113,"","","","","",""
16080,"2026-08-01 23:29:39.451251","train",48,0.22333109378814697,0.0008335033978088281,"","","","","",""
16100,"2026-08-01 23:29:40.489212","train",48,0.2686145305633545,0.0008324888999574638,"","","","","",""
16120,"2026-08-01 23:29:41.458966","train",48,0.43297621607780457,0.0008314719422480401,"","","","","",""
16140,"2026-08-01 23:29:42.369232","train",48,0.175954669713974,0.0008304525322043768,"","","","","",""
16160,"2026-08-01 23:29:43.242878","train",48,0.3049708902835846,0.0008294306773684374,"","","","","",""
16170,"2026-08-01 23:30:02.938807","val",48,"","",0.8315245901639344,0.3040003802198405,0.7537297897439456,0.7667238421955404,0.8009708737864077,0.8438349356236508
16180,"2026-08-01 23:30:15.565141","train",49,0.4138098657131195,0.0008284063853002725,"","","","","",""
16200,"2026-08-01 23:30:16.564830","train",49,0.42090490460395813,0.0008273796635779648,"","","","","",""
16220,"2026-08-01 23:30:17.547846","train",49,0.057855479419231415,0.0008263505197975715,"","","","","",""
16240,"2026-08-01 23:30:18.485591","train",49,0.2724875807762146,0.0008253189615730702,"","","","","",""
16260,"2026-08-01 23:30:19.523770","train",49,0.09460177272558212,0.0008242849965363005,"","","","","",""
16280,"2026-08-01 23:30:20.449593","train",49,0.31270894408226013,0.000823248632336909,"","","","","",""
16300,"2026-08-01 23:30:21.423607","train",49,0.03869295120239258,0.000822209876642292,"","","","","",""
16320,"2026-08-01 23:30:22.351741","train",49,0.24117830395698547,0.0008211687371375391,"","","","","",""
16340,"2026-08-01 23:30:23.370387","train",49,0.16584692895412445,0.0008201252215253757,"","","","","",""
16360,"2026-08-01 23:30:24.332008","train",49,0.15811258554458618,0.0008190793375261071,"","","","","",""
16380,"2026-08-01 23:30:25.255535","train",49,0.10375264286994934,0.0008180310928775603,"","","","","",""
16400,"2026-08-01 23:30:26.207461","train",49,0.0597873330116272,0.0008169804953350277,"","","","","",""
16420,"2026-08-01 23:30:27.159421","train",49,0.018713250756263733,0.0008159275526712089,"","","","","",""
16440,"2026-08-01 23:30:28.186586","train",49,0.10622671991586685,0.0008148722726761536,"","","","","",""
16460,"2026-08-01 23:30:29.217248","train",49,0.20769238471984863,0.0008138146631572041,"","","","","",""
16480,"2026-08-01 23:30:30.107461","train",49,0.23706191778182983,0.000812754731938937,"","","","","",""
16500,"2026-08-01 23:30:30.985925","train",49,0.32601431012153625,0.0008116924868631064,"","","","","",""
16500,"2026-08-01 23:30:49.308370","val",49,"","",0.8159426229508198,0.30369448888069284,0.7274304350843106,0.7838765008576329,0.7815533980582524,0.8208023358752543
16520,"2026-08-01 23:31:02.366713","train",50,0.20563217997550964,0.0008106279357885843,"","","","","",""
16540,"2026-08-01 23:31:03.197992","train",50,0.02985718846321106,0.0008095610865913037,"","","","","",""
16560,"2026-08-01 23:31:04.129297","train",50,0.1790732592344284,0.0008084919471642,"","","","","",""
16580,"2026-08-01 23:31:04.989289","train",50,0.06422195583581924,0.0008074205254171526,"","","","","",""
16600,"2026-08-01 23:31:05.976481","train",50,0.05717333033680916,0.0008063468292769259,"","","","","",""
16620,"2026-08-01 23:31:06.887600","train",50,0.14033573865890503,0.0008052708666871115,"","","","","",""
16640,"2026-08-01 23:31:07.827507","train",50,0.18159343302249908,0.0008041926456080691,"","","","","",""
16660,"2026-08-01 23:31:08.781818","train",50,0.22388283908367157,0.0008031121740168669,"","","","","",""
16680,"2026-08-01 23:31:09.692394","train",50,0.267871618270874,0.0008020294599072239,"","","","","",""
16700,"2026-08-01 23:31:10.641432","train",50,0.21982847154140472,0.0008009445112894496,"","","","","",""
16720,"2026-08-01 23:31:11.593950","train",50,0.1222275048494339,0.0007998573361903856,"","","","","",""
16740,"2026-08-01 23:31:12.617783","train",50,0.06921477615833282,0.0007987679426533454,"","","","","",""
16760,"2026-08-01 23:31:13.715490","train",50,0.41179731488227844,0.0007976763387380555,"","","","","",""
16780,"2026-08-01 23:31:14.642120","train",50,0.05624392628669739,0.0007965825325205955,"","","","","",""
16800,"2026-08-01 23:31:15.536036","train",50,0.16497714817523956,0.0007954865320933387,"","","","","",""
16820,"2026-08-01 23:31:16.478704","train",50,0.41585078835487366,0.0007943883455648914,"","","","","",""
16830,"2026-08-01 23:31:35.193555","val",50,"","",0.8085409836065574,0.2933581033186126,0.7093886614391784,0.7855917667238422,0.764342453662842,0.8188609501918088
16840,"2026-08-01 23:31:47.578018","train",51,0.5372615456581116,0.0007932879810600342,"","","","","",""
16860,"2026-08-01 23:31:48.539357","train",51,0.09221005439758301,0.0007921854467196603,"","","","","",""
16880,"2026-08-01 23:31:49.503796","train",51,0.3304094672203064,0.000791080750700717,"","","","","",""
16900,"2026-08-01 23:31:50.494372","train",51,0.7813827395439148,0.0007899739011761438,"","","","","",""
16920,"2026-08-01 23:31:51.407136","train",51,0.38480329513549805,0.000788864906334813,"","","","","",""
16940,"2026-08-01 23:31:52.374210","train",51,0.26315969228744507,0.0007877537743814686,"","","","","",""
16960,"2026-08-01 23:31:53.338740","train",51,0.113681361079216,0.0007866405135366658,"","","","","",""
16980,"2026-08-01 23:31:54.338074","train",51,0.21682222187519073,0.0007855251320367098,"","","","","",""
17000,"2026-08-01 23:31:55.322256","train",51,0.15364134311676025,0.0007844076381335958,"","","","","",""
17020,"2026-08-01 23:31:56.223161","train",51,0.2894204556941986,0.0007832880400949465,"","","","","",""
17040,"2026-08-01 23:31:57.207362","train",51,0.15584146976470947,0.0007821663462039523,"","","","","",""
17060,"2026-08-01 23:31:58.175545","train",51,0.3409205973148346,0.0007810425647593095,"","","","","",""
17080,"2026-08-01 23:31:59.170941","train",51,0.44455084204673767,0.0007799167040751588,"","","","","",""
17100,"2026-08-01 23:32:00.116521","train",51,0.1623481959104538,0.0007787887724810234,"","","","","",""
17120,"2026-08-01 23:32:01.115156","train",51,0.09946466237306595,0.0007776587783217486,"","","","","",""
17140,"2026-08-01 23:32:02.102850","train",51,0.1093287244439125,0.0007765267299574388,"","","","","",""
17160,"2026-08-01 23:32:02.972917","train",51,0.16590793430805206,0.0007753926357633962,"","","","","",""
17160,"2026-08-01 23:32:20.592535","val",51,"","",0.8313688524590165,0.32525829603307505,0.7619179793213517,0.79073756432247,0.7864077669902912,0.8397968534020843
17180,"2026-08-01 23:32:32.662894","train",52,0.07556146383285522,0.0007742565041300591,"","","","","",""
17200,"2026-08-01 23:32:33.501204","train",52,0.08077298104763031,0.0007731183434629391,"","","","","",""
17220,"2026-08-01 23:32:34.314353","train",52,0.06798781454563141,0.0007719781621825595,"","","","","",""
17240,"2026-08-01 23:32:35.360946","train",52,0.2214706689119339,0.0007708359687243929,"","","","","",""
17260,"2026-08-01 23:32:36.316075","train",52,0.27489161491394043,0.0007696917715387988,"","","","","",""
17280,"2026-08-01 23:32:37.174346","train",52,0.33218830823898315,0.0007685455790909605,"","","","","",""
17300,"2026-08-01 23:32:38.153250","train",52,0.1308627724647522,0.0007673973998608237,"","","","","",""
17320,"2026-08-01 23:32:39.015669","train",52,0.06966757029294968,0.0007662472423430322,"","","","","",""
17340,"2026-08-01 23:32:39.980080","train",52,0.16911321878433228,0.0007650951150468667,"","","","","",""
17360,"2026-08-01 23:32:40.903341","train",52,0.11121813207864761,0.0007639410264961805,"","","","","",""
17380,"2026-08-01 23:32:41.787174","train",52,0.07255807518959045,0.0007627849852293374,"","","","","",""
17400,"2026-08-01 23:32:42.779762","train",52,0.14302633702754974,0.0007616269997991476,"","","","","",""
17420,"2026-08-01 23:32:43.720672","train",52,0.46156561374664307,0.0007604670787728049,"","","","","",""
17440,"2026-08-01 23:32:44.623437","train",52,0.2425033450126648,0.0007593052307318242,"","","","","",""
17460,"2026-08-01 23:32:45.531263","train",52,0.32477590441703796,0.000758141464271976,"","","","","",""
17480,"2026-08-01 23:32:46.518557","train",52,0.25959402322769165,0.0007569757880032251,"","","","","",""
17490,"2026-08-01 23:33:03.859270","val",52,"","",0.8197950819672132,0.3047781481718093,0.7297203525085004,0.7684391080617496,0.7861871138570167,0.8291269976858682
17500,"2026-08-01 23:33:15.441671","train",53,0.0995161235332489,0.0007558082105496642,"","","","","",""
17520,"2026-08-01 23:33:16.328972","train",53,0.1424197256565094,0.0007546387405494536,"","","","","",""
17540,"2026-08-01 23:33:17.231901","train",53,0.06297202408313751,0.000753467386654754,"","","","","",""
17560,"2026-08-01 23:33:18.209465","train",53,0.04753292351961136,0.000752294157531664,"","","","","",""
17580,"2026-08-01 23:33:19.173257","train",53,0.35892921686172485,0.0007511190618601558,"","","","","",""
17600,"2026-08-01 23:33:20.119850","train",53,0.09592418372631073,0.000749942108334012,"","","","","",""
17620,"2026-08-01 23:33:20.958624","train",53,0.5711943507194519,0.0007487633056607588,"","","","","",""
17640,"2026-08-01 23:33:21.802084","train",53,0.536016047000885,0.0007475826625616039,"","","","","",""
17660,"2026-08-01 23:33:22.783564","train",53,0.19850774109363556,0.0007464001877713711,"","","","","",""
17680,"2026-08-01 23:33:23.773865","train",53,0.23366785049438477,0.0007452158900384354,"","","","","",""
17700,"2026-08-01 23:33:24.813833","train",53,0.14377060532569885,0.0007440297781246589,"","","","","",""
17720,"2026-08-01 23:33:25.753863","train",53,0.11422987282276154,0.0007428418608053254,"","","","","",""
17740,"2026-08-01 23:33:26.652865","train",53,0.1840454638004303,0.000741652146869076,"","","","","",""
17760,"2026-08-01 23:33:27.621819","train",53,0.29332029819488525,0.0007404606451178436,"","","","","",""
17780,"2026-08-01 23:33:28.489156","train",53,0.30939292907714844,0.0007392673643667882,"","","","","",""
17800,"2026-08-01 23:33:29.407976","train",53,0.5013126134872437,0.0007380723134442313,"","","","","",""
17820,"2026-08-01 23:33:30.318395","train",53,0.07535529881715775,0.0007368755011915907,"","","","","",""
17820,"2026-08-01 23:33:47.291836","val",53,"","",0.8169590163934426,0.3210234424528233,0.720144334189161,0.7615780445969125,0.7769196822594882,0.8319691863264324
17840,"2026-08-01 23:34:01.038031","train",54,0.4246230721473694,0.0007356769364633155,"","","","","",""
17860,"2026-08-01 23:34:02.033060","train",54,0.2096843421459198,0.0007344766281268202,"","","","","",""
17880,"2026-08-01 23:34:02.964252","train",54,0.14628060162067413,0.0007332745850624187,"","","","","",""
17900,"2026-08-01 23:34:03.925770","train",54,0.037947095930576324,0.0007320708161632593,"","","","","",""
17920,"2026-08-01 23:34:05.001950","train",54,0.24115964770317078,0.0007308653303352589,"","","","","",""
17940,"2026-08-01 23:34:05.839314","train",54,0.2596275210380554,0.0007296581364970365,"","","","","",""
17960,"2026-08-01 23:34:06.794183","train",54,0.06486116349697113,0.0007284492435798479,"","","","","",""
17980,"2026-08-01 23:34:07.682617","train",54,0.17870351672172546,0.0007272386605275188,"","","","","",""
18000,"2026-08-01 23:34:08.517867","train",54,0.30934593081474304,0.0007260263962963798,"","","","","",""
18020,"2026-08-01 23:34:09.458312","train",54,0.5535514950752258,0.0007248124598551987,"","","","","",""
18040,"2026-08-01 23:34:10.415696","train",54,0.03744600713253021,0.0007235968601851157,"","","","","",""
18060,"2026-08-01 23:34:11.258554","train",54,0.08156391233205795,0.0007223796062795756,"","","","","",""
18080,"2026-08-01 23:34:12.088286","train",54,0.8174580335617065,0.000721160707144262,"","","","","",""
18100,"2026-08-01 23:34:12.997315","train",54,0.20952340960502625,0.0007199401717970308,"","","","","",""
18120,"2026-08-01 23:34:13.894091","train",54,0.5704473853111267,0.0007187180092678426,"","","","","",""
18140,"2026-08-01 23:34:14.873371","train",54,0.09471095353364944,0.0007174942285986969,"","","","","",""
18150,"2026-08-01 23:34:34.106734","val",54,"","",0.8086475409836066,0.3130394203522431,0.715842065089168,0.7564322469982847,0.7616946160635482,0.8199015329181357
18160,"2026-08-01 23:34:49.498044","train",55,0.21330277621746063,0.0007162688388435649,"","","","","",""
18180,"2026-08-01 23:34:50.359858","train",55,0.45232173800468445,0.0007150418490683215,"","","","","",""
18200,"2026-08-01 23:34:51.274050","train",55,0.37327465415000916,0.0007138132683506806,"","","","","",""
18220,"2026-08-01 23:34:52.268166","train",55,0.2503740191459656,0.0007125831057801255,"","","","","",""
18240,"2026-08-01 23:34:53.153453","train",55,0.5823221206665039,0.0007113513704578422,"","","","","",""
18260,"2026-08-01 23:34:53.945361","train",55,0.05108246952295303,0.0007101180714966537,"","","","","",""
18280,"2026-08-01 23:34:54.948842","train",55,0.3548671305179596,0.0007088832180209505,"","","","","",""
18300,"2026-08-01 23:34:55.903472","train",55,0.022920891642570496,0.0007076468191666243,"","","","","",""
18320,"2026-08-01 23:34:56.814031","train",55,0.09665140509605408,0.0007064088840809997,"","","","","",""
18340,"2026-08-01 23:34:57.775347","train",55,0.07129544019699097,0.0007051694219227674,"","","","","",""
18360,"2026-08-01 23:34:58.709604","train",55,0.018403708934783936,0.0007039284418619156,"","","","","",""
18380,"2026-08-01 23:34:59.650608","train",55,0.2146037369966507,0.0007026859530796627,"","","","","",""
18400,"2026-08-01 23:35:00.677552","train",55,0.23649722337722778,0.0007014419647683888,"","","","","",""
18420,"2026-08-01 23:35:01.606684","train",55,0.09114780277013779,0.0007001964861315686,"","","","","",""
18440,"2026-08-01 23:35:02.577087","train",55,0.05142636597156525,0.0006989495263837024,"","","","","",""
18460,"2026-08-01 23:35:03.457891","train",55,0.6821319460868835,0.0006977010947502481,"","","","","",""
18480,"2026-08-01 23:35:04.258940","train",55,0.03191842883825302,0.0006964512004675539,"","","","","",""
18480,"2026-08-01 23:35:21.483685","val",55,"","",0.8101229508196721,0.3283048161097034,0.7099437929359517,0.7444253859348199,0.7853045013239188,0.818395017627782
18500,"2026-08-01 23:35:33.466791","train",56,0.12330841273069382,0.0006951998527827879,"","","","","",""
18520,"2026-08-01 23:35:34.426688","train",56,0.0420561283826828,0.0006939470609538729,"","","","","",""
18540,"2026-08-01 23:35:35.400336","train",56,0.14786511659622192,0.0006926928342494139,"","","","","",""
18560,"2026-08-01 23:35:36.350602","train",56,0.045106444507837296,0.0006914371819486333,"","","","","",""
18580,"2026-08-01 23:35:37.286506","train",56,0.08039147406816483,0.0006901801133412994,"","","","","",""
18600,"2026-08-01 23:35:38.231795","train",56,0.20974594354629517,0.0006889216377276599,"","","","","",""
18620,"2026-08-01 23:35:39.166090","train",56,0.6688298583030701,0.000687661764418371,"","","","","",""
18640,"2026-08-01 23:35:40.101691","train",56,0.14035454392433167,0.0006864005027344305,"","","","","",""
18660,"2026-08-01 23:35:41.036698","train",56,0.048461541533470154,0.000685137862007107,"","","","","",""
18680,"2026-08-01 23:35:41.959821","train",56,0.025356873869895935,0.0006838738515778724,"","","","","",""
18700,"2026-08-01 23:35:42.902874","train",56,0.19107778370380402,0.0006826084807983322,"","","","","",""
18720,"2026-08-01 23:35:43.798533","train",56,0.17185351252555847,0.0006813417590301555,"","","","","",""
18740,"2026-08-01 23:35:44.789189","train",56,0.12138548493385315,0.0006800736956450075,"","","","","",""
18760,"2026-08-01 23:35:45.660896","train",56,0.12003346532583237,0.0006788043000244785,"","","","","",""
18780,"2026-08-01 23:35:46.562926","train",56,0.17553606629371643,0.0006775335815600153,"","","","","",""
18800,"2026-08-01 23:35:47.517407","train",56,0.20873045921325684,0.0006762615496528517,"","","","","",""
18810,"2026-08-01 23:36:05.231355","val",56,"","",0.8215901639344262,0.3308719125488785,0.7276386093956005,0.7530017152658661,0.8040600176522507,0.8319847174118999
18820,"2026-08-01 23:36:17.432705","train",57,0.2618895173072815,0.0006749882137139388,"","","","","",""
18840,"2026-08-01 23:36:18.382627","train",57,0.3020707964897156,0.0006737135831638752,"","","","","",""
18860,"2026-08-01 23:36:19.209430","train",57,0.4228554964065552,0.0006724376674328376,"","","","","",""
18880,"2026-08-01 23:36:20.122820","train",57,0.4641098976135254,0.0006711604759605112,"","","","","",""
18900,"2026-08-01 23:36:21.090595","train",57,0.04013674706220627,0.0006698820181960194,"","","","","",""
18920,"2026-08-01 23:36:22.008968","train",57,0.11621944606304169,0.0006686023035978537,"","","","","",""
18940,"2026-08-01 23:36:23.030546","train",57,0.4618734121322632,0.0006673213416338047,"","","","","",""
18960,"2026-08-01 23:36:23.936521","train",57,0.1649085283279419,0.0006660391417808913,"","","","","",""
18980,"2026-08-01 23:36:24.954818","train",57,0.3822374939918518,0.0006647557135252904,"","","","","",""
19000,"2026-08-01 23:36:25.775913","train",57,0.4768981337547302,0.0006634710663622678,"","","","","",""
19020,"2026-08-01 23:36:26.646716","train",57,0.3524045944213867,0.0006621852097961063,"","","","","",""
19040,"2026-08-01 23:36:27.647945","train",57,0.4814826250076294,0.000660898153340037,"","","","","",""
19060,"2026-08-01 23:36:28.600081","train",57,0.2154524326324463,0.0006596099065161678,"","","","","",""
19080,"2026-08-01 23:36:29.527501","train",57,0.23500359058380127,0.000658320478855414,"","","","","",""
19100,"2026-08-01 23:36:30.478513","train",57,0.679627001285553,0.000657029879897426,"","","","","",""
19120,"2026-08-01 23:36:31.313808","train",57,0.17134317755699158,0.0006557381191905214,"","","","","",""
19140,"2026-08-01 23:36:32.227373","train",57,0.4240851104259491,0.0006544452062916113,"","","","","",""
19140,"2026-08-01 23:36:50.128992","val",57,"","",0.8048770491803279,0.2920770416504016,0.6980084657553258,0.7478559176672384,0.7870697263901147,0.8141860934660723
19160,"2026-08-01 23:37:02.184255","train",58,0.3306518793106079,0.0006531511507661324,"","","","","",""
19180,"2026-08-01 23:37:03.154821","train",58,0.5152172446250916,0.000651855962187974,"","","","","",""
19200,"2026-08-01 23:37:04.110727","train",58,0.08470357954502106,0.0006505596501394087,"","","","","",""
19220,"2026-08-01 23:37:05.039693","train",58,0.02240961790084839,0.000649262224211021,"","","","","",""
19240,"2026-08-01 23:37:06.047029","train",58,0.17460815608501434,0.0006479636940016358,"","","","","",""
19260,"2026-08-01 23:37:06.935196","train",58,0.5671948194503784,0.0006466640691182483,"","","","","",""
19280,"2026-08-01 23:37:07.858422","train",58,0.04672669619321823,0.0006453633591759523,"","","","","",""
19300,"2026-08-01 23:37:08.823707","train",58,0.11420319974422455,0.0006440615737978692,"","","","","",""
19320,"2026-08-01 23:37:09.778969","train",58,0.3284786343574524,0.000642758722615077,"","","","","",""
19340,"2026-08-01 23:37:10.767199","train",58,0.1325240582227707,0.0006414548152665391,"","","","","",""
19360,"2026-08-01 23:37:11.725118","train",58,0.03483284264802933,0.0006401498613990322,"","","","","",""
19380,"2026-08-01 23:37:12.605038","train",58,0.39404022693634033,0.0006388438706670764,"","","","","",""
19400,"2026-08-01 23:37:13.460942","train",58,0.1310417354106903,0.0006375368527328617,"","","","","",""
19420,"2026-08-01 23:37:14.365380","train",58,0.5220958590507507,0.000636228817266179,"","","","","",""
19440,"2026-08-01 23:37:15.263640","train",58,0.21476787328720093,0.0006349197739443463,"","","","","",""
19460,"2026-08-01 23:37:16.176167","train",58,0.11384205520153046,0.0006336097324521387,"","","","","",""
19470,"2026-08-01 23:37:34.019622","val",58,"","",0.7996557377049179,0.29417784492181864,0.6881548816875998,0.7392795883361921,0.7650044130626655,0.8111420007144299
19480,"2026-08-01 23:37:45.788530","train",59,0.2187509536743164,0.0006322987024817156,"","","","","",""
19500,"2026-08-01 23:37:46.800365","train",59,0.18407830595970154,0.00063098669373255,"","","","","",""
19520,"2026-08-01 23:37:47.687171","train",59,0.2792329788208008,0.0006296737159113561,"","","","","",""
19540,"2026-08-01 23:37:48.551671","train",59,0.08700026571750641,0.0006283597787320171,"","","","","",""
19560,"2026-08-01 23:37:49.507182","train",59,0.03373129665851593,0.0006270448919155152,"","","","","",""
19580,"2026-08-01 23:37:50.454901","train",59,0.10916915535926819,0.0006257290651898569,"","","","","",""
19600,"2026-08-01 23:37:51.348810","train",59,0.07804135233163834,0.0006244123082900032,"","","","","",""
19620,"2026-08-01 23:37:52.324415","train",59,0.05844908580183983,0.0006230946309577968,"","","","","",""
19640,"2026-08-01 23:37:53.148247","train",59,0.12285877019166946,0.0006217760429418904,"","","","","",""
19660,"2026-08-01 23:37:54.166372","train",59,0.4195491671562195,0.0006204565539976736,"","","","","",""
19680,"2026-08-01 23:37:55.135507","train",59,0.3017038106918335,0.0006191361738872018,"","","","","",""
19700,"2026-08-01 23:37:56.144540","train",59,0.086951345205307,0.0006178149123791235,"","","","","",""
19720,"2026-08-01 23:37:57.049209","train",59,0.17157456278800964,0.000616492779248608,"","","","","",""
19740,"2026-08-01 23:37:58.076061","train",59,0.2783546447753906,0.0006151697842772735,"","","","","",""
19760,"2026-08-01 23:37:59.039866","train",59,0.1367735117673874,0.0006138459372531141,"","","","","",""
19780,"2026-08-01 23:38:00.106382","train",59,0.08700591325759888,0.0006125212479704276,"","","","","",""
19800,"2026-08-01 23:38:00.994212","train",59,0.15171170234680176,0.0006111957262297435,"","","","","",""
19800,"2026-08-01 23:38:18.836016","val",59,"","",0.8118770491803278,0.2891263319675119,0.7167441537714246,0.7392795883361921,0.766107678729038,0.8276515445664497
19820,"2026-08-01 23:38:31.469215","train",60,0.30717733502388,0.0006098693818377501,"","","","","",""
19840,"2026-08-01 23:38:32.517258","train",60,0.24710321426391602,0.0006085422246072213,"","","","","",""
19860,"2026-08-01 23:38:33.556441","train",60,0.5151107907295227,0.0006072142643569456,"","","","","",""
19880,"2026-08-01 23:38:34.501920","train",60,0.033106669783592224,0.000605885510911652,"","","","","",""
19900,"2026-08-01 23:38:35.496112","train",60,0.1938076913356781,0.000604555974101938,"","","","","",""
19920,"2026-08-01 23:38:36.472338","train",60,0.03745367377996445,0.0006032256637641966,"","","","","",""
19940,"2026-08-01 23:38:37.449536","train",60,0.04263033717870712,0.0006018945897405437,"","","","","",""
19960,"2026-08-01 23:38:38.477987","train",60,0.18886110186576843,0.0006005627618787451,"","","","","",""
19980,"2026-08-01 23:38:39.375659","train",60,0.19597402215003967,0.0005992301900321441,"","","","","",""
20000,"2026-08-01 23:38:40.255630","train",60,0.27365124225616455,0.0005978968840595881,"","","","","",""
20020,"2026-08-01 23:38:41.213721","train",60,0.08249181509017944,0.0005965628538253555,"","","","","",""
20040,"2026-08-01 23:38:42.103050","train",60,0.23066425323486328,0.0005952281091990836,"","","","","",""
20060,"2026-08-01 23:38:43.002097","train",60,0.29259374737739563,0.0005938926600556948,"","","","","",""
20080,"2026-08-01 23:38:44.007370","train",60,0.06997064501047134,0.0005925565162753236,"","","","","",""
20100,"2026-08-01 23:38:44.844380","train",60,0.05522310361266136,0.0005912196877432438,"","","","","",""
20120,"2026-08-01 23:38:45.839107","train",60,0.15979374945163727,0.0005898821843497954,"","","","","",""
20130,"2026-08-01 23:39:03.599693","val",60,"","",0.8153852459016394,0.3197431952387232,0.722434251613351,0.7530017152658662,0.8047219770520742,0.8266109618401231
20140,"2026-08-01 23:39:15.213846","train",61,0.04655580222606659,0.000588544015990311,"","","","","",""
20160,"2026-08-01 23:39:16.212471","train",61,0.029841676354408264,0.000587205192565043,"","","","","",""
20180,"2026-08-01 23:39:17.145855","train",61,0.11018813401460648,0.0005858657239790902,"","","","","",""
20200,"2026-08-01 23:39:18.099955","train",61,0.10075292736291885,0.0005845256201423246,"","","","","",""
20220,"2026-08-01 23:39:19.110587","train",61,0.262315571308136,0.000583184890969318,"","","","","",""
20240,"2026-08-01 23:39:20.017023","train",61,0.021310949698090553,0.0005818435463792684,"","","","","",""
20260,"2026-08-01 23:39:21.031559","train",61,0.16903886198997498,0.0005805015962959272,"","","","","",""
20280,"2026-08-01 23:39:21.910331","train",61,0.10443823039531708,0.0005791590506475252,"","","","","",""
20300,"2026-08-01 23:39:22.810791","train",61,0.7221381664276123,0.0005778159193666999,"","","","","",""
20320,"2026-08-01 23:39:23.738756","train",61,0.1882631629705429,0.0005764722123904208,"","","","","",""
20340,"2026-08-01 23:39:24.741401","train",61,0.13555842638015747,0.0005751279396599173,"","","","","",""
20360,"2026-08-01 23:39:25.656581","train",61,0.31948938965797424,0.0005737831111206038,"","","","","",""
20380,"2026-08-01 23:39:26.597734","train",61,0.05348668247461319,0.0005724377367220072,"","","","","",""
20400,"2026-08-01 23:39:27.529633","train",61,0.09066535532474518,0.0005710918264176929,"","","","","",""
20420,"2026-08-01 23:39:28.516113","train",61,0.08460363745689392,0.0005697453901651909,"","","","","",""
20440,"2026-08-01 23:39:29.451021","train",61,0.196096271276474,0.0005683984379259223,"","","","","",""
20460,"2026-08-01 23:39:30.366996","train",61,0.7023687362670898,0.0005670509796651261,"","","","","",""
20460,"2026-08-01 23:39:47.389969","val",61,"","",0.8158196721311476,0.31867464168169635,0.7234057317327042,0.7735849056603774,0.7866284201235658,0.8268594592076041
20480,"2026-08-01 23:40:00.133384","train",62,0.32835155725479126,0.0005657030253517846,"","","","","",""
20500,"2026-08-01 23:40:01.021232","train",62,0.1992119550704956,0.00056435458495855,"","","","","",""
20520,"2026-08-01 23:40:01.965933","train",62,0.07254457473754883,0.0005630056684616711,"","","","","",""
20540,"2026-08-01 23:40:02.898931","train",62,0.03628161549568176,0.0005616562858409188,"","","","","",""
20560,"2026-08-01 23:40:03.844517","train",62,0.2258167564868927,0.0005603064470795127,"","","","","",""
20580,"2026-08-01 23:40:04.841784","train",62,0.1607610136270523,0.0005589561621640469,"","","","","",""
20600,"2026-08-01 23:40:05.757098","train",62,0.5856195092201233,0.0005576054410844168,"","","","","",""
20620,"2026-08-01 23:40:06.733956","train",62,0.024628788232803345,0.0005562542938337439,"","","","","",""
20640,"2026-08-01 23:40:07.678859","train",62,0.029089324176311493,0.0005549027304083033,"","","","","",""
20660,"2026-08-01 23:40:08.712350","train",62,0.03381064534187317,0.0005535507608074488,"","","","","",""
20680,"2026-08-01 23:40:09.644861","train",62,0.2158827781677246,0.0005521983950335397,"","","","","",""
20700,"2026-08-01 23:40:10.607345","train",62,0.4163115918636322,0.0005508456430918656,"","","","","",""
20720,"2026-08-01 23:40:11.584309","train",62,0.22611670196056366,0.0005494925149905735,"","","","","",""
20740,"2026-08-01 23:40:12.579253","train",62,0.3823317587375641,0.0005481390207405936,"","","","","",""
20760,"2026-08-01 23:40:13.653489","train",62,0.2881261110305786,0.0005467851703555646,"","","","","",""
20780,"2026-08-01 23:40:14.590124","train",62,0.07617127150297165,0.0005454309738517603,"","","","","",""
20790,"2026-08-01 23:40:32.723724","val",62,"","",0.8000737704918032,0.29786421400538304,0.68378322115051,0.7804459691252144,0.7535304501323918,0.8112662493981704
20800,"2026-08-01 23:40:45.428650","train",63,0.5245602130889893,0.0005440764412480147,"","","","","",""
20820,"2026-08-01 23:40:46.376712","train",63,0.1498856097459793,0.0005427215825656491,"","","","","",""
20840,"2026-08-01 23:40:47.312809","train",63,0.27605777978897095,0.000541366407828397,"","","","","",""
20860,"2026-08-01 23:40:48.272504","train",63,0.052267178893089294,0.00054001092706233,"","","","","",""
20880,"2026-08-01 23:40:49.210940","train",63,0.09993530809879303,0.0005386551502957836,"","","","","",""
20900,"2026-08-01 23:40:50.225901","train",63,0.14238683879375458,0.0005372990875592841,"","","","","",""
20920,"2026-08-01 23:40:51.128788","train",63,0.20412272214889526,0.0005359427488854725,"","","","","",""
20940,"2026-08-01 23:40:52.081133","train",63,0.028862938284873962,0.0005345861443090319,"","","","","",""
20960,"2026-08-01 23:40:52.986416","train",63,0.09918611496686935,0.0005332292838666125,"","","","","",""
20980,"2026-08-01 23:40:53.917220","train",63,0.27220672369003296,0.0005318721775967574,"","","","","",""
21000,"2026-08-01 23:40:54.845932","train",63,0.2125164121389389,0.0005305148355398283,"","","","","",""
21020,"2026-08-01 23:40:55.789855","train",63,0.04230476915836334,0.0005291572677379319,"","","","","",""
21040,"2026-08-01 23:40:56.794349","train",63,0.025404691696166992,0.0005277994842348444,"","","","","",""
21060,"2026-08-01 23:40:57.776227","train",63,0.3623889982700348,0.0005264414950759381,"","","","","",""
21080,"2026-08-01 23:40:58.699840","train",63,0.3134651184082031,0.000525083310308107,"","","","","",""
21100,"2026-08-01 23:40:59.497795","train",63,0.11307111382484436,0.0005237249399796919,"","","","","",""
21120,"2026-08-01 23:41:00.362532","train",63,0.44043779373168945,0.0005223663941404067,"","","","","",""
21120,"2026-08-01 23:41:17.953428","val",63,"","",0.804327868852459,0.2673660494553632,0.7066823953924086,0.7632933104631218,0.763018534863195,0.8166865982263501
21140,"2026-08-01 23:41:32.336740","train",64,0.26959460973739624,0.0005210076828412637,"","","","","",""
21160,"2026-08-01 23:41:33.298502","train",64,0.10182324051856995,0.0005196488161344995,"","","","","",""
21180,"2026-08-01 23:41:34.151897","train",64,0.022668272256851196,0.0005182898040735002,"","","","","",""
21200,"2026-08-01 23:41:35.050288","train",64,0.0444120392203331,0.0005169306567127274,"","","","","",""
21220,"2026-08-01 23:41:36.125679","train",64,0.16781441867351532,0.0005155713841076438,"","","","","",""
21240,"2026-08-01 23:41:37.042617","train",64,0.11244312673807144,0.0005142119963146384,"","","","","",""
21260,"2026-08-01 23:41:38.000500","train",64,0.03731723874807358,0.000512852503390953,"","","","","",""
21280,"2026-08-01 23:41:38.951958","train",64,0.5970104932785034,0.0005114929153946065,"","","","","",""
21300,"2026-08-01 23:41:39.807705","train",64,0.2389441877603531,0.0005101332423843213,"","","","","",""
21320,"2026-08-01 23:41:40.790808","train",64,0.24008390307426453,0.0005087734944194495,"","","","","",""
21340,"2026-08-01 23:41:41.726748","train",64,0.06758090108633041,0.0005074136815598969,"","","","","",""
21360,"2026-08-01 23:41:42.667318","train",64,0.16145268082618713,0.0005060538138660495,"","","","","",""
21380,"2026-08-01 23:41:43.716880","train",64,0.05569065362215042,0.0005046939013986997,"","","","","",""
21400,"2026-08-01 23:41:44.681950","train",64,0.3015021085739136,0.00050333395421897,"","","","","",""
21420,"2026-08-01 23:41:45.679817","train",64,0.3887448012828827,0.0005019739823882409,"","","","","",""
21440,"2026-08-01 23:41:46.596626","train",64,0.26969051361083984,0.0005006139959680745,"","","","","",""
21450,"2026-08-01 23:42:04.293244","val",64,"","",0.7836311475409835,0.27156411614966763,0.6709458052876275,0.725557461406518,0.749558693733451,0.8024911861089972
21460,"2026-08-01 23:42:15.887315","train",65,0.2209419161081314,0.0004992540050201411,"","","","","",""
21480,"2026-08-01 23:42:16.758821","train",65,0.027586013078689575,0.0004978940196061446,"","","","","",""
21500,"2026-08-01 23:42:17.678376","train",65,0.15645597875118256,0.0004965340497877474,"","","","","",""
21520,"2026-08-01 23:42:18.545374","train",65,0.11077199876308441,0.0004951741056264974,"","","","","",""
21540,"2026-08-01 23:42:19.456943","train",65,0.28865325450897217,0.0004938141971837522,"","","","","",""
21560,"2026-08-01 23:42:20.318162","train",65,0.23315227031707764,0.0004924543345206047,"","","","","",""
21580,"2026-08-01 23:42:21.157559","train",65,0.09281862527132034,0.00049109452769781,"","","","","",""
21600,"2026-08-01 23:42:22.109100","train",65,0.03609902039170265,0.0004897347867757098,"","","","","",""
21620,"2026-08-01 23:42:23.000719","train",65,0.04980042576789856,0.0004883751218141575,"","","","","",""
21640,"2026-08-01 23:42:23.947469","train",65,0.10781486332416534,0.00048701554287244555,"","","","","",""
21660,"2026-08-01 23:42:24.858038","train",65,0.14122244715690613,0.0004856560600092295,"","","","","",""
21680,"2026-08-01 23:42:25.903252","train",65,0.0372738316655159,0.000484296683282454,"","","","","",""
21700,"2026-08-01 23:42:26.785027","train",65,0.15920448303222656,0.0004829374227492786,"","","","","",""
21720,"2026-08-01 23:42:27.647372","train",65,0.040559180080890656,0.0004815782884660034,"","","","","",""
21740,"2026-08-01 23:42:28.512219","train",65,0.21189665794372559,0.00048021929048799395,"","","","","",""
21760,"2026-08-01 23:42:29.466711","train",65,0.2376282811164856,0.0004788604388696077,"","","","","",""
21780,"2026-08-01 23:42:30.445205","train",65,0.2866097688674927,0.00047750174366411967,"","","","","",""
21780,"2026-08-01 23:42:46.868943","val",65,"","",0.7956147540983607,0.2956243735882791,0.6968982027617792,0.7324185248713551,0.7541924095322154,0.814092906953267
21800,"2026-08-01 23:42:58.990488","train",66,0.04047749936580658,0.00047614321492364664,"","","","","",""
21820,"2026-08-01 23:42:59.914201","train",66,0.02976919710636139,0.00047478486269907484,"","","","","",""
21840,"2026-08-01 23:43:00.806011","train",66,0.03635312616825104,0.0004734266970399842,"","","","","",""
21860,"2026-08-01 23:43:01.728953","train",66,0.15023376047611237,0.0004720687279945742,"","","","","",""
21880,"2026-08-01 23:43:02.580332","train",66,0.05651979520916939,0.0004707109656095898,"","","","","",""
21900,"2026-08-01 23:43:03.653541","train",66,0.03487321734428406,0.00046935341993024714,"","","","","",""
21920,"2026-08-01 23:43:04.591352","train",66,0.2290196418762207,0.00046799610100015896,"","","","","",""
21940,"2026-08-01 23:43:05.443158","train",66,0.12501198053359985,0.0004666390188612604,"","","","","",""
21960,"2026-08-01 23:43:06.443879","train",66,0.4175903797149658,0.0004652821835537353,"","","","","",""
21980,"2026-08-01 23:43:07.389541","train",66,0.2296019196510315,0.00046392560511594006,"","","","","",""
22000,"2026-08-01 23:43:08.307969","train",66,0.2779422402381897,0.00046256929358433205,"","","","","",""
22020,"2026-08-01 23:43:09.179779","train",66,0.020910516381263733,0.00046121325899339333,"","","","","",""
22040,"2026-08-01 23:43:10.228557","train",66,0.21327751874923706,0.00045985751137555685,"","","","","",""
22060,"2026-08-01 23:43:11.115978","train",66,0.04909459501504898,0.0004585020607611329,"","","","","",""
22080,"2026-08-01 23:43:12.017366","train",66,0.031158871948719025,0.00045714691717823426,"","","","","",""
22100,"2026-08-01 23:43:12.980648","train",66,0.07195170223712921,0.0004557920906527019,"","","","","",""
22110,"2026-08-01 23:43:30.888569","val",66,"","",0.7933770491803279,0.2768424925232855,0.6860731385746999,0.7324185248713551,0.7570609002647838,0.8060633357665367
22120,"2026-08-01 23:43:43.535706","train",67,0.030292153358459473,0.00045443759120803145,"","","","","",""
22140,"2026-08-01 23:43:44.446678","train",67,0.04184521734714508,0.0004530834288652988,"","","","","",""
22160,"2026-08-01 23:43:45.251625","train",67,0.052999548614025116,0.0004517296136430853,"","","","","",""
22180,"2026-08-01 23:43:46.209209","train",67,0.09643001854419708,0.00045037615555740447,"","","","","",""
22200,"2026-08-01 23:43:47.202080","train",67,0.030916620045900345,0.0004490230646216278,"","","","","",""
22220,"2026-08-01 23:43:48.113218","train",67,0.21195103228092194,0.00044767035084641014,"","","","","",""
22240,"2026-08-01 23:43:49.071615","train",67,0.03353296220302582,0.000446318024239616,"","","","","",""
22260,"2026-08-01 23:43:49.990374","train",67,0.04367000237107277,0.000444966094806246,"","","","","",""
22280,"2026-08-01 23:43:50.919467","train",67,0.09565231204032898,0.0004436145725483613,"","","","","",""
22300,"2026-08-01 23:43:51.793498","train",67,0.27517062425613403,0.00044226346746501177,"","","","","",""
22320,"2026-08-01 23:43:52.744915","train",67,0.19616517424583435,0.0004409127895521602,"","","","","",""
22340,"2026-08-01 23:43:53.609520","train",67,0.2932475209236145,0.00043956254880260905,"","","","","",""
22360,"2026-08-01 23:43:54.495193","train",67,0.018880918622016907,0.0004382127552059268,"","","","","",""
22380,"2026-08-01 23:43:55.444898","train",67,0.0944032222032547,0.0004368634187483733,"","","","","",""
22400,"2026-08-01 23:43:56.329474","train",67,0.40082526206970215,0.0004355145494128266,"","","","","",""
22420,"2026-08-01 23:43:57.285081","train",67,0.07705964148044586,0.00043416615717870906,"","","","","",""
22440,"2026-08-01 23:43:58.157107","train",67,0.08478808403015137,0.0004328182520219125,"","","","","",""
22440,"2026-08-01 23:44:15.839920","val",67,"","",0.7740409836065574,0.2491248522751989,0.669211019360211,0.6775300171526587,0.70432480141218,0.8047431935017938
22460,"2026-08-01 23:44:28.016330","train",68,0.04083743691444397,0.0004314708439147259,"","","","","",""
22480,"2026-08-01 23:44:28.910333","train",68,0.03214152157306671,0.0004301239428257608,"","","","","",""
22500,"2026-08-01 23:44:29.842537","train",68,0.04273112863302231,0.0004287775587198772,"","","","","",""
22520,"2026-08-01 23:44:30.794116","train",68,0.27712225914001465,0.00042743170155811063,"","","","","",""
22540,"2026-08-01 23:44:31.666525","train",68,0.1060730516910553,0.0004260863812975981,"","","","","",""
22560,"2026-08-01 23:44:32.543768","train",68,0.2052678018808365,0.00042474160789150413,"","","","","",""
22580,"2026-08-01 23:44:33.515258","train",68,0.030889704823493958,0.0004233973912889477,"","","","","",""
22600,"2026-08-01 23:44:34.596416","train",68,0.2162497341632843,0.0004220537414349286,"","","","","",""
22620,"2026-08-01 23:44:35.483179","train",68,0.06797760725021362,0.0004207106682702527,"","","","","",""
22640,"2026-08-01 23:44:36.484480","train",68,0.5618249177932739,0.0004193681817314603,"","","","","",""
22660,"2026-08-01 23:44:37.444887","train",68,0.16216039657592773,0.0004180262917507513,"","","","","",""
22680,"2026-08-01 23:44:38.360106","train",68,0.15620006620883942,0.00041668500825591177,"","","","","",""
22700,"2026-08-01 23:44:39.330768","train",68,0.22940000891685486,0.000415344341170241,"","","","","",""
22720,"2026-08-01 23:44:40.263399","train",68,0.040133003145456314,0.000414004300412478,"","","","","",""
22740,"2026-08-01 23:44:41.114276","train",68,0.030785784125328064,0.00041266489589672766,"","","","","",""
22760,"2026-08-01 23:44:42.030841","train",68,0.5611044764518738,0.0004113261375323879,"","","","","",""
22770,"2026-08-01 23:44:59.290451","val",68,"","",0.7905081967213115,0.2568814040173622,0.679272777739227,0.7530017152658662,0.7471315092674317,0.8082998120738658
22780,"2026-08-01 23:45:10.701652","train",69,0.02613639086484909,0.00040998803522407644,"","","","","",""
22800,"2026-08-01 23:45:11.583847","train",69,0.2694683074951172,0.0004086505988715566,"","","","","",""
22820,"2026-08-01 23:45:12.433742","train",69,0.2659102976322174,0.00040731383836966543,"","","","","",""
22840,"2026-08-01 23:45:13.384452","train",69,0.21156416833400726,0.00040597776360823943,"","","","","",""
22860,"2026-08-01 23:45:14.262296","train",69,0.03539668023586273,0.0004046423844720416,"","","","","",""
22880,"2026-08-01 23:45:15.182940","train",69,0.1740880161523819,0.0004033077108406887,"","","","","",""
22900,"2026-08-01 23:45:16.196615","train",69,0.04651227593421936,0.0004019737525885781,"","","","","",""
22920,"2026-08-01 23:45:17.067752","train",69,0.022168446332216263,0.000400640519584814,"","","","","",""
22940,"2026-08-01 23:45:18.035927","train",69,0.14206045866012573,0.0003993080216931353,"","","","","",""
22960,"2026-08-01 23:45:19.026210","train",69,0.021642697975039482,0.00039797626877184243,"","","","","",""
22980,"2026-08-01 23:45:19.953931","train",69,0.058701835572719574,0.0003966452706737238,"","","","","",""
23000,"2026-08-01 23:45:20.823031","train",69,0.2204132229089737,0.00039531503724598373,"","","","","",""
23020,"2026-08-01 23:45:21.664874","train",69,0.24689209461212158,0.0003939855783301692,"","","","","",""
23040,"2026-08-01 23:45:22.620283","train",69,0.3106597661972046,0.0003926569037620967,"","","","","",""
23060,"2026-08-01 23:45:23.602136","train",69,0.11086194217205048,0.00039132902337178025,"","","","","",""
23080,"2026-08-01 23:45:24.547632","train",69,0.1308990716934204,0.0003900019469833585,"","","","","",""
23100,"2026-08-01 23:45:25.481187","train",69,0.585089921951294,0.00038867568441502075,"","","","","",""
23100,"2026-08-01 23:45:42.803029","val",69,"","",0.7852131147540985,0.2575272510206491,0.6750399000763306,0.7409948542024014,0.7319064430714916,0.808827868979763
23120,"2026-08-01 23:45:54.618341","train",70,0.03643454983830452,0.00038735024547893656,"","","","","",""
23140,"2026-08-01 23:45:55.539714","train",70,0.16095992922782898,0.00038602563998118135,"","","","","",""
23160,"2026-08-01 23:45:56.380155","train",70,0.031513676047325134,0.0003847018777216644,"","","","","",""
23180,"2026-08-01 23:45:57.312503","train",70,0.03759950399398804,0.0003833789684940567,"","","","","",""
23200,"2026-08-01 23:45:58.352974","train",70,0.19106952846050262,0.0003820569220857181,"","","","","",""
23220,"2026-08-01 23:45:59.264885","train",70,0.15671074390411377,0.0003807357482776248,"","","","","",""
23240,"2026-08-01 23:46:00.076102","train",70,0.03187798708677292,0.0003794154568442974,"","","","","",""
23260,"2026-08-01 23:46:01.021545","train",70,0.2493843138217926,0.0003780960575537287,"","","","","",""
23280,"2026-08-01 23:46:01.970357","train",70,0.38255634903907776,0.0003767775601673101,"","","","","",""
23300,"2026-08-01 23:46:02.968001","train",70,0.040843814611434937,0.00037545997443976154,"","","","","",""
23320,"2026-08-01 23:46:03.883832","train",70,0.022806484252214432,0.0003741433101190576,"","","","","",""
23340,"2026-08-01 23:46:04.776835","train",70,0.1427842080593109,0.00037282757694635576,"","","","","",""
23360,"2026-08-01 23:46:05.652638","train",70,0.14085468649864197,0.00037151278465592504,"","","","","",""
23380,"2026-08-01 23:46:06.595822","train",70,0.30792558193206787,0.00037019894297507327,"","","","","",""
23400,"2026-08-01 23:46:07.429566","train",70,0.03512680530548096,0.0003688860616240749,"","","","","",""
23420,"2026-08-01 23:46:08.288848","train",70,0.28085991740226746,0.00036757415031610035,"","","","","",""
23430,"2026-08-01 23:46:26.215006","val",70,"","",0.7798360655737705,0.27100810293557814,0.672472416903754,0.7204116638078902,0.7422771403353927,0.8011089195023839
23440,"2026-08-01 23:46:38.167871","train",71,0.04742024838924408,0.0003662632187571427,"","","","","",""
23460,"2026-08-01 23:46:39.149314","train",71,0.26251086592674255,0.0003649532766459466,"","","","","",""
23480,"2026-08-01 23:46:40.033947","train",71,0.2086823284626007,0.0003636443336739365,"","","","","",""
23500,"2026-08-01 23:46:40.943323","train",71,0.1456884741783142,0.000362336399525145,"","","","","",""
23520,"2026-08-01 23:46:41.979525","train",71,0.030402055010199547,0.00036102948387614056,"","","","","",""
23540,"2026-08-01 23:46:43.000804","train",71,0.013472944498062134,0.00035972359639595676,"","","","","",""
23560,"2026-08-01 23:46:44.017337","train",71,0.1618916541337967,0.00035841874674602086,"","","","","",""
23580,"2026-08-01 23:46:44.864282","train",71,0.10885461419820786,0.0003571149445800808,"","","","","",""
23600,"2026-08-01 23:46:45.803265","train",71,0.1443323791027069,0.0003558121995441358,"","","","","",""
23620,"2026-08-01 23:46:46.694039","train",71,0.03543064743280411,0.00035451052127636375,"","","","","",""
23640,"2026-08-01 23:46:47.608015","train",71,0.1545599400997162,0.00035320991940704995,"","","","","",""
23660,"2026-08-01 23:46:48.560712","train",71,0.7330436706542969,0.00035191040355851645,"","","","","",""
23680,"2026-08-01 23:46:49.561210","train",71,0.11772047728300095,0.0003506119833450506,"","","","","",""
23700,"2026-08-01 23:46:50.538148","train",71,0.046258725225925446,0.0003493146683728333,"","","","","",""
23720,"2026-08-01 23:46:51.471780","train",71,0.20647186040878296,0.00034801846823986893,"","","","","",""
23740,"2026-08-01 23:46:52.474486","train",71,0.14332251250743866,0.0003467233925359142,"","","","","",""
23760,"2026-08-01 23:46:53.395352","train",71,0.05809566378593445,0.00034542945084240585,"","","","","",""
23760,"2026-08-01 23:47:12.608166","val",71,"","",0.7779672131147541,0.29272799297451996,0.6717785025327875,0.7135506003430532,0.7400706090026478,0.799012222964263
