"step","time","part","epoch","loss","lr","auroc","auprc","auroc_age_cond","auroc_I0002","auroc_I0006","auroc_S0001"
20,"2026-08-02 22:07:48.749198","train",0,0.6919676065444946,4.0009669118256925e-05,"","","","","",""
40,"2026-08-02 22:07:49.662641","train",0,0.7325109243392944,4.003867608347821e-05,"","","","","",""
60,"2026-08-02 22:07:50.585218","train",0,0.717922568321228,4.008701972703149e-05,"","","","","",""
80,"2026-08-02 22:07:51.643027","train",0,0.6173503398895264,4.01546981012485e-05,"","","","","",""
100,"2026-08-02 22:07:52.617243","train",0,0.503338098526001,4.024170847950336e-05,"","","","","",""
120,"2026-08-02 22:07:53.534157","train",0,0.5538696646690369,4.034804735632237e-05,"","","","","",""
140,"2026-08-02 22:07:54.466738","train",0,0.5053949356079102,4.047371044752597e-05,"","","","","",""
160,"2026-08-02 22:07:55.394330","train",0,0.4631354808807373,4.0618692690400234e-05,"","","","","",""
180,"2026-08-02 22:07:56.274836","train",0,0.26632311940193176,4.078298824390159e-05,"","","","","",""
200,"2026-08-02 22:07:57.242040","train",0,0.2035859227180481,4.0966590488892185e-05,"","","","","",""
220,"2026-08-02 22:07:58.121194","train",0,0.8816144466400146,4.116949202840584e-05,"","","","","",""
240,"2026-08-02 22:07:58.986631","train",0,0.13420724868774414,4.139168468794696e-05,"","","","","",""
260,"2026-08-02 22:07:59.832776","train",0,0.9582147598266602,4.163315951581951e-05,"","","","","",""
280,"2026-08-02 22:08:00.781957","train",0,0.40463730692863464,4.1893906783486826e-05,"","","","","",""
300,"2026-08-02 22:08:01.725828","train",0,0.1537896692752838,4.2173915985965304e-05,"","","","","",""
320,"2026-08-02 22:08:02.770301","train",0,0.4036156237125397,4.247317584224616e-05,"","","","","",""
330,"2026-08-02 22:08:20.496023","val",0,"","",0.3546024590163934,0.05797459040385304,0.4510790368468531,0.33276157804459694,0.43821712268314206,0.34358643825616975
340,"2026-08-02 22:08:32.161939","train",1,0.3847211003303528,4.2791674295750344e-05,"","","","","",""
360,"2026-08-02 22:08:32.974866","train",1,0.8917334079742432,4.312939851481461e-05,"","","","","",""
380,"2026-08-02 22:08:33.865912","train",1,0.6257020235061646,4.3486334893207915e-05,"","","","","",""
400,"2026-08-02 22:08:34.887407","train",1,0.38663673400878906,4.386246905068044e-05,"","","","","",""
420,"2026-08-02 22:08:35.887682","train",1,0.6457520127296448,4.425778583354138e-05,"","","","","",""
440,"2026-08-02 22:08:36.931836","train",1,1.3787827491760254,4.467226931527152e-05,"","","","","",""
460,"2026-08-02 22:08:38.014205","train",1,0.38493606448173523,4.5105902797163235e-05,"","","","","",""
480,"2026-08-02 22:08:38.831699","train",1,0.3810915946960449,4.555866880899377e-05,"","","","","",""
500,"2026-08-02 22:08:39.702865","train",1,0.13624225556850433,4.6030549109729656e-05,"","","","","",""
520,"2026-08-02 22:08:40.834143","train",1,0.9746901392936707,4.65215246882605e-05,"","","","","",""
540,"2026-08-02 22:08:41.737261","train",1,0.38344311714172363,4.703157576416595e-05,"","","","","",""
560,"2026-08-02 22:08:42.611613","train",1,0.4036213457584381,4.756068178851181e-05,"","","","","",""
580,"2026-08-02 22:08:43.478291","train",1,0.38291749358177185,4.8108821444678386e-05,"","","","","",""
600,"2026-08-02 22:08:44.457356","train",1,0.6053523421287537,4.867597264921939e-05,"","","","","",""
620,"2026-08-02 22:08:45.475280","train",1,0.8880529999732971,4.9262112552751194e-05,"","","","","",""
640,"2026-08-02 22:08:46.294769","train",1,0.15397071838378906,4.9867217540873325e-05,"","","","","",""
660,"2026-08-02 22:08:47.140372","train",1,0.17950540781021118,5.0491263235120714e-05,"","","","","",""
660,"2026-08-02 22:09:03.602777","val",1,"","",0.5,0.08645354372415953,0.567483172576504,0.3241852487135506,0.5525154457193292,0.5166570891639617
680,"2026-08-02 22:09:15.427453","train",2,0.40507546067237854,5.1134224493944907e-05,"","","","","",""
700,"2026-08-02 22:09:16.424641","train",2,0.6172975301742554,5.179607541372735e-05,"","","","","",""
720,"2026-08-02 22:09:17.379437","train",2,0.6068660020828247,5.247678932982294e-05,"","","","","",""
740,"2026-08-02 22:09:18.376638","train",2,0.640036940574646,5.317633881763437e-05,"","","","","",""
760,"2026-08-02 22:09:19.216050","train",2,0.41083651781082153,5.389469569371701e-05,"","","","","",""
780,"2026-08-02 22:09:20.276614","train",2,0.38718748092651367,5.4631831016914325e-05,"","","","","",""
800,"2026-08-02 22:09:21.220073","train",2,0.14532825350761414,5.538771508952368e-05,"","","","","",""
820,"2026-08-02 22:09:22.253233","train",2,0.6060718297958374,5.616231745849299e-05,"","","","","",""
840,"2026-08-02 22:09:23.279073","train",2,0.10701587051153183,5.6955606916647824e-05,"","","","","",""
860,"2026-08-02 22:09:24.180184","train",2,0.9160159230232239,5.7767551503947996e-05,"","","","","",""
880,"2026-08-02 22:09:25.014049","train",2,0.5925162434577942,5.859811850877602e-05,"","","","","",""
900,"2026-08-02 22:09:25.859049","train",2,0.3732929527759552,5.944727446925452e-05,"","","","","",""
920,"2026-08-02 22:09:26.806283","train",2,0.3969363272190094,6.0314985174594144e-05,"","","","","",""
940,"2026-08-02 22:09:27.705607","train",2,0.15387046337127686,6.12012156664724e-05,"","","","","",""
960,"2026-08-02 22:09:28.559303","train",2,0.14970451593399048,6.210593024044177e-05,"","","","","",""
980,"2026-08-02 22:09:29.447502","train",2,0.6189283132553101,6.302909244736783e-05,"","","","","",""
990,"2026-08-02 22:09:46.604936","val",2,"","",0.5732868852459017,0.11084802151269418,0.5785164110748734,0.37907375643224706,0.5756840247131509,0.591796480656033
1000,"2026-08-02 22:09:57.753681","train",3,0.3855765461921692,6.397066509489843e-05,"","","","","",""
1020,"2026-08-02 22:09:58.593228","train",3,0.1630972921848297,6.493061024896165e-05,"","","","","",""
1040,"2026-08-02 22:09:59.646904","train",3,0.15855705738067627,6.590888923529385e-05,"","","","","",""
1060,"2026-08-02 22:10:00.467539","train",3,0.3674720227718353,6.690546264099867e-05,"","","","","",""
1080,"2026-08-02 22:10:01.298599","train",3,0.11355641484260559,6.792029031613383e-05,"","","","","",""
1100,"2026-08-02 22:10:02.148768","train",3,0.6571369171142578,6.895333137532905e-05,"","","","","",""
1120,"2026-08-02 22:10:03.157132","train",3,0.12981487810611725,7.000454419943424e-05,"","","","","",""
1140,"2026-08-02 22:10:04.060213","train",3,0.4207291007041931,7.107388643719421e-05,"","","","","",""
1160,"2026-08-02 22:10:04.984567","train",3,0.38447654247283936,7.216131500695699e-05,"","","","","",""
1180,"2026-08-02 22:10:06.035408","train",3,0.9850163459777832,7.326678609840805e-05,"","","","","",""
1200,"2026-08-02 22:10:07.040318","train",3,0.7062099575996399,7.439025517433622e-05,"","","","","",""
1220,"2026-08-02 22:10:07.975119","train",3,0.31047725677490234,7.553167697242744e-05,"","","","","",""
1240,"2026-08-02 22:10:08.990788","train",3,0.7691895961761475,7.669100550708853e-05,"","","","","",""
1260,"2026-08-02 22:10:10.064820","train",3,0.6355845928192139,7.78681940713003e-05,"","","","","",""
1280,"2026-08-02 22:10:10.952795","train",3,0.39554011821746826,7.906319523849799e-05,"","","","","",""
1300,"2026-08-02 22:10:11.885024","train",3,0.3724059760570526,8.027596086448345e-05,"","","","","",""
1320,"2026-08-02 22:10:12.764824","train",3,0.5898693203926086,8.150644208936388e-05,"","","","","",""
1320,"2026-08-02 22:10:29.213832","val",3,"","",0.6309918032786885,0.13769473064726298,0.6032891541183818,0.5437392795883362,0.6359223300970874,0.6359979498967183
1340,"2026-08-02 22:10:40.887625","train",4,0.6832802295684814,8.275458933952075e-05,"","","","","",""
1360,"2026-08-02 22:10:41.907668","train",4,0.41086727380752563,8.402035232960643e-05,"","","","","",""
1380,"2026-08-02 22:10:42.781686","train",4,0.4213551878929138,8.530368006457107e-05,"","","","","",""
1400,"2026-08-02 22:10:43.814303","train",4,0.4018794298171997,8.660452084171611e-05,"","","","","",""
1420,"2026-08-02 22:10:44.767981","train",4,0.11531855165958405,8.792282225277784e-05,"","","","","",""
1440,"2026-08-02 22:10:45.662059","train",4,0.1377001255750656,8.925853118603834e-05,"","","","","",""
1460,"2026-08-02 22:10:46.598363","train",4,0.16247811913490295,9.061159382846599e-05,"","","","","",""
1480,"2026-08-02 22:10:47.569787","train",4,0.39118725061416626,9.198195566788303e-05,"","","","","",""
1500,"2026-08-02 22:10:48.608129","train",4,0.6161940097808838,9.336956149516129e-05,"","","","","",""
1520,"2026-08-02 22:10:49.549409","train",4,0.39432859420776367,9.477435540644738e-05,"","","","","",""
1540,"2026-08-02 22:10:50.496881","train",4,0.41647738218307495,9.619628080541462e-05,"","","","","",""
1560,"2026-08-02 22:10:51.397589","train",4,1.0034663677215576,9.763528040554253e-05,"","","","","",""
1580,"2026-08-02 22:10:52.411086","train",4,0.3508085310459137,9.9091296232426e-05,"","","","","",""
1600,"2026-08-02 22:10:53.429992","train",4,0.3770889341831207,0.00010056426962610978,"","","","","",""
1620,"2026-08-02 22:10:54.396239","train",4,0.40813958644866943,0.00010205414124345256,"","","","","",""
1640,"2026-08-02 22:10:55.348244","train",4,0.653602123260498,0.00010356085106051735,"","","","","",""
1650,"2026-08-02 22:11:11.992459","val",4,"","",0.7038524590163935,0.18999213971210593,0.6359725209909097,0.5951972555746141,0.7122683142100618,0.7127370431919486
1660,"2026-08-02 22:11:23.214884","train",5,0.36128750443458557,0.00010508433837499,"","","","","",""
1680,"2026-08-02 22:11:24.104947","train",5,0.3431931734085083,0.00010662454180862481,"","","","","",""
1700,"2026-08-02 22:11:24.982996","train",5,0.3801944851875305,0.00010818139930971696,"","","","","",""
1720,"2026-08-02 22:11:25.850267","train",5,0.8067169189453125,0.00010975484815560249,"","","","","",""
1740,"2026-08-02 22:11:26.882713","train",5,0.14329847693443298,0.00011134482495518607,"","","","","",""
1760,"2026-08-02 22:11:27.751605","train",5,0.373615026473999,0.00011295126565149388,"","","","","",""
1780,"2026-08-02 22:11:28.715026","train",5,0.12937524914741516,0.00011457410552425469,"","","","","",""
1800,"2026-08-02 22:11:29.557012","train",5,0.6599971055984497,0.00011621327919250754,"","","","","",""
1820,"2026-08-02 22:11:30.424632","train",5,0.3797498345375061,0.00011786872061723562,"","","","","",""
1840,"2026-08-02 22:11:31.243257","train",5,0.2829192876815796,0.00011954036310402667,"","","","","",""
1860,"2026-08-02 22:11:32.198868","train",5,0.5932134389877319,0.00012122813930576064,"","","","","",""
1880,"2026-08-02 22:11:33.143338","train",5,0.3437388837337494,0.00012293198122532197,"","","","","",""
1900,"2026-08-02 22:11:34.027086","train",5,0.08993871510028839,0.0001246518202183398,"","","","","",""
1920,"2026-08-02 22:11:34.844559","train",5,0.08045022189617157,0.0001263875869959532,"","","","","",""
1940,"2026-08-02 22:11:35.721334","train",5,0.38258376717567444,0.0001281392116276029,"","","","","",""
1960,"2026-08-02 22:11:36.720816","train",5,0.15524765849113464,0.00012990662354384877,"","","","","",""
1980,"2026-08-02 22:11:37.612532","train",5,0.6057448387145996,0.00013168975153921188,"","","","","",""
1980,"2026-08-02 22:11:54.034425","val",5,"","",0.7579098360655738,0.20689177559922037,0.6268822427312469,0.6740994854202401,0.7738305383936451,0.7567366083215555
2000,"2026-08-02 22:12:05.771354","train",6,0.08925557136535645,0.00013348852377504468,"","","","","",""
2020,"2026-08-02 22:12:06.859395","train",6,0.34501737356185913,0.00013530286778242438,"","","","","",""
2040,"2026-08-02 22:12:07.914861","train",6,0.32596877217292786,0.00013713271046507294,"","","","","",""
2060,"2026-08-02 22:12:08.784082","train",6,0.6449856758117676,0.0001389779781023015,"","","","","",""
2080,"2026-08-02 22:12:09.686711","train",6,0.343881219625473,0.00014083859635198094,"","","","","",""
2100,"2026-08-02 22:12:10.574294","train",6,0.5634216666221619,0.00014271449025353672,"","","","","",""
2120,"2026-08-02 22:12:11.427458","train",6,0.10164014250040054,0.00014460558423096896,"","","","","",""
2140,"2026-08-02 22:12:12.424900","train",6,0.5777273178100586,0.00014651180209589718,"","","","","",""
2160,"2026-08-02 22:12:13.345282","train",6,0.8906295299530029,0.00014843306705063003,"","","","","",""
2180,"2026-08-02 22:12:14.230303","train",6,0.23816217482089996,0.0001503693016912589,"","","","","",""
2200,"2026-08-02 22:12:15.111042","train",6,0.08483913540840149,0.0001523204280107765,"","","","","",""
2220,"2026-08-02 22:12:16.008991","train",6,1.0731991529464722,0.0001542863674022201,"","","","","",""
2240,"2026-08-02 22:12:16.988125","train",6,0.2835484445095062,0.00015626704066183759,"","","","","",""
2260,"2026-08-02 22:12:17.970330","train",6,0.14928331971168518,0.00015826236799227906,"","","","","",""
2280,"2026-08-02 22:12:18.785493","train",6,0.740460991859436,0.0001602722690058116,"","","","","",""
2300,"2026-08-02 22:12:19.765250","train",6,0.4623369574546814,0.00016229666272755765,"","","","","",""
2310,"2026-08-02 22:12:36.515623","val",6,"","",0.7756065573770492,0.24177860825001998,0.6576226493650683,0.7289879931389365,0.7848631950573699,0.7691459456101386
2320,"2026-08-02 22:12:47.687758","train",7,0.5152342915534973,0.00016433546759875794,"","","","","",""
2340,"2026-08-02 22:12:48.715850","train",7,0.2107570767402649,0.00016638860148005636,"","","","","",""
2360,"2026-08-02 22:12:49.563019","train",7,0.4091065526008606,0.00016845598165481004,"","","","","",""
2380,"2026-08-02 22:12:50.388913","train",7,0.27510008215904236,0.00017053752483242178,"","","","","",""
2400,"2026-08-02 22:12:51.274455","train",7,0.6445421576499939,0.00017263314715169475,"","","","","",""
2420,"2026-08-02 22:12:52.267148","train",7,0.4425658583641052,0.0001747427641842124,"","","","","",""
2440,"2026-08-02 22:12:53.160936","train",7,0.29810258746147156,0.0001768662909377391,"","","","","",""
2460,"2026-08-02 22:12:54.066818","train",7,0.5719922780990601,0.00017900364185964416,"","","","","",""
2480,"2026-08-02 22:12:54.914666","train",7,0.10236763209104538,0.0001811547308403494,"","","","","",""
2500,"2026-08-02 22:12:55.721821","train",7,0.05789323151111603,0.0001833194712167976,"","","","","",""
2520,"2026-08-02 22:12:56.595657","train",7,0.05550885200500488,0.0001854977757759441,"","","","","",""
2540,"2026-08-02 22:12:57.723548","train",7,0.5310274958610535,0.00018768955675827067,"","","","","",""
2560,"2026-08-02 22:12:58.724518","train",7,0.9158010482788086,0.00018989472586132105,"","","","","",""
2580,"2026-08-02 22:12:59.703250","train",7,0.15951406955718994,0.00019211319424325835,"","","","","",""
2600,"2026-08-02 22:13:00.629301","train",7,0.21163113415241241,0.0001943448725264446,"","","","","",""
2620,"2026-08-02 22:13:01.688180","train",7,0.8347145915031433,0.00019658967080104118,"","","","","",""
2640,"2026-08-02 22:13:02.580858","train",7,0.2760849595069885,0.0001988474986286317,"","","","","",""
2640,"2026-08-02 22:13:19.130416","val",7,"","",0.7928360655737704,0.2832352875714498,0.6768440774408438,0.79073756432247,0.8080317740511915,0.78418003634274
2660,"2026-08-02 22:13:30.860829","train",8,0.21163877844810486,0.00020111826504586505,"","","","","",""
2680,"2026-08-02 22:13:31.859955","train",8,0.05539184808731079,0.00020340187856812003,"","","","","",""
2700,"2026-08-02 22:13:32.746181","train",8,0.49819228053092957,0.00020569824719319195,"","","","","",""
2720,"2026-08-02 22:13:33.581048","train",8,0.20562514662742615,0.00020800727840499813,"","","","","",""
2740,"2026-08-02 22:13:34.397394","train",8,0.43076613545417786,0.0002103288791773058,"","","","","",""
2760,"2026-08-02 22:13:35.350180","train",8,0.7719125151634216,0.0002126629559774803,"","","","","",""
2780,"2026-08-02 22:13:36.232816","train",8,0.24616043269634247,0.00021500941477025216,"","","","","",""
2800,"2026-08-02 22:13:37.114690","train",8,0.22236281633377075,0.00021736816102150658,"","","","","",""
2820,"2026-08-02 22:13:37.923125","train",8,0.18171457946300507,0.0002197390997020918,"","","","","",""
2840,"2026-08-02 22:13:38.794943","train",8,0.2119545191526413,0.0002221221352916473,"","","","","",""
2860,"2026-08-02 22:13:39.639902","train",8,0.43158435821533203,0.00022451717178245288,"","","","","",""
2880,"2026-08-02 22:13:40.460450","train",8,0.9797916412353516,0.0002269241126832955,"","","","","",""
2900,"2026-08-02 22:13:41.366521","train",8,0.6811990141868591,0.00022934286102335776,"","","","","",""
2920,"2026-08-02 22:13:42.182809","train",8,0.30161550641059875,0.00023177331935612412,"","","","","",""
2940,"2026-08-02 22:13:43.020675","train",8,0.35916459560394287,0.00023421538976330688,"","","","","",""
2960,"2026-08-02 22:13:43.983154","train",8,0.2307649403810501,0.00023666897385879134,"","","","","",""
2970,"2026-08-02 22:14:00.858239","val",8,"","",0.787655737704918,0.299852951269137,0.6490875026021788,0.7341337907375642,0.8318623124448367,0.7753739108826316
2980,"2026-08-02 22:14:12.086256","train",9,0.11550652235746384,0.00023913397279259896,"","","","","",""
3000,"2026-08-02 22:14:12.996929","train",9,0.37830185890197754,0.0002416102872548709,"","","","","",""
3020,"2026-08-02 22:14:13.919664","train",9,0.36951515078544617,0.00024409781747986796,"","","","","",""
3040,"2026-08-02 22:14:14.930351","train",9,0.5223569869995117,0.0002465964632499904,"","","","","",""
3060,"2026-08-02 22:14:15.798087","train",9,0.05556757003068924,0.0002491061238998159,"","","","","",""
3080,"2026-08-02 22:14:16.642714","train",9,0.3265050947666168,0.0002516266983201542,"","","","","",""
3100,"2026-08-02 22:14:17.592331","train",9,0.2253464311361313,0.0002541580849621214,"","","","","",""
3120,"2026-08-02 22:14:18.462239","train",9,0.12147427350282669,0.00025670018184123077,"","","","","",""
3140,"2026-08-02 22:14:19.378848","train",9,0.45527273416519165,0.00025925288654150196,"","","","","",""
3160,"2026-08-02 22:14:20.368329","train",9,0.5201330780982971,0.0002618160962195861,"","","","","",""
3180,"2026-08-02 22:14:21.205048","train",9,0.516170859336853,0.0002643897076089108,"","","","","",""
3200,"2026-08-02 22:14:22.028885","train",9,0.6433477997779846,0.0002669736170238388,"","","","","",""
3220,"2026-08-02 22:14:23.013799","train",9,0.10597565770149231,0.00026956772036384634,"","","","","",""
3240,"2026-08-02 22:14:23.985639","train",9,0.526038408279419,0.00027217191311771716,"","","","","",""
3260,"2026-08-02 22:14:24.868550","train",9,0.28351494669914246,0.0002747860903677523,"","","","","",""
3280,"2026-08-02 22:14:25.757013","train",9,0.7969264388084412,0.0002774101467939977,"","","","","",""
3300,"2026-08-02 22:14:26.532892","train",9,0.08719833940267563,0.0002800439766784871,"","","","","",""
3300,"2026-08-02 22:14:42.937786","val",9,"","",0.7738114754098362,0.2443541364689399,0.6028034140587052,0.7101200686106347,0.7901588702559577,0.7706524609004922
3320,"2026-08-02 22:14:54.547638","train",10,0.18443581461906433,0.00028268747390950116,"","","","","",""
3340,"2026-08-02 22:14:55.426646","train",10,0.09286895394325256,0.000285340531985843,"","","","","",""
3360,"2026-08-02 22:14:56.431113","train",10,0.468128502368927,0.00028800304402112767,"","","","","",""
3380,"2026-08-02 22:14:57.380577","train",10,0.12809526920318604,0.00029067490274809014,"","","","","",""
3400,"2026-08-02 22:14:58.332765","train",10,0.29006749391555786,0.0002933560005229049,"","","","","",""
3420,"2026-08-02 22:14:59.223431","train",10,0.049227356910705566,0.00029604622932952456,"","","","","",""
3440,"2026-08-02 22:15:00.036868","train",10,0.07989954948425293,0.0002987454807840304,"","","","","",""
3460,"2026-08-02 22:15:01.103427","train",10,0.11965547502040863,0.0003014536461389993,"","","","","",""
3480,"2026-08-02 22:15:02.022131","train",10,0.15116935968399048,0.0003041706162878855,"","","","","",""
3500,"2026-08-02 22:15:03.017500","train",10,1.0080111026763916,0.00030689628176941506,"","","","","",""
3520,"2026-08-02 22:15:03.942270","train",10,0.689606249332428,0.00030963053277199696,"","","","","",""
3540,"2026-08-02 22:15:04.891668","train",10,0.3331763744354248,0.0003123732591381466,"","","","","",""
3560,"2026-08-02 22:15:05.832406","train",10,0.8082598447799683,0.00031512435036892405,"","","","","",""
3580,"2026-08-02 22:15:06.756223","train",10,0.13588199019432068,0.000317883695628386,"","","","","",""
3600,"2026-08-02 22:15:07.611751","train",10,0.3917567729949951,0.00032065118374805033,"","","","","",""
3620,"2026-08-02 22:15:08.550765","train",10,0.24228426814079285,0.00032342670323137605,"","","","","",""
3630,"2026-08-02 22:15:25.162326","val",10,"","",0.7956393442622951,0.29485784361368544,0.6650475331344112,0.7924528301886793,0.8069285083848191,0.7888548930684766
3640,"2026-08-02 22:15:36.447856","train",11,0.8991869688034058,0.0003262101422582543,"","","","","",""
3660,"2026-08-02 22:15:37.425864","train",11,0.25930255651474,0.0003290013886895136,"","","","","",""
3680,"2026-08-02 22:15:38.319060","train",11,0.08997983485460281,0.00033180033007143843,"","","","","",""
3700,"2026-08-02 22:15:39.204909","train",11,0.528434693813324,0.0003346068536402983,"","","","","",""
3720,"2026-08-02 22:15:40.154956","train",11,0.11828158795833588,0.0003374208463268921,"","","","","",""
3740,"2026-08-02 22:15:41.032152","train",11,0.2593699097633362,0.00034024219476110334,"","","","","",""
3760,"2026-08-02 22:15:41.869918","train",11,0.39350807666778564,0.00034307078527646615,"","","","","",""
3780,"2026-08-02 22:15:42.679678","train",11,0.39116454124450684,0.00034590650391474694,"","","","","",""
3800,"2026-08-02 22:15:43.506298","train",11,0.09904392063617706,0.00034874923643053355,"","","","","",""
3820,"2026-08-02 22:15:44.435389","train",11,0.11301446706056595,0.00035159886829583893,"","","","","",""
3840,"2026-08-02 22:15:45.449350","train",11,0.19498279690742493,0.00035445528470471547,"","","","","",""
3860,"2026-08-02 22:15:46.286796","train",11,0.22158947587013245,0.0003573183705778793,"","","","","",""
3880,"2026-08-02 22:15:47.333250","train",11,0.27443063259124756,0.000360188010567348,"","","","","",""
3900,"2026-08-02 22:15:48.277049","train",11,0.36184874176979065,0.00036306408906108594,"","","","","",""
3920,"2026-08-02 22:15:49.194784","train",11,0.1287226676940918,0.00036594649018766425,"","","","","",""
3940,"2026-08-02 22:15:50.151403","train",11,0.5347699522972107,0.000368835097820927,"","","","","",""
3960,"2026-08-02 22:15:51.148816","train",11,0.05547701567411423,0.00037172979558467063,"","","","","",""
3960,"2026-08-02 22:16:07.912385","val",11,"","",0.8046967213114754,0.2900256003263632,0.6987023801262924,0.7753001715265866,0.806045895851721,0.8013884790408001
3980,"2026-08-02 22:16:19.523449","train",12,0.42967358231544495,0.000374630466857333,"","","","","",""
4000,"2026-08-02 22:16:20.538388","train",12,0.33490660786628723,0.00037753699477669075,"","","","","",""
4020,"2026-08-02 22:16:21.382878","train",12,0.17414072155952454,0.00038044926224456834,"","","","","",""
4040,"2026-08-02 22:16:22.352947","train",12,0.08354794979095459,0.0003833671519315548,"","","","","",""
4060,"2026-08-02 22:16:23.207898","train",12,0.637812077999115,0.00038629054628173216,"","","","","",""
4080,"2026-08-02 22:16:24.179814","train",12,0.30882179737091064,0.0003892193275174098,"","","","","",""
4100,"2026-08-02 22:16:25.083668","train",12,0.32967904210090637,0.0003921533776438704,"","","","","",""
4120,"2026-08-02 22:16:25.952279","train",12,0.2531313896179199,0.000395092578454124,"","","","","",""
4140,"2026-08-02 22:16:26.775090","train",12,0.7297472953796387,0.00039803681153366963,"","","","","",""
4160,"2026-08-02 22:16:27.637462","train",12,0.6182700395584106,0.00040098595826526637,"","","","","",""
4180,"2026-08-02 22:16:28.608943","train",12,0.4094334840774536,0.0004039398998337123,"","","","","",""
4200,"2026-08-02 22:16:29.550918","train",12,0.6384353637695312,0.00040689851723063066,"","","","","",""
4220,"2026-08-02 22:16:30.486695","train",12,0.5186192393302917,0.0004098616912592654,"","","","","",""
4240,"2026-08-02 22:16:31.351424","train",12,0.2792818546295166,0.00041282930253928266,"","","","","",""
4260,"2026-08-02 22:16:32.239385","train",12,0.5535167455673218,0.0004158012315115811,"","","","","",""
4280,"2026-08-02 22:16:33.089906","train",12,0.30602675676345825,0.0004187773584431074,"","","","","",""
4290,"2026-08-02 22:16:49.502670","val",12,"","",0.7982213114754099,0.27326224862220316,0.6870446186940532,0.7341337907375644,0.809576345984113,0.7958128193579449
4300,"2026-08-02 22:17:00.710225","train",13,0.3852936029434204,0.00042175756343168145,"","","","","",""
4320,"2026-08-02 22:17:01.564535","train",13,0.517920732498169,0.00042474172641082664,"","","","","",""
4340,"2026-08-02 22:17:02.426159","train",13,0.18854907155036926,0.00042772972715460634,"","","","","",""
4360,"2026-08-02 22:17:03.228159","train",13,0.027203917503356934,0.00043072144528246824,"","","","","",""
4380,"2026-08-02 22:17:04.033107","train",13,0.22013890743255615,0.0004337167602640942,"","","","","",""
4400,"2026-08-02 22:17:05.000976","train",13,0.1356484591960907,0.0004367155514242557,"","","","","",""
4420,"2026-08-02 22:17:05.896272","train",13,0.27345314621925354,0.0004397176979476769,"","","","","",""
4440,"2026-08-02 22:17:06.797835","train",13,0.1518760621547699,0.00044272307888389996,"","","","","",""
4460,"2026-08-02 22:17:07.656828","train",13,0.3752994239330292,0.00044573157315215973,"","","","","",""
4480,"2026-08-02 22:17:08.616685","train",13,0.12378036230802536,0.00044874305954626097,"","","","","",""
4500,"2026-08-02 22:17:09.503060","train",13,0.03954344242811203,0.0004517574167394614,"","","","","",""
4520,"2026-08-02 22:17:10.403392","train",13,0.5831753015518188,0.00045477452328936087,"","","","","",""
4540,"2026-08-02 22:17:11.260568","train",13,0.09492065012454987,0.00045779425764279217,"","","","","",""
4560,"2026-08-02 22:17:12.084836","train",13,0.15669594705104828,0.00046081649814071993,"","","","","",""
4580,"2026-08-02 22:17:12.934388","train",13,0.30286675691604614,0.0004638411230231406,"","","","","",""
4600,"2026-08-02 22:17:13.758086","train",13,0.3008207678794861,0.0004668680104339891,"","","","","",""
4620,"2026-08-02 22:17:14.568942","train",13,0.10171075165271759,0.00046989703842604744,"","","","","",""
4620,"2026-08-02 22:17:30.442561","val",13,"","",0.7978196721311476,0.29003809745398956,0.6791339948650337,0.7598627787307033,0.804721977052074,0.7928774442045754
4640,"2026-08-02 22:17:41.860574","train",14,0.9497475624084473,0.00047292808496585766,"","","","","",""
4660,"2026-08-02 22:17:42.717175","train",14,0.458867609500885,0.00047596102793863893,"","","","","",""
4680,"2026-08-02 22:17:43.615837","train",14,0.08922287821769714,0.0004789957451532067,"","","","","",""
4700,"2026-08-02 22:17:44.555724","train",14,0.6494709253311157,0.00048203211434689607,"","","","","",""
4720,"2026-08-02 22:17:45.402419","train",14,0.10801204293966293,0.00048507001319048667,"","","","","",""
4740,"2026-08-02 22:17:46.224979","train",14,0.4724411368370056,0.0004881093192931322,"","","","","",""
4760,"2026-08-02 22:17:47.023822","train",14,0.1439162641763687,0.0004911499102072906,"","","","","",""
4780,"2026-08-02 22:17:47.957267","train",14,0.29686757922172546,0.0004941916634336568,"","","","","",""
4800,"2026-08-02 22:17:48.798217","train",14,0.6369625329971313,0.0004972344564260994,"","","","","",""
4820,"2026-08-02 22:17:49.732914","train",14,0.3919340968132019,0.0005002781665965958,"","","","","",""
4840,"2026-08-02 22:17:50.617590","train",14,0.10523895919322968,0.0005033226713201733,"","","","","",""
4860,"2026-08-02 22:17:51.441349","train",14,0.7204322218894958,0.0005063678479398478,"","","","","",""
4880,"2026-08-02 22:17:52.349242","train",14,0.14208808541297913,0.0005094135737715651,"","","","","",""
4900,"2026-08-02 22:17:53.232012","train",14,0.4237429201602936,0.0005124597261091456,"","","","","",""
4920,"2026-08-02 22:17:54.143811","train",14,0.6654359102249146,0.0005155061822292258,"","","","","",""
4940,"2026-08-02 22:17:54.951597","train",14,0.09051750600337982,0.0005185528193962037,"","","","","",""
4950,"2026-08-02 22:18:11.396008","val",14,"","",0.7867049180327869,0.24003895706514283,0.6492956769134689,0.7341337907375644,0.780891438658429,0.7871154114961096
4960,"2026-08-02 22:18:22.613338","train",15,0.6845717430114746,0.0005215995148671833,"","","","","",""
4980,"2026-08-02 22:18:23.527742","train",15,0.054579079151153564,0.0005246461458969195,"","","","","",""
5000,"2026-08-02 22:18:24.374504","train",15,0.04508443921804428,0.0005276925897427635,"","","","","",""
5020,"2026-08-02 22:18:25.243627","train",15,0.28338631987571716,0.000530738723669608,"","","","","",""
5040,"2026-08-02 22:18:26.121271","train",15,0.10886575281620026,0.0005337844249548311,"","","","","",""
5060,"2026-08-02 22:18:26.962518","train",15,0.5229872465133667,0.0005368295708932417,"","","","","",""
5080,"2026-08-02 22:18:27.840098","train",15,1.2866380214691162,0.0005398740388020224,"","","","","",""
5100,"2026-08-02 22:18:28.799600","train",15,0.7760052680969238,0.0005429177060256725,"","","","","",""
5120,"2026-08-02 22:18:29.617625","train",15,0.612555742263794,0.0005459604499409485,"","","","","",""
5140,"2026-08-02 22:18:30.467793","train",15,0.025597989559173584,0.0005490021479618057,"","","","","",""
5160,"2026-08-02 22:18:31.399701","train",15,0.9873181581497192,0.0005520426775443366,"","","","","",""
5180,"2026-08-02 22:18:32.231681","train",15,0.22253774106502533,0.0005550819161917074,"","","","","",""
5200,"2026-08-02 22:18:33.066126","train",15,0.04445122182369232,0.0005581197414590931,"","","","","",""
5220,"2026-08-02 22:18:33.904016","train",15,0.027191773056983948,0.000561156030958612,"","","","","",""
5240,"2026-08-02 22:18:34.806047","train",15,0.33008137345314026,0.0005641906623642546,"","","","","",""
5260,"2026-08-02 22:18:35.685224","train",15,0.886306881904602,0.0005672235134168129,"","","","","",""
5280,"2026-08-02 22:18:36.511964","train",15,0.5973654389381409,0.0005702544619288054,"","","","","",""
5280,"2026-08-02 22:18:52.676267","val",15,"","",0.8030983606557376,0.2908991246555981,0.6911387134827562,0.7495711835334478,0.8027360988526038,0.8003634273999409
5300,"2026-08-02 22:19:04.331964","train",16,0.57972252368927,0.0005732833857894008,"","","","","",""
5320,"2026-08-02 22:19:05.125564","train",16,1.415057897567749,0.0005763101629693366,"","","","","",""
5340,"2026-08-02 22:19:05.905835","train",16,0.051087021827697754,0.0005793346715258355,"","","","","",""
5360,"2026-08-02 22:19:06.842792","train",16,0.44680488109588623,0.000582356789607519,"","","","","",""
5380,"2026-08-02 22:19:07.659080","train",16,0.0402604378759861,0.0005853763954593158,"","","","","",""
5400,"2026-08-02 22:19:08.585957","train",16,1.3680551052093506,0.000588393367427367,"","","","","",""
5420,"2026-08-02 22:19:09.508766","train",16,0.0925401896238327,0.0005914075839639282,"","","","","",""
5440,"2026-08-02 22:19:10.412255","train",16,0.7341803312301636,0.0005944189236322652,"","","","","",""
5460,"2026-08-02 22:19:11.266763","train",16,0.6146641969680786,0.0005974272651115474,"","","","","",""
5480,"2026-08-02 22:19:12.140168","train",16,0.4318675398826599,0.0006004324872017349,"","","","","",""
5500,"2026-08-02 22:19:13.092302","train",16,0.3147621750831604,0.0006034344688284625,"","","","","",""
5520,"2026-08-02 22:19:14.059764","train",16,0.05507364124059677,0.0006064330890479158,"","","","","",""
5540,"2026-08-02 22:19:14.861223","train",16,0.16846582293510437,0.0006094282270517052,"","","","","",""
5560,"2026-08-02 22:19:15.779401","train",16,0.40799811482429504,0.000612419762171733,"","","","","",""
5580,"2026-08-02 22:19:16.624776","train",16,0.05535170063376427,0.0006154075738850534,"","","","","",""
5600,"2026-08-02 22:19:17.465323","train",16,0.48373112082481384,0.0006183915418187301,"","","","","",""
5610,"2026-08-02 22:19:34.009533","val",16,"","",0.7757295081967214,0.2521023043602186,0.6168898757893276,0.6929674099485421,0.7729479258605472,0.77990898783916
5620,"2026-08-02 22:19:45.330495","train",17,0.46989190578460693,0.0006213715457546845,"","","","","",""
5640,"2026-08-02 22:19:46.172542","train",17,0.22564107179641724,0.00062434746563454,"","","","","",""
5660,"2026-08-02 22:19:46.978457","train",17,0.6765813231468201,0.0006273191815644578,"","","","","",""
5680,"2026-08-02 22:19:47.812039","train",17,0.23705846071243286,0.000630286573819968,"","","","","",""
5700,"2026-08-02 22:19:48.712803","train",17,0.6339987516403198,0.0006332495228507935,"","","","","",""
5720,"2026-08-02 22:19:49.542978","train",17,0.12031718343496323,0.0006362079092856647,"","","","","",""
5740,"2026-08-02 22:19:50.493768","train",17,0.0811600536108017,0.0006391616139371306,"","","","","",""
5760,"2026-08-02 22:19:51.352237","train",17,0.22597379982471466,0.0006421105178063597,"","","","","",""
5780,"2026-08-02 22:19:52.211387","train",17,0.38311129808425903,0.0006450545020879343,"","","","","",""
5800,"2026-08-02 22:19:53.032712","train",17,0.25138503313064575,0.0006479934481746372,"","","","","",""
5820,"2026-08-02 22:19:53.855954","train",17,0.5170790553092957,0.0006509272376622293,"","","","","",""
5840,"2026-08-02 22:19:54.679304","train",17,0.28607743978500366,0.0006538557523542216,"","","","","",""
5860,"2026-08-02 22:19:55.477513","train",17,0.6500575542449951,0.0006567788742666354,"","","","","",""
5880,"2026-08-02 22:19:56.265143","train",17,0.11133608967065811,0.0006596964856327558,"","","","","",""
5900,"2026-08-02 22:19:57.156317","train",17,0.3675925135612488,0.0006626084689078779,"","","","","",""
5920,"2026-08-02 22:19:58.076493","train",17,0.3430901765823364,0.0006655147067740404,"","","","","",""
5940,"2026-08-02 22:19:58.916228","train",17,0.02375863492488861,0.0006684150821447532,"","","","","",""
5940,"2026-08-02 22:20:14.946256","val",17,"","",0.7555819672131148,0.24051722359978914,0.5819165914926098,0.6655231560891939,0.7650044130626654,0.7567366083215555
5960,"2026-08-02 22:20:26.493773","train",18,0.5387539863586426,0.0006713094781697143,"","","","","",""
5980,"2026-08-02 22:20:27.416818","train",18,0.18223124742507935,0.000674197778239518,"","","","","",""
6000,"2026-08-02 22:20:28.352280","train",18,0.7986422777175903,0.0006770798659903522,"","","","","",""
6020,"2026-08-02 22:20:29.264839","train",18,0.3881843388080597,0.0006799556253086858,"","","","","",""
6040,"2026-08-02 22:20:30.078233","train",18,0.5237932801246643,0.0006828249403359489,"","","","","",""
6060,"2026-08-02 22:20:30.880783","train",18,0.786657452583313,0.0006856876954731983,"","","","","",""
6080,"2026-08-02 22:20:31.702641","train",18,0.21863962709903717,0.0006885437753857758,"","","","","",""
6100,"2026-08-02 22:20:32.593485","train",18,0.4790198504924774,0.0006913930650079547,"","","","","",""
6120,"2026-08-02 22:20:33.432358","train",18,0.2995617091655731,0.0006942354495475756,"","","","","",""
6140,"2026-08-02 22:20:34.268233","train",18,0.03630854934453964,0.0006970708144906705,"","","","","",""
6160,"2026-08-02 22:20:35.081392","train",18,0.24594251811504364,0.000699899045606077,"","","","","",""
6180,"2026-08-02 22:20:35.885801","train",18,0.6343026161193848,0.0007027200289500409,"","","","","",""
6200,"2026-08-02 22:20:36.766669","train",18,0.1877315193414688,0.0007055336508708055,"","","","","",""
6220,"2026-08-02 22:20:37.720549","train",18,0.7503247261047363,0.0007083397980131914,"","","","","",""
6240,"2026-08-02 22:20:38.507289","train",18,0.10611434280872345,0.0007111383573231628,"","","","","",""
6260,"2026-08-02 22:20:39.335549","train",18,0.15126767754554749,0.0007139292160523827,"","","","","",""
6270,"2026-08-02 22:20:55.955510","val",18,"","",0.7933934426229508,0.3016807605778747,0.6611616126569981,0.7101200686106346,0.8067078552515445,0.7928308509481726
6280,"2026-08-02 22:21:07.269582","train",19,0.49167847633361816,0.0007167122617627547,"","","","","",""
6300,"2026-08-02 22:21:08.241389","train",19,0.1682378351688385,0.0007194873823309533,"","","","","",""
6320,"2026-08-02 22:21:09.069190","train",19,0.5821956396102905,0.0007222544659529418,"","","","","",""
6340,"2026-08-02 22:21:09.906678","train",19,0.46894776821136475,0.0007250134011484747,"","","","","",""
6360,"2026-08-02 22:21:10.749432","train",19,0.4700269103050232,0.0007277640767655912,"","","","","",""
6380,"2026-08-02 22:21:11.609577","train",19,0.44786691665649414,0.0007305063819850921,"","","","","",""
6400,"2026-08-02 22:21:12.443955","train",19,0.2674788236618042,0.0007332402063250042,"","","","","",""
6420,"2026-08-02 22:21:13.308102","train",19,0.6134433746337891,0.0007359654396450327,"","","","","",""
6440,"2026-08-02 22:21:14.176386","train",19,0.07577499747276306,0.0007386819721509973,"","","","","",""
6460,"2026-08-02 22:21:15.053994","train",19,0.4546085000038147,0.0007413896943992565,"","","","","",""
6480,"2026-08-02 22:21:15.937433","train",19,0.6071442365646362,0.0007440884973011153,"","","","","",""
6500,"2026-08-02 22:21:16.829369","train",19,0.2525527775287628,0.0007467782721272225,"","","","","",""
6520,"2026-08-02 22:21:17.617264","train",19,0.1945253610610962,0.0007494589105119494,"","","","","",""
6540,"2026-08-02 22:21:18.502678","train",19,0.05305328965187073,0.000752130304457756,"","","","","",""
6560,"2026-08-02 22:21:19.364313","train",19,0.028596878051757812,0.0007547923463395426,"","","","","",""
6580,"2026-08-02 22:21:20.193494","train",19,0.42854151129722595,0.0007574449289089851,"","","","","",""
6600,"2026-08-02 22:21:21.068946","train",19,0.1259317547082901,0.0007600879452988564,"","","","","",""
6600,"2026-08-02 22:21:37.305553","val",19,"","",0.7832786885245901,0.23401826879464316,0.6570675178682951,0.7049742710120068,0.7725066195939982,0.7886685200428658
6620,"2026-08-02 22:21:48.980113","train",20,0.330031156539917,0.0007627212890273312,"","","","","",""
6640,"2026-08-02 22:21:49.778752","train",20,0.4256991446018219,0.0007653448540022764,"","","","","",""
6660,"2026-08-02 22:21:50.759049","train",20,1.0557830333709717,0.0007679585345255258,"","","","","",""
6680,"2026-08-02 22:21:51.547295","train",20,0.3110014498233795,0.0007705622252971369,"","","","","",""
6700,"2026-08-02 22:21:52.490324","train",20,0.04919593781232834,0.000773155821419635,"","","","","",""
6720,"2026-08-02 22:21:53.332444","train",20,0.5486012101173401,0.0007757392184022385,"","","","","",""
6740,"2026-08-02 22:21:54.145818","train",20,0.18219852447509766,0.0007783123121650685,"","","","","",""
6760,"2026-08-02 22:21:55.067002","train",20,0.10778318345546722,0.000780874999043342,"","","","","",""
6780,"2026-08-02 22:21:56.024579","train",20,1.1906795501708984,0.0007834271757915487,"","","","","",""
6800,"2026-08-02 22:21:56.860375","train",20,0.5120017528533936,0.0007859687395876106,"","","","","",""
6820,"2026-08-02 22:21:57.677786","train",20,0.1604732871055603,0.0007884995880370235,"","","","","",""
6840,"2026-08-02 22:21:58.554527","train",20,0.038266487419605255,0.0007910196191769837,"","","","","",""
6860,"2026-08-02 22:21:59.440947","train",20,0.29483312368392944,0.0007935287314804948,"","","","","",""
6880,"2026-08-02 22:22:00.284101","train",20,0.048301346600055695,0.0007960268238604589,"","","","","",""
6900,"2026-08-02 22:22:01.146838","train",20,0.4203508794307709,0.0007985137956737479,"","","","","",""
6920,"2026-08-02 22:22:01.943833","train",20,0.13033415377140045,0.0008009895467252596,"","","","","",""
6930,"2026-08-02 22:22:18.323781","val",20,"","",0.7910081967213114,0.2531102885780766,0.6733745055860106,0.7015437392795884,0.7416151809355692,0.8069020143817851
6940,"2026-08-02 22:22:29.347538","train",21,0.4289095401763916,0.0008034539772719539,"","","","","",""
6960,"2026-08-02 22:22:30.349541","train",21,0.36058345437049866,0.0008059069880268701,"","","","","",""
6980,"2026-08-02 22:22:31.218877","train",21,0.1876562535762787,0.0008083484801631296,"","","","","",""
7000,"2026-08-02 22:22:32.014258","train",21,0.5411566495895386,0.0008107783553179145,"","","","","",""
7020,"2026-08-02 22:22:32.919785","train",21,0.18344859778881073,0.0008131965155964323,"","","","","",""
7040,"2026-08-02 22:22:33.760405","train",21,0.31687530875205994,0.000815602863575859,"","","","","",""
7060,"2026-08-02 22:22:34.571853","train",21,0.5670019388198853,0.000817997302309265,"","","","","",""
7080,"2026-08-02 22:22:35.438198","train",21,0.057663511484861374,0.00082037973532952,"","","","","",""
7100,"2026-08-02 22:22:36.293955","train",21,0.150356262922287,0.0008227500666531794,"","","","","",""
7120,"2026-08-02 22:22:37.172512","train",21,0.14237190783023834,0.0008251082007843526,"","","","","",""
7140,"2026-08-02 22:22:37.987665","train",21,0.3972783088684082,0.0008274540427185486,"","","","","",""
7160,"2026-08-02 22:22:38.849248","train",21,0.439107209444046,0.0008297874979465046,"","","","","",""
7180,"2026-08-02 22:22:39.731023","train",21,0.6109912991523743,0.0008321084724579931,"","","","","",""
7200,"2026-08-02 22:22:40.579957","train",21,0.7919088006019592,0.0008344168727456101,"","","","","",""
7220,"2026-08-02 22:22:41.463425","train",21,0.12618376314640045,0.0008367126058085417,"","","","","",""
7240,"2026-08-02 22:22:42.300985","train",21,0.2132093608379364,0.0008389955791563103,"","","","","",""
7260,"2026-08-02 22:22:43.242167","train",21,1.013024091720581,0.0008412657008125031,"","","","","",""
7260,"2026-08-02 22:22:59.412320","val",21,"","",0.8000901639344262,0.2902936378733394,0.6969675941988759,0.7427101200686106,0.8033980582524272,0.797769736126858
7280,"2026-08-02 22:23:10.890029","train",22,0.9347553253173828,0.0008435228793184748,"","","","","",""
7300,"2026-08-02 22:23:11.745567","train",22,1.00728440284729,0.0008457670237370341,"","","","","",""
7320,"2026-08-02 22:23:12.583852","train",22,0.4580877125263214,0.0008479980436561075,"","","","","",""
7340,"2026-08-02 22:23:13.506484","train",22,0.30599886178970337,0.0008502158491923799,"","","","","",""
7360,"2026-08-02 22:23:14.484052","train",22,1.1914598941802979,0.0008524203509949187,"","","","","",""
7380,"2026-08-02 22:23:15.306038","train",22,0.41218066215515137,0.0008546114602487706,"","","","","",""
7400,"2026-08-02 22:23:16.158516","train",22,0.40074238181114197,0.0008567890886785426,"","","","","",""
7420,"2026-08-02 22:23:16.981285","train",22,0.13089019060134888,0.0008589531485519559,"","","","","",""
7440,"2026-08-02 22:23:17.818194","train",22,0.17299044132232666,0.000861103552683382,"","","","","",""
7460,"2026-08-02 22:23:18.720545","train",22,0.9545324444770813,0.0008632402144373552,"","","","","",""
7480,"2026-08-02 22:23:19.647110","train",22,0.6332095265388489,0.000865363047732062,"","","","","",""
7500,"2026-08-02 22:23:20.454694","train",22,0.26310262084007263,0.0008674719670428103,"","","","","",""
7520,"2026-08-02 22:23:21.266768","train",22,0.13695001602172852,0.0008695668874054737,"","","","","",""
7540,"2026-08-02 22:23:22.203726","train",22,0.553726851940155,0.0008716477244199163,"","","","","",""
7560,"2026-08-02 22:23:23.126556","train",22,0.13674069941043854,0.0008737143942533916,"","","","","",""
7580,"2026-08-02 22:23:23.976015","train",22,0.27562642097473145,0.0008757668136439201,"","","","","",""
7590,"2026-08-02 22:23:40.205340","val",22,"","",0.791844262295082,0.2539694273634686,0.6748317257650406,0.7049742710120069,0.7974404236540158,0.7915883641107677
7600,"2026-08-02 22:23:51.261087","train",23,0.6589460968971252,0.0008778048999036446,"","","","","",""
7620,"2026-08-02 22:23:52.130106","train",23,0.051567256450653076,0.0008798285709221603,"","","","","",""
7640,"2026-08-02 22:23:52.990390","train",23,0.6437411308288574,0.0008818377451698242,"","","","","",""
7660,"2026-08-02 22:23:53.869125","train",23,0.34836694598197937,0.0008838323417010386,"","","","","",""
7680,"2026-08-02 22:23:54.664354","train",23,0.06602825969457626,0.0008858122801575133,"","","","","",""
7700,"2026-08-02 22:23:55.491839","train",23,0.5627456903457642,0.0008877774807715017,"","","","","",""
7720,"2026-08-02 22:23:56.406854","train",23,0.401932030916214,0.0008897278643690159,"","","","","",""
7740,"2026-08-02 22:23:57.400488","train",23,0.3963942527770996,0.0008916633523730158,"","","","","",""
7760,"2026-08-02 22:23:58.284001","train",23,0.6574356555938721,0.0008935838668065746,"","","","","",""
7780,"2026-08-02 22:23:59.081758","train",23,0.06938083469867706,0.0008954893302960209,"","","","","",""
7800,"2026-08-02 22:23:59.897898","train",23,0.515837550163269,0.0008973796660740552,"","","","","",""
7820,"2026-08-02 22:24:00.803573","train",23,0.20373257994651794,0.0008992547979828439,"","","","","",""
7840,"2026-08-02 22:24:01.684774","train",23,0.447175532579422,0.0009011146504770858,"","","","","",""
7860,"2026-08-02 22:24:02.493715","train",23,0.21090707182884216,0.0009029591486270572,"","","","","",""
7880,"2026-08-02 22:24:03.324346","train",23,0.2773330807685852,0.0009047882181216303,"","","","","",""
7900,"2026-08-02 22:24:04.162430","train",23,0.1268770694732666,0.0009066017852712663,"","","","","",""
7920,"2026-08-02 22:24:04.947854","train",23,0.02384112775325775,0.0009083997770109851,"","","","","",""
7920,"2026-08-02 22:24:21.303519","val",23,"","",0.7616475409836067,0.2283104376580088,0.6143223926167511,0.6895368782161235,0.7654457193292145,0.7621414260642676
7940,"2026-08-02 22:24:32.813510","train",24,0.2675260603427887,0.0009101821209033087,"","","","","",""
7960,"2026-08-02 22:24:33.660571","train",24,0.16688284277915955,0.0009119487451411793,"","","","","",""
7980,"2026-08-02 22:24:34.495289","train",24,0.25228214263916016,0.0009136995785508522,"","","","","",""
8000,"2026-08-02 22:24:35.339218","train",24,0.5416771769523621,0.0009154345505947639,"","","","","",""
8020,"2026-08-02 22:24:36.254327","train",24,0.33675262331962585,0.0009171535913743734,"","","","","",""
8040,"2026-08-02 22:24:37.143798","train",24,0.5861162543296814,0.0009188566316329779,"","","","","",""
8060,"2026-08-02 22:24:37.987228","train",24,0.9564050436019897,0.0009205436027585041,"","","","","",""
8080,"2026-08-02 22:24:38.878705","train",24,0.3896777331829071,0.0009222144367862716,"","","","","",""
8100,"2026-08-02 22:24:39.843094","train",24,0.2319175899028778,0.0009238690664017311,"","","","","",""
8120,"2026-08-02 22:24:40.707497","train",24,0.05216149240732193,0.0009255074249431767,"","","","","",""
8140,"2026-08-02 22:24:41.662216","train",24,0.8043797016143799,0.0009271294464044312,"","","","","",""
8160,"2026-08-02 22:24:42.553869","train",24,0.2322869896888733,0.0009287350654375061,"","","","","",""
8180,"2026-08-02 22:24:43.381665","train",24,0.6064157485961914,0.0009303242173552332,"","","","","",""
8200,"2026-08-02 22:24:44.281069","train",24,0.12064487487077713,0.0009318968381338715,"","","","","",""
8220,"2026-08-02 22:24:45.170725","train",24,0.22093786299228668,0.0009334528644156868,"","","","","",""
8240,"2026-08-02 22:24:46.011427","train",24,0.2520325779914856,0.0009349922335115035,"","","","","",""
8250,"2026-08-02 22:25:02.629458","val",24,"","",0.7969426229508197,0.26524697038252837,0.6814239122892235,0.7444253859348199,0.7899382171226831,0.7974280522465714
8260,"2026-08-02 22:25:13.781457","train",25,0.13487844169139862,0.0009365148834032304,"","","","","",""
8280,"2026-08-02 22:25:14.808639","train",25,0.3932825028896332,0.00093802075274636,"","","","","",""
8300,"2026-08-02 22:25:15.733126","train",25,0.12796816229820251,0.0009395097808724389,"","","","","",""
8320,"2026-08-02 22:25:16.548519","train",25,1.044996976852417,0.0009409819077915129,"","","","","",""
8340,"2026-08-02 22:25:17.448037","train",25,0.5112162232398987,0.0009424370741945435,"","","","","",""
8360,"2026-08-02 22:25:18.286265","train",25,0.4255051016807556,0.0009438752214557969,"","","","","",""
8380,"2026-08-02 22:25:19.220977","train",25,0.2787543535232544,0.000945296291635207,"","","","","",""
8400,"2026-08-02 22:25:20.011737","train",25,0.23432765901088715,0.0009467002274807086,"","","","","",""
8420,"2026-08-02 22:25:20.935566","train",25,0.33844321966171265,0.0009480869724305444,"","","","","",""
8440,"2026-08-02 22:25:21.885625","train",25,0.13903754949569702,0.0009494564706155443,"","","","","",""
8460,"2026-08-02 22:25:22.799968","train",25,0.48479849100112915,0.000950808666861375,"","","","","",""
8480,"2026-08-02 22:25:23.631292","train",25,0.42694395780563354,0.0009521435066907642,"","","","","",""
8500,"2026-08-02 22:25:24.439860","train",25,0.06439373642206192,0.0009534609363256944,"","","","","",""
8520,"2026-08-02 22:25:25.385608","train",25,0.5257927179336548,0.0009547609026895703,"","","","","",""
8540,"2026-08-02 22:25:26.393090","train",25,0.6811432838439941,0.0009560433534093561,"","","","","",""
8560,"2026-08-02 22:25:27.292654","train",25,0.3060571253299713,0.0009573082368176868,"","","","","",""
8580,"2026-08-02 22:25:28.091639","train",25,0.38604164123535156,0.0009585555019549487,"","","","","",""
8580,"2026-08-02 22:25:44.452048","val",25,"","",0.7734754098360656,0.24043238421978694,0.6238290194989938,0.7272727272727273,0.7685348631950574,0.7749390404895399
8600,"2026-08-02 22:25:56.030502","train",26,0.027856163680553436,0.000959785098571333,"","","","","",""
8620,"2026-08-02 22:25:56.849144","train",26,0.2560473084449768,0.0009609969771288602,"","","","","",""
8640,"2026-08-02 22:25:57.719791","train",26,0.20527972280979156,0.0009621910888033758,"","","","","",""
8660,"2026-08-02 22:25:58.615519","train",26,0.7047286629676819,0.0009633673854865173,"","","","","",""
8680,"2026-08-02 22:25:59.581976","train",26,0.5515614151954651,0.0009645258197876525,"","","","","",""
8700,"2026-08-02 22:26:00.372649","train",26,0.13003167510032654,0.0009656663450357887,"","","","","",""
8720,"2026-08-02 22:26:01.248207","train",26,0.25732994079589844,0.000966788915281453,"","","","","",""
8740,"2026-08-02 22:26:02.141157","train",26,0.4559248685836792,0.0009678934852985432,"","","","","",""
8760,"2026-08-02 22:26:02.920618","train",26,0.3749232292175293,0.0009689800105861508,"","","","","",""
8780,"2026-08-02 22:26:03.761012","train",26,0.1957525759935379,0.0009700484473703528,"","","","","",""
8800,"2026-08-02 22:26:04.654359","train",26,0.2621670961380005,0.0009710987526059759,"","","","","",""
8820,"2026-08-02 22:26:05.481120","train",26,0.3909580111503601,0.0009721308839783304,"","","","","",""
8840,"2026-08-02 22:26:06.319102","train",26,0.12634900212287903,0.0009731447999049149,"","","","","",""
8860,"2026-08-02 22:26:07.189063","train",26,0.2863691449165344,0.0009741404595370919,"","","","","",""
8880,"2026-08-02 22:26:08.020755","train",26,0.4221189022064209,0.0009751178227617336,"","","","","",""
8900,"2026-08-02 22:26:08.837240","train",26,0.0945902019739151,0.0009760768502028374,"","","","","",""
8910,"2026-08-02 22:26:25.241938","val",26,"","",0.821139344262295,0.2950850629431036,0.7479009090278259,0.7821612349914238,0.8263459841129744,0.8188454191063413
8920,"2026-08-02 22:26:36.421669","train",27,0.20604781806468964,0.0009770175032231124,"","","","","",""
8940,"2026-08-02 22:26:37.264633","train",27,1.7132052183151245,0.0009779397439255372,"","","","","",""
8960,"2026-08-02 22:26:38.123288","train",27,0.4406048655509949,0.0009788435351548845,"","","","","",""
8980,"2026-08-02 22:26:39.125906","train",27,0.31201717257499695,0.0009797288404992202,"","","","","",""
9000,"2026-08-02 22:26:39.981944","train",27,0.9068211317062378,0.0009805956242913687,"","","","","",""
9020,"2026-08-02 22:26:40.964388","train",27,0.9072118997573853,0.000981443851610351,"","","","","",""
9040,"2026-08-02 22:26:41.888076","train",27,0.35602298378944397,0.0009822734882827912,"","","","","",""
9060,"2026-08-02 22:26:42.728563","train",27,0.03927779197692871,0.0009830845008842928,"","","","","",""
9080,"2026-08-02 22:26:43.612206","train",27,0.41311004757881165,0.0009838768567407862,"","","","","",""
9100,"2026-08-02 22:26:44.503099","train",27,0.6602959632873535,0.0009846505239298443,"","","","","",""
9120,"2026-08-02 22:26:45.324611","train",27,0.09102420508861542,0.0009854054712819691,"","","","","",""
9140,"2026-08-02 22:26:46.140650","train",27,0.18049335479736328,0.000986141668381847,"","","","","",""
9160,"2026-08-02 22:26:46.979660","train",27,0.5360366106033325,0.000986859085569575,"","","","","",""
9180,"2026-08-02 22:26:47.806793","train",27,0.8430550694465637,0.000987557693941854,"","","","","",""
9200,"2026-08-02 22:26:48.718652","train",27,0.9693742990493774,0.0009882374653531554,"","","","","",""
9220,"2026-08-02 22:26:49.612548","train",27,0.08400470018386841,0.0009888983724168536,"","","","","",""
9240,"2026-08-02 22:26:50.405007","train",27,0.45180827379226685,0.0009895403885063292,"","","","","",""
9240,"2026-08-02 22:27:06.976988","val",27,"","",0.7938852459016393,0.25074225911132575,0.6744153771424606,0.7101200686106347,0.7703000882612533,0.802568841536335
9260,"2026-08-02 22:27:19.575499","train",28,0.09699759632349014,0.000990163487756043,"","","","","",""
9280,"2026-08-02 22:27:20.648460","train",28,0.07861331105232239,0.000990767645062577,"","","","","",""
9300,"2026-08-02 22:27:21.773440","train",28,0.778785765171051,0.0009913528360856458,"","","","","",""
9320,"2026-08-02 22:27:22.854357","train",28,0.33661097288131714,0.0009919190372490777,"","","","","",""
9340,"2026-08-02 22:27:23.890416","train",28,0.31300434470176697,0.0009924662257417645,"","","","","",""
9360,"2026-08-02 22:27:24.961705","train",28,0.32747653126716614,0.00099299437951858,"","","","","",""
9380,"2026-08-02 22:27:26.119692","train",28,0.3749702572822571,0.000993503477301269,"","","","","",""
9400,"2026-08-02 22:27:27.013063","train",28,0.3114578127861023,0.0009939934985793034,"","","","","",""
9420,"2026-08-02 22:27:27.974540","train",28,0.1664564609527588,0.0009944644236107097,"","","","","",""
9440,"2026-08-02 22:27:28.986203","train",28,0.8250624537467957,0.0009949162334228635,"","","","","",""
9460,"2026-08-02 22:27:29.960725","train",28,0.021261587738990784,0.0009953489098132543,"","","","","",""
9480,"2026-08-02 22:27:30.907401","train",28,0.1671941876411438,0.0009957624353502193,"","","","","",""
9500,"2026-08-02 22:27:31.887006","train",28,0.7231776118278503,0.0009961567933736441,"","","","","",""
9520,"2026-08-02 22:27:32.849372","train",28,0.7375275492668152,0.0009965319679956358,"","","","","",""
9540,"2026-08-02 22:27:33.712999","train",28,0.16681694984436035,0.000996887944101162,"","","","","",""
9560,"2026-08-02 22:27:34.632360","train",28,0.18038983643054962,0.0009972247073486598,"","","","","",""
9570,"2026-08-02 22:27:52.127917","val",28,"","",0.7920491803278689,0.26013992522131246,0.6706682395392408,0.7375643224699828,0.7850838481906443,0.7944460838367993
9580,"2026-08-02 22:28:03.662699","train",29,0.42368313670158386,0.000997542244170614,"","","","","",""
9600,"2026-08-02 22:28:04.752495","train",29,0.6188116073608398,0.0009978405417741035,"","","","","",""
9620,"2026-08-02 22:28:05.762333","train",29,0.13625797629356384,0.0009981195881413165,"","","","","",""
9640,"2026-08-02 22:28:06.647436","train",29,0.173305481672287,0.000998379372030035,"","","","","",""
9660,"2026-08-02 22:28:07.603036","train",29,0.1930195391178131,0.0009986198829740876,"","","","","",""
9680,"2026-08-02 22:28:08.716860","train",29,0.13726887106895447,0.000998841111283771,"","","","","",""
9700,"2026-08-02 22:28:09.649440","train",29,0.25650084018707275,0.0009990430480462408,"","","","","",""
9720,"2026-08-02 22:28:10.564964","train",29,0.13349290192127228,0.0009992256851258704,"","","","","",""
9740,"2026-08-02 22:28:11.414307","train",29,0.21067090332508087,0.0009993890151645782,"","","","","",""
9760,"2026-08-02 22:28:12.240963","train",29,0.18344923853874207,0.0009995330315821247,"","","","","",""
9780,"2026-08-02 22:28:13.060611","train",29,0.5491994619369507,0.0009996577285763775,"","","","","",""
9800,"2026-08-02 22:28:13.988004","train",29,0.5490644574165344,0.0009997631011235454,"","","","","",""
9820,"2026-08-02 22:28:14.871307","train",29,0.5871216058731079,0.0009998491449783797,"","","","","",""
9840,"2026-08-02 22:28:15.641420","train",29,0.2865928113460541,0.0009999158566743461,"","","","","",""
9860,"2026-08-02 22:28:16.563954","train",29,0.09671466052532196,0.0009999632335237645,"","","","","",""
9880,"2026-08-02 22:28:17.499006","train",29,0.11632895469665527,0.0009999912736179167,"","","","","",""
9900,"2026-08-02 22:28:18.431855","train",29,0.32395192980766296,0.0009999999953760402,"","","","","",""
9900,"2026-08-02 22:28:34.692669","val",29,"","",0.7920409836065574,0.24880377848243326,0.6678231906182777,0.7375643224699828,0.7828773168578994,0.7929085063755105
9920,"2026-08-02 22:28:46.267225","train",30,0.9392691850662231,0.0009999979608350798,"","","","","",""
9940,"2026-08-02 22:28:47.137498","train",30,0.5534853935241699,0.0009999922271435838,"","","","","",""
9960,"2026-08-02 22:28:47.999108","train",30,0.37977418303489685,0.0009999827943439723,"","","","","",""
9980,"2026-08-02 22:28:48.861987","train",30,0.1222248300909996,0.0009999696625060323,"","","","","",""
10000,"2026-08-02 22:28:49.736383","train",30,0.43088212609291077,0.0009999528317269184,"","","","","",""
10020,"2026-08-02 22:28:50.573114","train",30,0.15707997977733612,0.00099993230213115,"","","","","",""
10040,"2026-08-02 22:28:51.545463","train",30,0.5360214710235596,0.000999908073870613,"","","","","",""
10060,"2026-08-02 22:28:52.391071","train",30,0.04105478525161743,0.0009998801471245568,"","","","","",""
10080,"2026-08-02 22:28:53.210194","train",30,0.42500025033950806,0.0009998485220995932,"","","","","",""
10100,"2026-08-02 22:28:54.042484","train",30,0.381258487701416,0.0009998131990296957,"","","","","",""
10120,"2026-08-02 22:28:54.901523","train",30,0.6172440648078918,0.0009997741781761975,"","","","","",""
10140,"2026-08-02 22:28:55.699618","train",30,0.3097675144672394,0.0009997314598277885,"","","","","",""
10160,"2026-08-02 22:28:56.529440","train",30,0.03456863760948181,0.0009996850443005146,"","","","","",""
10180,"2026-08-02 22:28:57.423109","train",30,0.204511359333992,0.0009996349319377745,"","","","","",""
10200,"2026-08-02 22:28:58.302224","train",30,0.5776077508926392,0.0009995811231103176,"","","","","",""
10220,"2026-08-02 22:28:59.307375","train",30,0.2679942548274994,0.0009995236182162412,"","","","","",""
10230,"2026-08-02 22:29:15.883123","val",30,"","",0.7699016393442623,0.2234024311413949,0.6329886891957532,0.6878216123499143,0.7586054721977052,0.770233121592868
10240,"2026-08-02 22:29:27.024242","train",31,0.21760179102420807,0.0009994624176809872,"","","","","",""
10260,"2026-08-02 22:29:27.917543","train",31,0.6713636517524719,0.000999397521957339,"","","","","",""
10280,"2026-08-02 22:29:28.731831","train",31,0.37064749002456665,0.000999328931525419,"","","","","",""
10300,"2026-08-02 22:29:29.678689","train",31,0.24153637886047363,0.0009992566468926835,"","","","","",""
10320,"2026-08-02 22:29:30.517426","train",31,0.34822142124176025,0.0009991806685939206,"","","","","",""
10340,"2026-08-02 22:29:31.355181","train",31,0.6280441880226135,0.000999100997191245,"","","","","",""
10360,"2026-08-02 22:29:32.222793","train",31,0.8881519436836243,0.0009990176332740947,"","","","","",""
10380,"2026-08-02 22:29:33.013180","train",31,0.15860946476459503,0.000998930577459226,"","","","","",""
10400,"2026-08-02 22:29:33.900019","train",31,0.2585363984107971,0.000998839830390709,"","","","","",""
10420,"2026-08-02 22:29:34.820941","train",31,0.3866586983203888,0.0009987453927399231,"","","","","",""
10440,"2026-08-02 22:29:35.726332","train",31,0.2906235456466675,0.000998647265205553,"","","","","",""
10460,"2026-08-02 22:29:36.531999","train",31,0.13941296935081482,0.0009985454485135804,"","","","","",""
10480,"2026-08-02 22:29:37.385082","train",31,0.6789537072181702,0.000998439943417283,"","","","","",""
10500,"2026-08-02 22:29:38.251361","train",31,0.19393551349639893,0.000998330750697225,"","","","","",""
10520,"2026-08-02 22:29:39.189701","train",31,0.7345017194747925,0.0009982178711612538,"","","","","",""
10540,"2026-08-02 22:29:40.026497","train",31,0.406063437461853,0.0009981013056444927,"","","","","",""
10560,"2026-08-02 22:29:40.883923","train",31,0.34949934482574463,0.0009979810550093354,"","","","","",""
10560,"2026-08-02 22:29:57.327017","val",31,"","",0.8076967213114753,0.26741606029654014,0.7182707653875512,0.7735849056603774,0.7994263018534863,0.807973659279047
10580,"2026-08-02 22:30:08.847880","train",32,0.21928095817565918,0.0009978571201454398,"","","","","",""
10600,"2026-08-02 22:30:09.657184","train",32,0.023760169744491577,0.0009977295019697205,"","","","","",""
10620,"2026-08-02 22:30:10.669185","train",32,0.358465313911438,0.000997598201426343,"","","","","",""
10640,"2026-08-02 22:30:11.500222","train",32,0.29271653294563293,0.000997463219486716,"","","","","",""
10660,"2026-08-02 22:30:12.350572","train",32,0.23548156023025513,0.0009973245571494845,"","","","","",""
10680,"2026-08-02 22:30:13.356584","train",32,0.0959244892001152,0.0009971822154405227,"","","","","",""
10700,"2026-08-02 22:30:14.253682","train",32,0.11869732290506363,0.0009970361954129258,"","","","","",""
10720,"2026-08-02 22:30:15.105118","train",32,0.12503719329833984,0.0009968864981470028,"","","","","",""
10740,"2026-08-02 22:30:15.956006","train",32,0.9976616501808167,0.0009967331247502677,"","","","","",""
10760,"2026-08-02 22:30:16.802383","train",32,0.7482476830482483,0.0009965760763574328,"","","","","",""
10780,"2026-08-02 22:30:17.648364","train",32,0.34319204092025757,0.0009964153541303982,"","","","","",""
10800,"2026-08-02 22:30:18.562816","train",32,0.2993096709251404,0.0009962509592582455,"","","","","",""
10820,"2026-08-02 22:30:19.418847","train",32,0.10017383843660355,0.000996082892957227,"","","","","",""
10840,"2026-08-02 22:30:20.284608","train",32,0.2768845856189728,0.0009959111564707575,"","","","","",""
10860,"2026-08-02 22:30:21.129703","train",32,0.7814319133758545,0.000995735751069406,"","","","","",""
10880,"2026-08-02 22:30:21.990785","train",32,0.9454898834228516,0.000995556678050885,"","","","","",""
10890,"2026-08-02 22:30:38.611495","val",32,"","",0.7704098360655737,0.22125563550781596,0.6447852335021859,0.7066895368782161,0.7530891438658429,0.7745818255237858
10900,"2026-08-02 22:30:49.821221","train",33,0.6285778880119324,0.000995373938740041,"","","","","",""
10920,"2026-08-02 22:30:50.704817","train",33,0.43919074535369873,0.0009951875344888454,"","","","","",""
10940,"2026-08-02 22:30:51.535324","train",33,0.06005358323454857,0.000994997466676384,"","","","","",""
10960,"2026-08-02 22:30:52.421832","train",33,0.31995177268981934,0.0009948037367088474,"","","","","",""
10980,"2026-08-02 22:30:53.208498","train",33,0.3560504913330078,0.0009946063460195196,"","","","","",""
11000,"2026-08-02 22:30:54.249084","train",33,1.7896733283996582,0.000994405296068768,"","","","","",""
11020,"2026-08-02 22:30:55.120986","train",33,0.3627867102622986,0.0009942005883440332,"","","","","",""
11040,"2026-08-02 22:30:55.977262","train",33,0.24178433418273926,0.0009939922243598163,"","","","","",""
11060,"2026-08-02 22:30:56.813377","train",33,0.23289020359516144,0.0009937802056576694,"","","","","",""
11080,"2026-08-02 22:30:57.702082","train",33,0.16218772530555725,0.0009935645338061834,"","","","","",""
11100,"2026-08-02 22:30:58.552064","train",33,0.2883307933807373,0.0009933452104009765,"","","","","",""
11120,"2026-08-02 22:30:59.496467","train",33,0.027374058961868286,0.0009931222370646823,"","","","","",""
11140,"2026-08-02 22:31:00.324932","train",33,0.3027455508708954,0.0009928956154469381,"","","","","",""
11160,"2026-08-02 22:31:01.169138","train",33,0.4255602955818176,0.0009926653472243723,"","","","","",""
11180,"2026-08-02 22:31:02.094618","train",33,0.2009989321231842,0.000992431434100592,"","","","","",""
11200,"2026-08-02 22:31:02.949186","train",33,0.11332486569881439,0.0009921938778061719,"","","","","",""
11220,"2026-08-02 22:31:03.751396","train",33,0.21554160118103027,0.0009919526800986382,"","","","","",""
11220,"2026-08-02 22:31:19.823791","val",33,"","",0.7942295081967213,0.25962545838429407,0.6769828603150371,0.7307032590051459,0.7656663724624889,0.803562831006259
11240,"2026-08-02 22:31:31.266883","train",34,0.07614710927009583,0.0009917078427624589,"","","","","",""
11260,"2026-08-02 22:31:32.137075","train",34,0.05597919225692749,0.0009914593676090288,"","","","","",""
11280,"2026-08-02 22:31:33.036412","train",34,0.2124963402748108,0.0009912072564766572,"","","","","",""
11300,"2026-08-02 22:31:33.843776","train",34,1.1716299057006836,0.0009909515112305528,"","","","","",""
11320,"2026-08-02 22:31:34.735862","train",34,0.43140295147895813,0.0009906921337628112,"","","","","",""
11340,"2026-08-02 22:31:35.628123","train",34,0.7514055371284485,0.0009904291259924011,"","","","","",""
11360,"2026-08-02 22:31:36.479742","train",34,0.12134415656328201,0.000990162489865148,"","","","","",""
11380,"2026-08-02 22:31:37.302081","train",34,0.1369902342557907,0.0009898922273537227,"","","","","",""
11400,"2026-08-02 22:31:38.136279","train",34,0.049511052668094635,0.0009896183404576248,"","","","","",""
11420,"2026-08-02 22:31:39.080777","train",34,0.09602061659097672,0.0009893408312031682,"","","","","",""
11440,"2026-08-02 22:31:39.894796","train",34,0.6592851281166077,0.0009890597016434667,"","","","","",""
11460,"2026-08-02 22:31:40.714014","train",34,0.045054275542497635,0.000988774953858418,"","","","","",""
11480,"2026-08-02 22:31:41.628173","train",34,0.4780210852622986,0.000988486589954689,"","","","","",""
11500,"2026-08-02 22:31:42.524911","train",34,0.09880629926919937,0.0009881946120657002,"","","","","",""
11520,"2026-08-02 22:31:43.398091","train",34,0.06265317648649216,0.000987899022351609,"","","","","",""
11540,"2026-08-02 22:31:44.225109","train",34,0.1668398380279541,0.000987599822999295,"","","","","",""
11550,"2026-08-02 22:32:00.655452","val",34,"","",0.8064918032786884,0.26322704791372703,0.7065436125182153,0.7495711835334478,0.8007502206531333,0.8100237625607654
11560,"2026-08-02 22:32:11.727653","train",35,0.2324443757534027,0.0009872970162223427,"","","","","",""
11580,"2026-08-02 22:32:12.599076","train",35,0.05611517280340195,0.0009869906042610263,"","","","","",""
11600,"2026-08-02 22:32:13.487743","train",35,0.5268851518630981,0.0009866805893822919,"","","","","",""
11620,"2026-08-02 22:32:14.388534","train",35,0.3585928976535797,0.0009863669738797412,"","","","","",""
11640,"2026-08-02 22:32:15.328002","train",35,0.12855255603790283,0.0009860497600736153,"","","","","",""
11660,"2026-08-02 22:32:16.159860","train",35,0.19987347722053528,0.000985728950310776,"","","","","",""
11680,"2026-08-02 22:32:16.951122","train",35,0.3781372308731079,0.0009854045469646897,"","","","","",""
11700,"2026-08-02 22:32:17.927886","train",35,0.44640442728996277,0.0009850765524354096,"","","","","",""
11720,"2026-08-02 22:32:18.805747","train",35,0.04256229102611542,0.0009847449691495576,"","","","","",""
11740,"2026-08-02 22:32:19.726769","train",35,0.5986918210983276,0.0009844097995603063,"","","","","",""
11760,"2026-08-02 22:32:20.600109","train",35,0.4653453230857849,0.0009840710461473615,"","","","","",""
11780,"2026-08-02 22:32:21.400247","train",35,0.32570159435272217,0.0009837287114169428,"","","","","",""
11800,"2026-08-02 22:32:22.251960","train",35,0.6036505699157715,0.0009833827979017667,"","","","","",""
11820,"2026-08-02 22:32:23.086030","train",35,0.7883036732673645,0.0009830333081610257,"","","","","",""
11840,"2026-08-02 22:32:23.984388","train",35,0.6320409774780273,0.0009826802447803712,"","","","","",""
11860,"2026-08-02 22:32:24.800263","train",35,0.062060654163360596,0.0009823236103718932,"","","","","",""
11880,"2026-08-02 22:32:25.615792","train",35,0.4916767477989197,0.0009819634075741023,"","","","","",""
11880,"2026-08-02 22:32:41.672276","val",35,"","",0.804688524590164,0.26017704475051623,0.700228991742419,0.7530017152658662,0.7822153574580759,0.8101324801590384
11900,"2026-08-02 22:32:53.154149","train",36,0.3375049829483032,0.000981599639051908,"","","","","",""
11920,"2026-08-02 22:32:54.084120","train",36,0.3187771439552307,0.0009812323074966018,"","","","","",""
11940,"2026-08-02 22:32:54.975713","train",36,0.09365276992321014,0.000980861415625835,"","","","","",""
11960,"2026-08-02 22:32:55.802659","train",36,0.8612823486328125,0.0009804869661835989,"","","","","",""
11980,"2026-08-02 22:32:56.715552","train",36,0.252813458442688,0.0009801089619402062,"","","","","",""
12000,"2026-08-02 22:32:57.559668","train",36,0.1274874210357666,0.0009797274056922685,"","","","","",""
12020,"2026-08-02 22:32:58.412692","train",36,0.4346683919429779,0.0009793423002626767,"","","","","",""
12040,"2026-08-02 22:32:59.302132","train",36,0.1856851875782013,0.0009789536485005795,"","","","","",""
12060,"2026-08-02 22:33:00.324143","train",36,0.13810765743255615,0.0009785614532813632,"","","","","",""
12080,"2026-08-02 22:33:01.317593","train",36,0.041396431624889374,0.000978165717506629,"","","","","",""
12100,"2026-08-02 22:33:02.275000","train",36,1.5146195888519287,0.0009777664441041735,"","","","","",""
12120,"2026-08-02 22:33:03.184440","train",36,0.3445488214492798,0.0009773636360279653,"","","","","",""
12140,"2026-08-02 22:33:04.002810","train",36,0.07561115175485611,0.0009769572962581236,"","","","","",""
12160,"2026-08-02 22:33:04.861935","train",36,1.3077549934387207,0.000976547427800897,"","","","","",""
12180,"2026-08-02 22:33:05.688583","train",36,0.27512699365615845,0.00097613403368864,"","","","","",""
12200,"2026-08-02 22:33:06.520929","train",36,0.10166453570127487,0.0009757171169797916,"","","","","",""
12210,"2026-08-02 22:33:23.048639","val",36,"","",0.8148114754098361,0.2894861340891975,0.7225730344875443,0.7770154373927959,0.794351279788173,0.8172612483886498
12220,"2026-08-02 22:33:34.199719","train",37,0.0455174446105957,0.0009752966807588519,"","","","","",""
12240,"2026-08-02 22:33:35.074823","train",37,0.327038049697876,0.0009748727281363598,"","","","","",""
12260,"2026-08-02 22:33:35.891052","train",37,0.35974711179733276,0.0009744452622488699,"","","","","",""
12280,"2026-08-02 22:33:36.707260","train",37,0.538987934589386,0.0009740142862589289,"","","","","",""
12300,"2026-08-02 22:33:37.534200","train",37,0.939023494720459,0.0009735798033550528,"","","","","",""
12320,"2026-08-02 22:33:38.365254","train",37,0.45943525433540344,0.0009731418167517028,"","","","","",""
12340,"2026-08-02 22:33:39.343080","train",37,0.2434433400630951,0.000972700329689262,"","","","","",""
12360,"2026-08-02 22:33:40.244465","train",37,0.1250334233045578,0.0009722553454340109,"","","","","",""
12380,"2026-08-02 22:33:41.067048","train",37,0.26376938819885254,0.0009718068672781036,"","","","","",""
12400,"2026-08-02 22:33:41.991024","train",37,0.07863306999206543,0.0009713548985395432,"","","","","",""
12420,"2026-08-02 22:33:42.914197","train",37,0.08322332054376602,0.0009708994425621578,"","","","","",""
12440,"2026-08-02 22:33:43.775743","train",37,0.16018658876419067,0.0009704405027155748,"","","","","",""
12460,"2026-08-02 22:33:44.625051","train",37,0.49817681312561035,0.0009699780823951968,"","","","","",""
12480,"2026-08-02 22:33:45.504910","train",37,0.633495032787323,0.0009695121850221765,"","","","","",""
12500,"2026-08-02 22:33:46.365984","train",37,0.38388592004776,0.0009690428140433901,"","","","","",""
12520,"2026-08-02 22:33:47.268108","train",37,0.5996283292770386,0.0009685699729314143,"","","","","",""
12540,"2026-08-02 22:33:48.050622","train",37,0.24662433564662933,0.0009680936651844978,"","","","","",""
12540,"2026-08-02 22:34:04.311942","val",37,"","",0.8240819672131148,0.3078073547754446,0.7440843799875095,0.7941680960548885,0.8157546337157988,0.82407939490891
12560,"2026-08-02 22:34:15.807415","train",38,0.23166078329086304,0.0009676138943265374,"","","","","",""
12580,"2026-08-02 22:34:16.634473","train",38,0.15769053995609283,0.0009671306639070506,"","","","","",""
12600,"2026-08-02 22:34:17.488460","train",38,0.3771432340145111,0.0009666439775011509,"","","","","",""
12620,"2026-08-02 22:34:18.388715","train",38,0.8666510581970215,0.0009661538387095197,"","","","","",""
12640,"2026-08-02 22:34:19.334940","train",38,0.3308138847351074,0.0009656602511583806,"","","","","",""
12660,"2026-08-02 22:34:20.341938","train",38,0.3023829162120819,0.0009651632184994726,"","","","","",""
12680,"2026-08-02 22:34:21.201853","train",38,0.29327642917633057,0.0009646627444100225,"","","","","",""
12700,"2026-08-02 22:34:22.036138","train",38,0.47051191329956055,0.0009641588325927184,"","","","","",""
12720,"2026-08-02 22:34:22.962677","train",38,0.3347107172012329,0.0009636514867756814,"","","","","",""
12740,"2026-08-02 22:34:23.841499","train",38,0.026110708713531494,0.0009631407107124391,"","","","","",""
12760,"2026-08-02 22:34:24.711699","train",38,0.8367228507995605,0.0009626265081818975,"","","","","",""
12780,"2026-08-02 22:34:25.547792","train",38,0.1627294421195984,0.0009621088829883118,"","","","","",""
12800,"2026-08-02 22:34:26.395582","train",38,0.4691086709499359,0.0009615878389612605,"","","","","",""
12820,"2026-08-02 22:34:27.348142","train",38,0.5648880004882812,0.0009610633799556149,"","","","","",""
12840,"2026-08-02 22:34:28.244379","train",38,0.12308112531900406,0.0009605355098515122,"","","","","",""
12860,"2026-08-02 22:34:29.230392","train",38,0.10159038752317429,0.000960004232554326,"","","","","",""
12870,"2026-08-02 22:34:45.551916","val",38,"","",0.8098278688524589,0.27242656163614176,0.710915273055305,0.7598627787307033,0.7751544571932922,0.8196840977215898
12880,"2026-08-02 22:34:56.725204","train",39,0.26462551951408386,0.0009594695519946373,"","","","","",""
12900,"2026-08-02 22:34:57.595766","train",39,1.455305814743042,0.0009589314721282059,"","","","","",""
12920,"2026-08-02 22:34:58.419944","train",39,0.5236302614212036,0.0009583899969359406,"","","","","",""
12940,"2026-08-02 22:34:59.371867","train",39,0.328628808259964,0.0009578451304238705,"","","","","",""
12960,"2026-08-02 22:35:00.213352","train",39,0.2080700546503067,0.0009572968766231145,"","","","","",""
12980,"2026-08-02 22:35:01.112825","train",39,0.3960301876068115,0.0009567452395898524,"","","","","",""
13000,"2026-08-02 22:35:01.944036","train",39,0.43804091215133667,0.0009561902234052934,"","","","","",""
13020,"2026-08-02 22:35:02.772562","train",39,0.1359388828277588,0.000955631832175648,"","","","","",""
13040,"2026-08-02 22:35:03.591403","train",39,0.10998404771089554,0.0009550700700320959,"","","","","",""
13060,"2026-08-02 22:35:04.509498","train",39,0.716188371181488,0.0009545049411307559,"","","","","",""
13080,"2026-08-02 22:35:05.385236","train",39,0.41333597898483276,0.000953936449652656,"","","","","",""
13100,"2026-08-02 22:35:06.199242","train",39,0.4011443853378296,0.0009533645998037009,"","","","","",""
13120,"2026-08-02 22:35:07.062397","train",39,0.5201218128204346,0.0009527893958146422,"","","","","",""
13140,"2026-08-02 22:35:07.837644","train",39,0.5776920318603516,0.0009522108419410466,"","","","","",""
13160,"2026-08-02 22:35:08.735740","train",39,0.1905553787946701,0.0009516289424632647,"","","","","",""
13180,"2026-08-02 22:35:09.552664","train",39,0.3267689347267151,0.0009510437016863984,"","","","","",""
13200,"2026-08-02 22:35:10.350831","train",39,0.36561861634254456,0.0009504551239402702,"","","","","",""
13200,"2026-08-02 22:35:26.525805","val",39,"","",0.8042622950819671,0.27262418428144375,0.6927347165359795,0.7701543739279588,0.7751544571932922,0.8098063273642195
13220,"2026-08-02 22:35:38.074833","train",40,0.2733558714389801,0.0009498632135793907,"","","","","",""
13240,"2026-08-02 22:35:38.886739","train",40,0.5500693917274475,0.0009492679749829264,"","","","","",""
13260,"2026-08-02 22:35:39.784082","train",40,0.26268190145492554,0.0009486694125546672,"","","","","",""
13280,"2026-08-02 22:35:40.721989","train",40,0.4949391484260559,0.000948067530722994,"","","","","",""
13300,"2026-08-02 22:35:41.539438","train",40,0.5105494260787964,0.0009474623339408456,"","","","","",""
13320,"2026-08-02 22:35:42.387775","train",40,0.16002947092056274,0.0009468538266856862,"","","","","",""
13340,"2026-08-02 22:35:43.214300","train",40,0.06695959717035294,0.0009462420134594722,"","","","","",""
13360,"2026-08-02 22:35:44.146571","train",40,0.6443713307380676,0.0009456268987886185,"","","","","",""
13380,"2026-08-02 22:35:44.983646","train",40,0.09657903015613556,0.0009450084872239655,"","","","","",""
13400,"2026-08-02 22:35:45.851868","train",40,0.4012240767478943,0.000944386783340745,"","","","","",""
13420,"2026-08-02 22:35:46.689657","train",40,0.37456202507019043,0.0009437617917385465,"","","","","",""
13440,"2026-08-02 22:35:47.579199","train",40,0.12679485976696014,0.0009431335170412836,"","","","","",""
13460,"2026-08-02 22:35:48.469715","train",40,0.7806695699691772,0.0009425019638971592,"","","","","",""
13480,"2026-08-02 22:35:49.367055","train",40,0.2727029621601105,0.0009418671369786314,"","","","","",""
13500,"2026-08-02 22:35:50.243615","train",40,0.43894311785697937,0.0009412290409823789,"","","","","",""
13520,"2026-08-02 22:35:51.135718","train",40,0.23203851282596588,0.0009405876806292657,"","","","","",""
13530,"2026-08-02 22:36:07.695002","val",40,"","",0.8129344262295082,0.3122467350824249,0.7233363402956076,0.7650085763293311,0.805604589585172,0.819886001832668
13540,"2026-08-02 22:36:19.080705","train",41,0.09829021990299225,0.0009399430606643075,"","","","","",""
13560,"2026-08-02 22:36:20.000827","train",41,0.18327413499355316,0.0009392951858566352,"","","","","",""
13580,"2026-08-02 22:36:20.810590","train",41,0.03958138823509216,0.0009386440609994606,"","","","","",""
13600,"2026-08-02 22:36:21.680667","train",41,0.6122715473175049,0.0009379896909100403,"","","","","",""
13620,"2026-08-02 22:36:22.519090","train",41,0.047052688896656036,0.0009373320804296402,"","","","","",""
13640,"2026-08-02 22:36:23.379395","train",41,0.8470354080200195,0.0009366712344235001,"","","","","",""
13660,"2026-08-02 22:36:24.256433","train",41,0.8566905856132507,0.000936007157780797,"","","","","",""
13680,"2026-08-02 22:36:25.067604","train",41,0.8007420301437378,0.0009353398554146096,"","","","","",""
13700,"2026-08-02 22:36:25.865027","train",41,0.03137235343456268,0.0009346693322618817,"","","","","",""
13720,"2026-08-02 22:36:26.717040","train",41,0.6575242280960083,0.0009339955932833856,"","","","","",""
13740,"2026-08-02 22:36:27.532508","train",41,0.18045219779014587,0.0009333186434636852,"","","","","",""
13760,"2026-08-02 22:36:28.368776","train",41,0.18687064945697784,0.0009326384878110994,"","","","","",""
13780,"2026-08-02 22:36:29.255037","train",41,0.8519927263259888,0.0009319551313576655,"","","","","",""
13800,"2026-08-02 22:36:30.087719","train",41,0.3433976173400879,0.000931268579159101,"","","","","",""
13820,"2026-08-02 22:36:30.944440","train",41,0.05881736800074577,0.0009305788362947666,"","","","","",""
13840,"2026-08-02 22:36:31.789779","train",41,1.1236772537231445,0.000929885907867629,"","","","","",""
13860,"2026-08-02 22:36:32.657897","train",41,0.04745105654001236,0.0009291897990042229,"","","","","",""
13860,"2026-08-02 22:36:48.874010","val",41,"","",0.8095655737704919,0.32181633321196756,0.7191728540698078,0.8164665523156089,0.7930273609885261,0.8100082314752978
13880,"2026-08-02 22:37:00.384694","train",42,0.5681421756744385,0.0009284905148546127,"","","","","",""
13900,"2026-08-02 22:37:01.191951","train",42,0.4444156587123871,0.0009277880605923551,"","","","","",""
13920,"2026-08-02 22:37:02.051420","train",42,0.5413869023323059,0.0009270824414144598,"","","","","",""
13940,"2026-08-02 22:37:02.858593","train",42,0.31029000878334045,0.0009263736625413523,"","","","","",""
13960,"2026-08-02 22:37:03.691827","train",42,0.02507670223712921,0.0009256617292168344,"","","","","",""
13980,"2026-08-02 22:37:04.641421","train",42,0.0910438597202301,0.0009249466467080459,"","","","","",""
14000,"2026-08-02 22:37:05.513110","train",42,0.4654521942138672,0.0009242284203054251,"","","","","",""
14020,"2026-08-02 22:37:06.374039","train",42,0.060932353138923645,0.0009235070553226701,"","","","","",""
14040,"2026-08-02 22:37:07.264306","train",42,0.1366628110408783,0.0009227825570966992,"","","","","",""
14060,"2026-08-02 22:37:08.111663","train",42,0.5643719434738159,0.000922054930987612,"","","","","",""
14080,"2026-08-02 22:37:08.933699","train",42,0.17301538586616516,0.0009213241823786488,"","","","","",""
14100,"2026-08-02 22:37:09.807381","train",42,0.31069231033325195,0.0009205903166761517,"","","","","",""
14120,"2026-08-02 22:37:10.658608","train",42,0.42484259605407715,0.0009198533393095235,"","","","","",""
14140,"2026-08-02 22:37:11.515845","train",42,0.19511067867279053,0.0009191132557311893,"","","","","",""
14160,"2026-08-02 22:37:12.446596","train",42,0.30631664395332336,0.000918370071416554,"","","","","",""
14180,"2026-08-02 22:37:13.366569","train",42,0.36519259214401245,0.0009176237918639635,"","","","","",""
14190,"2026-08-02 22:37:29.895782","val",42,"","",0.8260573770491803,0.31549803853293507,0.7502602178891125,0.79073756432247,0.8117828773168579,0.8279000419339306
14200,"2026-08-02 22:37:41.155543","train",43,0.058528728783130646,0.0009168744225946633,"","","","","",""
14220,"2026-08-02 22:37:42.003235","train",43,0.5812497735023499,0.0009161219691527575,"","","","","",""
14240,"2026-08-02 22:37:42.811246","train",43,0.2692577838897705,0.0009153664371051681,"","","","","",""
14260,"2026-08-02 22:37:43.666555","train",43,0.3489453196525574,0.0009146078320415942,"","","","","",""
14280,"2026-08-02 22:37:44.581171","train",43,0.11441387981176376,0.0009138461595744694,"","","","","",""
14300,"2026-08-02 22:37:45.432662","train",43,0.030664093792438507,0.0009130814253389216,"","","","","",""
14320,"2026-08-02 22:37:46.352586","train",43,0.14038367569446564,0.0009123136349927306,"","","","","",""
14340,"2026-08-02 22:37:47.190048","train",43,0.809974730014801,0.0009115427942162865,"","","","","",""
14360,"2026-08-02 22:37:48.041296","train",43,0.3190455436706543,0.0009107689087125475,"","","","","",""
14380,"2026-08-02 22:37:48.885913","train",43,0.0428139753639698,0.0009099919842069977,"","","","","",""
14400,"2026-08-02 22:37:49.697570","train",43,0.2288958728313446,0.0009092120264476049,"","","","","",""
14420,"2026-08-02 22:37:50.593488","train",43,0.32177767157554626,0.0009084290412047783,"","","","","",""
14440,"2026-08-02 22:37:51.432197","train",43,0.3742334246635437,0.000907643034271325,"","","","","",""
14460,"2026-08-02 22:37:52.392740","train",43,0.18528573215007782,0.0009068540114624081,"","","","","",""
14480,"2026-08-02 22:37:53.254377","train",43,0.1498129963874817,0.0009060619786155029,"","","","","",""
14500,"2026-08-02 22:37:54.074456","train",43,0.5161334872245789,0.0009052669415903542,"","","","","",""
14520,"2026-08-02 22:37:54.947076","train",43,0.22850140929222107,0.0009044689062689329,"","","","","",""
14520,"2026-08-02 22:38:11.045443","val",43,"","",0.8132868852459016,0.3135758311475115,0.7170911109569079,0.7770154373927959,0.7839805825242718,0.823271778464597
14540,"2026-08-02 22:38:22.518175","train",44,0.8625411987304688,0.0009036678785553922,"","","","","",""
14560,"2026-08-02 22:38:23.367385","train",44,0.3354528546333313,0.0009028638643760243,"","","","","",""
14580,"2026-08-02 22:38:24.211482","train",44,0.3018980026245117,0.0009020568696792159,"","","","","",""
14600,"2026-08-02 22:38:25.108819","train",44,0.8538270592689514,0.0009012469004354052,"","","","","",""
14620,"2026-08-02 22:38:26.044337","train",44,1.1172752380371094,0.0009004339626370371,"","","","","",""
14640,"2026-08-02 22:38:26.892571","train",44,0.42686811089515686,0.0008996180622985184,"","","","","",""
14660,"2026-08-02 22:38:27.711270","train",44,0.13885825872421265,0.0008987992054561744,"","","","","",""
14680,"2026-08-02 22:38:28.534743","train",44,0.08378860354423523,0.0008979773981682035,"","","","","",""
14700,"2026-08-02 22:38:29.409815","train",44,0.15455880761146545,0.0008971526465146324,"","","","","",""
14720,"2026-08-02 22:38:30.241624","train",44,0.24008744955062866,0.0008963249565972717,"","","","","",""
14740,"2026-08-02 22:38:31.098094","train",44,0.6218938231468201,0.0008954943345396698,"","","","","",""
14760,"2026-08-02 22:38:31.953988","train",44,0.2896972894668579,0.0008946607864870686,"","","","","",""
14780,"2026-08-02 22:38:32.767194","train",44,0.45612794160842896,0.0008938243186063572,"","","","","",""
14800,"2026-08-02 22:38:33.582960","train",44,0.23713314533233643,0.000892984937086027,"","","","","",""
14820,"2026-08-02 22:38:34.462913","train",44,0.2665729820728302,0.0008921426481361253,"","","","","",""
14840,"2026-08-02 22:38:35.369186","train",44,0.41256043314933777,0.0008912974579882096,"","","","","",""
14850,"2026-08-02 22:38:51.866395","val",44,"","",0.8124590163934426,0.2968819750422827,0.7206300742488377,0.8130360205831904,0.779126213592233,0.8168263779955581
14860,"2026-08-02 22:39:02.895734","train",45,0.3180590867996216,0.0008904493728953018,"","","","","",""
14880,"2026-08-02 22:39:03.759332","train",45,0.6289069652557373,0.0008895983991318411,"","","","","",""
14900,"2026-08-02 22:39:04.617676","train",45,0.023165374994277954,0.0008887445429936388,"","","","","",""
14920,"2026-08-02 22:39:05.503561","train",45,0.10706181079149246,0.0008878878107978304,"","","","","",""
14940,"2026-08-02 22:39:06.313365","train",45,0.14348772168159485,0.0008870282088828301,"","","","","",""
14960,"2026-08-02 22:39:07.094936","train",45,0.09995844960212708,0.000886165743608283,"","","","","",""
14980,"2026-08-02 22:39:07.989151","train",45,0.4555571675300598,0.0008853004213550183,"","","","","",""
15000,"2026-08-02 22:39:08.814598","train",45,0.29239070415496826,0.0008844322485250022,"","","","","",""
15020,"2026-08-02 22:39:09.711656","train",45,0.2595621943473816,0.0008835612315412907,"","","","","",""
15040,"2026-08-02 22:39:10.572665","train",45,0.13878360390663147,0.0008826873768479818,"","","","","",""
15060,"2026-08-02 22:39:11.397153","train",45,0.22785314917564392,0.0008818106909101677,"","","","","",""
15080,"2026-08-02 22:39:12.369459","train",45,0.0896870344877243,0.0008809311802138875,"","","","","",""
15100,"2026-08-02 22:39:13.188647","train",45,0.0613640733063221,0.0008800488512660785,"","","","","",""
15120,"2026-08-02 22:39:14.083955","train",45,0.03666970133781433,0.0008791637105945286,"","","","","",""
15140,"2026-08-02 22:39:14.933615","train",45,0.06306805461645126,0.0008782757647478281,"","","","","",""
15160,"2026-08-02 22:39:15.804370","train",45,0.6197194457054138,0.0008773850202953205,"","","","","",""
15180,"2026-08-02 22:39:16.602856","train",45,0.5180435180664062,0.000876491483827055,"","","","","",""
15180,"2026-08-02 22:39:32.709309","val",45,"","",0.794360655737705,0.2797358286248801,0.6766359031295538,0.7375643224699828,0.7650044130626655,0.8035938931771941
15200,"2026-08-02 22:39:44.144778","train",46,0.02965511381626129,0.0008755951619537365,"","","","","",""
15220,"2026-08-02 22:39:45.110219","train",46,0.5028166770935059,0.0008746960613066779,"","","","","",""
15240,"2026-08-02 22:39:46.023244","train",46,0.35408884286880493,0.0008737941885377502,"","","","","",""
15260,"2026-08-02 22:39:46.834390","train",46,0.5223146677017212,0.0008728895503193332,"","","","","",""
15280,"2026-08-02 22:39:47.714397","train",46,0.28736627101898193,0.0008719821533442674,"","","","","",""
15300,"2026-08-02 22:39:48.632909","train",46,0.040618859231472015,0.0008710720043258027,"","","","","",""
15320,"2026-08-02 22:39:49.613346","train",46,0.08915860205888748,0.0008701591099975499,"","","","","",""
15340,"2026-08-02 22:39:50.431331","train",46,0.25217095017433167,0.000869243477113431,"","","","","",""
15360,"2026-08-02 22:39:51.264544","train",46,0.38130462169647217,0.0008683251124476282,"","","","","",""
15380,"2026-08-02 22:39:52.105483","train",46,0.21125349402427673,0.0008674040227945346,"","","","","",""
15400,"2026-08-02 22:39:52.977298","train",46,0.17238515615463257,0.0008664802149687042,"","","","","",""
15420,"2026-08-02 22:39:53.942624","train",46,0.2763131260871887,0.0008655536958048002,"","","","","",""
15440,"2026-08-02 22:39:54.754675","train",46,0.587827742099762,0.0008646244721575461,"","","","","",""
15460,"2026-08-02 22:39:55.551551","train",46,0.4463406801223755,0.0008636925509016732,"","","","","",""
15480,"2026-08-02 22:39:56.386597","train",46,0.1257142722606659,0.0008627579389318718,"","","","","",""
15500,"2026-08-02 22:39:57.280135","train",46,0.19734616577625275,0.0008618206431627382,"","","","","",""
15510,"2026-08-02 22:40:13.880213","val",46,"","",0.8282295081967214,0.33053018540370527,0.742141419748803,0.7890222984562607,0.8067078552515445,0.831379005078665
15520,"2026-08-02 22:40:25.017289","train",47,0.18269506096839905,0.0008608806705287248,"","","","","",""
15540,"2026-08-02 22:40:25.971335","train",47,0.09682096540927887,0.0008599380279840882,"","","","","",""
15560,"2026-08-02 22:40:26.799345","train",47,0.2345745712518692,0.0008589927225028383,"","","","","",""
15580,"2026-08-02 22:40:27.638772","train",47,0.13518458604812622,0.000858044761078686,"","","","","",""
15600,"2026-08-02 22:40:28.662679","train",47,0.4552208185195923,0.000857094150724992,"","","","","",""
15620,"2026-08-02 22:40:29.580757","train",47,0.31455984711647034,0.0008561408984747147,"","","","","",""
15640,"2026-08-02 22:40:30.395834","train",47,1.3013821840286255,0.0008551850113803583,"","","","","",""
15660,"2026-08-02 22:40:31.371639","train",47,0.22089174389839172,0.0008542264965139202,"","","","","",""
15680,"2026-08-02 22:40:32.186235","train",47,0.21452370285987854,0.0008532653609668395,"","","","","",""
15700,"2026-08-02 22:40:33.206678","train",47,0.03560318797826767,0.0008523016118499437,"","","","","",""
15720,"2026-08-02 22:40:34.190218","train",47,0.5724404454231262,0.0008513352562933966,"","","","","",""
15740,"2026-08-02 22:40:35.016094","train",47,0.5701116323471069,0.0008503663014466452,"","","","","",""
15760,"2026-08-02 22:40:35.930049","train",47,0.24453656375408173,0.0008493947544783672,"","","","","",""
15780,"2026-08-02 22:40:36.832390","train",47,0.1419367790222168,0.0008484206225764174,"","","","","",""
15800,"2026-08-02 22:40:37.738578","train",47,0.259085088968277,0.0008474439129477756,"","","","","",""
15820,"2026-08-02 22:40:38.718111","train",47,0.43674999475479126,0.0008464646328184915,"","","","","",""
15840,"2026-08-02 22:40:39.623288","train",47,0.6173886060714722,0.0008454827894336333,"","","","","",""
15840,"2026-08-02 22:40:56.692776","val",47,"","",0.8097131147540984,0.3106047530133914,0.7108458816182083,0.7753001715265866,0.7866284201235658,0.8170127510211688
15860,"2026-08-02 22:41:08.705914","train",48,0.1661958396434784,0.0008444983900572323,"","","","","",""
15880,"2026-08-02 22:41:09.684791","train",48,0.0733029842376709,0.0008435114419722305,"","","","","",""
15900,"2026-08-02 22:41:10.713792","train",48,0.0726112350821495,0.000842521952480426,"","","","","",""
15920,"2026-08-02 22:41:11.614963","train",48,0.20398558676242828,0.000841529928902419,"","","","","",""
15940,"2026-08-02 22:41:12.504314","train",48,0.04063299298286438,0.0008405353785775579,"","","","","",""
15960,"2026-08-02 22:41:13.506962","train",48,0.6970507502555847,0.0008395383088638848,"","","","","",""
15980,"2026-08-02 22:41:14.467332","train",48,0.08141221106052399,0.0008385387271380814,"","","","","",""
16000,"2026-08-02 22:41:15.362574","train",48,0.8025231957435608,0.0008375366407954139,"","","","","",""
16020,"2026-08-02 22:41:16.305890","train",48,0.1424737274646759,0.0008365320572496786,"","","","","",""
16040,"2026-08-02 22:41:17.217625","train",48,0.7104309797286987,0.0008355249839331472,"","","","","",""
16060,"2026-08-02 22:41:18.198684","train",48,0.35888123512268066,0.0008345154282965113,"","","","","",""
16080,"2026-08-02 22:41:19.046837","train",48,0.13179315626621246,0.0008335033978088281,"","","","","",""
16100,"2026-08-02 22:41:19.916484","train",48,0.4846973419189453,0.0008324888999574638,"","","","","",""
16120,"2026-08-02 22:41:20.811881","train",48,0.4320959448814392,0.0008314719422480401,"","","","","",""
16140,"2026-08-02 22:41:21.723995","train",48,0.8367187976837158,0.0008304525322043768,"","","","","",""
16160,"2026-08-02 22:41:22.589750","train",48,0.39232349395751953,0.0008294306773684374,"","","","","",""
16170,"2026-08-02 22:41:39.082299","val",48,"","",0.8270819672131148,0.32282829343471336,0.7456109916036361,0.7855917667238421,0.8155339805825242,0.8333669840185131
16180,"2026-08-02 22:41:50.246281","train",49,0.2495371699333191,0.0008284063853002725,"","","","","",""
16200,"2026-08-02 22:41:51.092729","train",49,0.2552472651004791,0.0008273796635779648,"","","","","",""
16220,"2026-08-02 22:41:51.904669","train",49,1.099892020225525,0.0008263505197975715,"","","","","",""
16240,"2026-08-02 22:41:52.808271","train",49,0.18609020113945007,0.0008253189615730702,"","","","","",""
16260,"2026-08-02 22:41:53.620277","train",49,0.6119000911712646,0.0008242849965363005,"","","","","",""
16280,"2026-08-02 22:41:54.498788","train",49,0.11515991389751434,0.000823248632336909,"","","","","",""
16300,"2026-08-02 22:41:55.311722","train",49,0.18719732761383057,0.000822209876642292,"","","","","",""
16320,"2026-08-02 22:41:56.151651","train",49,0.09033120423555374,0.0008211687371375391,"","","","","",""
16340,"2026-08-02 22:41:57.076487","train",49,0.53655606508255,0.0008201252215253757,"","","","","",""
16360,"2026-08-02 22:41:58.039393","train",49,0.46281564235687256,0.0008190793375261071,"","","","","",""
16380,"2026-08-02 22:41:58.984823","train",49,0.09848257899284363,0.0008180310928775603,"","","","","",""
16400,"2026-08-02 22:41:59.886865","train",49,0.17431055009365082,0.0008169804953350277,"","","","","",""
16420,"2026-08-02 22:42:00.802854","train",49,0.21059656143188477,0.0008159275526712089,"","","","","",""
16440,"2026-08-02 22:42:01.616526","train",49,0.04835415631532669,0.0008148722726761536,"","","","","",""
16460,"2026-08-02 22:42:02.514833","train",49,0.13660699129104614,0.0008138146631572041,"","","","","",""
16480,"2026-08-02 22:42:03.433168","train",49,0.7259436845779419,0.000812754731938937,"","","","","",""
16500,"2026-08-02 22:42:04.252676","train",49,0.054212696850299835,0.0008116924868631064,"","","","","",""
16500,"2026-08-02 22:42:20.677263","val",49,"","",0.8181393442622952,0.3306551509147708,0.7383248907084866,0.7547169811320755,0.8049426301853487,0.8270924254896175
16520,"2026-08-02 22:42:32.369949","train",50,0.05088760703802109,0.0008106279357885843,"","","","","",""
16540,"2026-08-02 22:42:33.247868","train",50,0.22924110293388367,0.0008095610865913037,"","","","","",""
16560,"2026-08-02 22:42:34.134533","train",50,0.2902534008026123,0.0008084919471642,"","","","","",""
16580,"2026-08-02 22:42:34.980742","train",50,0.0851568803191185,0.0008074205254171526,"","","","","",""
16600,"2026-08-02 22:42:35.824683","train",50,0.03815218061208725,0.0008063468292769259,"","","","","",""
16620,"2026-08-02 22:42:36.654152","train",50,0.05298878997564316,0.0008052708666871115,"","","","","",""
16640,"2026-08-02 22:42:37.500827","train",50,0.7356328964233398,0.0008041926456080691,"","","","","",""
16660,"2026-08-02 22:42:38.408942","train",50,0.1509878933429718,0.0008031121740168669,"","","","","",""
16680,"2026-08-02 22:42:39.315989","train",50,0.16597455739974976,0.0008020294599072239,"","","","","",""
16700,"2026-08-02 22:42:40.210717","train",50,0.5220381617546082,0.0008009445112894496,"","","","","",""
16720,"2026-08-02 22:42:41.030346","train",50,0.07137400656938553,0.0007998573361903856,"","","","","",""
16740,"2026-08-02 22:42:41.965184","train",50,0.18620462715625763,0.0007987679426533454,"","","","","",""
16760,"2026-08-02 22:42:42.871750","train",50,0.09345294535160065,0.0007976763387380555,"","","","","",""
16780,"2026-08-02 22:42:44.004610","train",50,0.30370980501174927,0.0007965825325205955,"","","","","",""
16800,"2026-08-02 22:42:44.980302","train",50,0.4040567874908447,0.0007954865320933387,"","","","","",""
16820,"2026-08-02 22:42:45.819601","train",50,0.9696831703186035,0.0007943883455648914,"","","","","",""
16830,"2026-08-02 22:43:02.882747","val",50,"","",0.788844262295082,0.2870882461171576,0.6658108389424745,0.7495711835334476,0.7689761694616063,0.8000217435196546
16840,"2026-08-02 22:43:14.487758","train",51,0.0919942706823349,0.0007932879810600342,"","","","","",""
16860,"2026-08-02 22:43:15.346652","train",51,0.16835691034793854,0.0007921854467196603,"","","","","",""
16880,"2026-08-02 22:43:16.183790","train",51,0.20150893926620483,0.000791080750700717,"","","","","",""
16900,"2026-08-02 22:43:17.064882","train",51,0.3126872181892395,0.0007899739011761438,"","","","","",""
16920,"2026-08-02 22:43:17.929282","train",51,0.26057782769203186,0.000788864906334813,"","","","","",""
16940,"2026-08-02 22:43:18.964890","train",51,0.16890601813793182,0.0007877537743814686,"","","","","",""
16960,"2026-08-02 22:43:19.917961","train",51,0.23066581785678864,0.0007866405135366658,"","","","","",""
16980,"2026-08-02 22:43:20.827032","train",51,0.33658236265182495,0.0007855251320367098,"","","","","",""
17000,"2026-08-02 22:43:21.763867","train",51,0.22474661469459534,0.0007844076381335958,"","","","","",""
17020,"2026-08-02 22:43:22.696666","train",51,0.42988821864128113,0.0007832880400949465,"","","","","",""
17040,"2026-08-02 22:43:23.597896","train",51,0.023416325449943542,0.0007821663462039523,"","","","","",""
17060,"2026-08-02 22:43:24.552846","train",51,0.07500982284545898,0.0007810425647593095,"","","","","",""
17080,"2026-08-02 22:43:25.452995","train",51,0.22113074362277985,0.0007799167040751588,"","","","","",""
17100,"2026-08-02 22:43:26.429340","train",51,0.3714216947555542,0.0007787887724810234,"","","","","",""
17120,"2026-08-02 22:43:27.320214","train",51,0.08759323507547379,0.0007776587783217486,"","","","","",""
17140,"2026-08-02 22:43:28.205773","train",51,0.5064634084701538,0.0007765267299574388,"","","","","",""
17160,"2026-08-02 22:43:29.096972","train",51,0.04512432962656021,0.0007753926357633962,"","","","","",""
17160,"2026-08-02 22:43:45.556078","val",51,"","",0.8094672131147542,0.3065724779059093,0.7258344320310873,0.7667238421955404,0.7742718446601942,0.8249025424386911
17180,"2026-08-02 22:43:57.486744","train",52,0.5542107820510864,0.0007742565041300591,"","","","","",""
17200,"2026-08-02 22:43:58.366477","train",52,0.19583120942115784,0.0007731183434629391,"","","","","",""
17220,"2026-08-02 22:43:59.387121","train",52,0.3284878134727478,0.0007719781621825595,"","","","","",""
17240,"2026-08-02 22:44:00.183382","train",52,0.454363614320755,0.0007708359687243929,"","","","","",""
17260,"2026-08-02 22:44:00.993067","train",52,0.07066245377063751,0.0007696917715387988,"","","","","",""
17280,"2026-08-02 22:44:01.958510","train",52,0.13867908716201782,0.0007685455790909605,"","","","","",""
17300,"2026-08-02 22:44:02.939178","train",52,0.09616954624652863,0.0007673973998608237,"","","","","",""
17320,"2026-08-02 22:44:03.860492","train",52,0.084432452917099,0.0007662472423430322,"","","","","",""
17340,"2026-08-02 22:44:04.699043","train",52,0.6906497478485107,0.0007650951150468667,"","","","","",""
17360,"2026-08-02 22:44:05.667231","train",52,0.030065879225730896,0.0007639410264961805,"","","","","",""
17380,"2026-08-02 22:44:06.512236","train",52,0.872891902923584,0.0007627849852293374,"","","","","",""
17400,"2026-08-02 22:44:07.397492","train",52,0.10025641322135925,0.0007616269997991476,"","","","","",""
17420,"2026-08-02 22:44:08.300624","train",52,0.06182950735092163,0.0007604670787728049,"","","","","",""
17440,"2026-08-02 22:44:09.171500","train",52,0.4390981197357178,0.0007593052307318242,"","","","","",""
17460,"2026-08-02 22:44:10.001478","train",52,0.13544625043869019,0.000758141464271976,"","","","","",""
17480,"2026-08-02 22:44:10.982879","train",52,0.4055550694465637,0.0007569757880032251,"","","","","",""
17490,"2026-08-02 22:44:27.874810","val",52,"","",0.8085409836065574,0.27961846190816214,0.7120949274859483,0.7753001715265866,0.7883936451897617,0.8152577383633343
17500,"2026-08-02 22:44:39.267104","train",53,0.5735840797424316,0.0007558082105496642,"","","","","",""
17520,"2026-08-02 22:44:40.247187","train",53,0.694096565246582,0.0007546387405494536,"","","","","",""
17540,"2026-08-02 22:44:41.050210","train",53,0.12399610131978989,0.000753467386654754,"","","","","",""
17560,"2026-08-02 22:44:42.003914","train",53,0.4731867015361786,0.000752294157531664,"","","","","",""
17580,"2026-08-02 22:44:42.831412","train",53,0.04120003432035446,0.0007511190618601558,"","","","","",""
17600,"2026-08-02 22:44:43.735444","train",53,0.5589738488197327,0.000749942108334012,"","","","","",""
17620,"2026-08-02 22:44:44.641092","train",53,0.047704994678497314,0.0007487633056607588,"","","","","",""
17640,"2026-08-02 22:44:45.444268","train",53,0.20322144031524658,0.0007475826625616039,"","","","","",""
17660,"2026-08-02 22:44:46.271000","train",53,0.0785248801112175,0.0007464001877713711,"","","","","",""
17680,"2026-08-02 22:44:47.078137","train",53,0.25420355796813965,0.0007452158900384354,"","","","","",""
17700,"2026-08-02 22:44:47.882149","train",53,0.10893198102712631,0.0007440297781246589,"","","","","",""
17720,"2026-08-02 22:44:48.720122","train",53,0.708834707736969,0.0007428418608053254,"","","","","",""
17740,"2026-08-02 22:44:49.592426","train",53,0.4188220500946045,0.000741652146869076,"","","","","",""
17760,"2026-08-02 22:44:50.447305","train",53,0.026117779314517975,0.0007404606451178436,"","","","","",""
17780,"2026-08-02 22:44:51.371171","train",53,1.3640061616897583,0.0007392673643667882,"","","","","",""
17800,"2026-08-02 22:44:52.290536","train",53,0.5833823084831238,0.0007380723134442313,"","","","","",""
17820,"2026-08-02 22:44:53.111926","train",53,0.37421780824661255,0.0007368755011915907,"","","","","",""
17820,"2026-08-02 22:45:09.563814","val",53,"","",0.8187131147540982,0.31139412485748164,0.7290264381375339,0.758147512864494,0.8146513680494263,0.8246074518148074
17840,"2026-08-02 22:45:21.484339","train",54,0.23662638664245605,0.0007356769364633155,"","","","","",""
17860,"2026-08-02 22:45:22.411473","train",54,0.8968716859817505,0.0007344766281268202,"","","","","",""
17880,"2026-08-02 22:45:23.338682","train",54,0.07985647022724152,0.0007332745850624187,"","","","","",""
17900,"2026-08-02 22:45:24.234160","train",54,0.12648703157901764,0.0007320708161632593,"","","","","",""
17920,"2026-08-02 22:45:25.266732","train",54,0.0398191437125206,0.0007308653303352589,"","","","","",""
17940,"2026-08-02 22:45:26.091573","train",54,0.9172394275665283,0.0007296581364970365,"","","","","",""
17960,"2026-08-02 22:45:26.904110","train",54,0.7190569043159485,0.0007284492435798479,"","","","","",""
17980,"2026-08-02 22:45:27.799150","train",54,0.22122374176979065,0.0007272386605275188,"","","","","",""
18000,"2026-08-02 22:45:28.645244","train",54,0.12710413336753845,0.0007260263962963798,"","","","","",""
18020,"2026-08-02 22:45:29.570220","train",54,0.3630038797855377,0.0007248124598551987,"","","","","",""
18040,"2026-08-02 22:45:30.537214","train",54,0.07250766456127167,0.0007235968601851157,"","","","","",""
18060,"2026-08-02 22:45:31.454826","train",54,0.08865617960691452,0.0007223796062795756,"","","","","",""
18080,"2026-08-02 22:45:32.347689","train",54,0.6258554458618164,0.000721160707144262,"","","","","",""
18100,"2026-08-02 22:45:33.117890","train",54,0.18635153770446777,0.0007199401717970308,"","","","","",""
18120,"2026-08-02 22:45:34.020081","train",54,0.5860173106193542,0.0007187180092678426,"","","","","",""
18140,"2026-08-02 22:45:34.835627","train",54,0.6431827545166016,0.0007174942285986969,"","","","","",""
18150,"2026-08-02 22:45:51.753157","val",54,"","",0.8154590163934426,0.31608143696530894,0.7271528693359239,0.7169811320754718,0.781774051191527,0.8314255983350677
18160,"2026-08-02 22:46:03.146787","train",55,0.5697901844978333,0.0007162688388435649,"","","","","",""
18180,"2026-08-02 22:46:04.057700","train",55,0.058103352785110474,0.0007150418490683215,"","","","","",""
18200,"2026-08-02 22:46:04.918036","train",55,0.0958666205406189,0.0007138132683506806,"","","","","",""
18220,"2026-08-02 22:46:05.736243","train",55,0.31740716099739075,0.0007125831057801255,"","","","","",""
18240,"2026-08-02 22:46:06.547064","train",55,0.4801623821258545,0.0007113513704578422,"","","","","",""
18260,"2026-08-02 22:46:07.428797","train",55,0.6303874254226685,0.0007101180714966537,"","","","","",""
18280,"2026-08-02 22:46:08.427407","train",55,0.34031152725219727,0.0007088832180209505,"","","","","",""
18300,"2026-08-02 22:46:09.328928","train",55,0.4862395226955414,0.0007076468191666243,"","","","","",""
18320,"2026-08-02 22:46:10.211587","train",55,1.1738436222076416,0.0007064088840809997,"","","","","",""
18340,"2026-08-02 22:46:11.110477","train",55,0.11024689674377441,0.0007051694219227674,"","","","","",""
18360,"2026-08-02 22:46:11.952259","train",55,0.5705857872962952,0.0007039284418619156,"","","","","",""
18380,"2026-08-02 22:46:12.838920","train",55,0.730718195438385,0.0007026859530796627,"","","","","",""
18400,"2026-08-02 22:46:13.672784","train",55,0.3299487233161926,0.0007014419647683888,"","","","","",""
18420,"2026-08-02 22:46:14.658689","train",55,0.20202428102493286,0.0007001964861315686,"","","","","",""
18440,"2026-08-02 22:46:15.471032","train",55,0.2825760543346405,0.0006989495263837024,"","","","","",""
18460,"2026-08-02 22:46:16.305619","train",55,0.06639879196882248,0.0006977010947502481,"","","","","",""
18480,"2026-08-02 22:46:17.116759","train",55,0.28045618534088135,0.0006964512004675539,"","","","","",""
18480,"2026-08-02 22:46:33.434687","val",55,"","",0.8033032786885246,0.2801016622222783,0.6987717715633891,0.7615780445969125,0.7839805825242718,0.8115613400220542
18500,"2026-08-02 22:46:45.197035","train",56,0.6146414279937744,0.0006951998527827879,"","","","","",""
18520,"2026-08-02 22:46:46.199044","train",56,0.09685994684696198,0.0006939470609538729,"","","","","",""
18540,"2026-08-02 22:46:47.041140","train",56,0.52435702085495,0.0006926928342494139,"","","","","",""
18560,"2026-08-02 22:46:47.961094","train",56,0.5317423939704895,0.0006914371819486333,"","","","","",""
18580,"2026-08-02 22:46:48.798440","train",56,0.4543897807598114,0.0006901801133412994,"","","","","",""
18600,"2026-08-02 22:46:49.635669","train",56,0.30562660098075867,0.0006889216377276599,"","","","","",""
18620,"2026-08-02 22:46:50.650341","train",56,0.5926144123077393,0.000687661764418371,"","","","","",""
18640,"2026-08-02 22:46:51.492011","train",56,0.4438554346561432,0.0006864005027344305,"","","","","",""
18660,"2026-08-02 22:46:52.356289","train",56,0.09797561168670654,0.000685137862007107,"","","","","",""
18680,"2026-08-02 22:46:53.311688","train",56,0.04424728453159332,0.0006838738515778724,"","","","","",""
18700,"2026-08-02 22:46:54.209887","train",56,0.2160387486219406,0.0006826084807983322,"","","","","",""
18720,"2026-08-02 22:46:55.092754","train",56,0.1404224932193756,0.0006813417590301555,"","","","","",""
18740,"2026-08-02 22:46:55.943669","train",56,1.0193760395050049,0.0006800736956450075,"","","","","",""
18760,"2026-08-02 22:46:56.764671","train",56,0.11154147982597351,0.0006788043000244785,"","","","","",""
18780,"2026-08-02 22:46:57.711091","train",56,0.18548177182674408,0.0006775335815600153,"","","","","",""
18800,"2026-08-02 22:46:58.653627","train",56,0.4774695932865143,0.0006762615496528517,"","","","","",""
18810,"2026-08-02 22:47:15.379137","val",56,"","",0.8076065573770492,0.2950770337522592,0.7154951079036846,0.7735849056603774,0.7740511915269197,0.8160342926367123
18820,"2026-08-02 22:47:26.526187","train",57,0.3265687823295593,0.0006749882137139388,"","","","","",""
18840,"2026-08-02 22:47:27.451921","train",57,0.8382261991500854,0.0006737135831638752,"","","","","",""
18860,"2026-08-02 22:47:28.276537","train",57,0.28553512692451477,0.0006724376674328376,"","","","","",""
18880,"2026-08-02 22:47:29.200803","train",57,0.15272393822669983,0.0006711604759605112,"","","","","",""
18900,"2026-08-02 22:47:30.030796","train",57,0.2532989978790283,0.0006698820181960194,"","","","","",""
18920,"2026-08-02 22:47:30.936660","train",57,0.13380315899848938,0.0006686023035978537,"","","","","",""
18940,"2026-08-02 22:47:31.789165","train",57,0.08636064827442169,0.0006673213416338047,"","","","","",""
18960,"2026-08-02 22:47:32.617383","train",57,0.4122873544692993,0.0006660391417808913,"","","","","",""
18980,"2026-08-02 22:47:33.448669","train",57,0.08608797192573547,0.0006647557135252904,"","","","","",""
19000,"2026-08-02 22:47:34.317274","train",57,0.11392462998628616,0.0006634710663622678,"","","","","",""
19020,"2026-08-02 22:47:35.267712","train",57,0.042110979557037354,0.0006621852097961063,"","","","","",""
19040,"2026-08-02 22:47:36.106034","train",57,0.19491936266422272,0.000660898153340037,"","","","","",""
19060,"2026-08-02 22:47:37.044804","train",57,0.43507587909698486,0.0006596099065161678,"","","","","",""
19080,"2026-08-02 22:47:37.906335","train",57,0.6199407577514648,0.000658320478855414,"","","","","",""
19100,"2026-08-02 22:47:38.820809","train",57,0.2388443946838379,0.000657029879897426,"","","","","",""
19120,"2026-08-02 22:47:39.771105","train",57,0.5806790590286255,0.0006557381191905214,"","","","","",""
19140,"2026-08-02 22:47:40.570991","train",57,0.13842332363128662,0.0006544452062916113,"","","","","",""
19140,"2026-08-02 22:47:56.687838","val",57,"","",0.7840819672131147,0.27555568114701307,0.6598431753521615,0.7101200686106346,0.7583848190644307,0.7976454874431174
19160,"2026-08-02 22:48:08.375115","train",58,0.043119534850120544,0.0006531511507661324,"","","","","",""
19180,"2026-08-02 22:48:09.221714","train",58,0.028170764446258545,0.000651855962187974,"","","","","",""
19200,"2026-08-02 22:48:10.117123","train",58,0.09441278129816055,0.0006505596501394087,"","","","","",""
19220,"2026-08-02 22:48:11.000432","train",58,0.12753938138484955,0.000649262224211021,"","","","","",""
19240,"2026-08-02 22:48:11.823728","train",58,0.7288248538970947,0.0006479636940016358,"","","","","",""
19260,"2026-08-02 22:48:12.705152","train",58,0.10741104930639267,0.0006466640691182483,"","","","","",""
19280,"2026-08-02 22:48:13.585254","train",58,0.4413958191871643,0.0006453633591759523,"","","","","",""
19300,"2026-08-02 22:48:14.477471","train",58,0.06333755701780319,0.0006440615737978692,"","","","","",""
19320,"2026-08-02 22:48:15.395891","train",58,0.1818462312221527,0.000642758722615077,"","","","","",""
19340,"2026-08-02 22:48:16.190701","train",58,0.29828888177871704,0.0006414548152665391,"","","","","",""
19360,"2026-08-02 22:48:17.091651","train",58,0.183106929063797,0.0006401498613990322,"","","","","",""
19380,"2026-08-02 22:48:17.908818","train",58,0.3143010139465332,0.0006388438706670764,"","","","","",""
19400,"2026-08-02 22:48:18.913092","train",58,0.35811594128608704,0.0006375368527328617,"","","","","",""
19420,"2026-08-02 22:48:19.765782","train",58,0.09600211679935455,0.000636228817266179,"","","","","",""
19440,"2026-08-02 22:48:20.599086","train",58,0.4951699376106262,0.0006349197739443463,"","","","","",""
19460,"2026-08-02 22:48:21.478219","train",58,0.05710544437170029,0.0006336097324521387,"","","","","",""
19470,"2026-08-02 22:48:38.059943","val",58,"","",0.8121475409836065,0.29046392779656593,0.7118867531746582,0.7375643224699828,0.7901588702559577,0.8241881125071832
19480,"2026-08-02 22:48:49.157734","train",59,0.4348036050796509,0.0006322987024817156,"","","","","",""
19500,"2026-08-02 22:48:50.107320","train",59,0.021053969860076904,0.00063098669373255,"","","","","",""
19520,"2026-08-02 22:48:50.904885","train",59,0.44836848974227905,0.0006296737159113561,"","","","","",""
19540,"2026-08-02 22:48:51.779428","train",59,0.21069756150245667,0.0006283597787320171,"","","","","",""
19560,"2026-08-02 22:48:52.619741","train",59,0.5120304822921753,0.0006270448919155152,"","","","","",""
19580,"2026-08-02 22:48:53.529872","train",59,0.2346862405538559,0.0006257290651898569,"","","","","",""
19600,"2026-08-02 22:48:54.364090","train",59,0.1573719084262848,0.0006244123082900032,"","","","","",""
19620,"2026-08-02 22:48:55.257119","train",59,0.2112879753112793,0.0006230946309577968,"","","","","",""
19640,"2026-08-02 22:48:56.081319","train",59,0.18854975700378418,0.0006217760429418904,"","","","","",""
19660,"2026-08-02 22:48:57.028415","train",59,0.4335026144981384,0.0006204565539976736,"","","","","",""
19680,"2026-08-02 22:48:57.874322","train",59,0.0793260782957077,0.0006191361738872018,"","","","","",""
19700,"2026-08-02 22:48:58.675214","train",59,0.0352821946144104,0.0006178149123791235,"","","","","",""
19720,"2026-08-02 22:48:59.643602","train",59,0.22434809803962708,0.000616492779248608,"","","","","",""
19740,"2026-08-02 22:49:00.568911","train",59,0.539375901222229,0.0006151697842772735,"","","","","",""
19760,"2026-08-02 22:49:01.402500","train",59,0.9088017344474792,0.0006138459372531141,"","","","","",""
19780,"2026-08-02 22:49:02.300398","train",59,0.18765000998973846,0.0006125212479704276,"","","","","",""
19800,"2026-08-02 22:49:03.068392","train",59,0.8076115250587463,0.0006111957262297435,"","","","","",""
19800,"2026-08-02 22:49:19.336188","val",59,"","",0.806139344262295,0.28968710800839387,0.700437166053709,0.7718696397941681,0.7718446601941747,0.820600431764176
19820,"2026-08-02 22:49:30.905859","train",60,0.10079679638147354,0.0006098693818377501,"","","","","",""
19840,"2026-08-02 22:49:31.916914","train",60,0.711142897605896,0.0006085422246072213,"","","","","",""
19860,"2026-08-02 22:49:32.791134","train",60,0.3989352583885193,0.0006072142643569456,"","","","","",""
19880,"2026-08-02 22:49:33.631985","train",60,0.30709704756736755,0.000605885510911652,"","","","","",""
19900,"2026-08-02 22:49:34.642870","train",60,0.8032384514808655,0.000604555974101938,"","","","","",""
19920,"2026-08-02 22:49:35.472095","train",60,0.2342899590730667,0.0006032256637641966,"","","","","",""
19940,"2026-08-02 22:49:36.297421","train",60,0.41872280836105347,0.0006018945897405437,"","","","","",""
19960,"2026-08-02 22:49:37.256315","train",60,0.05900106579065323,0.0006005627618787451,"","","","","",""
19980,"2026-08-02 22:49:38.041827","train",60,0.03477950394153595,0.0005992301900321441,"","","","","",""
20000,"2026-08-02 22:49:39.047378","train",60,0.07783529907464981,0.0005978968840595881,"","","","","",""
20020,"2026-08-02 22:49:39.877306","train",60,0.023466438055038452,0.0005965628538253555,"","","","","",""
20040,"2026-08-02 22:49:40.854008","train",60,1.1126554012298584,0.0005952281091990836,"","","","","",""
20060,"2026-08-02 22:49:41.749137","train",60,0.32509085536003113,0.0005938926600556948,"","","","","",""
20080,"2026-08-02 22:49:42.571265","train",60,0.11869920045137405,0.0005925565162753236,"","","","","",""
20100,"2026-08-02 22:49:43.509886","train",60,0.2840399742126465,0.0005912196877432438,"","","","","",""
20120,"2026-08-02 22:49:44.470001","train",60,0.2666669189929962,0.0005898821843497954,"","","","","",""
20130,"2026-08-02 22:50:01.318982","val",60,"","",0.8014344262295081,0.28465059577866125,0.6914162792311429,0.7186963979416809,0.7733892321270963,0.817789305294547
20140,"2026-08-02 22:50:12.441794","train",61,0.10601380467414856,0.000588544015990311,"","","","","",""
20160,"2026-08-02 22:50:13.416371","train",61,0.05618603155016899,0.000587205192565043,"","","","","",""
20180,"2026-08-02 22:50:14.313765","train",61,0.36030566692352295,0.0005858657239790902,"","","","","",""
20200,"2026-08-02 22:50:15.198070","train",61,0.04827369004487991,0.0005845256201423246,"","","","","",""
20220,"2026-08-02 22:50:16.139034","train",61,0.04501482844352722,0.000583184890969318,"","","","","",""
20240,"2026-08-02 22:50:17.007007","train",61,0.07724156975746155,0.0005818435463792684,"","","","","",""
20260,"2026-08-02 22:50:17.871789","train",61,0.4327571988105774,0.0005805015962959272,"","","","","",""
20280,"2026-08-02 22:50:18.734298","train",61,1.1972315311431885,0.0005791590506475252,"","","","","",""
20300,"2026-08-02 22:50:19.725591","train",61,0.037831373512744904,0.0005778159193666999,"","","","","",""
20320,"2026-08-02 22:50:20.544035","train",61,1.2880098819732666,0.0005764722123904208,"","","","","",""
20340,"2026-08-02 22:50:21.441642","train",61,0.0576162189245224,0.0005751279396599173,"","","","","",""
20360,"2026-08-02 22:50:22.263434","train",61,0.28277724981307983,0.0005737831111206038,"","","","","",""
20380,"2026-08-02 22:50:23.105483","train",61,0.09531308710575104,0.0005724377367220072,"","","","","",""
20400,"2026-08-02 22:50:23.993950","train",61,1.4149285554885864,0.0005710918264176929,"","","","","",""
20420,"2026-08-02 22:50:24.820908","train",61,0.16161344945430756,0.0005697453901651909,"","","","","",""
20440,"2026-08-02 22:50:25.616847","train",61,0.0521085262298584,0.0005683984379259223,"","","","","",""
20460,"2026-08-02 22:50:26.490095","train",61,0.4892781376838684,0.0005670509796651261,"","","","","",""
20460,"2026-08-02 22:50:42.402097","val",61,"","",0.8010327868852458,0.2875361341407075,0.6973839428214559,0.7495711835334476,0.7727272727272727,0.8121981145262241
20480,"2026-08-02 22:50:53.932987","train",62,0.45008301734924316,0.0005657030253517846,"","","","","",""
20500,"2026-08-02 22:50:54.788220","train",62,0.2426738440990448,0.00056435458495855,"","","","","",""
20520,"2026-08-02 22:50:55.660086","train",62,0.1787191927433014,0.0005630056684616711,"","","","","",""
20540,"2026-08-02 22:50:56.472571","train",62,0.32932889461517334,0.0005616562858409188,"","","","","",""
20560,"2026-08-02 22:50:57.409632","train",62,0.15771019458770752,0.0005603064470795127,"","","","","",""
20580,"2026-08-02 22:50:58.256823","train",62,0.06593364477157593,0.0005589561621640469,"","","","","",""
20600,"2026-08-02 22:50:59.049886","train",62,0.7525155544281006,0.0005576054410844168,"","","","","",""
20620,"2026-08-02 22:50:59.888513","train",62,0.11009524017572403,0.0005562542938337439,"","","","","",""
20640,"2026-08-02 22:51:00.738060","train",62,0.40905001759529114,0.0005549027304083033,"","","","","",""
20660,"2026-08-02 22:51:01.541624","train",62,0.14361286163330078,0.0005535507608074488,"","","","","",""
20680,"2026-08-02 22:51:02.396117","train",62,0.026072945445775986,0.0005521983950335397,"","","","","",""
20700,"2026-08-02 22:51:03.390604","train",62,0.2797336280345917,0.0005508456430918656,"","","","","",""
20720,"2026-08-02 22:51:04.240846","train",62,0.2694798707962036,0.0005494925149905735,"","","","","",""
20740,"2026-08-02 22:51:05.095876","train",62,0.24475570023059845,0.0005481390207405936,"","","","","",""
20760,"2026-08-02 22:51:05.974603","train",62,0.08216801285743713,0.0005467851703555646,"","","","","",""
20780,"2026-08-02 22:51:06.822811","train",62,0.65751051902771,0.0005454309738517603,"","","","","",""
20790,"2026-08-02 22:51:23.473132","val",62,"","",0.8132213114754098,0.2889767350928324,0.7150787592811048,0.7632933104631219,0.793027360988526,0.8218895118579838
